# ---------------------------------------------------------------
# Trimmed for publication by tools/export_logs.py.
# Per-tag census of the ORIGINAL file (kept / total):
#   [p4:isig]                  120 / 431,187
#   [frame:upload]             120 /  38,831
#   [SignalSema]               120 /   9,142
#   [WaitSema:wake]            120 /   4,778
#   [p4:wake-pre]              120 /   4,376
#   [run:tick]                 120 /   1,799
#   [WaitSema:block]           120 /   1,211
#   [p4:vbl]                   120 /     719
#   [gs:reg]                   120 /     128
#   [gs:kick]                   96 /      96
#   (untagged)                  92 /      92
#   [p4:malloc]                 64 /      64
#   [p4:new2]                   64 /      64
#   [gs:copy-reg]               64 /      64
#   [gs:prim]                   64 /      64
#   [gs:gif]                    47 /      47
#   [gzmfs]                     46 /      46
#   [mc]                        42 /      42
#   [p4:EndOfHeap]              36 /      36
#   [gs:copy-prim]              32 /      32
#   [CreateSema]                23 /      23
#   [sceSifSetDma:CALL]         23 /      23
#   [sceSifSetDma:DESC]         23 /      23
#   [p4:sm]                     20 /      20
#   [p4:alarm]                  16 /      16
#   [p4:hdl]                    16 /      16
#   [Deci2Call:kputs]           13 /      13
#   [p4:alias]                  12 /      12
#   [SyscallOverride:fallback]      11 /      11
#   [SifCallRpc]                10 /      10
#   [p4:rd1]                     6 /       6
#   [p4:ld]                      4 /       4
#   [Deci2Call:send]             3 /       3
#   [CreateThread]               2 /       2
#   [StartThread]                2 /       2
#   [EnableIntc]                 2 /       2
#   [IoPaths]                    1 /       1
#   [SetupHeap]                  1 /       1
#   [gs:texa]                    1 /       1
#   [dispatch:hle-leaf-ret]       1 /       1
# Nothing is silently removed; every elision is marked inline.
# ---------------------------------------------------------------

Using argv boot path
INFO: Initializing raylib 5.5
INFO: Platform backend: DESKTOP (GLFW)
INFO: Supported raylib modules:
INFO:     > rcore:..... loaded (mandatory)
INFO:     > rlgl:...... loaded (mandatory)
INFO:     > rshapes:... loaded (optional)
INFO:     > rtextures:. loaded (optional)
INFO:     > rtext:..... loaded (optional)
INFO:     > rmodels:... loaded (optional)
INFO:     > raudio:.... loaded (optional)
INFO: DISPLAY: Device initialized successfully
INFO:     > Display size: 2560 x 1080
INFO:     > Screen size:  640 x 448
INFO:     > Render size:  640 x 448
INFO:     > Viewport offsets: 0, 0
INFO: GLAD: OpenGL extensions loaded successfully
INFO: GL: Supported extensions count: 392
INFO: GL: OpenGL device information:
INFO:     > Vendor:   NVIDIA Corporation
INFO:     > Renderer: NVIDIA GeForce GTX 1050 Ti/PCIe/SSE2
INFO:     > Version:  3.3.0 NVIDIA 581.42
INFO:     > GLSL:     3.30 NVIDIA via Cg compiler
INFO: GL: VAO extension detected, VAO functions loaded successfully
INFO: GL: NPOT textures extension detected, full NPOT textures supported
INFO: GL: DXT compressed textures supported
INFO: GL: ETC2/EAC compressed textures supported
INFO: PLATFORM: DESKTOP (GLFW - Win32): Initialized successfully
INFO: TEXTURE: [ID 1] Texture loaded successfully (1x1 | R8G8B8A8 | 1 mipmaps)
INFO: TEXTURE: [ID 1] Default texture loaded successfully
INFO: SHADER: [ID 1] Vertex shader compiled successfully
INFO: SHADER: [ID 2] Fragment shader compiled successfully
INFO: SHADER: [ID 3] Program shader loaded successfully
INFO: SHADER: [ID 3] Default shader loaded successfully
INFO: RLGL: Render batch vertex buffers loaded successfully in RAM (CPU)
INFO: RLGL: Render batch vertex buffers loaded successfully in VRAM (GPU)
INFO: RLGL: Default OpenGL state initialized successfully
INFO: TEXTURE: [ID 2] Texture loaded successfully (128x128 | GRAY_ALPHA | 1 mipmaps)
INFO: FONT: Default font loaded successfully (224 glyphs)
INFO: SYSTEM: Working Directory: <path>
INFO: AUDIO: Device initialized successfully
INFO:     > Backend:       miniaudio | WASAPI
INFO:     > Format:        32-bit IEEE Floating Point -> 32-bit IEEE Floating Point
INFO:     > Channels:      2 -> 2
INFO:     > Sample rate:   48000 -> 48000
INFO:     > Periods size:  1440
INFO: TIMER: Target time per frame: 16.667 milliseconds
[IoPaths] cdImage = <path> segment: 0x100000 - 0xc29100 (filesz: 0x124880, memsz: 0xb29100)
Registered code region: 100000 - c29100[game_overrides] applying 'WoS SIF/CDVD HLE'[game_overrides] applied 1 matching override(s).ELF file loaded successfully. Entry point: 0x100008Starting execution at address 0x100008INFO: TEXTURE: [ID 3] Texture loaded successfully (640x512 | R8G8B8A8 | 1 mipmaps)
INFO: TEXTURE: [ID 4] Texture loaded successfully (512x128 | R8G8B8A8 | 1 mipmaps)
[SetupHeap] base=0xc29100 alignedBase=0xc29100 size=0xffffffff runtimeBase=0xc29100 runtimeEnd=0xc29100
[CreateSema] id=1 init=1 max=1[CreateSema] id=2 init=1 max=1[Syscall83:override] handler=0x117808 invoked=true pc=0x117844 ra=0x11787c a0=0x117808 a1=0x117808 a2=0x100000 a3=0x224b00 guestRet=0x8001218c builtinRet=0x0 guest-20c=0x80011f80 builtin-20c=0x0 guest-168=0x80012024 builtin-168=0x0 match=false
[SyscallOverride:fallback] syscall=0x5b handler=0x80076000 pc=0x10f9bc ra=0x10fa68
[SyscallOverride:fallback] syscall=0x5b handler=0x80076000 pc=0x10f9bc ra=0x10fa68
[SyscallOverride:fallback] syscall=0x5b handler=0x80076000 pc=0x10f9bc ra=0x10fa68
[SyscallOverride:fallback] syscall=0x5b handler=0x80076000 pc=0x10f9bc ra=0x10fa68
[SyscallOverride:fallback] syscall=0x5b handler=0x80076000 pc=0x10f9bc ra=0x10fa68
[SyscallOverride:fallback] syscall=0x5b handler=0x80076000 pc=0x10f9bc ra=0x10fa68
[CreateSema] id=3 init=0 max=255[CreateThread] id=2 entry=0x10faa0 stack=0x224e80 size=0x400 gp=0x22c0f0 prio=1
[SyscallOverride:fallback] syscall=0x5b handler=0x80075000 pc=0x116ffc ra=0x117098
[SyscallOverride:fallback] syscall=0x5b handler=0x80075000[StartThread] id=2 entry=0x10faa0 sp=0x225280 gp=0x22c0f0 arg=0x225288
 pc=0x116ffc ra=0x117098
[SyscallOverride:fallback] syscall=0x5b handler=0x80075000 pc=0x116ffc ra=0x117098
[SyscallOverride:fallback] syscall=0x5b handler=0x80075000 pc=0x116ffc ra=0x117098
[SyscallOverride:fallback] syscall=0x5b handler=0x80075000 pc=0x116ffc ra=0x117098
[p4:malloc] size=0x072d4ef0 ra=0x00133618
[p4:EndOfHeap] ret=0x01f00000 brk=0x00c29100 a0=0x072d4f10 ra=0x0010f3b8
[p4:malloc] size=0x012d4ef0 ra=0x00133630
[p4:EndOfHeap] ret=0x01f00000 brk=0x00c29100 a0=0x012d4f10 ra=0x0010f3b8
[p4:EndOfHeap] ret=0x01f00000 brk=0x01efe010 a0=0x00000ff0 ra=0x0010f3b8
[p4:EndOfHeap] ret=0x01f00000 brk=0x01eff000 a0=0x00000000 ra=0x0010f3b8
[p4:EndOfHeap] ret=0x01f00000 brk=0x01eff000 a0=0xfed2b000 ra=0x0010f3b8
[WaitSema:wake] tid=1 sid=1 ret=1 count=0
[SignalSema] tid=1 sid=1 count=0->1 ret=1
[WaitSema:wake] tid=1 sid=1 ret=1 count=0
[SignalSema] tid=1 sid=1 count=0->1 ret=1
[WaitSema:wake] tid=1 sid=1 ret=1 count=0
[SignalSema] tid=1 sid=1 count=0->1 ret=1
[WaitSema:wake] tid=1 sid=1 ret=1 count=0
[SignalSema] tid=1 sid=1 count=0->1 ret=1
[WaitSema:wake] tid=1 sid=1 ret=1 count=0
[SignalSema] tid=1 sid=1 count=0->1 ret=1
[WaitSema:block] tid=2 sid=3 pc=0x10eca0 ra=0x10fae8
[WaitSema:wake] tid=1 sid=1 ret=1 count=0
[SignalSema] tid=1 sid=1 count=0->1 ret=1
[WaitSema:wake] tid=1 sid=1 ret=1 count=0
[SignalSema] tid=1 sid=1 count=0->1 ret=1
[WaitSema:wake] tid=1 sid=1 ret=1 count=0
[SignalSema] tid=1 sid=1 count=0->1 ret=1
[WaitSema:wake] tid=1 sid=1 ret=1 count=0
[SignalSema] tid=1 sid=1 count=0->1 ret=1
[WaitSema:wake] tid=1 sid=1 ret=1 count=0
[SignalSema] tid=1 sid=1 count=0->1 ret=1
[WaitSema:wake] tid=1 sid=1 ret=1 count=0
[SignalSema] tid=1 sid=1 count=0->1 ret=1
[WaitSema:wake] tid=1 sid=1 ret=1 count=0
[SignalSema] tid=1 sid=1 count=0->1 ret=1
[WaitSema:wake] tid=1 sid=1 ret=1 count=0
[SignalSema] tid=1 sid=1 count=0->1 ret=1
[Deci2Call:send] ......EH....InitHeap Done

[p4:alias] target=0x001548c0 owner=0x001548b0 (unexported inner call)
[p4:alias] target=0x001548c8 owner=0x001548b0 (unexported inner call)
[Deci2Call:kputs] CdVdInit----------
[Deci2Call:kputs]   DEV:[CD-ROM]
[Deci2Call:kputs]   PATH:[\]
[Deci2Call:kputs] IOP Replace:cdrom0:\IOP\MODULES\IOPRP243.IMG;1
[CreateSema] id=4 init=1 max=1[WaitSema:wake] tid=1 sid=4 ret=4 count=0
[CreateSema] id=5 init=1 max=1[CreateSema] id=6 init=1 max=1[WaitSema:wake] tid=1 sid=5 ret=5 count=0
[SignalSema] tid=1 sid=5 count=0->1 ret=5
[SifCallRpc] client=0x2288c0 sid=0x80000001 rpcNum=0xff mode=0x0 sendBuf=0x2275c0 recvBuf=0x228240 recvSize=0x4 size=4
[SignalSema] tid=1 sid=4 count=0->1 ret=4
[SIF module] load id=1 ref=1 path="cdrom0:\IOP\MODULES\SIO2MAN.IRX;1"
[Deci2Call:kputs] loading module [cdrom0:\IOP\MODULES\SIO2MAN.IRX;1]...done[1]
[SIF module] load id=2 ref=1 path="cdrom0:\IOP\MODULES\PADMAN.IRX;1"
[Deci2Call:kputs] loading module [cdrom0:\IOP\MODULES\PADMAN.IRX;1]...done[2]
[SIF module] load id=3 ref=1 path="cdrom0:\IOP\MODULES\MCMAN.IRX;1"
[Deci2Call:kputs] loading module [cdrom0:\IOP\MODULES\MCMAN.IRX;1]...done[3]
[SIF module] load id=4 ref=1 path="cdrom0:\IOP\MODULES\MCSERV.IRX;1"
[Deci2Call:kputs] loading module [cdrom0:\IOP\MODULES\MCSERV.IRX;1]...done[4]
[SIF module] load id=5 ref=1 path="cdrom0:\IOP\MODULES\LIBSD.IRX;1"
[Deci2Call:kputs] loading module [cdrom0:\IOP\MODULES\LIBSD.IRX;1]...done[5]
[SIF module] load id=6 ref=1 path="cdrom0:\IOP\MODULES\SDRDRV.IRX;1"
[Deci2Call:kputs] loading module [cdrom0:\IOP\MODULES\SDRDRV.IRX;1]...done[6]
[SIF module] load id=7 ref=1 path="cdrom0:\IOP\MODULES\GZMFS.IRX;1"
[Deci2Call:kputs] loading module [cdrom0:\IOP\MODULES\GZMFS.IRX;1]...done[7]
[p4:EndOfHeap] ret=0x01f00000 brk=0x00c2a000 a0=0x00005000 ra=0x0010f3b8
[p4:new2] size=0x00000040 ra=0x00100540
[p4:malloc] size=0x00000040 ra=0x001006bc
[p4:new2] size=0x00000018 ra=0x001b53e8
[p4:malloc] size=0x00000018 ra=0x001006bc
[p4:new2] size=0x00000018 ra=0x001b53e8
[p4:malloc] size=0x00000018 ra=0x001006bc
[p4:new2] size=0x00000070 ra=0x00100540
[p4:malloc] size=0x00000070 ra=0x001006bc
[SifCallRpc] client=0x22bd40 sid=0x80000701 rpcNum=0x8000 mode=0x0 sendBuf=0x22bd00 recvBuf=0x22bd00 recvSize=0x10 size=64
[SifCallRpc] client=0x22bd40 sid=0x80000701 rpcNum=0x8010 mode=0x0 sendBuf=0x22bd00 recvBuf=0x22bd00 recvSize=0x10 size=64
[SifCallRpc] client=0x22bd40 sid=0x80000701 rpcNum=0x8010 mode=0x0 sendBuf=0x22bd00 recvBuf=0x22bd00 recvSize=0x10 size=64
[SifCallRpc] client=0x22bd40 sid=0x80000701 rpcNum=0x8010 mode=0x0 sendBuf=0x22bd00 recvBuf=0x22bd00 recvSize=0x10 size=64
[SifCallRpc] client=0x22bd40 sid=0x80000701 rpcNum=0x8010 mode=0x0 sendBuf=0x22bd00 recvBuf=0x22bd00 recvSize=0x10 size=64
[SifCallRpc] client=0x22bd40 sid=0x80000701 rpcNum=0x8010 mode=0x0 sendBuf=0x22bd00 recvBuf=0x22bd00 recvSize=0x10 size=64
[SifCallRpc] client=0x22bd40 sid=0x80000701 rpcNum=0x8010 mode=0x0 sendBuf=0x22bd00 recvBuf=0x22bd00 recvSize=0x10 size=64
[SifCallRpc] client=0x22bd40 sid=0x80000701 rpcNum=0x8010 mode=0x0 sendBuf=0x22bd00 recvBuf=0x22bd00 recvSize=0x10 size=64
[SifCallRpc] client=0x22bd40 sid=0x80000701 rpcNum=0x8010 mode=0x0 sendBuf=0x22bd00 recvBuf=0x22bd00 recvSize=0x10 size=64
[CreateSema] id=7 init=0 max=1[WaitSema:wake] tid=1 sid=1 ret=1 count=0
[SignalSema] tid=1 sid=1 count=0->1 ret=1
[CreateThread] id=3 entry=0x1b4a80 stack=0xc296a0 size=0x4000 gp=0x22c0f0 prio=10
[WaitSema:wake] tid=1 sid=1 ret=1 count=0
[SignalSema] tid=1 sid=1 count=0->1 ret=1
[WaitSema:wake] tid=1 sid=1 ret=1 count=0
[SignalSema] tid=1 sid=1 count=0->1 ret=1
[WaitSema:wake] tid=1 sid=1 ret=1 count=0
[SignalSema] tid=1 sid=1 count=0->1 ret=1
[StartThread] id=3 entry=0x1b4a80 sp=0xc2d6a0 gp=0x22c0f0 arg=0xc26e00
[WaitSema:wake] tid=1 sid=1 ret=1 count=0
[SignalSema] tid=1 sid=1 count=0->1 ret=1
[EnableIntc] cause=3[WaitSema:block] tid=3 sid=7 pc=0x10eca0 ra=0x1b4a9c
[Deci2Call:kputs] Init File System Begin
[p4:new2] size=0x00000160 ra=0x001b5df4
[p4:malloc] size=0x00000160 ra=0x001006bc
[gzmfs] OPEN fd=0 '\VOLUME.DAT;1' -> '<path>' size=132314355
[p4:sm] poll n=1 obj=0x00c253e8 ra=0x001b5e54
[p4:EndOfHeap] ret=0x01f00000 brk=0x00c2f000 a0=0x00021000 ra=0x0010f3b8
[p4:rd1] FUN_001b5ca0 obj=0x00c253e8 dst=0x00c2d930 len=0x00020000 ra=0x0019a168
[p4:sm] poll n=2 obj=0x00c253e8 ra=0x001b5cfc
[gzmfs] READ fd=0 pos=0 len=131072 -> 131072 dst=0x00C2D930
[p4:alarm] n=1 id=1 handler=0x0011c570 arg=0x01ff7e48 *arg=8
[p4:hdl] 11c570 entry a2=0x01ff7e48
[p4:isig] sid=8
[p4:wake-pre] sid=8 consumed=1
[p4:sm] poll n=3 obj=0x00c253e8 ra=0x001b5d14
[p4:EndOfHeap] ret=0x01f00000 brk=0x00c50000 a0=0x00006000 ra=0x0010f3b8
[p4:EndOfHeap] ret=0x01f00000 brk=0x00c56000 a0=0x00006000 ra=0x0010f3b8
[WaitSema:wake] tid=1 sid=1 ret=1 count=0
[SignalSema] tid=1 sid=1 count=0->1 ret=1
[WaitSema:wake] tid=1 sid=1 ret=1 count=0
[SignalSema] tid=1 sid=1 count=0->1 ret=1
[CreateSema] id=8 init=0 max=1[SetAlarm] ticks=2 handler=0x11c570 arg=0x1ff7e48
[WaitSema:block] tid=1 sid=8 pc=0x10eca0 ra=0x11c530
[SignalSema] tid=1 sid=8 count=0->1 ret=8
[WaitSema:wake] tid=1 sid=8 ret=8 count=0
[WaitSema:wake] tid=1 sid=1 ret=1 count=0
[SignalSema] tid=1 sid=1 count=0->1 ret=1
[WaitSema:wake] tid=1 sid=1 ret=1 count=0
[SignalSema] tid=1 sid=1 count=0->1 ret=1
[WaitSema:wake] tid=1 sid=1 ret=1 count=0
[SignalSema] tid=1 sid=1 count=0->1 ret=1
[Deci2Call:kputs] Init File System Done
[p4:new2] size=0x00000520 ra=0x00152efc
[p4:malloc] size=0x00000520 ra=0x001006bc
[p4:new2] size=0x00000048 ra=0x0013a61c
[p4:malloc] size=0x00000048 ra=0x001006bc
[p4:new2] size=0x0000002c ra=0x0013a638
[p4:malloc] size=0x0000002c ra=0x001006bc
[p4:new2] size=0x00010000 ra=0x00100540
[p4:malloc] size=0x00010000 ra=0x001006bc
[p4:EndOfHeap] ret=0x01f00000 brk=0x00c5c000 a0=0x00011000 ra=0x0010f3b8
[p4:new2] size=0x00001400 ra=0x0013a654
[p4:malloc] size=0x00001400 ra=0x001006bc
[p4:new2] size=0x0000002c ra=0x0013a7cc
[p4:malloc] size=0x0000002c ra=0x001006bc
[WaitSema:wake] tid=1 sid=1 ret=1 count=0
[SignalSema] tid=1 sid=1 count=0->1 ret=1
PS2 GsPutIMR:  new=0x65280 a0_64=0x65280 a0_32=0x65280 a1_32=0x65536 pc=0x1109920 ra=0x1058620
PS2 GsSetCrt: interlaced=1, videoMode=2, frameMode=1
[WaitSema:wake] tid=1 sid=1 ret=1 count=0
[SignalSema] tid=1 sid=1 count=0->1 ret=1
[WaitSema:wake] tid=1 sid=1 ret=1 count=0
[SignalSema] tid=1 sid=1 count=0->1 ret=1
[WaitSema:wake] tid=1 sid=1 ret=1 count=0
[SignalSema] tid=1 sid=1 count=0->1 ret=1
[WaitSema:wake] tid=1 sid=1 ret=1 count=0
[SignalSema] tid=1 sid=1 count=0->1 ret=1
[WaitSema:wake] tid=1 sid=1 ret=1 count=0
[SignalSema] tid=1 sid=1 count=0->1 ret=1
[CreateSema] id=9 init=0 max=1[CreateSema] id=10 init=0 max=1[AddIntcHandler] cause=2 handler=0x13a450 arg=0x8000 gp=0x22c0f0 sp=0x1ff7f10 id=2
[EnableIntc] cause=2[gs:gif] idx=0 size=80 nloop=4 flg=0 nreg=1 ctx0fbp=0 ctx1fbp=0
[gs:reg] idx=0 reg=0x3b value=0x8000000080
[gs:texa] idx=0 value=0x8000000080 ta0=0x80 aem=0 ta1=0x80
[gs:reg] idx=1 reg=0x42 value=0x8000000044
[gs:gif] idx=1 size=32 nloop=1 flg=0 nreg=1 ctx0fbp=0 ctx1fbp=0
[gs:gif] idx=2 size=144 nloop=8 flg=0 nreg=1 ctx0fbp=0 ctx1fbp=0
[gs:reg] idx=2 reg=0x4c value=0x10a0000
[gs:reg] idx=3 reg=0x18 value=0x790000006c00
[gs:reg] idx=4 reg=0x40 value=0xdf0000027f0000
[gs:reg] idx=5 reg=0x47 value=0x5008b
[gs:gif] idx=3 size=32 nloop=1 flg=0 nreg=1 ctx0fbp=0 ctx1fbp=0
[gs:reg] idx=6 reg=0x47 value=0x30003
[gs:gif] idx=4 size=96 nloop=1 flg=1 nreg=2 ctx0fbp=0 ctx1fbp=0
[gs:reg] idx=7 reg=0x6 value=0x0
[gs:reg] idx=8 reg=0x0 value=0x146
[gs:copy-reg] reg=0x0 value=0x146 primCtxt=0 ctx0fbp=0 ctx1fbp=0
[gs:reg] idx=9 reg=0x3 value=0x0
[gs:reg] idx=10 reg=0x1 value=0x80000000
[gs:reg] idx=11 reg=0x5 value=0x79006c00
[gs:kick] idx=0 drawing=1 prim=6 vtxCount=1
[gs:reg] idx=12 reg=0x3 value=0x0
[gs:reg] idx=13 reg=0x1 value=0x80000000
[gs:reg] idx=14 reg=0x5 value=0x87009400
[gs:kick] idx=1 drawing=1 prim=6 vtxCount=2
[gs:prim] idx=0 type=6 tme=0 abe=1 fst=1 ctxt=0 fbp=0 fbw=10 psm=0x1 tex0=(tbp0=0 tbw=0 psm=0x0 tw=0 th=0 tcc=0 tfx=0 cbp=0 cpsm=0x0 csm=0 csa=0) texclut=(cbw=0 cou=0 cov=0) ofx=1728 ofy=1936 scissor=(0,0)-(639,223) test=0x30003 alpha=0x8000000044 v0=(1728,1936) uv0=(0,0) stq0=(0,0,1) v1=(2368,2160) uv1=(0,0) stq1=(0,0,1) v2=(0,0) uv2=(0,0) stq2=(0,0,0) rgba0=(0,0,0,128) rgba1=(0,0,0,128) rgba2=(0,0,0,0)
[p4:isig] sid=9
[p4:isig] sid=10
[p4:isig] sid=9
[p4:isig] sid=10
[gs:gif] idx=5 size=32 nloop=1 flg=0 nreg=1 ctx0fbp=0 ctx1fbp=0
[gs:reg] idx=15 reg=0x47 value=0x5008b
[SignalSema] tid=-1 sid=9 count=0->1 ret=9
[SignalSema] tid=-1 sid=10 count=0->1 ret=10
[SignalSema] tid=-1 sid=9 count=0->1 ret=9
[SignalSema] tid=-1 sid=10 count=0->1 ret=10
[gs:gif] idx=6 size=144 nloop=8 flg=0 nreg=1 ctx0fbp=0 ctx1fbp=0
[gs:reg] idx=16 reg=0x4c value=0x10a0046
[gs:reg] idx=17 reg=0x18 value=0x790800006c00
[gs:reg] idx=18 reg=0x40 value=0xdf0000027f0000
[gs:reg] idx=19 reg=0x47 value=0x5008b
[gs:gif] idx=7 size=32 nloop=1 flg=0 nreg=1 ctx0fbp=70 ctx1fbp=0
[gs:reg] idx=20 reg=0x47 value=0x30003
[gs:gif] idx=8 size=96 nloop=1 flg=1 nreg=2 ctx0fbp=70 ctx1fbp=0
[gs:reg] idx=21 reg=0x6 value=0x0
[gs:reg] idx=22 reg=0x0 value=0x146
[gs:copy-reg] reg=0x0 value=0x146 primCtxt=0 ctx0fbp=70 ctx1fbp=0
[gs:reg] idx=23 reg=0x3 value=0x1
[gs:reg] idx=24 reg=0x1 value=0x80000000
[gs:reg] idx=25 reg=0x5 value=0x79006c00
[gs:kick] idx=2 drawing=1 prim=6 vtxCount=1
[gs:reg] idx=26 reg=0x3 value=0x0
[gs:reg] idx=27 reg=0x1 value=0x80000000
[gs:reg] idx=28 reg=0x5 value=0x87009400
[gs:kick] idx=3 drawing=1 prim=6 vtxCount=2
[gs:prim] idx=1 type=6 tme=0 abe=1 fst=1 ctxt=0 fbp=70 fbw=10 psm=0x1 tex0=(tbp0=0 tbw=0 psm=0x0 tw=0 th=0 tcc=0 tfx=0 cbp=0 cpsm=0x0 csm=0 csa=0) texclut=(cbw=0 cou=0 cov=0) ofx=1728 ofy=1936 scissor=(0,0)-(639,223) test=0x30003 alpha=0x8000000044 v0=(1728,1936) uv0=(0,0) stq0=(0,0,1) v1=(2368,2160) uv1=(0,0) stq1=(0,0,1) v2=(0,0) uv2=(0,0) stq2=(0,0,0) rgba0=(0,0,0,128) rgba1=(0,0,0,128) rgba2=(0,0,0,0)
[p4:isig] sid=9
[p4:isig] sid=10
[gs:gif] idx=9 size=32 nloop=1 flg=0 nreg=1 ctx0fbp=70 ctx1fbp=0
[gs:reg] idx=29 reg=0x47 value=0x5008b
[SignalSema] tid=-1 sid=9 count=0->1 ret=9
[SignalSema] tid=-1 sid=10 count=0->1 ret=10
[gs:gif] idx=10 size=144 nloop=8 flg=0 nreg=1 ctx0fbp=70 ctx1fbp=0
[gs:reg] idx=30 reg=0x4c value=0x10a0000
[gs:reg] idx=31 reg=0x18 value=0x790800006c00
[gs:reg] idx=32 reg=0x40 value=0xdf0000027f0000
[gs:reg] idx=33 reg=0x47 value=0x5008b
[gs:gif] idx=11 size=32 nloop=1 flg=0 nreg=1 ctx0fbp=0 ctx1fbp=0
[gs:reg] idx=34 reg=0x47 value=0x30003
[gs:gif] idx=12 size=96 nloop=1 flg=1 nreg=2 ctx0fbp=0 ctx1fbp=0
[gs:reg] idx=35 reg=0x6 value=0x0
[gs:reg] idx=36 reg=0x0 value=0x146
[gs:copy-reg] reg=0x0 value=0x146 primCtxt=0 ctx0fbp=0 ctx1fbp=0
[gs:reg] idx=37 reg=0x3 value=0x2
[gs:reg] idx=38 reg=0x1 value=0x80000000
[gs:reg] idx=39 reg=0x5 value=0x79006c00
[gs:kick] idx=4 drawing=1 prim=6 vtxCount=1
[gs:reg] idx=40 reg=0x3 value=0x0
[gs:reg] idx=41 reg=0x1 value=0x80000000
[gs:reg] idx=42 reg=0x5 value=0x87009400
[gs:kick] idx=5 drawing=1 prim=6 vtxCount=2
[gs:prim] idx=2 type=6 tme=0 abe=1 fst=1 ctxt=0 fbp=0 fbw=10 psm=0x1 tex0=(tbp0=0 tbw=0 psm=0x0 tw=0 th=0 tcc=0 tfx=0 cbp=0 cpsm=0x0 csm=0 csa=0) texclut=(cbw=0 cou=0 cov=0) ofx=1728 ofy=1936 scissor=(0,0)-(639,223) test=0x30003 alpha=0x8000000044 v0=(1728,1936) uv0=(0,0) stq0=(0,0,1) v1=(2368,2160) uv1=(0,0) stq1=(0,0,1) v2=(0,0) uv2=(0,0) stq2=(0,0,0) rgba0=(0,0,0,128) rgba1=(0,0,0,128) rgba2=(0,0,0,0)
[p4:isig] sid=9
[p4:isig] sid=10
[gs:gif] idx=13 size=32 nloop=1 flg=0 nreg=1 ctx0fbp=0 ctx1fbp=0
[gs:reg] idx=43 reg=0x47 value=0x5008b
[SignalSema] tid=-1 sid=9 count=0->1 ret=9
[SignalSema] tid=-1 sid=10 count=0->1 ret=10
[gs:gif] idx=14 size=144 nloop=8 flg=0 nreg=1 ctx0fbp=0 ctx1fbp=0
[gs:reg] idx=44 reg=0x4c value=0x10a0046
[gs:reg] idx=45 reg=0x18 value=0x790800006c00
[gs:reg] idx=46 reg=0x40 value=0xdf0000027f0000
[gs:reg] idx=47 reg=0x47 value=0x5008b
[gs:gif] idx=15 size=32 nloop=1 flg=0 nreg=1 ctx0fbp=70 ctx1fbp=0
[gs:reg] idx=48 reg=0x47 value=0x30003
[gs:gif] idx=16 size=96 nloop=1 flg=1 nreg=2 ctx0fbp=70 ctx1fbp=0
[gs:reg] idx=49 reg=0x6 value=0x0
[gs:reg] idx=50 reg=0x0 value=0x146
[gs:copy-reg] reg=0x0 value=0x146 primCtxt=0 ctx0fbp=70 ctx1fbp=0
[gs:reg] idx=51 reg=0x3 value=0x3
[gs:reg] idx=52 reg=0x1 value=0x80000000
[gs:reg] idx=53 reg=0x5 value=0x79006c00
[gs:kick] idx=6 drawing=1 prim=6 vtxCount=1
[gs:reg] idx=54 reg=0x3 value=0x0
[gs:reg] idx=55 reg=0x1 value=0x80000000
[gs:reg] idx=56 reg=0x5 value=0x87009400
[gs:kick] idx=7 drawing=1 prim=6 vtxCount=2
[gs:prim] idx=3 type=6 tme=0 abe=1 fst=1 ctxt=0 fbp=70 fbw=10 psm=0x1 tex0=(tbp0=0 tbw=0 psm=0x0 tw=0 th=0 tcc=0 tfx=0 cbp=0 cpsm=0x0 csm=0 csa=0) texclut=(cbw=0 cou=0 cov=0) ofx=1728 ofy=1936 scissor=(0,0)-(639,223) test=0x30003 alpha=0x8000000044 v0=(1728,1936) uv0=(0,0) stq0=(0,0,1) v1=(2368,2160) uv1=(0,0) stq1=(0,0,1) v2=(0,0) uv2=(0,0) stq2=(0,0,0) rgba0=(0,0,0,128) rgba1=(0,0,0,128) rgba2=(0,0,0,0)
[p4:isig] sid=9
[p4:isig] sid=10
[gs:gif] idx=17 size=32 nloop=1 flg=0 nreg=1 ctx0fbp=70 ctx1fbp=0
[gs:reg] idx=57 reg=0x47 value=0x5008b
[SignalSema] tid=-1 sid=9 count=0->1 ret=9
[SignalSema] tid=-1 sid=10 count=0->1 ret=10
[gs:gif] idx=18 size=144 nloop=8 flg=0 nreg=1 ctx0fbp=70 ctx1fbp=0
[gs:reg] idx=58 reg=0x4c value=0x10a0000
[gs:reg] idx=59 reg=0x18 value=0x790800006c00
        ... [8 more [gs:reg] lines elided by export_logs.py] ...
[gs:gif] idx=19 size=32 nloop=1 flg=0 nreg=1 ctx0fbp=0 ctx1fbp=0
[gs:gif] idx=20 size=96 nloop=1 flg=1 nreg=2 ctx0fbp=0 ctx1fbp=0
[gs:copy-reg] reg=0x0 value=0x146 primCtxt=0 ctx0fbp=0 ctx1fbp=0
[gs:kick] idx=8 drawing=1 prim=6 vtxCount=1
[gs:reg] idx=68 reg=0x3 value=0x0
[gs:reg] idx=69 reg=0x1 value=0x80000000
[gs:reg] idx=70 reg=0x5 value=0x87009400
[gs:kick] idx=9 drawing=1 prim=6 vtxCount=2
[gs:prim] idx=4 type=6 tme=0 abe=1 fst=1 ctxt=0 fbp=0 fbw=10 psm=0x1 tex0=(tbp0=0 tbw=0 psm=0x0 tw=0 th=0 tcc=0 tfx=0 cbp=0 cpsm=0x0 csm=0 csa=0) texclut=(cbw=0 cou=0 cov=0) ofx=1728 ofy=1936 scissor=(0,0)-(639,223) test=0x30003 alpha=0x8000000044 v0=(1728,1936) uv0=(0,0) stq0=(0,0,1) v1=(2368,2160) uv1=(0,0) stq1=(0,0,1) v2=(0,0) uv2=(0,0) stq2=(0,0,0) rgba0=(0,0,0,128) rgba1=(0,0,0,128) rgba2=(0,0,0,0)
[p4:isig] sid=9
[p4:isig] sid=10
[gs:gif] idx=21 size=32 nloop=1 flg=0 nreg=1 ctx0fbp=0 ctx1fbp=0
[gs:reg] idx=71 reg=0x47 value=0x5008b
[SignalSema] tid=-1 sid=9 count=0->1 ret=9
[SignalSema] tid=-1 sid=10 count=0->1 ret=10
[gs:gif] idx=22 size=144 nloop=8 flg=0 nreg=1 ctx0fbp=0 ctx1fbp=0
[gs:reg] idx=72 reg=0x4c value=0x10a0046
[gs:reg] idx=73 reg=0x18 value=0x790800006c00
[gs:reg] idx=74 reg=0x40 value=0xdf0000027f0000
[gs:reg] idx=75 reg=0x47 value=0x5008b
[gs:gif] idx=23 size=32 nloop=1 flg=0 nreg=1 ctx0fbp=70 ctx1fbp=0
[gs:reg] idx=76 reg=0x47 value=0x30003
[gs:gif] idx=24 size=96 nloop=1 flg=1 nreg=2 ctx0fbp=70 ctx1fbp=0
[gs:reg] idx=77 reg=0x6 value=0x0
[gs:reg] idx=78 reg=0x0 value=0x146
[gs:copy-reg] reg=0x0 value=0x146 primCtxt=0 ctx0fbp=70 ctx1fbp=0
[gs:reg] idx=79 reg=0x3 value=0x5
[gs:reg] idx=80 reg=0x1 value=0x80000000
[gs:reg] idx=81 reg=0x5 value=0x79006c00
[gs:kick] idx=10 drawing=1 prim=6 vtxCount=1
[gs:reg] idx=82 reg=0x3 value=0x0
[gs:reg] idx=83 reg=0x1 value=0x80000000
[gs:reg] idx=84 reg=0x5 value=0x87009400
[gs:kick] idx=11 drawing=1 prim=6 vtxCount=2
[gs:prim] idx=5 type=6 tme=0 abe=1 fst=1 ctxt=0 fbp=70 fbw=10 psm=0x1 tex0=(tbp0=0 tbw=0 psm=0x0 tw=0 th=0 tcc=0 tfx=0 cbp=0 cpsm=0x0 csm=0 csa=0) texclut=(cbw=0 cou=0 cov=0) ofx=1728 ofy=1936 scissor=(0,0)-(639,223) test=0x30003 alpha=0x8000000044 v0=(1728,1936) uv0=(0,0) stq0=(0,0,1) v1=(2368,2160) uv1=(0,0) stq1=(0,0,1) v2=(0,0) uv2=(0,0) stq2=(0,0,0) rgba0=(0,0,0,128) rgba1=(0,0,0,128) rgba2=(0,0,0,0)
[gs:gif] idx=25 size=32 nloop=1 flg=0 nreg=1 ctx0fbp=70 ctx1fbp=0
[gs:reg] idx=85 reg=0x47 value=0x5008b
[gs:gif] idx=26 size=144 nloop=8 flg=0 nreg=1 ctx0fbp=70 ctx1fbp=0
[gs:reg] idx=86 reg=0x4c value=0x10a0000
[gs:reg] idx=87 reg=0x18 value=0x790800006c00
[gs:reg] idx=88 reg=0x40 value=0xdf0000027f0000
[gs:reg] idx=89 reg=0x47 value=0x5008b
[gs:gif] idx=27 size=32 nloop=1 flg=0 nreg=1 ctx0fbp=0 ctx1fbp=0
[gs:reg] idx=90 reg=0x47 value=0x30003
[gs:gif] idx=28 size=96 nloop=1 flg=1 nreg=2 ctx0fbp=0 ctx1fbp=0
[gs:reg] idx=91 reg=0x6 value=0x0
[gs:reg] idx=92 reg=0x0 value=0x146
[gs:copy-reg] reg=0x0 value=0x146 primCtxt=0 ctx0fbp=0 ctx1fbp=0
[gs:reg] idx=93 reg=0x3 value=0x6
[gs:reg] idx=94 reg=0x1 value=0x80000000
[gs:reg] idx=95 reg=0x5 value=0x79006c00
[gs:kick] idx=12 drawing=1 prim=6 vtxCount=1
[gs:reg] idx=96 reg=0x3 value=0x0
[gs:reg] idx=97 reg=0x1 value=0x80000000
[gs:reg] idx=98 reg=0x5 value=0x87009400
[gs:kick] idx=13 drawing=1 prim=6 vtxCount=2
[gs:prim] idx=6 type=6 tme=0 abe=1 fst=1 ctxt=0 fbp=0 fbw=10 psm=0x1 tex0=(tbp0=0 tbw=0 psm=0x0 tw=0 th=0 tcc=0 tfx=0 cbp=0 cpsm=0x0 csm=0 csa=0) texclut=(cbw=0 cou=0 cov=0) ofx=1728 ofy=1936 scissor=(0,0)-(639,223) test=0x30003 alpha=0x8000000044 v0=(1728,1936) uv0=(0,0) stq0=(0,0,1) v1=(2368,2160) uv1=(0,0) stq1=(0,0,1) v2=(0,0) uv2=(0,0) stq2=(0,0,0) rgba0=(0,0,0,128) rgba1=(0,0,0,128) rgba2=(0,0,0,0)
[p4:isig] sid=9
[p4:isig] sid=10
[p4:isig] sid=9
[p4:isig] sid=10
[p4:new2] size=0x0000002c ra=0x00149e80
[p4:malloc] size=0x0000002c ra=0x001006bc
[p4:ld] load obj=0x00c64e50 size=0x00000000 ra=0x00149ed4
[p4:new2] size=0x000200e0 ra=0x00100540
[p4:malloc] size=0x000200e0 ra=0x001006bc
[p4:EndOfHeap] ret=0x01f00000 brk=0x00c6d000 a0=0x00021000 ra=0x0010f3b8
[p4:rd1] FUN_001b5ca0 obj=0x00c253e8 dst=0x00c64e80 len=0x000200e0 ra=0x0019a1d4
[p4:sm] poll n=4 obj=0x00c253e8 ra=0x001b5cfc
[gzmfs] SEEK fd=0 off=49723392 whence=0 -> pos=49723392
[p4:alarm] n=2 id=2 handler=0x0011c570 arg=0x01ff7e18 *arg=11
[p4:hdl] 11c570 entry a2=0x01ff7e18
[p4:isig] sid=11
[p4:wake-pre] sid=11 consumed=1
[p4:sm] poll n=5 obj=0x00c253e8 ra=0x001b5d14
[p4:alarm] n=3 id=3 handler=0x0011c570 arg=0x01ff7e18 *arg=12
[p4:hdl] 11c570 entry a2=0x01ff7e18
[p4:isig] sid=12
[p4:wake-pre] sid=12 consumed=1
[p4:sm] poll n=6 obj=0x00c253e8 ra=0x001b5d14
[gzmfs] READ fd=0 pos=49723392 len=131296 -> 131296 dst=0x00C64E80
[p4:alarm] n=4 id=4 handler=0x0011c570 arg=0x01ff7e18 *arg=13
[p4:hdl] 11c570 entry a2=0x01ff7e18
[p4:isig] sid=13
[p4:wake-pre] sid=13 consumed=1
[p4:sm] poll n=7 obj=0x00c253e8 ra=0x001b5d14
[p4:new2] size=0x00000060 ra=0x00100540
[p4:malloc] size=0x00000060 ra=0x001006bc
[p4:new2] size=0x0000002c ra=0x00149f48
[p4:malloc] size=0x0000002c ra=0x001006bc
[p4:ld] load obj=0x00c64e50 size=0x00000000 ra=0x00149f9c
[p4:new2] size=0x00001a5c ra=0x00100540
[p4:malloc] size=0x00001a5c ra=0x001006bc
[p4:rd1] FUN_001b5ca0 obj=0x00c253e8 dst=0x00c2d930 len=0x00020000 ra=0x0019a168
[p4:sm] poll n=8 obj=0x00c253e8 ra=0x001b5cfc
[gzmfs] SEEK fd=0 off=49715200 whence=0 -> pos=49715200
[p4:alarm] n=5 id=5 handler=0x0011c570 arg=0x01ff7e18 *arg=14
[p4:hdl] 11c570 entry a2=0x01ff7e18
[p4:isig] sid=14
[p4:wake-pre] sid=14 consumed=1
[p4:sm] poll n=9 obj=0x00c253e8 ra=0x001b5d14
[p4:alarm] n=6 id=6 handler=0x0011c570 arg=0x01ff7e18 *arg=15
[p4:hdl] 11c570 entry a2=0x01ff7e18
[p4:isig] sid=15
[p4:wake-pre] sid=15 consumed=1
[p4:sm] poll n=10 obj=0x00c253e8 ra=0x001b5d14
[gzmfs] READ fd=0 pos=49715200 len=131072 -> 131072 dst=0x00C2D930
[p4:alarm] n=7 id=7 handler=0x0011c570 arg=0x01ff7e18 *arg=16
[p4:hdl] 11c570 entry a2=0x01ff7e18
[p4:isig] sid=16
[p4:wake-pre] sid=16 consumed=1
[p4:sm] poll n=11 obj=0x00c253e8 ra=0x001b5d14
[p4:isig] sid=9
[p4:isig] sid=10
[gs:gif] idx=29 size=32 nloop=1 flg=0 nreg=1 ctx0fbp=0 ctx1fbp=0
[gs:reg] idx=99 reg=0x47 value=0x5008b
[SignalSema] tid=-1 sid=9 count=0->1 ret=9
[SignalSema] tid=-1 sid=10 count=0->1 ret=10
[gs:gif] idx=30 size=144 nloop=8 flg=0 nreg=1 ctx0fbp=0 ctx1fbp=0
[gs:reg] idx=100 reg=0x4c value=0x10a0046
[gs:reg] idx=101 reg=0x18 value=0x790800006c00
[gs:reg] idx=102 reg=0x40 value=0xdf0000027f0000
[gs:reg] idx=103 reg=0x47 value=0x5008b
[SignalSema] tid=-1 sid=9 count=0->1 ret=9
[SignalSema] tid=-1 sid=10 count=0->1 ret=10
[WaitSema:wake] tid=1 sid=1 ret=1 count=0
[SignalSema] tid=1 sid=1 count=0->1 ret=1
[WaitSema:wake] tid=1 sid=1 ret=1 count=0
[SignalSema] tid=1 sid=1 count=0->1 ret=1
[CreateSema] id=11 init=0 max=1[SetAlarm] ticks=2 handler=0x11c570 arg=0x1ff7e18
[WaitSema:block] tid=1 sid=11 pc=0x10eca0 ra=0x11c530
[SignalSema] tid=1 sid=11 count=0->1 ret=11
[WaitSema:wake] tid=1 sid=11 ret=11 count=0
[CreateSema] id=12 init=0 max=1[SetAlarm] ticks=2 handler=0x11c570 arg=0x1ff7e18
[WaitSema:block] tid=1 sid=12 pc=0x10eca0 ra=0x11c530
[SignalSema] tid=1 sid=12 count=0->1 ret=12
[WaitSema:wake] tid=1 sid=12 ret=12 count=0
[CreateSema] id=13 init=0 max=1[SetAlarm] ticks=2 handler=0x11c570 arg=0x1ff7e18
[WaitSema:block] tid=1 sid=13 pc=0x10eca0 ra=0x11c530
[SignalSema] tid=1 sid=13 count=0->1 ret=13
[WaitSema:wake] tid=1 sid=13 ret=13 count=0
[WaitSema:wake] tid=1 sid=1 ret=1 count=0
[SignalSema] tid=1 sid=1 count=0->1 ret=1
[WaitSema:wake] tid=1 sid=1 ret=1 count=0
[SignalSema] tid=1 sid=1 count=0->1 ret=1
[WaitSema:wake] tid=1 sid=1 ret=1 count=0
[SignalSema] tid=1 sid=1 count=0->1 ret=1
[WaitSema:wake] tid=1 sid=1 ret=1 count=0
[SignalSema] tid=1 sid=1 count=0->1 ret=1
[WaitSema:wake] tid=1 sid=1 ret=1 count=0
[SignalSema] tid=1 sid=1 count=0->1 ret=1
[CreateSema] id=14 init=0 max=1[SetAlarm] ticks=2 handler=0x11c570 arg=0x1ff7e18
[WaitSema:block] tid=1 sid=14 pc=0x10eca0 ra=0x11c530
[SignalSema] tid=1 sid=14 count=0->1 ret=14
[WaitSema:wake] tid=1 sid=14 ret=14 count=0
[CreateSema] id=15 init=0 max=1[WaitSema:block] tid=1 sid=15 pc=0x10eca0 ra=0x11c530
[SignalSema] tid=1 sid=15 count=0->1 ret=15
[WaitSema:wake] tid=1 sid=15 ret=15 count=0
[CreateSema] id=16 init=0 max=1[WaitSema:block] tid=1 sid=16 pc=0x10eca0 ra=0x11c530
        ... [9,022 more [SignalSema] lines elided by export_logs.py] ...
[WaitSema:wake] tid=1 sid=16 ret=16 count=0
[WaitSema:wake] tid=1 sid=1 ret=1 count=0
[gs:gif] idx=31 size=32 nloop=1 flg=0 nreg=1 ctx0fbp=70 ctx1fbp=0
[gs:reg] idx=104 reg=0x47 value=0x30003
[gs:gif] idx=32 size=96 nloop=1 flg=1 nreg=2 ctx0fbp=70 ctx1fbp=0
[gs:reg] idx=105 reg=0x6 value=0x0
[gs:reg] idx=106 reg=0x0 value=0x146
[gs:copy-reg] reg=0x0 value=0x146 primCtxt=0 ctx0fbp=70 ctx1fbp=0
[gs:reg] idx=107 reg=0x3 value=0x7
[gs:reg] idx=108 reg=0x1 value=0x80000000
[gs:reg] idx=109 reg=0x5 value=0x79006c00
[gs:kick] idx=14 drawing=1 prim=6 vtxCount=1
[gs:reg] idx=110 reg=0x3 value=0x0
[gs:reg] idx=111 reg=0x1 value=0x80000000
[gs:reg] idx=112 reg=0x5 value=0x87009400
[gs:kick] idx=15 drawing=1 prim=6 vtxCount=2
[gs:prim] idx=7 type=6 tme=0 abe=1 fst=1 ctxt=0 fbp=70 fbw=10 psm=0x1 tex0=(tbp0=0 tbw=0 psm=0x0 tw=0 th=0 tcc=0 tfx=0 cbp=0 cpsm=0x0 csm=0 csa=0) texclut=(cbw=0 cou=0 cov=0) ofx=1728 ofy=1936 scissor=(0,0)-(639,223) test=0x30003 alpha=0x8000000044 v0=(1728,1936) uv0=(0,0) stq0=(0,0,1) v1=(2368,2160) uv1=(0,0) stq1=(0,0,1) v2=(0,0) uv2=(0,0) stq2=(0,0,0) rgba0=(0,0,0,128) rgba1=(0,0,0,128) rgba2=(0,0,0,0)
[p4:new2] size=0x00014700 ra=0x00100540
[p4:malloc] size=0x00014700 ra=0x001006bc
[p4:new2] size=0x00000030 ra=0x0014b994
[p4:malloc] size=0x00000030 ra=0x001006bc
[p4:new2] size=0x000002c0 ra=0x001e2548
[p4:malloc] size=0x000002c0 ra=0x001006bc
[mc] Init enter
[mc] Init exit
[mc] Sync idle -> -1
[mc] GetInfo port=0 slot=0 type=2 free=8192 fmt=1 result=0 fmtPtr=0x00C79820
[mc] GetInfo port=0 slot=0 type=2 free=8192 fmt=1 result=0 fmtPtr=0x00C79820
[p4:isig] sid=9
[p4:isig] sid=10
[gs:gif] idx=33 size=32 nloop=1 flg=0 nreg=1 ctx0fbp=70 ctx1fbp=0
[gs:reg] idx=113 reg=0x47 value=0x5008b
[gs:gif] idx=34 size=80 nloop=4 flg=0 nreg=1 ctx0fbp=70 ctx1fbp=0
[gs:reg] idx=114 reg=0x50 value=0x2c08000000000000
[gs:reg] idx=115 reg=0x51 value=0x0
[gs:reg] idx=116 reg=0x52 value=0x20000000200
[gs:reg] idx=117 reg=0x53 value=0x0
[gs:gif] idx=35 size=16 nloop=8192 flg=2 nreg=16 ctx0fbp=70 ctx1fbp=0
[gs:gif] idx=36 size=131088 nloop=8192 flg=2 nreg=16 ctx0fbp=70 ctx1fbp=0
[gs:gif] idx=37 size=80 nloop=4 flg=0 nreg=1 ctx0fbp=70 ctx1fbp=0
[gs:reg] idx=118 reg=0x50 value=0x3b4000000000
[gs:reg] idx=119 reg=0x51 value=0x0
[gs:reg] idx=120 reg=0x52 value=0x200000008
[gs:reg] idx=121 reg=0x53 value=0x0
[gs:gif] idx=38 size=16 nloop=4 flg=2 nreg=16 ctx0fbp=70 ctx1fbp=0
[gs:gif] idx=39 size=80 nloop=4 flg=2 nreg=16 ctx0fbp=70 ctx1fbp=0
[gs:gif] idx=40 size=80 nloop=4 flg=0 nreg=1 ctx0fbp=70 ctx1fbp=0
[gs:reg] idx=122 reg=0x50 value=0x3b4100000000
[gs:reg] idx=123 reg=0x51 value=0x0
[gs:reg] idx=124 reg=0x52 value=0x200000008
[gs:reg] idx=125 reg=0x53 value=0x0
[gs:gif] idx=41 size=16 nloop=4 flg=2 nreg=16 ctx0fbp=70 ctx1fbp=0
[gs:gif] idx=42 size=80 nloop=4 flg=2 nreg=16 ctx0fbp=70 ctx1fbp=0
[gs:gif] idx=43 size=80 nloop=4 flg=0 nreg=1 ctx0fbp=70 ctx1fbp=0
[gs:reg] idx=126 reg=0x50 value=0x2400000000000000
[gs:reg] idx=127 reg=0x51 value=0x0
[gs:gif] idx=44 size=80 nloop=4 flg=0 nreg=1 ctx0fbp=70 ctx1fbp=0
[gs:gif] idx=45 size=16 nloop=4 flg=2 nreg=16 ctx0fbp=70 ctx1fbp=0
[gs:gif] idx=46 size=80 nloop=4 flg=2 nreg=16 ctx0fbp=70 ctx1fbp=0
[gs:gif] idx=47 size=80 nloop=4 flg=0 nreg=1 ctx0fbp=70 ctx1fbp=0
[WaitSema:wake] tid=1 sid=1 ret=1 count=0
[WaitSema:wake] tid=1 sid=1 ret=1 count=0
[WaitSema:wake] tid=1 sid=1 ret=1 count=0
[WaitSema:wake] tid=1 sid=1 ret=1 count=0
[gs:copy-reg] reg=0x0 value=0x146 primCtxt=0 ctx0fbp=0 ctx1fbp=0
[gs:kick] idx=16 drawing=1 prim=6 vtxCount=1
[gs:kick] idx=17 drawing=1 prim=6 vtxCount=2
[gs:prim] idx=8 type=6 tme=0 abe=1 fst=1 ctxt=0 fbp=0 fbw=10 psm=0x1 tex0=(tbp0=0 tbw=0 psm=0x0 tw=0 th=0 tcc=0 tfx=0 cbp=0 cpsm=0x0 csm=0 csa=0) texclut=(cbw=0 cou=0 cov=0) ofx=1728 ofy=1936 scissor=(0,0)-(639,223) test=0x30003 alpha=0x8000000044 v0=(1728,1936) uv0=(0,0) stq0=(0,0,1) v1=(2368,2160) uv1=(0,0) stq1=(0,0,1) v2=(0,0) uv2=(0,0) stq2=(0,0,0) rgba0=(0,0,0,128) rgba1=(0,0,0,128) rgba2=(0,0,0,0)
[p4:isig] sid=9
[p4:isig] sid=10
[mc] GetDir port=0 slot=0 path='/BASLUS-20407/BASLUS-20407' maxent=8 table=0x00C795E0 result=-4 entries=0
[p4:isig] sid=9
[p4:isig] sid=10
[gs:copy-reg] reg=0x0 value=0x146 primCtxt=0 ctx0fbp=70 ctx1fbp=0
[gs:kick] idx=18 drawing=1 prim=6 vtxCount=1
[gs:kick] idx=19 drawing=1 prim=6 vtxCount=2
[gs:prim] idx=9 type=6 tme=0 abe=1 fst=1 ctxt=0 fbp=70 fbw=10 psm=0x1 tex0=(tbp0=0 tbw=0 psm=0x0 tw=0 th=0 tcc=0 tfx=0 cbp=0 cpsm=0x0 csm=0 csa=0) texclut=(cbw=0 cou=0 cov=0) ofx=1728 ofy=1936 scissor=(0,0)-(639,223) test=0x30003 alpha=0x8000000044 v0=(1728,1936) uv0=(176,8) stq0=(0,0,1) v1=(2368,2160) uv1=(0,0) stq1=(0,0,1) v2=(0,0) uv2=(0,0) stq2=(0,0,0) rgba0=(0,0,0,128) rgba1=(0,0,0,128) rgba2=(0,0,0,0)
[WaitSema:wake] tid=1 sid=1 ret=1 count=0
[WaitSema:wake] tid=1 sid=1 ret=1 count=0
[WaitSema:wake] tid=1 sid=1 ret=1 count=0
[gs:copy-reg] reg=0x0 value=0x146 primCtxt=0 ctx0fbp=0 ctx1fbp=0
[gs:kick] idx=20 drawing=1 prim=6 vtxCount=1
[gs:kick] idx=21 drawing=1 prim=6 vtxCount=2
[gs:prim] idx=10 type=6 tme=0 abe=1 fst=1 ctxt=0 fbp=0 fbw=10 psm=0x1 tex0=(tbp0=0 tbw=0 psm=0x0 tw=0 th=0 tcc=0 tfx=0 cbp=0 cpsm=0x0 csm=0 csa=0) texclut=(cbw=0 cou=0 cov=0) ofx=1728 ofy=1936 scissor=(0,0)-(639,223) test=0x30003 alpha=0x8000000044 v0=(1728,1936) uv0=(0,0) stq0=(0,0,1) v1=(2368,2160) uv1=(0,0) stq1=(0,0,1) v2=(0,0) uv2=(0,0) stq2=(0,0,0) rgba0=(0,0,0,128) rgba1=(0,0,0,128) rgba2=(0,0,0,0)
[p4:isig] sid=9
[p4:isig] sid=10
[p4:isig] sid=9
[p4:isig] sid=10
[gs:copy-reg] reg=0x0 value=0x146 primCtxt=0 ctx0fbp=70 ctx1fbp=0
[gs:kick] idx=22 drawing=1 prim=6 vtxCount=1
[gs:kick] idx=23 drawing=1 prim=6 vtxCount=2
[gs:prim] idx=11 type=6 tme=0 abe=1 fst=1 ctxt=0 fbp=70 fbw=10 psm=0x1 tex0=(tbp0=0 tbw=0 psm=0x0 tw=0 th=0 tcc=0 tfx=0 cbp=0 cpsm=0x0 csm=0 csa=0) texclut=(cbw=0 cou=0 cov=0) ofx=1728 ofy=1936 scissor=(0,0)-(639,223) test=0x30003 alpha=0x8000000044 v0=(1728,1936) uv0=(342,12) stq0=(0,0,1) v1=(2368,2160) uv1=(0,0) stq1=(0,0,1) v2=(0,0) uv2=(0,0) stq2=(0,0,0) rgba0=(0,0,0,128) rgba1=(0,0,0,128) rgba2=(0,0,0,0)
[gs:copy-reg] reg=0x0 value=0x146 primCtxt=0 ctx0fbp=0 ctx1fbp=0
[gs:kick] idx=24 drawing=1 prim=6 vtxCount=1
[gs:kick] idx=25 drawing=1 prim=6 vtxCount=2
[gs:prim] idx=12 type=6 tme=0 abe=1 fst=1 ctxt=0 fbp=0 fbw=10 psm=0x1 tex0=(tbp0=0 tbw=0 psm=0x0 tw=0 th=0 tcc=0 tfx=0 cbp=0 cpsm=0x0 csm=0 csa=0) texclut=(cbw=0 cou=0 cov=0) ofx=1728 ofy=1936 scissor=(0,0)-(639,223) test=0x30003 alpha=0x8000000044 v0=(1728,1936) uv0=(342,12) stq0=(0,0,1) v1=(2368,2160) uv1=(0,0) stq1=(0,0,1) v2=(0,0) uv2=(0,0) stq2=(0,0,0) rgba0=(0,0,0,128) rgba1=(0,0,0,128) rgba2=(0,0,0,0)
[p4:isig] sid=9
[p4:isig] sid=10
[gs:copy-reg] reg=0x0 value=0x146 primCtxt=0 ctx0fbp=70 ctx1fbp=0
[gs:kick] idx=26 drawing=1 prim=6 vtxCount=1
[gs:kick] idx=27 drawing=1 prim=6 vtxCount=2
[gs:prim] idx=13 type=6 tme=0 abe=1 fst=1 ctxt=0 fbp=70 fbw=10 psm=0x1 tex0=(tbp0=0 tbw=0 psm=0x0 tw=0 th=0 tcc=0 tfx=0 cbp=0 cpsm=0x0 csm=0 csa=0) texclut=(cbw=0 cou=0 cov=0) ofx=1728 ofy=1936 scissor=(0,0)-(639,223) test=0x30003 alpha=0x8000000044 v0=(1728,1936) uv0=(342,12) stq0=(0,0,1) v1=(2368,2160) uv1=(0,0) stq1=(0,0,1) v2=(0,0) uv2=(0,0) stq2=(0,0,0) rgba0=(0,0,0,128) rgba1=(0,0,0,128) rgba2=(0,0,0,0)
[p4:isig] sid=9
[p4:isig] sid=10
[gs:copy-reg] reg=0x0 value=0x146 primCtxt=0 ctx0fbp=0 ctx1fbp=0
[gs:kick] idx=28 drawing=1 prim=6 vtxCount=1
[gs:kick] idx=29 drawing=1 prim=6 vtxCount=2
[gs:prim] idx=14 type=6 tme=0 abe=1 fst=1 ctxt=0 fbp=0 fbw=10 psm=0x1 tex0=(tbp0=0 tbw=0 psm=0x0 tw=0 th=0 tcc=0 tfx=0 cbp=0 cpsm=0x0 csm=0 csa=0) texclut=(cbw=0 cou=0 cov=0) ofx=1728 ofy=1936 scissor=(0,0)-(639,223) test=0x30003 alpha=0x8000000044 v0=(1728,1936) uv0=(342,12) stq0=(0,0,1) v1=(2368,2160) uv1=(0,0) stq1=(0,0,1) v2=(0,0) uv2=(0,0) stq2=(0,0,0) rgba0=(0,0,0,128) rgba1=(0,0,0,128) rgba2=(0,0,0,0)
[p4:isig] sid=9
[p4:isig] sid=10
[p4:isig] sid=9
[p4:isig] sid=10
[gs:copy-reg] reg=0x0 value=0x146 primCtxt=0 ctx0fbp=70 ctx1fbp=0
[gs:kick] idx=30 drawing=1 prim=6 vtxCount=1
[gs:kick] idx=31 drawing=1 prim=6 vtxCount=2
[gs:prim] idx=15 type=6 tme=0 abe=1 fst=1 ctxt=0 fbp=70 fbw=10 psm=0x1 tex0=(tbp0=0 tbw=0 psm=0x0 tw=0 th=0 tcc=0 tfx=0 cbp=0 cpsm=0x0 csm=0 csa=0) texclut=(cbw=0 cou=0 cov=0) ofx=1728 ofy=1936 scissor=(0,0)-(639,223) test=0x30003 alpha=0x8000000044 v0=(1728,1936) uv0=(342,12) stq0=(0,0,1) v1=(2368,2160) uv1=(0,0) stq1=(0,0,1) v2=(0,0) uv2=(0,0) stq2=(0,0,0) rgba0=(0,0,0,128) rgba1=(0,0,0,128) rgba2=(0,0,0,0)
[gs:copy-reg] reg=0x0 value=0x146 primCtxt=0 ctx0fbp=0 ctx1fbp=0
[gs:kick] idx=32 drawing=1 prim=6 vtxCount=1
[gs:kick] idx=33 drawing=1 prim=6 vtxCount=2
[gs:prim] idx=16 type=6 tme=0 abe=1 fst=1 ctxt=0 fbp=0 fbw=10 psm=0x1 tex0=(tbp0=0 tbw=0 psm=0x0 tw=0 th=0 tcc=0 tfx=0 cbp=0 cpsm=0x0 csm=0 csa=0) texclut=(cbw=0 cou=0 cov=0) ofx=1728 ofy=1936 scissor=(0,0)-(639,223) test=0x30003 alpha=0x8000000044 v0=(1728,1936) uv0=(342,12) stq0=(0,0,1) v1=(2368,2160) uv1=(0,0) stq1=(0,0,1) v2=(0,0) uv2=(0,0) stq2=(0,0,0) rgba0=(0,0,0,128) rgba1=(0,0,0,128) rgba2=(0,0,0,0)
[p4:isig] sid=9
[p4:isig] sid=10
[p4:isig] sid=9
[p4:isig] sid=10
[gs:copy-reg] reg=0x0 value=0x146 primCtxt=0 ctx0fbp=70 ctx1fbp=0
[gs:kick] idx=34 drawing=1 prim=6 vtxCount=1
[gs:kick] idx=35 drawing=1 prim=6 vtxCount=2
[gs:prim] idx=17 type=6 tme=0 abe=1 fst=1 ctxt=0 fbp=70 fbw=10 psm=0x1 tex0=(tbp0=0 tbw=0 psm=0x0 tw=0 th=0 tcc=0 tfx=0 cbp=0 cpsm=0x0 csm=0 csa=0) texclut=(cbw=0 cou=0 cov=0) ofx=1728 ofy=1936 scissor=(0,0)-(639,223) test=0x30003 alpha=0x8000000044 v0=(1728,1936) uv0=(342,12) stq0=(0,0,1) v1=(2368,2160) uv1=(0,0) stq1=(0,0,1) v2=(0,0) uv2=(0,0) stq2=(0,0,0) rgba0=(0,0,0,128) rgba1=(0,0,0,128) rgba2=(0,0,0,0)
[p4:new2] size=0x0000002c ra=0x0014a3c4
[p4:malloc] size=0x0000002c ra=0x001006bc
[p4:ld] load obj=0x00c64e50 size=0x00000000 ra=0x0014a418
[p4:new2] size=0x00020430 ra=0x00100540
[p4:malloc] size=0x00020430 ra=0x001006bc
[p4:EndOfHeap] ret=0x01f00000 brk=0x00c8e000 a0=0x00021000 ra=0x0010f3b8
[p4:rd1] FUN_001b5ca0 obj=0x00c253e8 dst=0x00c86a40 len=0x00020430 ra=0x0019a1d4
[p4:sm] poll n=12 obj=0x00c253e8 ra=0x001b5cfc
[gzmfs] SEEK fd=0 off=90687488 whence=0 -> pos=90687488
[p4:alarm] n=8 id=8 handler=0x0011c570 arg=0x01ff7da8 *arg=17
[p4:hdl] 11c570 entry a2=0x01ff7da8
[p4:isig] sid=17
[p4:wake-pre] sid=17 consumed=1
[p4:sm] poll n=13 obj=0x00c253e8 ra=0x001b5d14
[p4:isig] sid=9
[p4:isig] sid=10
[p4:alarm] n=9 id=9 handler=0x0011c570 arg=0x01ff7da8 *arg=18
[p4:hdl] 11c570 entry a2=0x01ff7da8
[p4:isig] sid=18
[p4:wake-pre] sid=18 consumed=1
[p4:sm] poll n=14 obj=0x00c253e8 ra=0x001b5d14
[gzmfs] READ fd=0 pos=90687488 len=132144 -> 132144 dst=0x00C86A40
[p4:alarm] n=10 id=10 handler=0x0011c570 arg=0x01ff7da8 *arg=19
[p4:hdl] 11c570 entry a2=0x01ff7da8
[p4:isig] sid=19
[p4:wake-pre] sid=19 consumed=1
[p4:sm] poll n=15 obj=0x00c253e8 ra=0x001b5d14
[WaitSema:wake] tid=1 sid=1 ret=1 count=0
[WaitSema:wake] tid=1 sid=1 ret=1 count=0
[CreateSema] id=17 init=0 max=1[WaitSema:block] tid=1 sid=17 pc=0x10eca0 ra=0x11c530
[WaitSema:wake] tid=1 sid=17 ret=17 count=0
[CreateSema] id=18 init=0 max=1[WaitSema:block] tid=1 sid=18 pc=0x10eca0 ra=0x11c530
[WaitSema:wake] tid=1 sid=18 ret=18 count=0
[CreateSema] id=19 init=0 max=1[WaitSema:block] tid=1 sid=19 pc=0x10eca0 ra=0x11c530
[WaitSema:wake] tid=1 sid=19 ret=19 count=0
[WaitSema:wake] tid=1 sid=1 ret=1 count=0
[gs:copy-reg] reg=0x0 value=0x146 primCtxt=0 ctx0fbp=0 ctx1fbp=0
[gs:kick] idx=36 drawing=1 prim=6 vtxCount=1
[gs:kick] idx=37 drawing=1 prim=6 vtxCount=2
[gs:prim] idx=18 type=6 tme=0 abe=1 fst=1 ctxt=0 fbp=0 fbw=10 psm=0x1 tex0=(tbp0=0 tbw=0 psm=0x0 tw=0 th=0 tcc=0 tfx=0 cbp=0 cpsm=0x0 csm=0 csa=0) texclut=(cbw=0 cou=0 cov=0) ofx=1728 ofy=1936 scissor=(0,0)-(639,223) test=0x30003 alpha=0x8000000044 v0=(1728,1936) uv0=(342,12) stq0=(0,0,1) v1=(2368,2160) uv1=(0,0) stq1=(0,0,1) v2=(0,0) uv2=(0,0) stq2=(0,0,0) rgba0=(0,0,0,128) rgba1=(0,0,0,128) rgba2=(0,0,0,0)
[p4:malloc] size=0x00011ee0 ra=0x0014a818
[p4:isig] sid=9
[p4:isig] sid=10
[p4:sm] poll n=16 obj=0x00c253e8 ra=0x0014a8f0
[gzmfs] SEEK fd=0 off=131764224 whence=0 -> pos=131764224
[WaitSema:wake] tid=1 sid=1 ret=1 count=0
[WaitSema:wake] tid=1 sid=1 ret=1 count=0
[gs:copy-reg] reg=0x0 value=0x146 primCtxt=0 ctx0fbp=70 ctx1fbp=0
[gs:kick] idx=38 drawing=1 prim=6 vtxCount=1
[gs:kick] idx=39 drawing=1 prim=6 vtxCount=2
[gs:prim] idx=19 type=6 tme=0 abe=1 fst=1 ctxt=0 fbp=70 fbw=10 psm=0x1 tex0=(tbp0=0 tbw=0 psm=0x0 tw=0 th=0 tcc=0 tfx=0 cbp=0 cpsm=0x0 csm=0 csa=0) texclut=(cbw=0 cou=0 cov=0) ofx=1728 ofy=1936 scissor=(0,0)-(639,223) test=0x30003 alpha=0x8000000044 v0=(1728,1936) uv0=(676,12) stq0=(0,0,1) v1=(2368,2160) uv1=(0,0) stq1=(0,0,1) v2=(0,0) uv2=(0,0) stq2=(0,0,0) rgba0=(0,0,0,128) rgba1=(0,0,0,128) rgba2=(0,0,0,0)
[gs:copy-reg] reg=0x0 value=0x156 primCtxt=0 ctx0fbp=70 ctx1fbp=0
[gs:kick] idx=40 drawing=1 prim=6 vtxCount=1
[gs:kick] idx=41 drawing=1 prim=6 vtxCount=2
[gs:prim] idx=20 type=6 tme=1 abe=1 fst=1 ctxt=0 fbp=70 fbw=10 psm=0x1 tex0=(tbp0=6720 tbw=8 psm=0x13 tw=9 th=8 tcc=1 tfx=0 cbp=15172 cpsm=0x0 csm=0 csa=0) texclut=(cbw=0 cou=0 cov=0) ofx=1728 ofy=1936 scissor=(0,0)-(639,223) test=0x5008b alpha=0x8000000044 v0=(1808,1984) uv0=(0,0) stq0=(0,0,1) v1=(2288,2112) uv1=(480,256) stq1=(0,0,1) v2=(0,0) uv2=(0,0) stq2=(0,0,0) rgba0=(0,0,0,128) rgba1=(0,0,0,128) rgba2=(0,0,0,0)
[p4:isig] sid=9
[p4:isig] sid=10
[p4:sm] poll n=17 obj=0x00c253e8 ra=0x0014a8f0
[gs:copy-reg] reg=0x0 value=0x146 primCtxt=0 ctx0fbp=0 ctx1fbp=0
[gs:kick] idx=42 drawing=1 prim=6 vtxCount=1
[gs:kick] idx=43 drawing=1 prim=6 vtxCount=2
[gs:prim] idx=21 type=6 tme=0 abe=1 fst=1 ctxt=0 fbp=0 fbw=10 psm=0x1 tex0=(tbp0=0 tbw=0 psm=0x0 tw=0 th=0 tcc=0 tfx=0 cbp=0 cpsm=0x0 csm=0 csa=0) texclut=(cbw=0 cou=0 cov=0) ofx=1728 ofy=1936 scissor=(0,0)-(639,223) test=0x30003 alpha=0x8000000044 v0=(1728,1936) uv0=(676,12) stq0=(0,0,1) v1=(2368,2160) uv1=(0,0) stq1=(0,0,1) v2=(0,0) uv2=(0,0) stq2=(0,0,0) rgba0=(0,0,0,128) rgba1=(0,0,0,128) rgba2=(0,0,0,0)
[gs:copy-reg] reg=0x0 value=0x156 primCtxt=0 ctx0fbp=0 ctx1fbp=0
[gs:kick] idx=44 drawing=1 prim=6 vtxCount=1
[gs:kick] idx=45 drawing=1 prim=6 vtxCount=2
[gs:prim] idx=22 type=6 tme=1 abe=1 fst=1 ctxt=0 fbp=0 fbw=10 psm=0x1 tex0=(tbp0=6720 tbw=8 psm=0x13 tw=9 th=8 tcc=1 tfx=0 cbp=15172 cpsm=0x0 csm=0 csa=0) texclut=(cbw=0 cou=0 cov=0) ofx=1728 ofy=1936 scissor=(0,0)-(639,223) test=0x5008b alpha=0x8000000044 v0=(1808,1984) uv0=(0,0) stq0=(0,0,1) v1=(2288,2112) uv1=(480,256) stq1=(0,0,1) v2=(0,0) uv2=(0,0) stq2=(0,0,0) rgba0=(4,4,4,128) rgba1=(4,4,4,128) rgba2=(0,0,0,0)
[p4:isig] sid=9
[p4:isig] sid=10
[p4:sm] poll n=18 obj=0x00c253e8 ra=0x0014a8f0
[gzmfs] READ fd=0 pos=131764224 len=73440 -> 73440 dst=0x00C64E50
[gs:copy-reg] reg=0x0 value=0x146 primCtxt=0 ctx0fbp=70 ctx1fbp=0
[gs:kick] idx=46 drawing=1 prim=6 vtxCount=1
[gs:kick] idx=47 drawing=1 prim=6 vtxCount=2
[gs:prim] idx=23 type=6 tme=0 abe=1 fst=1 ctxt=0 fbp=70 fbw=10 psm=0x1 tex0=(tbp0=0 tbw=0 psm=0x0 tw=0 th=0 tcc=0 tfx=0 cbp=0 cpsm=0x0 csm=0 csa=0) texclut=(cbw=0 cou=0 cov=0) ofx=1728 ofy=1936 scissor=(0,0)-(639,223) test=0x30003 alpha=0x8000000044 v0=(1728,1936) uv0=(676,12) stq0=(0,0,1) v1=(2368,2160) uv1=(0,0) stq1=(0,0,1) v2=(0,0) uv2=(0,0) stq2=(0,0,0) rgba0=(0,0,0,128) rgba1=(0,0,0,128) rgba2=(0,0,0,0)
[gs:copy-reg] reg=0x0 value=0x156 primCtxt=0 ctx0fbp=70 ctx1fbp=0
[gs:kick] idx=48 drawing=1 prim=6 vtxCount=1
[gs:kick] idx=49 drawing=1 prim=6 vtxCount=2
[gs:prim] idx=24 type=6 tme=1 abe=1 fst=1 ctxt=0 fbp=70 fbw=10 psm=0x1 tex0=(tbp0=6720 tbw=8 psm=0x13 tw=9 th=8 tcc=1 tfx=0 cbp=15172 cpsm=0x0 csm=0 csa=0) texclut=(cbw=0 cou=0 cov=0) ofx=1728 ofy=1936 scissor=(0,0)-(639,223) test=0x5008b alpha=0x8000000044 v0=(1808,1984) uv0=(0,0) stq0=(0,0,1) v1=(2288,2112) uv1=(480,256) stq1=(0,0,1) v2=(0,0) uv2=(0,0) stq2=(0,0,0) rgba0=(8,8,8,128) rgba1=(8,8,8,128) rgba2=(0,0,0,0)
[p4:isig] sid=9
[p4:isig] sid=10
[p4:sm] poll n=19 obj=0x00c253e8 ra=0x0014a8f0
[gs:copy-reg] reg=0x0 value=0x146 primCtxt=0 ctx0fbp=0 ctx1fbp=0
[gs:kick] idx=50 drawing=1 prim=6 vtxCount=1
[gs:kick] idx=51 drawing=1 prim=6 vtxCount=2
[gs:prim] idx=25 type=6 tme=0 abe=1 fst=1 ctxt=0 fbp=0 fbw=10 psm=0x1 tex0=(tbp0=0 tbw=0 psm=0x0 tw=0 th=0 tcc=0 tfx=0 cbp=0 cpsm=0x0 csm=0 csa=0) texclut=(cbw=0 cou=0 cov=0) ofx=1728 ofy=1936 scissor=(0,0)-(639,223) test=0x30003 alpha=0x8000000044 v0=(1728,1936) uv0=(676,12) stq0=(0,0,1) v1=(2368,2160) uv1=(0,0) stq1=(0,0,1) v2=(0,0) uv2=(0,0) stq2=(0,0,0) rgba0=(0,0,0,128) rgba1=(0,0,0,128) rgba2=(0,0,0,0)
[gs:copy-reg] reg=0x0 value=0x156 primCtxt=0 ctx0fbp=0 ctx1fbp=0
[gs:kick] idx=52 drawing=1 prim=6 vtxCount=1
[gs:kick] idx=53 drawing=1 prim=6 vtxCount=2
[gs:prim] idx=26 type=6 tme=1 abe=1 fst=1 ctxt=0 fbp=0 fbw=10 psm=0x1 tex0=(tbp0=6720 tbw=8 psm=0x13 tw=9 th=8 tcc=1 tfx=0 cbp=15172 cpsm=0x0 csm=0 csa=0) texclut=(cbw=0 cou=0 cov=0) ofx=1728 ofy=1936 scissor=(0,0)-(639,223) test=0x5008b alpha=0x8000000044 v0=(1808,1984) uv0=(0,0) stq0=(0,0,1) v1=(2288,2112) uv1=(480,256) stq1=(0,0,1) v2=(0,0) uv2=(0,0) stq2=(0,0,0) rgba0=(12,12,12,128) rgba1=(12,12,12,128) rgba2=(0,0,0,0)
        ... [431,067 more [p4:isig] lines elided by export_logs.py] ...
[frame:upload] idx=0 tick=26 displayFbp=70 sourceFbp=70 size=640x448 preferred=0
[p4:malloc] size=0x00000140 ra=0x0014a8a4
[WaitSema:wake] tid=1 sid=1 ret=1 count=0
[gs:copy-reg] reg=0x0 value=0x146 primCtxt=0 ctx0fbp=70 ctx1fbp=0
[gs:kick] idx=54 drawing=1 prim=6 vtxCount=1
[gs:kick] idx=55 drawing=1 prim=6 vtxCount=2
[gs:prim] idx=27 type=6 tme=0 abe=1 fst=1 ctxt=0 fbp=70 fbw=10 psm=0x1 tex0=(tbp0=0 tbw=0 psm=0x0 tw=0 th=0 tcc=0 tfx=0 cbp=0 cpsm=0x0 csm=0 csa=0) texclut=(cbw=0 cou=0 cov=0) ofx=1728 ofy=1936 scissor=(0,0)-(639,223) test=0x30003 alpha=0x8000000044 v0=(1728,1936) uv0=(676,12) stq0=(0,0,1) v1=(2368,2160) uv1=(0,0) stq1=(0,0,1) v2=(0,0) uv2=(0,0) stq2=(0,0,0) rgba0=(0,0,0,128) rgba1=(0,0,0,128) rgba2=(0,0,0,0)
[gs:copy-reg] reg=0x0 value=0x156 primCtxt=0 ctx0fbp=70 ctx1fbp=0
[gs:kick] idx=56 drawing=1 prim=6 vtxCount=1
[gs:kick] idx=57 drawing=1 prim=6 vtxCount=2
[gs:prim] idx=28 type=6 tme=1 abe=1 fst=1 ctxt=0 fbp=70 fbw=10 psm=0x1 tex0=(tbp0=6720 tbw=8 psm=0x13 tw=9 th=8 tcc=1 tfx=0 cbp=15172 cpsm=0x0 csm=0 csa=0) texclut=(cbw=0 cou=0 cov=0) ofx=1728 ofy=1936 scissor=(0,0)-(639,223) test=0x5008b alpha=0x8000000044 v0=(1808,1984) uv0=(0,0) stq0=(0,0,1) v1=(2288,2112) uv1=(480,256) stq1=(0,0,1) v2=(0,0) uv2=(0,0) stq2=(0,0,0) rgba0=(16,16,16,128) rgba1=(16,16,16,128) rgba2=(0,0,0,0)
[p4:sm] poll n=20 obj=0x00c253e8 ra=0x0014a8f0
[gzmfs] SEEK fd=0 off=131837952 whence=0 -> pos=131837952
[gs:copy-reg] reg=0x0 value=0x146 primCtxt=0 ctx0fbp=0 ctx1fbp=0
[gs:kick] idx=58 drawing=1 prim=6 vtxCount=1
[gs:kick] idx=59 drawing=1 prim=6 vtxCount=2
[gs:prim] idx=29 type=6 tme=0 abe=1 fst=1 ctxt=0 fbp=0 fbw=10 psm=0x1 tex0=(tbp0=0 tbw=0 psm=0x0 tw=0 th=0 tcc=0 tfx=0 cbp=0 cpsm=0x0 csm=0 csa=0) texclut=(cbw=0 cou=0 cov=0) ofx=1728 ofy=1936 scissor=(0,0)-(639,223) test=0x30003 alpha=0x8000000044 v0=(1728,1936) uv0=(676,12) stq0=(0,0,1) v1=(2368,2160) uv1=(0,0) stq1=(0,0,1) v2=(0,0) uv2=(0,0) stq2=(0,0,0) rgba0=(0,0,0,128) rgba1=(0,0,0,128) rgba2=(0,0,0,0)
[gs:copy-reg] reg=0x0 value=0x156 primCtxt=0 ctx0fbp=0 ctx1fbp=0
[gs:kick] idx=60 drawing=1 prim=6 vtxCount=1
[gs:kick] idx=61 drawing=1 prim=6 vtxCount=2
[gs:prim] idx=30 type=6 tme=1 abe=1 fst=1 ctxt=0 fbp=0 fbw=10 psm=0x1 tex0=(tbp0=6720 tbw=8 psm=0x13 tw=9 th=8 tcc=1 tfx=0 cbp=15172 cpsm=0x0 csm=0 csa=0) texclut=(cbw=0 cou=0 cov=0) ofx=1728 ofy=1936 scissor=(0,0)-(639,223) test=0x5008b alpha=0x8000000044 v0=(1808,1984) uv0=(0,0) stq0=(0,0,1) v1=(2288,2112) uv1=(480,256) stq1=(0,0,1) v2=(0,0) uv2=(0,0) stq2=(0,0,0) rgba0=(20,20,20,128) rgba1=(20,20,20,128) rgba2=(0,0,0,0)
[gs:copy-reg] reg=0x0 value=0x146 primCtxt=0 ctx0fbp=70 ctx1fbp=0
[gs:kick] idx=62 drawing=1 prim=6 vtxCount=1
[gs:kick] idx=63 drawing=1 prim=6 vtxCount=2
[gs:prim] idx=31 type=6 tme=0 abe=1 fst=1 ctxt=0 fbp=70 fbw=10 psm=0x1 tex0=(tbp0=0 tbw=0 psm=0x0 tw=0 th=0 tcc=0 tfx=0 cbp=0 cpsm=0x0 csm=0 csa=0) texclut=(cbw=0 cou=0 cov=0) ofx=1728 ofy=1936 scissor=(0,0)-(639,223) test=0x30003 alpha=0x8000000044 v0=(1728,1936) uv0=(676,12) stq0=(0,0,1) v1=(2368,2160) uv1=(0,0) stq1=(0,0,1) v2=(0,0) uv2=(0,0) stq2=(0,0,0) rgba0=(0,0,0,128) rgba1=(0,0,0,128) rgba2=(0,0,0,0)
[gs:copy-reg] reg=0x0 value=0x156 primCtxt=0 ctx0fbp=70 ctx1fbp=0
[gs:kick] idx=64 drawing=1 prim=6 vtxCount=1
[gs:kick] idx=65 drawing=1 prim=6 vtxCount=2
[gs:prim] idx=32 type=6 tme=1 abe=1 fst=1 ctxt=0 fbp=70 fbw=10 psm=0x1 tex0=(tbp0=6720 tbw=8 psm=0x13 tw=9 th=8 tcc=1 tfx=0 cbp=15172 cpsm=0x0 csm=0 csa=0) texclut=(cbw=0 cou=0 cov=0) ofx=1728 ofy=1936 scissor=(0,0)-(639,223) test=0x5008b alpha=0x8000000044 v0=(1808,1984) uv0=(0,0) stq0=(0,0,1) v1=(2288,2112) uv1=(480,256) stq1=(0,0,1) v2=(0,0) uv2=(0,0) stq2=(0,0,0) rgba0=(24,24,24,128) rgba1=(24,24,24,128) rgba2=(0,0,0,0)
[gzmfs] READ fd=0 pos=131837952 len=320 -> 320 dst=0x00C76D40
[gs:copy-reg] reg=0x0 value=0x146 primCtxt=0 ctx0fbp=0 ctx1fbp=0
[gs:kick] idx=66 drawing=1 prim=6 vtxCount=1
[gs:kick] idx=67 drawing=1 prim=6 vtxCount=2
[gs:prim] idx=33 type=6 tme=0 abe=1 fst=1 ctxt=0 fbp=0 fbw=10 psm=0x1 tex0=(tbp0=0 tbw=0 psm=0x0 tw=0 th=0 tcc=0 tfx=0 cbp=0 cpsm=0x0 csm=0 csa=0) texclut=(cbw=0 cou=0 cov=0) ofx=1728 ofy=1936 scissor=(0,0)-(639,223) test=0x30003 alpha=0x8000000044 v0=(1728,1936) uv0=(676,12) stq0=(0,0,1) v1=(2368,2160) uv1=(0,0) stq1=(0,0,1) v2=(0,0) uv2=(0,0) stq2=(0,0,0) rgba0=(0,0,0,128) rgba1=(0,0,0,128) rgba2=(0,0,0,0)
[gs:copy-reg] reg=0x0 value=0x156 primCtxt=0 ctx0fbp=0 ctx1fbp=0
[gs:kick] idx=68 drawing=1 prim=6 vtxCount=1
[gs:kick] idx=69 drawing=1 prim=6 vtxCount=2
[gs:prim] idx=34 type=6 tme=1 abe=1 fst=1 ctxt=0 fbp=0 fbw=10 psm=0x1 tex0=(tbp0=6720 tbw=8 psm=0x13 tw=9 th=8 tcc=1 tfx=0 cbp=15172 cpsm=0x0 csm=0 csa=0) texclut=(cbw=0 cou=0 cov=0) ofx=1728 ofy=1936 scissor=(0,0)-(639,223) test=0x5008b alpha=0x8000000044 v0=(1808,1984) uv0=(0,0) stq0=(0,0,1) v1=(2288,2112) uv1=(480,256) stq1=(0,0,1) v2=(0,0) uv2=(0,0) stq2=(0,0,0) rgba0=(28,28,28,128) rgba1=(28,28,28,128) rgba2=(0,0,0,0)
[p4:new2] size=0x00000048 ra=0x0014a924
[p4:malloc] size=0x00000048 ra=0x001006bc
[p4:new2] size=0x00000b8c ra=0x0015f594
[p4:malloc] size=0x00000b8c ra=0x001006bc
[p4:new2] size=0x00000060 ra=0x00100540
[p4:malloc] size=0x00000060 ra=0x001006bc
[WaitSema:wake] tid=1 sid=1 ret=1 count=0
        ... [4,658 more [WaitSema:wake] lines elided by export_logs.py] ...
[gs:copy-reg] reg=0x0 value=0x146 primCtxt=0 ctx0fbp=70 ctx1fbp=0
[gs:kick] idx=70 drawing=1 prim=6 vtxCount=1
[gs:kick] idx=71 drawing=1 prim=6 vtxCount=2
[gs:prim] idx=35 type=6 tme=0 abe=1 fst=1 ctxt=0 fbp=70 fbw=10 psm=0x1 tex0=(tbp0=0 tbw=0 psm=0x0 tw=0 th=0 tcc=0 tfx=0 cbp=0 cpsm=0x0 csm=0 csa=0) texclut=(cbw=0 cou=0 cov=0) ofx=1728 ofy=1936 scissor=(0,0)-(639,223) test=0x30003 alpha=0x8000000044 v0=(1728,1936) uv0=(676,12) stq0=(0,0,1) v1=(2368,2160) uv1=(0,0) stq1=(0,0,1) v2=(0,0) uv2=(0,0) stq2=(0,0,0) rgba0=(0,0,0,128) rgba1=(0,0,0,128) rgba2=(0,0,0,0)
[gs:copy-reg] reg=0x0 value=0x156 primCtxt=0 ctx0fbp=70 ctx1fbp=0
[gs:kick] idx=72 drawing=1 prim=6 vtxCount=1
[gs:kick] idx=73 drawing=1 prim=6 vtxCount=2
[gs:prim] idx=36 type=6 tme=1 abe=1 fst=1 ctxt=0 fbp=70 fbw=10 psm=0x1 tex0=(tbp0=6720 tbw=8 psm=0x13 tw=9 th=8 tcc=1 tfx=0 cbp=15172 cpsm=0x0 csm=0 csa=0) texclut=(cbw=0 cou=0 cov=0) ofx=1728 ofy=1936 scissor=(0,0)-(639,223) test=0x5008b alpha=0x8000000044 v0=(1808,1984) uv0=(0,0) stq0=(0,0,1) v1=(2288,2112) uv1=(480,256) stq1=(0,0,1) v2=(0,0) uv2=(0,0) stq2=(0,0,0) rgba0=(32,32,32,128) rgba1=(32,32,32,128) rgba2=(0,0,0,0)
[p4:new2] size=0x00000140 ra=0x00100540
[p4:malloc] size=0x00000140 ra=0x001006bc
[gs:copy-reg] reg=0x0 value=0x146 primCtxt=0 ctx0fbp=0 ctx1fbp=0
[gs:kick] idx=74 drawing=1 prim=6 vtxCount=1
[gs:kick] idx=75 drawing=1 prim=6 vtxCount=2
[gs:prim] idx=37 type=6 tme=0 abe=1 fst=1 ctxt=0 fbp=0 fbw=10 psm=0x1 tex0=(tbp0=0 tbw=0 psm=0x0 tw=0 th=0 tcc=0 tfx=0 cbp=0 cpsm=0x0 csm=0 csa=0) texclut=(cbw=0 cou=0 cov=0) ofx=1728 ofy=1936 scissor=(0,0)-(639,223) test=0x30003 alpha=0x8000000044 v0=(1728,1936) uv0=(676,12) stq0=(0,0,1) v1=(2368,2160) uv1=(0,0) stq1=(0,0,1) v2=(0,0) uv2=(0,0) stq2=(0,0,0) rgba0=(0,0,0,128) rgba1=(0,0,0,128) rgba2=(0,0,0,0)
[gs:copy-reg] reg=0x0 value=0x156 primCtxt=0 ctx0fbp=0 ctx1fbp=0
[gs:kick] idx=76 drawing=1 prim=6 vtxCount=1
[gs:kick] idx=77 drawing=1 prim=6 vtxCount=2
[gs:prim] idx=38 type=6 tme=1 abe=1 fst=1 ctxt=0 fbp=0 fbw=10 psm=0x1 tex0=(tbp0=6720 tbw=8 psm=0x13 tw=9 th=8 tcc=1 tfx=0 cbp=15172 cpsm=0x0 csm=0 csa=0) texclut=(cbw=0 cou=0 cov=0) ofx=1728 ofy=1936 scissor=(0,0)-(639,223) test=0x5008b alpha=0x8000000044 v0=(1808,1984) uv0=(0,0) stq0=(0,0,1) v1=(2288,2112) uv1=(480,256) stq1=(0,0,1) v2=(0,0) uv2=(0,0) stq2=(0,0,0) rgba0=(36,36,36,128) rgba1=(36,36,36,128) rgba2=(0,0,0,0)
[gs:copy-reg] reg=0x0 value=0x146 primCtxt=0 ctx0fbp=70 ctx1fbp=0
[gs:kick] idx=78 drawing=1 prim=6 vtxCount=1
[gs:kick] idx=79 drawing=1 prim=6 vtxCount=2
[gs:prim] idx=39 type=6 tme=0 abe=1 fst=1 ctxt=0 fbp=70 fbw=10 psm=0x1 tex0=(tbp0=0 tbw=0 psm=0x0 tw=0 th=0 tcc=0 tfx=0 cbp=0 cpsm=0x0 csm=0 csa=0) texclut=(cbw=0 cou=0 cov=0) ofx=1728 ofy=1936 scissor=(0,0)-(639,223) test=0x30003 alpha=0x8000000044 v0=(1728,1936) uv0=(676,12) stq0=(0,0,1) v1=(2368,2160) uv1=(0,0) stq1=(0,0,1) v2=(0,0) uv2=(0,0) stq2=(0,0,0) rgba0=(0,0,0,128) rgba1=(0,0,0,128) rgba2=(0,0,0,0)
[gs:copy-reg] reg=0x0 value=0x156 primCtxt=0 ctx0fbp=70 ctx1fbp=0
[gs:kick] idx=80 drawing=1 prim=6 vtxCount=1
[gs:kick] idx=81 drawing=1 prim=6 vtxCount=2
[gs:prim] idx=40 type=6 tme=1 abe=1 fst=1 ctxt=0 fbp=70 fbw=10 psm=0x1 tex0=(tbp0=6720 tbw=8 psm=0x13 tw=9 th=8 tcc=1 tfx=0 cbp=15172 cpsm=0x0 csm=0 csa=0) texclut=(cbw=0 cou=0 cov=0) ofx=1728 ofy=1936 scissor=(0,0)-(639,223) test=0x5008b alpha=0x8000000044 v0=(1808,1984) uv0=(0,0) stq0=(0,0,1) v1=(2288,2112) uv1=(480,256) stq1=(0,0,1) v2=(0,0) uv2=(0,0) stq2=(0,0,0) rgba0=(40,40,40,128) rgba1=(40,40,40,128) rgba2=(0,0,0,0)
[gs:copy-reg] reg=0x0 value=0x146 primCtxt=0 ctx0fbp=0 ctx1fbp=0
[gs:kick] idx=82 drawing=1 prim=6 vtxCount=1
[gs:kick] idx=83 drawing=1 prim=6 vtxCount=2
[gs:prim] idx=41 type=6 tme=0 abe=1 fst=1 ctxt=0 fbp=0 fbw=10 psm=0x1 tex0=(tbp0=0 tbw=0 psm=0x0 tw=0 th=0 tcc=0 tfx=0 cbp=0 cpsm=0x0 csm=0 csa=0) texclut=(cbw=0 cou=0 cov=0) ofx=1728 ofy=1936 scissor=(0,0)-(639,223) test=0x30003 alpha=0x8000000044 v0=(1728,1936) uv0=(676,12) stq0=(0,0,1) v1=(2368,2160) uv1=(0,0) stq1=(0,0,1) v2=(0,0) uv2=(0,0) stq2=(0,0,0) rgba0=(0,0,0,128) rgba1=(0,0,0,128) rgba2=(0,0,0,0)
[gs:copy-reg] reg=0x0 value=0x156 primCtxt=0 ctx0fbp=0 ctx1fbp=0
[gs:kick] idx=84 drawing=1 prim=6 vtxCount=1
[gs:kick] idx=85 drawing=1 prim=6 vtxCount=2
[gs:prim] idx=42 type=6 tme=1 abe=1 fst=1 ctxt=0 fbp=0 fbw=10 psm=0x1 tex0=(tbp0=6720 tbw=8 psm=0x13 tw=9 th=8 tcc=1 tfx=0 cbp=15172 cpsm=0x0 csm=0 csa=0) texclut=(cbw=0 cou=0 cov=0) ofx=1728 ofy=1936 scissor=(0,0)-(639,223) test=0x5008b alpha=0x8000000044 v0=(1808,1984) uv0=(0,0) stq0=(0,0,1) v1=(2288,2112) uv1=(480,256) stq1=(0,0,1) v2=(0,0) uv2=(0,0) stq2=(0,0,0) rgba0=(44,44,44,128) rgba1=(44,44,44,128) rgba2=(0,0,0,0)
[gs:copy-reg] reg=0x0 value=0x146 primCtxt=0 ctx0fbp=70 ctx1fbp=0
[gs:kick] idx=86 drawing=1 prim=6 vtxCount=1
[gs:kick] idx=87 drawing=1 prim=6 vtxCount=2
[gs:prim] idx=43 type=6 tme=0 abe=1 fst=1 ctxt=0 fbp=70 fbw=10 psm=0x1 tex0=(tbp0=0 tbw=0 psm=0x0 tw=0 th=0 tcc=0 tfx=0 cbp=0 cpsm=0x0 csm=0 csa=0) texclut=(cbw=0 cou=0 cov=0) ofx=1728 ofy=1936 scissor=(0,0)-(639,223) test=0x30003 alpha=0x8000000044 v0=(1728,1936) uv0=(676,12) stq0=(0,0,1) v1=(2368,2160) uv1=(0,0) stq1=(0,0,1) v2=(0,0) uv2=(0,0) stq2=(0,0,0) rgba0=(0,0,0,128) rgba1=(0,0,0,128) rgba2=(0,0,0,0)
[gs:copy-reg] reg=0x0 value=0x156 primCtxt=0 ctx0fbp=70 ctx1fbp=0
[gs:kick] idx=88 drawing=1 prim=6 vtxCount=1
[gs:kick] idx=89 drawing=1 prim=6 vtxCount=2
[gs:prim] idx=44 type=6 tme=1 abe=1 fst=1 ctxt=0 fbp=70 fbw=10 psm=0x1 tex0=(tbp0=6720 tbw=8 psm=0x13 tw=9 th=8 tcc=1 tfx=0 cbp=15172 cpsm=0x0 csm=0 csa=0) texclut=(cbw=0 cou=0 cov=0) ofx=1728 ofy=1936 scissor=(0,0)-(639,223) test=0x5008b alpha=0x8000000044 v0=(1808,1984) uv0=(0,0) stq0=(0,0,1) v1=(2288,2112) uv1=(480,256) stq1=(0,0,1) v2=(0,0) uv2=(0,0) stq2=(0,0,0) rgba0=(48,48,48,128) rgba1=(48,48,48,128) rgba2=(0,0,0,0)
[gs:copy-reg] reg=0x0 value=0x146 primCtxt=0 ctx0fbp=0 ctx1fbp=0
[gs:kick] idx=90 drawing=1 prim=6 vtxCount=1
[gs:kick] idx=91 drawing=1 prim=6 vtxCount=2
[gs:prim] idx=45 type=6 tme=0 abe=1 fst=1 ctxt=0 fbp=0 fbw=10 psm=0x1 tex0=(tbp0=0 tbw=0 psm=0x0 tw=0 th=0 tcc=0 tfx=0 cbp=0 cpsm=0x0 csm=0 csa=0) texclut=(cbw=0 cou=0 cov=0) ofx=1728 ofy=1936 scissor=(0,0)-(639,223) test=0x30003 alpha=0x8000000044 v0=(1728,1936) uv0=(676,12) stq0=(0,0,1) v1=(2368,2160) uv1=(0,0) stq1=(0,0,1) v2=(0,0) uv2=(0,0) stq2=(0,0,0) rgba0=(0,0,0,128) rgba1=(0,0,0,128) rgba2=(0,0,0,0)
[gs:copy-reg] reg=0x0 value=0x156 primCtxt=0 ctx0fbp=0 ctx1fbp=0
[gs:kick] idx=92 drawing=1 prim=6 vtxCount=1
[gs:kick] idx=93 drawing=1 prim=6 vtxCount=2
[gs:prim] idx=46 type=6 tme=1 abe=1 fst=1 ctxt=0 fbp=0 fbw=10 psm=0x1 tex0=(tbp0=6720 tbw=8 psm=0x13 tw=9 th=8 tcc=1 tfx=0 cbp=15172 cpsm=0x0 csm=0 csa=0) texclut=(cbw=0 cou=0 cov=0) ofx=1728 ofy=1936 scissor=(0,0)-(639,223) test=0x5008b alpha=0x8000000044 v0=(1808,1984) uv0=(0,0) stq0=(0,0,1) v1=(2288,2112) uv1=(480,256) stq1=(0,0,1) v2=(0,0) uv2=(0,0) stq2=(0,0,0) rgba0=(52,52,52,128) rgba1=(52,52,52,128) rgba2=(0,0,0,0)
[gs:copy-reg] reg=0x0 value=0x146 primCtxt=0 ctx0fbp=70 ctx1fbp=0
[gs:kick] idx=94 drawing=1 prim=6 vtxCount=1
[gs:kick] idx=95 drawing=1 prim=6 vtxCount=2
[gs:prim] idx=47 type=6 tme=0 abe=1 fst=1 ctxt=0 fbp=70 fbw=10 psm=0x1 tex0=(tbp0=0 tbw=0 psm=0x0 tw=0 th=0 tcc=0 tfx=0 cbp=0 cpsm=0x0 csm=0 csa=0) texclut=(cbw=0 cou=0 cov=0) ofx=1728 ofy=1936 scissor=(0,0)-(639,223) test=0x30003 alpha=0x8000000044 v0=(1728,1936) uv0=(676,12) stq0=(0,0,1) v1=(2368,2160) uv1=(0,0) stq1=(0,0,1) v2=(0,0) uv2=(0,0) stq2=(0,0,0) rgba0=(0,0,0,128) rgba1=(0,0,0,128) rgba2=(0,0,0,0)
[gs:copy-reg] reg=0x0 value=0x156 primCtxt=0 ctx0fbp=70 ctx1fbp=0
[gs:prim] idx=48 type=6 tme=1 abe=1 fst=1 ctxt=0 fbp=70 fbw=10 psm=0x1 tex0=(tbp0=6720 tbw=8 psm=0x13 tw=9 th=8 tcc=1 tfx=0 cbp=15172 cpsm=0x0 csm=0 csa=0) texclut=(cbw=0 cou=0 cov=0) ofx=1728 ofy=1936 scissor=(0,0)-(639,223) test=0x5008b alpha=0x8000000044 v0=(1808,1984) uv0=(0,0) stq0=(0,0,1) v1=(2288,2112) uv1=(480,256) stq1=(0,0,1) v2=(0,0) uv2=(0,0) stq2=(0,0,0) rgba0=(56,56,56,128) rgba1=(56,56,56,128) rgba2=(0,0,0,0)
[gs:copy-reg] reg=0x0 value=0x146 primCtxt=0 ctx0fbp=0 ctx1fbp=0
[gs:prim] idx=49 type=6 tme=0 abe=1 fst=1 ctxt=0 fbp=0 fbw=10 psm=0x1 tex0=(tbp0=0 tbw=0 psm=0x0 tw=0 th=0 tcc=0 tfx=0 cbp=0 cpsm=0x0 csm=0 csa=0) texclut=(cbw=0 cou=0 cov=0) ofx=1728 ofy=1936 scissor=(0,0)-(639,223) test=0x30003 alpha=0x8000000044 v0=(1728,1936) uv0=(676,12) stq0=(0,0,1) v1=(2368,2160) uv1=(0,0) stq1=(0,0,1) v2=(0,0) uv2=(0,0) stq2=(0,0,0) rgba0=(0,0,0,128) rgba1=(0,0,0,128) rgba2=(0,0,0,0)
[gs:copy-reg] reg=0x0 value=0x156 primCtxt=0 ctx0fbp=0 ctx1fbp=0
[gs:prim] idx=50 type=6 tme=1 abe=1 fst=1 ctxt=0 fbp=0 fbw=10 psm=0x1 tex0=(tbp0=6720 tbw=8 psm=0x13 tw=9 th=8 tcc=1 tfx=0 cbp=15172 cpsm=0x0 csm=0 csa=0) texclut=(cbw=0 cou=0 cov=0) ofx=1728 ofy=1936 scissor=(0,0)-(639,223) test=0x5008b alpha=0x8000000044 v0=(1808,1984) uv0=(0,0) stq0=(0,0,1) v1=(2288,2112) uv1=(480,256) stq1=(0,0,1) v2=(0,0) uv2=(0,0) stq2=(0,0,0) rgba0=(60,60,60,128) rgba1=(60,60,60,128) rgba2=(0,0,0,0)
[gs:copy-reg] reg=0x0 value=0x146 primCtxt=0 ctx0fbp=70 ctx1fbp=0
[gs:prim] idx=51 type=6 tme=0 abe=1 fst=1 ctxt=0 fbp=70 fbw=10 psm=0x1 tex0=(tbp0=0 tbw=0 psm=0x0 tw=0 th=0 tcc=0 tfx=0 cbp=0 cpsm=0x0 csm=0 csa=0) texclut=(cbw=0 cou=0 cov=0) ofx=1728 ofy=1936 scissor=(0,0)-(639,223) test=0x30003 alpha=0x8000000044 v0=(1728,1936) uv0=(676,12) stq0=(0,0,1) v1=(2368,2160) uv1=(0,0) stq1=(0,0,1) v2=(0,0) uv2=(0,0) stq2=(0,0,0) rgba0=(0,0,0,128) rgba1=(0,0,0,128) rgba2=(0,0,0,0)
[gs:copy-reg] reg=0x0 value=0x156 primCtxt=0 ctx0fbp=70 ctx1fbp=0
[gs:prim] idx=52 type=6 tme=1 abe=1 fst=1 ctxt=0 fbp=70 fbw=10 psm=0x1 tex0=(tbp0=6720 tbw=8 psm=0x13 tw=9 th=8 tcc=1 tfx=0 cbp=15172 cpsm=0x0 csm=0 csa=0) texclut=(cbw=0 cou=0 cov=0) ofx=1728 ofy=1936 scissor=(0,0)-(639,223) test=0x5008b alpha=0x8000000044 v0=(1808,1984) uv0=(0,0) stq0=(0,0,1) v1=(2288,2112) uv1=(480,256) stq1=(0,0,1) v2=(0,0) uv2=(0,0) stq2=(0,0,0) rgba0=(64,64,64,128) rgba1=(64,64,64,128) rgba2=(0,0,0,0)
[gs:copy-reg] reg=0x0 value=0x146 primCtxt=0 ctx0fbp=0 ctx1fbp=0
[gs:prim] idx=53 type=6 tme=0 abe=1 fst=1 ctxt=0 fbp=0 fbw=10 psm=0x1 tex0=(tbp0=0 tbw=0 psm=0x0 tw=0 th=0 tcc=0 tfx=0 cbp=0 cpsm=0x0 csm=0 csa=0) texclut=(cbw=0 cou=0 cov=0) ofx=1728 ofy=1936 scissor=(0,0)-(639,223) test=0x30003 alpha=0x8000000044 v0=(1728,1936) uv0=(676,12) stq0=(0,0,1) v1=(2368,2160) uv1=(0,0) stq1=(0,0,1) v2=(0,0) uv2=(0,0) stq2=(0,0,0) rgba0=(0,0,0,128) rgba1=(0,0,0,128) rgba2=(0,0,0,0)
[gs:copy-reg] reg=0x0 value=0x156 primCtxt=0 ctx0fbp=0 ctx1fbp=0
[gs:prim] idx=54 type=6 tme=1 abe=1 fst=1 ctxt=0 fbp=0 fbw=10 psm=0x1 tex0=(tbp0=6720 tbw=8 psm=0x13 tw=9 th=8 tcc=1 tfx=0 cbp=15172 cpsm=0x0 csm=0 csa=0) texclut=(cbw=0 cou=0 cov=0) ofx=1728 ofy=1936 scissor=(0,0)-(639,223) test=0x5008b alpha=0x8000000044 v0=(1808,1984) uv0=(0,0) stq0=(0,0,1) v1=(2288,2112) uv1=(480,256) stq1=(0,0,1) v2=(0,0) uv2=(0,0) stq2=(0,0,0) rgba0=(68,68,68,128) rgba1=(68,68,68,128) rgba2=(0,0,0,0)
[gs:copy-reg] reg=0x0 value=0x146 primCtxt=0 ctx0fbp=70 ctx1fbp=0
[gs:prim] idx=55 type=6 tme=0 abe=1 fst=1 ctxt=0 fbp=70 fbw=10 psm=0x1 tex0=(tbp0=0 tbw=0 psm=0x0 tw=0 th=0 tcc=0 tfx=0 cbp=0 cpsm=0x0 csm=0 csa=0) texclut=(cbw=0 cou=0 cov=0) ofx=1728 ofy=1936 scissor=(0,0)-(639,223) test=0x30003 alpha=0x8000000044 v0=(1728,1936) uv0=(676,12) stq0=(0,0,1) v1=(2368,2160) uv1=(0,0) stq1=(0,0,1) v2=(0,0) uv2=(0,0) stq2=(0,0,0) rgba0=(0,0,0,128) rgba1=(0,0,0,128) rgba2=(0,0,0,0)
[gs:copy-reg] reg=0x0 value=0x156 primCtxt=0 ctx0fbp=70 ctx1fbp=0
[gs:prim] idx=56 type=6 tme=1 abe=1 fst=1 ctxt=0 fbp=70 fbw=10 psm=0x1 tex0=(tbp0=6720 tbw=8 psm=0x13 tw=9 th=8 tcc=1 tfx=0 cbp=15172 cpsm=0x0 csm=0 csa=0) texclut=(cbw=0 cou=0 cov=0) ofx=1728 ofy=1936 scissor=(0,0)-(639,223) test=0x5008b alpha=0x8000000044 v0=(1808,1984) uv0=(0,0) stq0=(0,0,1) v1=(2288,2112) uv1=(480,256) stq1=(0,0,1) v2=(0,0) uv2=(0,0) stq2=(0,0,0) rgba0=(72,72,72,128) rgba1=(72,72,72,128) rgba2=(0,0,0,0)
[gs:copy-reg] reg=0x0 value=0x146 primCtxt=0 ctx0fbp=0 ctx1fbp=0
[gs:prim] idx=57 type=6 tme=0 abe=1 fst=1 ctxt=0 fbp=0 fbw=10 psm=0x1 tex0=(tbp0=0 tbw=0 psm=0x0 tw=0 th=0 tcc=0 tfx=0 cbp=0 cpsm=0x0 csm=0 csa=0) texclut=(cbw=0 cou=0 cov=0) ofx=1728 ofy=1936 scissor=(0,0)-(639,223) test=0x30003 alpha=0x8000000044 v0=(1728,1936) uv0=(676,12) stq0=(0,0,1) v1=(2368,2160) uv1=(0,0) stq1=(0,0,1) v2=(0,0) uv2=(0,0) stq2=(0,0,0) rgba0=(0,0,0,128) rgba1=(0,0,0,128) rgba2=(0,0,0,0)
[gs:copy-reg] reg=0x0 value=0x156 primCtxt=0 ctx0fbp=0 ctx1fbp=0
[gs:prim] idx=58 type=6 tme=1 abe=1 fst=1 ctxt=0 fbp=0 fbw=10 psm=0x1 tex0=(tbp0=6720 tbw=8 psm=0x13 tw=9 th=8 tcc=1 tfx=0 cbp=15172 cpsm=0x0 csm=0 csa=0) texclut=(cbw=0 cou=0 cov=0) ofx=1728 ofy=1936 scissor=(0,0)-(639,223) test=0x5008b alpha=0x8000000044 v0=(1808,1984) uv0=(0,0) stq0=(0,0,1) v1=(2288,2112) uv1=(480,256) stq1=(0,0,1) v2=(0,0) uv2=(0,0) stq2=(0,0,0) rgba0=(76,76,76,128) rgba1=(76,76,76,128) rgba2=(0,0,0,0)
[gs:copy-reg] reg=0x0 value=0x146 primCtxt=0 ctx0fbp=70 ctx1fbp=0
[gs:prim] idx=59 type=6 tme=0 abe=1 fst=1 ctxt=0 fbp=70 fbw=10 psm=0x1 tex0=(tbp0=0 tbw=0 psm=0x0 tw=0 th=0 tcc=0 tfx=0 cbp=0 cpsm=0x0 csm=0 csa=0) texclut=(cbw=0 cou=0 cov=0) ofx=1728 ofy=1936 scissor=(0,0)-(639,223) test=0x30003 alpha=0x8000000044 v0=(1728,1936) uv0=(676,12) stq0=(0,0,1) v1=(2368,2160) uv1=(0,0) stq1=(0,0,1) v2=(0,0) uv2=(0,0) stq2=(0,0,0) rgba0=(0,0,0,128) rgba1=(0,0,0,128) rgba2=(0,0,0,0)
[gs:copy-reg] reg=0x0 value=0x156 primCtxt=0 ctx0fbp=70 ctx1fbp=0
[gs:prim] idx=60 type=6 tme=1 abe=1 fst=1 ctxt=0 fbp=70 fbw=10 psm=0x1 tex0=(tbp0=6720 tbw=8 psm=0x13 tw=9 th=8 tcc=1 tfx=0 cbp=15172 cpsm=0x0 csm=0 csa=0) texclut=(cbw=0 cou=0 cov=0) ofx=1728 ofy=1936 scissor=(0,0)-(639,223) test=0x5008b alpha=0x8000000044 v0=(1808,1984) uv0=(0,0) stq0=(0,0,1) v1=(2288,2112) uv1=(480,256) stq1=(0,0,1) v2=(0,0) uv2=(0,0) stq2=(0,0,0) rgba0=(80,80,80,128) rgba1=(80,80,80,128) rgba2=(0,0,0,0)
[gs:copy-reg] reg=0x0 value=0x146 primCtxt=0 ctx0fbp=0 ctx1fbp=0
[gs:prim] idx=61 type=6 tme=0 abe=1 fst=1 ctxt=0 fbp=0 fbw=10 psm=0x1 tex0=(tbp0=0 tbw=0 psm=0x0 tw=0 th=0 tcc=0 tfx=0 cbp=0 cpsm=0x0 csm=0 csa=0) texclut=(cbw=0 cou=0 cov=0) ofx=1728 ofy=1936 scissor=(0,0)-(639,223) test=0x30003 alpha=0x8000000044 v0=(1728,1936) uv0=(676,12) stq0=(0,0,1) v1=(2368,2160) uv1=(0,0) stq1=(0,0,1) v2=(0,0) uv2=(0,0) stq2=(0,0,0) rgba0=(0,0,0,128) rgba1=(0,0,0,128) rgba2=(0,0,0,0)
[gs:copy-reg] reg=0x0 value=0x156 primCtxt=0 ctx0fbp=0 ctx1fbp=0
[gs:prim] idx=62 type=6 tme=1 abe=1 fst=1 ctxt=0 fbp=0 fbw=10 psm=0x1 tex0=(tbp0=6720 tbw=8 psm=0x13 tw=9 th=8 tcc=1 tfx=0 cbp=15172 cpsm=0x0 csm=0 csa=0) texclut=(cbw=0 cou=0 cov=0) ofx=1728 ofy=1936 scissor=(0,0)-(639,223) test=0x5008b alpha=0x8000000044 v0=(1808,1984) uv0=(0,0) stq0=(0,0,1) v1=(2288,2112) uv1=(480,256) stq1=(0,0,1) v2=(0,0) uv2=(0,0) stq2=(0,0,0) rgba0=(84,84,84,128) rgba1=(84,84,84,128) rgba2=(0,0,0,0)
[gs:copy-reg] reg=0x0 value=0x146 primCtxt=0 ctx0fbp=70 ctx1fbp=0
[gs:prim] idx=63 type=6 tme=0 abe=1 fst=1 ctxt=0 fbp=70 fbw=10 psm=0x1 tex0=(tbp0=0 tbw=0 psm=0x0 tw=0 th=0 tcc=0 tfx=0 cbp=0 cpsm=0x0 csm=0 csa=0) texclut=(cbw=0 cou=0 cov=0) ofx=1728 ofy=1936 scissor=(0,0)-(639,223) test=0x30003 alpha=0x8000000044 v0=(1728,1936) uv0=(676,12) stq0=(0,0,1) v1=(2368,2160) uv1=(0,0) stq1=(0,0,1) v2=(0,0) uv2=(0,0) stq2=(0,0,0) rgba0=(0,0,0,128) rgba1=(0,0,0,128) rgba2=(0,0,0,0)
[frame:upload] idx=1 tick=49 displayFbp=0 sourceFbp=0 size=640x448 preferred=0
[frame:upload] idx=2 tick=61 displayFbp=0 sourceFbp=0 size=640x448 preferred=0
[frame:upload] idx=3 tick=63 displayFbp=70 sourceFbp=70 size=640x448 preferred=0
[frame:upload] idx=4 tick=65 displayFbp=0 sourceFbp=0 size=640x448 preferred=0
[frame:upload] idx=5 tick=66 displayFbp=70 sourceFbp=70 size=640x448 preferred=0
[run:tick] tick=120 pc=0x14a6a8 ra=0x14a6a8 sp=0x1ff7ef0 gp=0x22c0f0 dispfb1=0x1400 display1=0x1bf27f00000000 activeThreads=3 dma=552 gif=74 gsw=0 vif=2
[frame:upload] idx=6 tick=90 displayFbp=70 sourceFbp=70 size=640x448 preferred=0
[frame:upload] idx=7 tick=106 displayFbp=0 sourceFbp=0 size=640x448 preferred=0
[frame:upload] idx=8 tick=116 displayFbp=0 sourceFbp=0 size=640x448 preferred=0
[run:tick] tick=240 pc=0x14a6a8 ra=0x14a6a8 sp=0x1ff7ef0 gp=0x22c0f0 dispfb1=0x1400 display1=0x1bf27f00000000 activeThreads=3 dma=1000 gif=138 gsw=0 vif=2
 count=0->1 ret=10
nt=0->1 ret=9
[run:tick] tick=360 pc=0x10f1d0 ra=0x10f1c4 sp=0x1ff7e80 gp=0x22c0f0 dispfb1=0x1400 display1=0x1bf27f00000000 activeThreads=3 dma=1445 gif=201 gsw=0 vif=2
[frame:upload] idx=9 tick=209 displayFbp=70 sourceFbp=70 size=640x448 preferred=0
[frame:upload] idx=10 tick=247 displayFbp=0 sourceFbp=0 size=640x448 preferred=0
[p4:EndOfHeap] ret=0x01f00000 brk=0x00caf000 a0=0x00000000 ra=0x0010f3b8
[p4:EndOfHeap] ret=0x01f00000 brk=0x00caf000 a0=0xfffd8000 ra=0x0010f3b8
[p4:malloc] size=0x000ca800 ra=0x001eefac
[p4:EndOfHeap] ret=0x01f00000 brk=0x00c87000 a0=0x000cb000 ra=0x0010f3b8
[run:tick] tick=480 pc=0x14a6a8 ra=0x14a6a8 sp=0x1ff7ef0 gp=0x22c0f0 dispfb1=0x1400 display1=0x1bf27f00000000 activeThreads=3 dma=1882 gif=264 gsw=0 vif=2
PS2 GsGetIMR: Returning IMR=0xff00 pc=0x10ef80 ra=0x103e04
PS2 GsPutIMR:  new=0x65280 a0_64=0x65280 a0_32=0x65280 a1_32=0x72 pc=0x1109920 ra=0x1064464
[frame:upload] idx=11 tick=286 displayFbp=0 sourceFbp=0 size=640x448 preferred=0
[p4:malloc] size=0x00003068 ra=0x001ebaec
[p4:EndOfHeap] ret=0x01f00000 brk=0x00d52000 a0=0x0032b000 ra=0x0010f3b8
[p4:EndOfHeap] ret=0x01f00000 brk=0x0107d000 a0=0x0009a000 ra=0x0010f3b8
[p4:EndOfHeap] ret=0x01f00000 brk=0x01117000 a0=0x001ca000 ra=0x0010f3b8
[p4:EndOfHeap] ret=0x01f00000 brk=0x012e1000 a0=0x00081000 ra=0x0010f3b8
[p4:EndOfHeap] ret=0x01f00000 brk=0x01362000 a0=0x00051000 ra=0x0010f3b8
[p4:EndOfHeap] ret=0x01f00000 brk=0x013b3000 a0=0x00000000 ra=0x0010f3b8
[p4:EndOfHeap] ret=0x01f00000 brk=0x013b3000 a0=0xff99f000 ra=0x0010f3b8
PS2 GsPutIMR:  new=0x65280 a0_64=0x65280 a0_32=0x65280 a1_32=0x0 pc=0x1109920 ra=0x1065456
PS2 GsGetIMR: Returning IMR=0xff00 pc=0x10ef80 ra=0x103e04
PS2 GsPutIMR:  new=0x65280 a0_64=0x65280 a0_32=0x65280 a1_32=0x72 pc=0x1109920 ra=0x1064464
PS2 GsPutIMR:  new=0x65280 a0_64=0x65280 a0_32=0x65280 a1_32=0x0 pc=0x1109920 ra=0x1065456
PS2 GsGetIMR: Returning IMR=0xff00 pc=0x10ef80 ra=0x103e04
PS2 GsPutIMR:  new=0x65280 a0_64=0x65280 a0_32=0x65280 a1_32=0x72 pc=0x1109920 ra=0x1064464
PS2 GsPutIMR:  new=0x65280 a0_64=0x65280 a0_32=0x65280 a1_32=0x0 pc=0x1109920 ra=0x1065456
PS2 GsGetIMR: Returning IMR=0xff00 pc=0x10ef80 ra=0x103e04
PS2 GsPutIMR:  new=0x65280 a0_64=0x65280 a0_32=0x65280 a1_32=0x72 pc=0x1109920 ra=0x1064464
PS2 GsPutIMR:  new=0x65280 a0_64=0x65280 a0_32=0x65280 a1_32=0x0 pc=0x1109920 ra=0x1065456
[CreateSema] id=20 init=1 max=1[CreateSema] id=21 init=1 max=1[CreateSema] id=22 init=0 max=1[WaitSema:wake] tid=1 sid=1 ret=1 count=0
[Deci2Call:send] 7.....EH....Can't Open file cdrom0:/MOVIE/SPIKE.PSS;1

[frame:upload] idx=12 tick=289 displayFbp=70 sourceFbp=70 size=640x448 preferred=0
[p4:EndOfHeap] ret=0x01f00000 brk=0x00d52000 a0=0x00000000 ra=0x0010f3b8
[p4:EndOfHeap] ret=0x01f00000 brk=0x00d52000 a0=0xfff35000 ra=0x0010f3b8
[p4:malloc] size=0x000ca800 ra=0x001eefac
[p4:EndOfHeap] ret=0x01f00000 brk=0x00c87000 a0=0x000cb000 ra=0x0010f3b8
PS2 GsGetIMR: Returning IMR=0xff00 pc=0x10ef80 ra=0x103e04
PS2 GsPutIMR:  new=0x65280 a0_64=0x65280 a0_32=0x65280 a1_32=0x72 pc=0x1109920 ra=0x1064464
[frame:upload] idx=13 tick=296 displayFbp=70 sourceFbp=70 size=640x448 preferred=0
[gs:copy-prim] type=4 tme=0 abe=0 fst=1 ctxt=1 fbp=0 fbw=10 psm=0x0 tex0=(tbp0=0 tbw=0 psm=0x0 tcc=0 tfx=0 cbp=0 cpsm=0x0 csm=0 csa=0) texclut=(cbw=0 cou=0 cov=0) ofx=0 ofy=0 scissor=(0,0)-(639,447) test=0x0 alpha=0x0
[gs:copy-prim] type=4 tme=0 abe=0 fst=1 ctxt=1 fbp=0 fbw=10 psm=0x0 tex0=(tbp0=0 tbw=0 psm=0x0 tcc=0 tfx=0 cbp=0 cpsm=0x0 csm=0 csa=0) texclut=(cbw=0 cou=0 cov=0) ofx=0 ofy=0 scissor=(0,0)-(639,447) test=0x0 alpha=0x0
[gs:copy-prim] type=4 tme=0 abe=0 fst=1 ctxt=1 fbp=0 fbw=10 psm=0x0 tex0=(tbp0=0 tbw=0 psm=0x0 tcc=0 tfx=0 cbp=0 cpsm=0x0 csm=0 csa=0) texclut=(cbw=0 cou=0 cov=0) ofx=0 ofy=0 scissor=(0,0)-(639,447) test=0x0 alpha=0x0
[gs:copy-prim] type=4 tme=0 abe=0 fst=1 ctxt=1 fbp=0 fbw=10 psm=0x0 tex0=(tbp0=0 tbw=0 psm=0x0 tcc=0 tfx=0 cbp=0 cpsm=0x0 csm=0 csa=0) texclut=(cbw=0 cou=0 cov=0) ofx=0 ofy=0 scissor=(0,0)-(639,447) test=0x0 alpha=0x0
[gs:copy-prim] type=4 tme=0 abe=0 fst=1 ctxt=1 fbp=0 fbw=10 psm=0x0 tex0=(tbp0=0 tbw=0 psm=0x0 tcc=0 tfx=0 cbp=0 cpsm=0x0 csm=0 csa=0) texclut=(cbw=0 cou=0 cov=0) ofx=0 ofy=0 scissor=(0,0)-(639,447) test=0x0 alpha=0x0
[gs:copy-prim] type=4 tme=0 abe=0 fst=1 ctxt=1 fbp=0 fbw=10 psm=0x0 tex0=(tbp0=0 tbw=0 psm=0x0 tcc=0 tfx=0 cbp=0 cpsm=0x0 csm=0 csa=0) texclut=(cbw=0 cou=0 cov=0) ofx=0 ofy=0 scissor=(0,0)-(639,447) test=0x0 alpha=0x0
[gs:copy-prim] type=4 tme=0 abe=0 fst=1 ctxt=1 fbp=0 fbw=10 psm=0x0 tex0=(tbp0=0 tbw=0 psm=0x0 tcc=0 tfx=0 cbp=0 cpsm=0x0 csm=0 csa=0) texclut=(cbw=0 cou=0 cov=0) ofx=0 ofy=0 scissor=(0,0)-(639,447) test=0x0 alpha=0x0
[gs:copy-prim] type=4 tme=0 abe=0 fst=1 ctxt=1 fbp=0 fbw=10 psm=0x0 tex0=(tbp0=0 tbw=0 psm=0x0 tcc=0 tfx=0 cbp=0 cpsm=0x0 csm=0 csa=0) texclut=(cbw=0 cou=0 cov=0) ofx=0 ofy=0 scissor=(0,0)-(639,447) test=0x0 alpha=0x0
[gs:copy-prim] type=4 tme=0 abe=0 fst=1 ctxt=1 fbp=0 fbw=10 psm=0x0 tex0=(tbp0=0 tbw=0 psm=0x0 tcc=0 tfx=0 cbp=0 cpsm=0x0 csm=0 csa=0) texclut=(cbw=0 cou=0 cov=0) ofx=0 ofy=0 scissor=(0,0)-(639,447) test=0x0 alpha=0x0
[gs:copy-prim] type=4 tme=0 abe=0 fst=1 ctxt=1 fbp=0 fbw=10 psm=0x0 tex0=(tbp0=0 tbw=0 psm=0x0 tcc=0 tfx=0 cbp=0 cpsm=0x0 csm=0 csa=0) texclut=(cbw=0 cou=0 cov=0) ofx=0 ofy=0 scissor=(0,0)-(639,447) test=0x0 alpha=0x0
[gs:copy-prim] type=4 tme=0 abe=0 fst=1 ctxt=1 fbp=0 fbw=10 psm=0x0 tex0=(tbp0=0 tbw=0 psm=0x0 tcc=0 tfx=0 cbp=0 cpsm=0x0 csm=0 csa=0) texclut=(cbw=0 cou=0 cov=0) ofx=0 ofy=0 scissor=(0,0)-(639,447) test=0x0 alpha=0x0
[gs:copy-prim] type=4 tme=0 abe=0 fst=1 ctxt=1 fbp=0 fbw=10 psm=0x0 tex0=(tbp0=0 tbw=0 psm=0x0 tcc=0 tfx=0 cbp=0 cpsm=0x0 csm=0 csa=0) texclut=(cbw=0 cou=0 cov=0) ofx=0 ofy=0 scissor=(0,0)-(639,447) test=0x0 alpha=0x0
[gs:copy-prim] type=4 tme=0 abe=0 fst=1 ctxt=1 fbp=0 fbw=10 psm=0x0 tex0=(tbp0=0 tbw=0 psm=0x0 tcc=0 tfx=0 cbp=0 cpsm=0x0 csm=0 csa=0) texclut=(cbw=0 cou=0 cov=0) ofx=0 ofy=0 scissor=(0,0)-(639,447) test=0x0 alpha=0x0
[gs:copy-prim] type=4 tme=0 abe=0 fst=1 ctxt=1 fbp=0 fbw=10 psm=0x0 tex0=(tbp0=0 tbw=0 psm=0x0 tcc=0 tfx=0 cbp=0 cpsm=0x0 csm=0 csa=0) texclut=(cbw=0 cou=0 cov=0) ofx=0 ofy=0 scissor=(0,0)-(639,447) test=0x0 alpha=0x0
[gs:copy-prim] type=4 tme=0 abe=0 fst=1 ctxt=1 fbp=0 fbw=10 psm=0x0 tex0=(tbp0=0 tbw=0 psm=0x0 tcc=0 tfx=0 cbp=0 cpsm=0x0 csm=0 csa=0) texclut=(cbw=0 cou=0 cov=0) ofx=0 ofy=0 scissor=(0,0)-(639,447) test=0x0 alpha=0x0
[gs:copy-prim] type=4 tme=0 abe=0 fst=1 ctxt=1 fbp=0 fbw=10 psm=0x0 tex0=(tbp0=0 tbw=0 psm=0x0 tcc=0 tfx=0 cbp=0 cpsm=0x0 csm=0 csa=0) texclut=(cbw=0 cou=0 cov=0) ofx=0 ofy=0 scissor=(0,0)-(639,447) test=0x0 alpha=0x0
[gs:copy-prim] type=4 tme=0 abe=0 fst=1 ctxt=1 fbp=0 fbw=10 psm=0x0 tex0=(tbp0=0 tbw=0 psm=0x0 tcc=0 tfx=0 cbp=0 cpsm=0x0 csm=0 csa=0) texclut=(cbw=0 cou=0 cov=0) ofx=0 ofy=0 scissor=(0,0)-(639,447) test=0x0 alpha=0x0
[gs:copy-prim] type=4 tme=0 abe=0 fst=1 ctxt=1 fbp=0 fbw=10 psm=0x0 tex0=(tbp0=0 tbw=0 psm=0x0 tcc=0 tfx=0 cbp=0 cpsm=0x0 csm=0 csa=0) texclut=(cbw=0 cou=0 cov=0) ofx=0 ofy=0 scissor=(0,0)-(639,447) test=0x0 alpha=0x0
[gs:copy-prim] type=4 tme=0 abe=0 fst=1 ctxt=1 fbp=0 fbw=10 psm=0x0 tex0=(tbp0=0 tbw=0 psm=0x0 tcc=0 tfx=0 cbp=0 cpsm=0x0 csm=0 csa=0) texclut=(cbw=0 cou=0 cov=0) ofx=0 ofy=0 scissor=(0,0)-(639,447) test=0x0 alpha=0x0
[gs:copy-prim] type=4 tme=0 abe=0 fst=1 ctxt=1 fbp=0 fbw=10 psm=0x0 tex0=(tbp0=0 tbw=0 psm=0x0 tcc=0 tfx=0 cbp=0 cpsm=0x0 csm=0 csa=0) texclut=(cbw=0 cou=0 cov=0) ofx=0 ofy=0 scissor=(0,0)-(639,447) test=0x0 alpha=0x0
[gs:copy-prim] type=4 tme=0 abe=0 fst=1 ctxt=1 fbp=0 fbw=10 psm=0x0 tex0=(tbp0=0 tbw=0 psm=0x0 tcc=0 tfx=0 cbp=0 cpsm=0x0 csm=0 csa=0) texclut=(cbw=0 cou=0 cov=0) ofx=0 ofy=0 scissor=(0,0)-(639,447) test=0x0 alpha=0x0
[gs:copy-prim] type=4 tme=0 abe=0 fst=1 ctxt=1 fbp=0 fbw=10 psm=0x0 tex0=(tbp0=0 tbw=0 psm=0x0 tcc=0 tfx=0 cbp=0 cpsm=0x0 csm=0 csa=0) texclut=(cbw=0 cou=0 cov=0) ofx=0 ofy=0 scissor=(0,0)-(639,447) test=0x0 alpha=0x0
[gs:copy-prim] type=4 tme=0 abe=0 fst=1 ctxt=1 fbp=0 fbw=10 psm=0x0 tex0=(tbp0=0 tbw=0 psm=0x0 tcc=0 tfx=0 cbp=0 cpsm=0x0 csm=0 csa=0) texclut=(cbw=0 cou=0 cov=0) ofx=0 ofy=0 scissor=(0,0)-(639,447) test=0x0 alpha=0x0
[gs:copy-prim] type=4 tme=0 abe=0 fst=1 ctxt=1 fbp=0 fbw=10 psm=0x0 tex0=(tbp0=0 tbw=0 psm=0x0 tcc=0 tfx=0 cbp=0 cpsm=0x0 csm=0 csa=0) texclut=(cbw=0 cou=0 cov=0) ofx=0 ofy=0 scissor=(0,0)-(639,447) test=0x0 alpha=0x0
[gs:copy-prim] type=4 tme=0 abe=0 fst=1 ctxt=1 fbp=0 fbw=10 psm=0x0 tex0=(tbp0=0 tbw=0 psm=0x0 tcc=0 tfx=0 cbp=0 cpsm=0x0 csm=0 csa=0) texclut=(cbw=0 cou=0 cov=0) ofx=0 ofy=0 scissor=(0,0)-(639,447) test=0x0 alpha=0x0
[gs:copy-prim] type=4 tme=0 abe=0 fst=1 ctxt=1 fbp=0 fbw=10 psm=0x0 tex0=(tbp0=0 tbw=0 psm=0x0 tcc=0 tfx=0 cbp=0 cpsm=0x0 csm=0 csa=0) texclut=(cbw=0 cou=0 cov=0) ofx=0 ofy=0 scissor=(0,0)-(639,447) test=0x0 alpha=0x0
[gs:copy-prim] type=4 tme=0 abe=0 fst=1 ctxt=1 fbp=0 fbw=10 psm=0x0 tex0=(tbp0=0 tbw=0 psm=0x0 tcc=0 tfx=0 cbp=0 cpsm=0x0 csm=0 csa=0) texclut=(cbw=0 cou=0 cov=0) ofx=0 ofy=0 scissor=(0,0)-(639,447) test=0x0 alpha=0x0
[gs:copy-prim] type=4 tme=0 abe=0 fst=1 ctxt=1 fbp=0 fbw=10 psm=0x0 tex0=(tbp0=0 tbw=0 psm=0x0 tcc=0 tfx=0 cbp=0 cpsm=0x0 csm=0 csa=0) texclut=(cbw=0 cou=0 cov=0) ofx=0 ofy=0 scissor=(0,0)-(639,447) test=0x0 alpha=0x0
[gs:copy-prim] type=4 tme=0 abe=0 fst=1 ctxt=1 fbp=0 fbw=10 psm=0x0 tex0=(tbp0=0 tbw=0 psm=0x0 tcc=0 tfx=0 cbp=0 cpsm=0x0 csm=0 csa=0) texclut=(cbw=0 cou=0 cov=0) ofx=0 ofy=0 scissor=(0,0)-(639,447) test=0x0 alpha=0x0
[gs:copy-prim] type=4 tme=0 abe=0 fst=1 ctxt=1 fbp=0 fbw=10 psm=0x0 tex0=(tbp0=0 tbw=0 psm=0x0 tcc=0 tfx=0 cbp=0 cpsm=0x0 csm=0 csa=0) texclut=(cbw=0 cou=0 cov=0) ofx=0 ofy=0 scissor=(0,0)-(639,447) test=0x0 alpha=0x0
[gs:copy-prim] type=4 tme=0 abe=0 fst=1 ctxt=1 fbp=0 fbw=10 psm=0x0 tex0=(tbp0=0 tbw=0 psm=0x0 tcc=0 tfx=0 cbp=0 cpsm=0x0 csm=0 csa=0) texclut=(cbw=0 cou=0 cov=0) ofx=0 ofy=0 scissor=(0,0)-(639,447) test=0x0 alpha=0x0
[gs:copy-prim] type=4 tme=0 abe=0 fst=1 ctxt=1 fbp=0 fbw=10 psm=0x0 tex0=(tbp0=0 tbw=0 psm=0x0 tcc=0 tfx=0 cbp=0 cpsm=0x0 csm=0 csa=0) texclut=(cbw=0 cou=0 cov=0) ofx=0 ofy=0 scissor=(0,0)-(639,447) test=0x0 alpha=0x0
[p4:vbl] ticks=300\n[p4:isig] sid=9
[p4:malloc] size=0x00003068 ra=0x001ebaec
[p4:EndOfHeap] ret=0x01f00000 brk=0x00d52000 a0=0x0032b000 ra=0x0010f3b8
[p4:EndOfHeap] ret=0x01f00000 brk=0x0107d000 a0=0x0009a000 ra=0x0010f3b8
[p4:EndOfHeap] ret=0x01f00000 brk=0x01117000 a0=0x001ca000 ra=0x0010f3b8
[p4:EndOfHeap] ret=0x01f00000 brk=0x012e1000 a0=0x00081000 ra=0x0010f3b8
[p4:EndOfHeap] ret=0x01f00000 brk=0x01362000 a0=0x00051000 ra=0x0010f3b8
[p4:EndOfHeap] ret=0x01f00000 brk=0x013b3000 a0=0x00000000 ra=0x0010f3b8
[p4:EndOfHeap] ret=0x01f00000 brk=0x013b3000 a0=0xff99f000 ra=0x0010f3b8
PS2 GsPutIMR:  new=0x65280 a0_64=0x65280 a0_32=0x65280 a1_32=0x0 pc=0x1109920 ra=0x1065456
PS2 GsGetIMR: Returning IMR=0xff00 pc=0x10ef80 ra=0x103e04
PS2 GsPutIMR:  new=0x65280 a0_64=0x65280 a0_32=0x65280 a1_32=0x72 pc=0x1109920 ra=0x1064464
PS2 GsPutIMR:  new=0x65280 a0_64=0x65280 a0_32=0x65280 a1_32=0x0 pc=0x1109920 ra=0x1065456
PS2 GsGetIMR: Returning IMR=0xff00 pc=0x10ef80 ra=0x103e04
PS2 GsPutIMR:  new=0x65280 a0_64=0x65280 a0_32=0x65280 a1_32=0x72 pc=0x1109920 ra=0x1064464
PS2 GsPutIMR:  new=0x65280 a0_64=0x65280 a0_32=0x65280 a1_32=0x0 pc=0x1109920 ra=0x1065456
PS2 GsGetIMR: Returning IMR=0xff00 pc=0x10ef80 ra=0x103e04
PS2 GsPutIMR:  new=0x65280 a0_64=0x65280 a0_32=0x65280 a1_32=0x72 pc=0x1109920 ra=0x1064464
PS2 GsPutIMR:  new=0x65280 a0_64=0x65280 a0_32=0x65280 a1_32=0x0 pc=0x1109920 ra=0x1065456
[Deci2Call:send] 9.....EH....Can't Open file cdrom0:/MOVIE/ACQUIRE.PSS;1

[p4:EndOfHeap] ret=0x01f00000 brk=0x00d52000 a0=0x00000000 ra=0x0010f3b8
[p4:EndOfHeap] ret=0x01f00000 brk=0x00d52000 a0=0xfff35000 ra=0x0010f3b8
[p4:new2] size=0x00002bc0 ra=0x00152c5c
[p4:malloc] size=0x00002bc0 ra=0x001006bc
[p4:malloc] size=0x004958c0 ra=0x0014bec8
[p4:EndOfHeap] ret=0x01f00000 brk=0x00c87000 a0=0x00496000 ra=0x0010f3b8
[frame:upload] idx=14 tick=304 displayFbp=0 sourceFbp=0 size=640x448 preferred=0
[gzmfs] SEEK fd=0 off=2007040 whence=0 -> pos=2007040
[gzmfs] READ fd=0 pos=2007040 len=4806848 -> 4806848 dst=0x00C86A40
[p4:malloc] size=0x0075e000 ra=0x00157d68
[p4:EndOfHeap] ret=0x01f00000 brk=0x0111d000 a0=0x0075f000 ra=0x0010f3b8
[frame:upload] idx=15 tick=316 displayFbp=70 sourceFbp=70 size=640x448 preferred=0
[frame:upload] idx=16 tick=325 displayFbp=70 sourceFbp=70 size=640x448 preferred=0
[frame:upload] idx=17 tick=333 displayFbp=70 sourceFbp=70 size=640x448 preferred=0
[frame:upload] idx=18 tick=341 displayFbp=70 sourceFbp=70 size=640x448 preferred=0
[frame:upload] idx=19 tick=350 displayFbp=70 sourceFbp=70 size=640x448 preferred=0
[frame:upload] idx=20 tick=358 displayFbp=70 sourceFbp=70 size=640x448 preferred=0
[frame:upload] idx=21 tick=367 displayFbp=70 sourceFbp=70 size=640x448 preferred=0
[frame:upload] idx=22 tick=375 displayFbp=70 sourceFbp=70 size=640x448 preferred=0
[frame:upload] idx=23 tick=383 displayFbp=70 sourceFbp=70 size=640x448 preferred=0
[frame:upload] idx=24 tick=392 displayFbp=70 sourceFbp=70 size=640x448 preferred=0
[frame:upload] idx=25 tick=400 displayFbp=70 sourceFbp=70 size=640x448 preferred=0
[frame:upload] idx=26 tick=408 displayFbp=70 sourceFbp=70 size=640x448 preferred=0
[frame:upload] idx=27 tick=417 displayFbp=70 sourceFbp=70 size=640x448 preferred=0
[frame:upload] idx=28 tick=425 displayFbp=70 sourceFbp=70 size=640x448 preferred=0
[frame:upload] idx=29 tick=433 displayFbp=70 sourceFbp=70 size=640x448 preferred=0
[frame:upload] idx=30 tick=442 displayFbp=70 sourceFbp=70 size=640x448 preferred=0
[frame:upload] idx=31 tick=450 displayFbp=70 sourceFbp=70 size=640x448 preferred=0
[frame:upload] idx=32 tick=458 displayFbp=70 sourceFbp=70 size=640x448 preferred=0
[frame:upload] idx=33 tick=467 displayFbp=70 sourceFbp=70 size=640x448 preferred=0
[frame:upload] idx=34 tick=475 displayFbp=70 sourceFbp=70 size=640x448 preferred=0
[frame:upload] idx=35 tick=483 displayFbp=70 sourceFbp=70 size=640x448 preferred=0
[frame:upload] idx=36 tick=492 displayFbp=70 sourceFbp=70 size=640x448 preferred=0
[frame:upload] idx=37 tick=500 displayFbp=70 sourceFbp=70 size=640x448 preferred=0
[frame:upload] idx=38 tick=508 displayFbp=70 sourceFbp=70 size=640x448 preferred=0
[frame:upload] idx=39 tick=517 displayFbp=70 sourceFbp=70 size=640x448 preferred=0
[frame:upload] idx=40 tick=525 displayFbp=70 sourceFbp=70 size=640x448 preferred=0
[frame:upload] idx=41 tick=533 displayFbp=70 sourceFbp=70 size=640x448 preferred=0
[frame:upload] idx=42 tick=542 displayFbp=70 sourceFbp=70 size=640x448 preferred=0
[frame:upload] idx=43 tick=550 displayFbp=70 sourceFbp=70 size=640x448 preferred=0
[frame:upload] idx=44 tick=558 displayFbp=70 sourceFbp=70 size=640x448 preferred=0
[frame:upload] idx=45 tick=567 displayFbp=70 sourceFbp=70 size=640x448 preferred=0
[frame:upload] idx=46 tick=575 displayFbp=70 sourceFbp=70 size=640x448 preferred=0
[frame:upload] idx=47 tick=583 displayFbp=70 sourceFbp=70 size=640x448 preferred=0
[frame:upload] idx=48 tick=589 displayFbp=70 sourceFbp=70 size=640x448 preferred=0
[frame:upload] idx=49 tick=590 displayFbp=70 sourceFbp=70 size=640x448 preferred=0
[frame:upload] idx=50 tick=591 displayFbp=70 sourceFbp=70 size=640x448 preferred=0
[frame:upload] idx=51 tick=592 displayFbp=70 sourceFbp=70 size=640x448 preferred=0
[frame:upload] idx=52 tick=593 displayFbp=70 sourceFbp=70 size=640x448 preferred=0
[frame:upload] idx=53 tick=594 displayFbp=70 sourceFbp=70 size=640x448 preferred=0
[p4:malloc] size=0x0000000c ra=0x00157da0
[p4:malloc] size=0x00001390 ra=0x00157dc0
[p4:new2] size=0x0016f241 ra=0x00100540
[p4:malloc] size=0x0016f241 ra=0x001006bc
[frame:upload] idx=54 tick=595 displayFbp=70 sourceFbp=70 size=640x448 preferred=0
[gzmfs] SEEK fd=0 off=104867840 whence=0 -> pos=104867840
[gzmfs] READ fd=0 pos=104867840 len=1503809 -> 1503809 dst=0x00C86A40
[frame:upload] idx=55 tick=598 displayFbp=0 sourceFbp=0 size=640x448 preferred=0
[p4:new2] size=0x00000040 ra=0x0019ce38
[p4:malloc] size=0x00000040 ra=0x001006bc
[p4:malloc] size=0x00000ad8 ra=0x001b4208
[p4:new2] size=0x00000018 ra=0x001b4274
[p4:malloc] size=0x00000018 ra=0x001006bc
[p4:wake-pre] sid=7 consumed=1
[sceSifSetDma:CALL] pc=0x10f020 ra=0x11c070 list=0x22bbc0 count=1
[sceSifSetDma:DESC] i=0 src=0xc87540 dst=0x10000 size=0x10000 attr=0x0 pc=0x10f020 ra=0x11c070
[sceSifSetDma:CALL] pc=0x10f020 ra=0x11c070 list=0x22bbc0 count=1
[sceSifSetDma:DESC] i=0 src=0xc97540 dst=0x10000 size=0x10000 attr=0x0 pc=0x10f020 ra=0x11c070
[sceSifSetDma:CALL] pc=0x10f020 ra=0x11c070 list=0x22bbc0 count=1
[sceSifSetDma:DESC] i=0 src=0xca7540 dst=0x10000 size=0x10000 attr=0x0 pc=0x10f020 ra=0x11c070
[sceSifSetDma:CALL] pc=0x10f020 ra=0x11c070 list=0x22bbc0 count=1
[sceSifSetDma:DESC] i=0 src=0xcb7540 dst=0x10000 size=0x10000 attr=0x0 pc=0x10f020 ra=0x11c070
[sceSifSetDma:CALL] pc=0x10f020 ra=0x11c070 list=0x22bbc0 count=1
[sceSifSetDma:DESC] i=0 src=0xcc7540 dst=0x10000 size=0x10000 attr=0x0 pc=0x10f020[frame:upload] idx=56 tick=599 displayFbp=70 sourceFbp=70 size=640x448 preferred=0
 ra=0x11c070
[sceSifSetDma:CALL] pc=0x10f020 ra=0x11c070 list=0x22bbc0 count=1
[sceSifSetDma:DESC] i=0 src=0xcd7540 dst=0x10000 size=0x10000 attr=0x0 pc=0x10f020 ra=0x11c070
[p4:vbl] ticks=600\n[p4:isig] sid=9
[sceSifSetDma:CALL] pc=0x10f020 ra=0x11c070 list=0x22bbc0 count=1
[sceSifSetDma:DESC] i=0 src=0xce7540 dst=0x10000 size=0x10000 attr=0x0 pc=0x10f020 ra=0x11c070
[sceSifSetDma:CALL] pc=0x10f020 ra=0x11c070 list=0x22bbc0 count=1
[sceSifSetDma:DESC] i=0 src=0xcf7540 dst=0x10000 size=0x10000 attr=0x0 pc=0x10f020 ra=0x11c070
[sceSifSetDma:CALL] pc=0x10f020 ra=0x11c070 list=0x22bbc0 count=1
[sceSifSetDma:DESC] i=0 src=0xd07540 dst=0x10000 size=0x10000 attr=0x0 pc=0x10f020 ra=0x11c070
[sceSifSetDma:CALL] pc=0x10f020 ra=0x11c070 list=0x22bbc0 count=1
[sceSifSetDma:DESC] i=0 src=0xd17540 dst=0x10000 size=0x10000 attr=0x0 pc=0x10f020 ra=0x11c070
[sceSifSetDma:CALL] pc=0x10f020 ra=0x11c070 list=0x22bbc0 count=1
[sceSifSetDma:DESC] i=0 src=0xd27540 dst=0x10000 size=0x10000 attr=0x0 pc=0x10f020 ra=0x11c070
[sceSifSetDma:CALL] pc=0x10f020 ra=0x11c070 list=0x22bbc0 count=1
[sceSifSetDma:DESC] i=0 src=0xd37540 dst=0x10000 size=0x10000 attr=0x0 pc=0x10f020 ra=0x11c070
[sceSifSetDma:CALL] pc=0x10f020 ra=0x11c070 list=0x22bbc0 count=1
[sceSifSetDma:DESC] i=0 src=0xd47540 dst=0x10000 size=0x10000 attr=0x0 pc=0x10f020 ra=0x11c070
[sceSifSetDma:CALL] pc=0x10f020 ra=0x11c070 list=0x22bbc0 count=1
[sceSifSetDma:DESC] i=0 src=0xd57540 dst=0x10000 size=0x10000 attr=0x0 pc=0x10f020 ra=0x11c070
[sceSifSetDma:CALL] pc=0x10f020 ra=0x11c070 list=0x22bbc0 count=1
[sceSifSetDma:DESC] i=0 src=0xd67540 dst=0x10000 size=0x10000 attr=0x0 pc=0x10f020 ra=0x11c070
[sceSifSetDma:CALL] pc=0x10f020 ra=0x11c070 list=0x22bbc0 count=1
[sceSifSetDma:DESC] i=0 src=0xd77540 dst=0x10000 size=0x10000 attr=0x0 pc=0x10f020 ra=0x11c070
[sceSifSetDma:CALL] pc=0x10f020 ra=0x11c070 list=0x22bbc0 count=1
[sceSifSetDma:DESC] i=0 src=0xd87540 dst=0x10000 size=0x10000 attr=0x0 pc=0x10f020 ra=0x11c070
[sceSifSetDma:CALL] pc=0x10f020 ra=0x11c070 list=0x22bbc0 count=1
[sceSifSetDma:DESC] i=0 src=0xd97540 dst=0x10000 size=0x10000 attr=0x0 pc=0x10f020 ra=0x11c070
[sceSifSetDma:CALL] pc=0x10f020 ra=0x11c070 list=0x22bbc0 count=1
[sceSifSetDma:DESC] i=0 src=0xda7540 dst=0x10000 size=0x10000 attr=0x0 pc=0x10f020 ra=0x11c070
[sceSifSetDma:CALL] pc=0x10f020 ra=0x11c070 list=0x22bbc0 count=1
[sceSifSetDma:DESC] i=0 src=0xdb7540 dst=0x10000 size=0x10000 attr=0x0 pc=0x10f020 ra=0x11c070
[sceSifSetDma:CALL] pc=0x10f020 ra=0x11c070 list=0x22bbc0 count=1
[sceSifSetDma:DESC] i=0 src=0xdc7540 dst=0x10000 size=0x10000 attr=0x0 pc=0x10f020 ra=0x11c070
[frame:upload] idx=57 tick=601 displayFbp=70 sourceFbp=70 size=640x448 preferred=0
[sceSifSetDma:CALL] pc=0x10f020 ra=0x11c070 list=0x22bbc0 count=1
[sceSifSetDma:DESC] i=0 src=0xdd7540 dst=0x10000 size=0x10000 attr=0x0 pc=0x10f020 ra=0x11c070
[sceSifSetDma:CALL] pc=0x10f020 ra=0x11c070 list=0x22bbc0 count=1
[sceSifSetDma:DESC] i=0 src=0xde7540 dst=0x10000 size=0xe740 attr=0x0 pc=0x10f020 ra=0x11c070
[p4:malloc] size=0x000002f0 ra=0x0014bfc8
[gzmfs] SEEK fd=0 off=43862016 whence=0 -> pos=43862016
[gzmfs] READ fd=0 pos=43862016 len=752 -> 752 dst=0x00DF67E0
[p4:malloc] size=0x00001800 ra=0x00157d68
[p4:malloc] size=0x0000000c ra=0x00157da0
[p4:malloc] size=0x00001390 ra=0x00157dc0
[p4:malloc] size=0x000008c4 ra=0x0014c040
[gzmfs] SEEK fd=0 off=49186816 whence=0 -> pos=49186816
[gzmfs] READ fd=0 pos=49186816 len=2244 -> 2244 dst=0x00DF96A0
[p4:malloc] size=0x000093e0 ra=0x0014c0c8
[WaitSema:block] tid=3 sid=7 pc=0x10eca0 ra=0x1b4a9c
[run:tick] tick=600 pc=0x14c9b0 ra=0x14c9b0 sp=0x1ff7f30 gp=0x22c0f0 dispfb1=0x1400 display1=0x1bf27f00000000 activeThreads=3 dma=2183 gif=319 gsw=0 vif=18
[frame:upload] idx=58 tick=610 displayFbp=0 sourceFbp=0 size=640x448 preferred=0
[gzmfs] SEEK fd=0 off=96229376 whence=0 -> pos=96229376
[gzmfs] READ fd=0 pos=96229376 len=37856 -> 37856 dst=0x00DF9F70
[p4:malloc] size=0x00006bd0 ra=0x0014c144
[gzmfs] SEEK fd=0 off=96200704 whence=0 -> pos=96200704
[gzmfs] READ fd=0 pos=96200704 len=27600 -> 27600 dst=0x00E03360
[p4:malloc] size=0x00000134 ra=0x0014c1c0
[gzmfs] SEEK fd=0 off=96198656 whence=0 -> pos=96198656
[gzmfs] READ fd=0 pos=96198656 len=308 -> 308 dst=0x00E09F40
[p4:malloc] size=0x0002fb90 ra=0x001337cc
[gzmfs] SEEK fd=0 off=47202304 whence=0 -> pos=47202304
[gzmfs] READ fd=0 pos=47202304 len=195472 -> 195472 dst=0x00E0A080
[frame:upload] idx=59 tick=627 displayFbp=0 sourceFbp=0 size=640x448 preferred=0
[p4:new2] size=0x00000008 ra=0x00135764
[p4:malloc] size=0x00000008 ra=0x001006bc
[p4:new2] size=0x00000008 ra=0x00135764
[p4:malloc] size=0x00000008 ra=0x001006bc
[p4:new2] size=0x00000008 ra=0x00135764
[p4:malloc] size=0x00000008 ra=0x001006bc
[p4:new2] size=0x00000008 ra=0x00135764
[p4:malloc] size=0x00000008 ra=0x001006bc
[frame:upload] idx=60 tick=628 displayFbp=0 sourceFbp=0 size=640x448 preferred=0
[p4:malloc] size=0x0002c790 ra=0x001337cc
[gzmfs] SEEK fd=0 off=415744 whence=0 -> pos=415744
[gzmfs] READ fd=0 pos=415744 len=182160 -> 182160 dst=0x00E0A0C0
        ... [38,711 more [frame:upload] lines elided by export_logs.py] ...
[p4:new2] size=0x00000008 ra=0x00135764
[p4:malloc] size=0x00000008 ra=0x001006bc
[p4:new2] size=0x00000008 ra=0x00135764
[p4:malloc] size=0x00000008 ra=0x001006bc
[p4:new2] size=0x00000008 ra=0x00135764
[p4:malloc] size=0x00000008 ra=0x001006bc
[p4:new2] size=0x00000008 ra=0x00135764
[p4:malloc] size=0x00000008 ra=0x001006bc
[run:tick] tick=720 pc=0x14c9b0 ra=0x14c9b0 sp=0x1ff7f30 gp=0x22c0f0 dispfb1=0x1400 display1=0x1bf27f00000000 activeThreads=3 dma=3477 gif=435 gsw=0 vif=18
[p4:vbl] ticks=900\n[p4:isig] sid=9
[run:tick] tick=840 pc=0x14c9b0 ra=0x14c9b0 sp=0x1ff7f30 gp=0x22c0f0 dispfb1=0x1400 display1=0x1bf27f00000000 activeThreads=3 dma=4824 gif=552 gsw=0 vif=18
[run:tick] tick=960 pc=0x10f1d0 ra=0x10f1c4 sp=0x1ff7ec0 gp=0x22c0f0 dispfb1=0x1400 display1=0x1bf27f00000000 activeThreads=3 dma=6252 gif=622 gsw=0 vif=18
[run:tick] tick=1080 pc=0x14c9b0 ra=0x14c9b0 sp=0x1ff7f30 gp=0x22c0f0 dispfb1=0x1400 display1=0x1bf27f00000000 activeThreads=3 dma=7841 gif=649 gsw=0 vif=18
[run:tick] tick=1200 pc=0x14c9b0 ra=0x14c9b0 sp=0x1ff7f30 gp=0x22c0f0 dispfb1=0x1400 display1=0x1bf27f00000000 activeThreads=3 dma=9427 gif=675 gsw=0 vif=18
[run:tick] tick=1320 pc=0x14c9b0 ra=0x14c9b0 sp=0x1ff7f30 gp=0x22c0f0 dispfb1=0x1400 display1=0x1bf27f00000000 activeThreads=3 dma=11074 gif=702 gsw=0 vif=18
[run:tick] tick=1440 pc=0x14c9b0 ra=0x14c9b0 sp=0x1ff7f30 gp=0x22c0f0 dispfb1=0x1400 display1=0x1bf27f00000000 activeThreads=3 dma=12660 gif=728 gsw=0 vif=18
[run:tick] tick=1560 pc=0x14c9b0 ra=0x14c9b0 sp=0x1ff7f30 gp=0x22c0f0 dispfb1=0x1400 display1=0x1bf27f00000000 activeThreads=3 dma=14307 gif=755 gsw=0 vif=18
[p4:vbl] ticks=1200\n[p4:isig] sid=9
[run:tick] tick=1680 pc=0x14c9b0 ra=0x14c9b0 sp=0x1ff7f30 gp=0x22c0f0 dispfb1=0x1400 display1=0x1bf27f00000000 activeThreads=3 dma=15893 gif=781 gsw=0 vif=18
[run:tick] tick=1800 pc=0x14c9b0 ra=0x14c9b0 sp=0x1ff7f30 gp=0x22c0f0 dispfb1=0x1400 display1=0x1bf27f00000000 activeThreads=3 dma=17540 gif=808 gsw=0 vif=18
[run:tick] tick=1920 pc=0x14c9b0 ra=0x14c9b0 sp=0x1ff7f30 gp=0x22c0f0 dispfb1=0x1400 display1=0x1bf27f00000000 activeThreads=3 dma=19187 gif=835 gsw=0 vif=18
[run:tick] tick=2040 pc=0x14c9b0 ra=0x14c9b0 sp=0x1ff7f30 gp=0x22c0f0 dispfb1=0x1400 display1=0x1bf27f00000000 activeThreads=3 dma=20773 gif=861 gsw=0 vif=18
[run:tick] tick=2160 pc=0x14c9b0 ra=0x14c9b0 sp=0x1ff7f30 gp=0x22c0f0 dispfb1=0x1400 display1=0x1bf27f00000000 activeThreads=3 dma=22359 gif=887 gsw=0 vif=18
[run:tick] tick=2280 pc=0x14c9b0 ra=0x14c9b0 sp=0x1ff7f30 gp=0x22c0f0 dispfb1=0x1400 display1=0x1bf27f00000000 activeThreads=3 dma=24006 gif=914 gsw=0 vif=18
[run:tick] tick=2400 pc=0x14c9b0 ra=0x14c9b0 sp=0x1ff7f30 gp=0x22c0f0 dispfb1=0x1400 display1=0x1bf27f00000000 activeThreads=3 dma=25592 gif=940 gsw=0 vif=18
[p4:vbl] ticks=1500\n[p4:isig] sid=9
[p4:new2] size=0x00000054 ra=0x001b4bf4
[p4:malloc] size=0x00000054 ra=0x001006bc
[p4:new2] size=0x00000150 ra=0x001a6bd0
[p4:malloc] size=0x00000150 ra=0x001006bc
[run:tick] tick=2520 pc=0x14c9b0 ra=0x14c9b0 sp=0x1ff7f30 gp=0x22c0f0 dispfb1=0x1400 display1=0x1bf27f00000000 activeThreads=3 dma=27239 gif=967 gsw=0 vif=18
[gzmfs] OPEN fd=1 '\SOUND\GZMVS.RBB;1' -> '<path>' size=110594048
[gzmfs] READ fd=1 pos=0 len=8 -> 8 dst=0x00E0A130
[gzmfs] READ fd=1 pos=8 len=8 -> 8 dst=0x00E0A130
[p4:new2] size=0x00000070 ra=0x00100540
[p4:malloc] size=0x00000070 ra=0x001006bc
[gzmfs] READ fd=1 pos=16 len=112 -> 112 dst=0x00E0A2C0
[gzmfs] READ fd=1 pos=128 len=8 -> 8 dst=0x00E0A130
[p4:new2] size=0x00001b70 ra=0x00100540
[p4:malloc] size=0x00001b70 ra=0x001006bc
[gzmfs] READ fd=1 pos=136 len=7024 -> 7024 dst=0x00E0A2C0
[gzmfs] READ fd=1 pos=7160 len=8 -> 8 dst=0x00E0A130
[p4:new2] size=0x00000db8 ra=0x00100540
[gzmfs] READ fd=1 pos=7168 len=3512 -> 3512 dst=0x00E0BE40
[gzmfs] READ fd=1 pos=10680 len=8 -> 8 dst=0x00E0A130
[gzmfs] SEEK fd=1 off=1592 whence=1 -> pos=12280
[gzmfs] READ fd=1 pos=12280 len=8 -> 8 dst=0x00E0A130
[gzmfs] CLOSE fd=1
[p4:new2] size=0x0000002c ra=0x001632a4
[p4:ld] load obj=0x00e0cc00 size=0x00000000 ra=0x001632f8
[p4:new2] size=0x000420a0 ra=0x00100540
[p4:rd1] FUN_001b5ca0 obj=0x00c253e8 dst=0x00e0cc30 len=0x000420a0 ra=0x0019a1d4
[gzmfs] SEEK fd=0 off=131909632 whence=0 -> pos=131909632
[p4:alarm] n=11 id=11 handler=0x0011c570 arg=0x01ff7d68 *arg=23
[p4:hdl] 11c570 entry a2=0x01ff7d68
[p4:wake-pre] sid=23 consumed=1
[p4:alarm] n=12 id=12 handler=0x0011c570 arg=0x01ff7d68 *arg=24
[p4:hdl] 11c570 entry a2=0x01ff7d68
[p4:wake-pre] sid=24 consumed=1
[gzmfs] READ fd=0 pos=131909632 len=270496 -> 270496 dst=0x00E0CC30
[p4:alarm] n=13 id=13 handler=0x0011c570 arg=0x01ff7d68 *arg=25
[p4:hdl] 11c570 entry a2=0x01ff7d68
[p4:wake-pre] sid=25 consumed=1
[p4:new2] size=0x00000060 ra=0x00100540
[p4:rd1] FUN_001b5ca0 obj=0x00c253e8 dst=0x00e4ed50 len=0x000204e0 ra=0x0019a1d4
[gzmfs] SEEK fd=0 off=132182016 whence=0 -> pos=132182016
[p4:alarm] n=14 id=14 handler=0x0011c570 arg=0x01ff7da8 *arg=26
[p4:hdl] 11c570 entry a2=0x01ff7da8
[p4:wake-pre] sid=26 consumed=1
[p4:alarm] n=15 id=15 handler=0x0011c570 arg=0x01ff7da8 *arg=27
[p4:hdl] 11c570 entry a2=0x01ff7da8
[p4:wake-pre] sid=27 consumed=1
[gzmfs] READ fd=0 pos=132182016 len=132320 -> 132320 dst=0x00E4ED50
[p4:alarm] n=16 id=16 handler=0x0011c570 arg=0x01ff7da8 *arg=28
[p4:hdl] 11c570 entry a2=0x01ff7da8
[p4:wake-pre] sid=28 consumed=1
[p4:new2] size=0x0019f000 ra=0x00100540
[CreateSema] id=23 init=0 max=1[WaitSema:block] tid=1 sid=23 pc=0x10eca0 ra=0x11c530
[CreateSema] id=24 init=0 max=1[WaitSema:block] tid=1 sid=24 pc=0x10eca0 ra=0x11c530
[CreateSema] id=25 init=0 max=1[WaitSema:block] tid=1 sid=25 pc=0x10eca0 ra=0x11c530
[CreateSema] id=26 init=0 max=1[WaitSema:block] tid=1 sid=26 pc=0x10eca0 ra=0x11c530
[CreateSema] id=27 init=0 max=1[WaitSema:block] tid=1 sid=27 pc=0x10eca0 ra=0x11c530
[CreateSema] id=28 init=0 max=1[WaitSema:block] tid=1 sid=28 pc=0x10eca0 ra=0x11c530
[p4:new2] size=0x00000008 ra=0x00162fcc
[p4:new2] size=0x00000008 ra=0x00162fcc
[p4:new2] size=0x00000008 ra=0x00162fcc
[p4:new2] size=0x00000008 ra=0x00162fcc
[p4:new2] size=0x00000008 ra=0x00162fcc
[p4:new2] size=0x00000008 ra=0x00162fcc
[p4:new2] size=0x00000008 ra=0x00162fcc
[p4:new2] size=0x00000008 ra=0x00162fcc
[p4:new2] size=0x00000008 ra=0x00162fcc
[p4:new2] size=0x00000008 ra=0x00162fcc
[p4:new2] size=0x00000008 ra=0x00162fcc
[p4:new2] size=0x00000008 ra=0x00162fcc
[p4:new2] size=0x00000008 ra=0x00162fcc
[p4:new2] size=0x00000008 ra=0x00162fcc
[p4:new2] size=0x00000008 ra=0x00162fcc
[p4:new2] size=0x00000008 ra=0x00162fcc
[p4:new2] size=0x00000008 ra=0x00162fcc
[p4:new2] size=0x00000008 ra=0x00162fcc
[p4:alias] target=0x001548d4 owner=0x001548b0 (unexported inner call)
[p4:wake-pre] sid=9 consumed=1
[p4:wake-pre] sid=9 consumed=1
[CreateThread] id=4 entry=0x14a9c0 stack=0x100e740 size=0x10000 gp=0x22c0f0 prio=32
[StartThread] id=4 entry=0x14a9c0 sp=0x101e740 gp=0x22c0f0 arg=0x0
[WaitSema:block] tid=4 sid=9 pc=0x10eca0 ra=0x14a9d0
[WaitSema:block] tid=4 sid=9 pc=0x10eca0 ra=0x14a9d0
[p4:wake-pre] sid=9 consumed=1
[p4:wake-pre] sid=9 consumed=1
[p4:wake-pre] sid=9 consumed=1
[p4:wake-pre] sid=9 consumed=1
[p4:wake-pre] sid=9 consumed=1
[p4:wake-pre] sid=9 consumed=1
[p4:wake-pre] sid=9 consumed=1
id=4 sid=9 ret=9 count=0
[WaitSema:block] tid=4 sid=9 pc=0x10eca0 ra=0x14a9d0
[WaitSema:block] tid=4 sid=9 pc=0x10eca0 ra=0x14a9d0
[WaitSema:block] tid=4 sid=9 pc=0x10eca0 ra=0x14a9d0
[WaitSema:block] tid=4 sid=9 pc=0x10eca0 ra=0x14a9d0
[WaitSema:block] tid=4 sid=9 pc=0x10eca0 ra=0x14a9d0
[WaitSema:block] tid=4 sid=9 pc=0x10eca0 ra=0x14a9d0
[WaitSema:block] tid=4 sid=9 pc=0x10eca0 ra=0x14a9d0
[p4:wake-pre] sid=9 consumed=1
[p4:wake-pre] sid=9 consumed=1
[WaitSema:block] tid=4 sid=9 pc=0x10eca0 ra=0x14a9d0
[WaitSema:block] tid=4 sid=9 pc=0x10eca0 ra=0x14a9d0
[p4:wake-pre] sid=9 consumed=1
[WaitSema:block] tid=4 sid=9 pc=0x10eca0 ra=0x14a9d0
[WaitSema:block] tid=4 sid=9 pc=0x10eca0 ra=0x14a9d0
[p4:wake-pre] sid=9 consumed=1
[p4:wake-pre] sid=9 consumed=1
[p4:wake-pre] sid=9 consumed=1
[WaitSema:block] tid=4 sid=9 pc=0x10eca0 ra=0x14a9d0
[WaitSema:block] tid=4 sid=9 pc=0x10eca0 ra=0x14a9d0
[WaitSema:block] tid=4 sid=9 pc=0x10eca0 ra=0x14a9d0
[p4:wake-pre] sid=9 consumed=1
[p4:wake-pre] sid=9 consumed=1
[WaitSema:block] tid=4 sid=9 pc=0x10eca0 ra=0x14a9d0
[WaitSema:block] tid=4 sid=9 pc=0x10eca0 ra=0x14a9d0
[p4:wake-pre] sid=9 consumed=1
[mc] Init enter
[mc] Init exit
[mc] Init enter
[mc] Init exit
[mc] Init enter
[mc] Init exit
[dispatch:hle-leaf-ret] pc=0x[p4:isig] sid=9
11a720 -> ra=0x1ce130
[p4:wake-pre] sid=9 consumed=1
[p4:alias] target=0x0014ebb4 owner=0x0014eba0 (unexported inner call)
[p4:wake-pre] sid=9 consumed=1
[p4:alias] target=0x00151780 owner=0x00151720 (unexported inner call)
[mc] Sync idle -> -1
[mc] GetInfo port=0 slot=0 type=2 free=8192 fmt=1 result=0 fmtPtr=0x01033670
[mc] GetInfo port=0 slot=0 type=2 free=8192 fmt=1 result=0 fmtPtr=0x01033670
[p4:alias] target=0x00151910 owner=0x00151720 (unexported inner call)
[mc] GetDir port=0 slot=0 path='/BASLUS-20407/BASLUS-20407' maxent=8 table=0x01033430 result=-4 entries=0
[p4:wake-pre] sid=9 consumed=1
[p4:wake-pre] sid=9 consumed=1
[mc] Sync idle -> -1
[mc] GetInfo port=0 slot=0 type=2 free=8192 fmt=1 result=0 fmtPtr=0x01033670
[p4:wake-pre] sid=9 consumed=1
[p4:alias] target=0x00151808 owner=0x00151720 (unexported inner call)
[p4:wake-pre] sid=9 consumed=1
[mc] Sync idle -> -1
[mc] GetInfo port=0 slot=0 type=2 free=8192 fmt=1 result=0 fmtPtr=0x01033670
[p4:wake-pre] sid=9 consumed=1
[p4:wake-pre] sid=9 consumed=1
[p4:wake-pre] sid=9 consumed=1
[WaitSema:block] tid=4 sid=9 pc=0x10eca0 ra=0x14a9d0
[WaitSema:block] tid=4 sid=9 pc=0x10eca0 ra=0x14a9d0
[WaitSema:block] tid=4 sid=9 pc=0x10eca0 ra=0x14a9d0
[WaitSema:block] tid=4 sid=9 pc=0x10eca0 ra=0x14a9d0
[WaitSema:block] tid=4 sid=9 pc=0x10eca0 ra=0x14a9d0
[WaitSema:block] tid=4 sid=9 pc=0x10eca0 ra=0x14a9d0
[WaitSema:block] tid=4 sid=9 pc=0x10eca0 ra=0x14a9d0
[WaitSema:block] tid=4 sid=9 pc=0x10eca0 ra=0x14a9d0
[WaitSema:block] tid=4 sid=9 pc=0x10eca0 ra=0x14a9d0
[WaitSema:block] tid=4 sid=9 pc=0x10eca0 ra=0x14a9d0
[mc] Sync idle -> -1
[mc] GetInfo port=0 slot=0 type=2 free=8192 fmt=1 result=0 fmtPtr=0x01033670
[p4:wake-pre] sid=9 consumed=1
[p4:wake-pre] sid=9 consumed=1
[p4:wake-pre] sid=9 consumed=1
[p4:wake-pre] sid=9 consumed=1
[mc] Sync idle -> -1
[mc] GetInfo port=0 slot=0 type=2 free=8192 fmt=1 result=0 fmtPtr=0x01033670
[p4:wake-pre] sid=9 consumed=1
[p4:wake-pre] sid=9 consumed=1
[WaitSema:block] tid=4 sid=9 pc=0x10eca0 ra=0x14a9d0
[WaitSema:block] tid=4 sid=9 pc=0x10eca0 ra=0x14a9d0
[WaitSema:block] tid=4 sid=9 pc=0x10eca0 ra=0x14a9d0
[WaitSema:block] tid=4 sid=9 pc=0x10eca0 ra=0x14a9d0
[WaitSema:block] tid=4 sid=9 pc=0x10eca0 ra=0x14a9d0
[WaitSema:block] tid=4 sid=9 pc=0x10eca0 ra=0x14a9d0
[mc] Sync idle -> -1
[mc] GetInfo port=0 slot=0 type=2 free=8192 fmt=1 result=0 fmtPtr=0x01033670
[p4:wake-pre] sid=9 consumed=1
[p4:wake-pre] sid=9 consumed=1
[mc] Sync idle -> -1
[mc] GetInfo port=0 slot=0 type=2 free=8192 fmt=1 result=0 fmtPtr=0x01033670
[p4:wake-pre] sid=9 consumed=1
[p4:wake-pre] sid=9 consumed=1
[mc] GetInfo port=0 slot=0 type=2 free=8192 fmt=1 result=0 fmtPtr=0x01033670
[WaitSema:block] tid=4 sid=9 pc=0x10eca0 ra=0x14a9d0
[WaitSema:block] tid=4 sid=9 pc=0x10eca0 ra=0x14a9d0
[WaitSema:block] tid=4 sid=9 pc=0x10eca0 ra=0x14a9d0
[WaitSema:block] tid=4 sid=9 pc=0x10eca0 ra=0x14a9d0
[p4:wake-pre] sid=9 consumed=1
[p4:wake-pre] sid=9 consumed=1
[mc] GetInfo port=0 slot=0 type=2 free=8192 fmt=1 result=0 fmtPtr=0x01033670
[p4:wake-pre] sid=9 consumed=1
[p4:wake-pre] sid=9 consumed=1
[p4:wake-pre] sid=9 consumed=1
[mc] GetInfo port=0 slot=0 type=2 free=8192 fmt=1 result=0 fmtPtr=0x01033670
[p4:wake-pre] sid=9 consumed=1
        ... [4,256 more [p4:wake-pre] lines elided by export_logs.py] ...
[mc] GetInfo port=0 slot=0 type=2 free=8192 fmt=1 result=0 fmtPtr=0x01033670
[mc] GetInfo port=0 slot=0 type=2 free=8192 fmt=1 result=0 fmtPtr=0x01033670
[WaitSema:block] tid=4 sid=9 pc=0x10eca0 ra=0x14a9d0
[WaitSema:block] tid=4 sid=9 pc=0x10eca0 ra=0x14a9d0
[WaitSema:block] tid=4 sid=9 pc=0x10eca0 ra=0x14a9d0
[WaitSema:block] tid=4 sid=9 pc=0x10eca0 ra=0x14a9d0
[WaitSema:block] tid=4 sid=9 pc=0x10eca0 ra=0x14a9d0
[WaitSema:block] tid=4 sid=9 pc=0x10eca0 ra=0x14a9d0
[WaitSema:block] tid=4 sid=9 pc=0x10eca0 ra=0x14a9d0
[WaitSema:block] tid=4 sid=9 pc=0x10eca0 ra=0x14a9d0
[WaitSema:block] tid=4 sid=9 pc=0x10eca0 ra=0x14a9d0
[WaitSema:block] tid=4 sid=9 pc=0x10eca0 ra=0x14a9d0
[WaitSema:block] tid=4 sid=9 pc=0x10eca0 ra=0x14a9d0
[mc] GetInfo port=0 slot=0 type=2 free=8192 fmt=1 result=0 fmtPtr=0x01033670
[mc] GetInfo port=0 slot=0 type=2 free=8192 fmt=1 result=0 fmtPtr=0x01033670
[WaitSema:block] tid=4 sid=9 pc=0x10eca0 ra=0x14a9d0
[WaitSema:block] tid=4 sid=9 pc=0x10eca0 ra=0x14a9d0
[WaitSema:block] tid=4 sid=9 pc=0x10eca0 ra=0x14a9d0
[WaitSema:block] tid=4 sid=9 pc=0x10eca0 ra=0x14a9d0
        ... [1,091 more [WaitSema:block] lines elided by export_logs.py] ...
[mc] GetInfo port=0 slot=0 type=2 free=8192 fmt=1 result=0 fmtPtr=0x01033670
[mc] GetInfo port=0 slot=0 type=2 free=8192 fmt=1 result=0 fmtPtr=0x01033670
[mc] GetInfo port=0 slot=0 type=2 free=8192 fmt=1 result=0 fmtPtr=0x01033670
[mc] GetInfo port=0 slot=0 type=2 free=8192 fmt=1 result=0 fmtPtr=0x01033670
[mc] GetInfo port=0 slot=0 type=2 free=8192 fmt=1 result=0 fmtPtr=0x01033670
[mc] GetInfo port=0 slot=0 type=2 free=8192 fmt=1 result=0 fmtPtr=0x01033670
[mc] GetInfo port=0 slot=0 type=2 free=8192 fmt=1 result=0 fmtPtr=0x01033670
[run:tick] tick=2640 pc=0x151910 ra=0x151910 sp=0x1ff7f60 gp=0x22c0f0 dispfb1=0x1400 display1=0x1bf27f00000000 activeThreads=4 dma=36684 gif=1075 gsw=0 vif=18
[p4:alias] target=0x001517f4 owner=0x00151720 (unexported inner call)
[p4:alias] target=0x001517d4 owner=0x00151720 (unexported inner call)
[run:tick] tick=2760 pc=0x1517d4 ra=0x151944 sp=0x1ff7f60 gp=0x22c0f0 dispfb1=0x1400 display1=0x1bf27f00000000 activeThreads=4 dma=49889 gif=1170 gsw=0 vif=18
[p4:vbl] ticks=1800\n[p4:isig] sid=9
[p4:alias] target=0x001517dc owner=0x00151720 (unexported inner call)
[run:tick] tick=2880 pc=0x151910 ra=0x151910 sp=0x1ff7f60 gp=0x22c0f0 dispfb1=0x1400 display1=0x1bf27f00000000 activeThreads=4 dma=62955 gif=1264 gsw=0 vif=18
[run:tick] tick=3000 pc=0x151910 ra=0x151910 sp=0x1ff7f60 gp=0x22c0f0 dispfb1=0x1400 display1=0x1bf27f00000000 activeThreads=4 dma=76160 gif=1359 gsw=0 vif=18
[p4:vbl] ticks=2100\n[p4:isig] sid=9
[p4:alias] target=0x001517e4 owner=0x00151720 (unexported inner call)
[run:tick] tick=3120 pc=0x151910 ra=0x151910 sp=0x1ff7f60 gp=0x22c0f0 dispfb1=0x1400 display1=0x1bf27f00000000 activeThreads=4 dma=88531 gif=1448 gsw=0 vif=18
[p4:vbl] ticks=2400\n[p4:isig] sid=9
[run:tick] tick=3240 pc=0x10f1d0 ra=0x10f1c4 sp=0x1ff7ef0 gp=0x22c0f0 dispfb1=0x1400 display1=0x1bf27f00000000 activeThreads=4 dma=100760 gif=1535 gsw=0 vif=18
[run:tick] tick=3360 pc=0x151910 ra=0x151910 sp=0x1ff7f60 gp=0x22c0f0 dispfb1=0x1400 display1=0x1bf27f00000000 activeThreads=4 dma=112995 gif=1624 gsw=0 vif=18
[p4:vbl] ticks=2700\n[p4:isig] sid=9
[run:tick] tick=3480 pc=0x13a378 ra=0x13a378 sp=0x1ff7f30 gp=0x22c0f0 dispfb1=0x1400 display1=0x1bf27f00000000 activeThreads=4 dma=125642 gif=1715 gsw=0 vif=18
[run:tick] tick=3600 pc=0x151910 ra=0x151910 sp=0x1ff7f60 gp=0x22c0f0 dispfb1=0x1400 display1=0x1bf27f00000000 activeThreads=4 dma=137876 gif=1803 gsw=0 vif=18
[p4:vbl] ticks=3000\n[p4:isig] sid=9
[run:tick] tick=3720 pc=0x151910 ra=0x151910 sp=0x1ff7f60 gp=0x22c0f0 dispfb1=0x1400 display1=0x1bf27f00000000 activeThreads=4 dma=150247 gif=1892 gsw=0 vif=18
[p4:vbl] ticks=3300\n[p4:isig] sid=9
[run:tick] tick=3840 pc=0x151910 ra=0x151910 sp=0x1ff7f60 gp=0x22c0f0 dispfb1=0x1400 display1=0x1bf27f00000000 activeThreads=4 dma=162757 gif=1982 gsw=0 vif=18
[run:tick] tick=3960 pc=0x151910 ra=0x151910 sp=0x1ff7f60 gp=0x22c0f0 dispfb1=0x1400 display1=0x1bf27f00000000 activeThreads=4 dma=174992 gif=2070 gsw=0 vif=18
[p4:vbl] ticks=3600\n[p4:isig] sid=9
[run:tick] tick=4080 pc=0x151910 ra=0x151910 sp=0x1ff7f60 gp=0x22c0f0 dispfb1=0x1400 display1=0x1bf27f00000000 activeThreads=4 dma=187221 gif=2158 gsw=0 vif=18
[run:tick] tick=4200 pc=0x151910 ra=0x151910 sp=0x1ff7f60 gp=0x22c0f0 dispfb1=0x1400 display1=0x1bf27f00000000 activeThreads=4 dma=199731 gif=2248 gsw=0 vif=18
[p4:vbl] ticks=3900\n[p4:isig] sid=9
[run:tick] tick=4320 pc=0x151910 ra=0x151910 sp=0x1ff7f60 gp=0x22c0f0 dispfb1=0x1400 display1=0x1bf27f00000000 activeThreads=4 dma=211963 gif=2336 gsw=0 vif=18
[run:tick] tick=4440 pc=0x151910 ra=0x151910 sp=0x1ff7f60 gp=0x22c0f0 dispfb1=0x1400 display1=0x1bf27f00000000 activeThreads=4 dma=224334 gif=2425 gsw=0 vif=18
[p4:vbl] ticks=4200\n[p4:isig] sid=9
[run:tick] tick=4560 pc=0x151910 ra=0x151910 sp=0x1ff7f60 gp=0x22c0f0 dispfb1=0x1400 display1=0x1bf27f00000000 activeThreads=4 dma=236983 gif=2516 gsw=0 vif=18
[p4:vbl] ticks=4500\n[p4:isig] sid=9
[run:tick] tick=4680 pc=0x151910 ra=0x151910 sp=0x1ff7f60 gp=0x22c0f0 dispfb1=0x1400 display1=0x1bf27f00000000 activeThreads=4 dma=249215 gif=2604 gsw=0 vif=18
[run:tick] tick=4800 pc=0x151910 ra=0x151910 sp=0x1ff7f60 gp=0x22c0f0 dispfb1=0x1400 display1=0x1bf27f00000000 activeThreads=4 dma=261308 gif=2691 gsw=0 vif=18
[p4:vbl] ticks=4800\n[p4:isig] sid=9
[run:tick] tick=4920 pc=0x151910 ra=0x151910 sp=0x1ff7f60 gp=0x22c0f0 dispfb1=0x1400 display1=0x1bf27f00000000 activeThreads=4 dma=273401 gif=2778 gsw=0 vif=18
[p4:alias] target=0x001517ec owner=0x00151720 (unexported inner call)
[run:tick] tick=5040 pc=0x13a378 ra=0x13a378 sp=0x1ff7f30 gp=0x22c0f0 dispfb1=0x1400 display1=0x1bf27f00000000 activeThreads=4 dma=284380 gif=2857 gsw=0 vif=18
[p4:vbl] ticks=5100\n[p4:isig] sid=9
[run:tick] tick=5160 pc=0x10f1d0 ra=0x10f1c4 sp=0x1ff7ef0 gp=0x22c0f0 dispfb1=0x1400 display1=0x1bf27f00000000 activeThreads=4 dma=295499 gif=2936 gsw=0 vif=18
[run:tick] tick=5280 pc=0x151910 ra=0x151910 sp=0x1ff7f60 gp=0x22c0f0 dispfb1=0x1400 display1=0x1bf27f00000000 activeThreads=4 dma=306622 gif=3017 gsw=0 vif=18
[p4:vbl] ticks=5400\n[p4:isig] sid=9
[run:tick] tick=5400 pc=0x151910 ra=0x151910 sp=0x1ff7f60 gp=0x22c0f0 dispfb1=0x1400 display1=0x1bf27f00000000 activeThreads=4 dma=317325 gif=3094 gsw=0 vif=18
[run:tick] tick=5520 pc=0x151910 ra=0x151910 sp=0x1ff7f60 gp=0x22c0f0 dispfb1=0x1400 display1=0x1bf27f00000000 activeThreads=4 dma=328306 gif=3173 gsw=0 vif=18
[run:tick] tick=5640 pc=0x151910 ra=0x151910 sp=0x1ff7f60 gp=0x22c0f0 dispfb1=0x1400 display1=0x1bf27f00000000 activeThreads=4 dma=339148 gif=3251 gsw=0 vif=18
[p4:vbl] ticks=5700\n[p4:isig] sid=9
[run:tick] tick=5760 pc=0x151910 ra=0x151910 sp=0x1ff7f60 gp=0x22c0f0 dispfb1=0x1400 display1=0x1bf27f00000000 activeThreads=4 dma=350407 gif=3332 gsw=0 vif=18
[run:tick] tick=5880 pc=0x10f1d0 ra=0x10f1c4 sp=0x1ff7ef0 gp=0x22c0f0 dispfb1=0x1400 display1=0x1bf27f00000000 activeThreads=4 dma=361941 gif=3414 gsw=0 vif=18
[p4:vbl] ticks=6000\n[frame:upload] idx=1020 tick=5999 displayFbp=0 sourceFbp=0 size=640x448 preferred=0
[run:tick] tick=6000 pc=0x10f1d0 ra=0x10f1c4 sp=0x1ff7ef0 gp=0x22c0f0 dispfb1=0x1400 display1=0x1bf27f00000000 activeThreads=4 dma=372644 gif=3491 gsw=0 vif=18
[run:tick] tick=6120 pc=0x151910 ra=0x151910 sp=0x1ff7f60 gp=0x22c0f0 dispfb1=0x1400 display1=0x1bf27f00000000 activeThreads=4 dma=382933 gif=3566 gsw=0 vif=18
[run:tick] tick=6240 pc=0x151910 ra=0x151910 sp=0x1ff7f60 gp=0x22c0f0 dispfb1=0x1400 display1=0x1bf27f00000000 activeThreads=4 dma=394053 gif=3646 gsw=0 vif=18
[p4:vbl] ticks=6300\n[p4:isig] sid=9
[run:tick] tick=6360 pc=0x10f1d0 ra=0x10f1c4 sp=0x1ff7ef0 gp=0x22c0f0 dispfb1=0x1400 display1=0x1bf27f00000000 activeThreads=4 dma=404614 gif=3721 gsw=0 vif=18
[run:tick] tick=6480 pc=0x151910 ra=0x151910 sp=0x1ff7f60 gp=0x22c0f0 dispfb1=0x1400 display1=0x1bf27f00000000 activeThreads=4 dma=415459 gif=3800 gsw=0 vif=18
[p4:vbl] ticks=6600\n[frame:upload] idx=1228 tick=6599 displayFbp=0 sourceFbp=0 size=640x448 preferred=0
[run:tick] tick=6600 pc=0x149358 ra=0x149358 sp=0x1ff78b0 gp=0x22c0f0 dispfb1=0x1400 display1=0x1bf27f00000000 activeThreads=4 dma=426582 gif=3880 gsw=0 vif=18
[run:tick] tick=6720 pc=0x10f1d0 ra=0x10f1c4 sp=0x1ff7ef0 gp=0x22c0f0 dispfb1=0x1400 display1=0x1bf27f00000000 activeThreads=4 dma=437279 gif=3956 gsw=0 vif=18
[run:tick] tick=6840 pc=0x151910 ra=0x151910 sp=0x1ff7f60 gp=0x22c0f0 dispfb1=0x1400 display1=0x1bf27f00000000 activeThreads=4 dma=448263 gif=4036 gsw=0 vif=18
[p4:vbl] ticks=6900\n[p4:isig] sid=9
[run:tick] tick=6960 pc=0x151910 ra=0x151910 sp=0x1ff7f60 gp=0x22c0f0 dispfb1=0x1400 display1=0x1bf27f00000000 activeThreads=4 dma=458966 gif=4113 gsw=0 vif=18
[run:tick] tick=7080 pc=0x151910 ra=0x151910 sp=0x1ff7f60 gp=0x22c0f0 dispfb1=0x1400 display1=0x1bf27f00000000 activeThreads=4 dma=469808 gif=4191 gsw=0 vif=18
[p4:vbl] ticks=7200\n[p4:isig] sid=9
[run:tick] tick=7200 pc=0x151910 ra=0x151910 sp=0x1ff7f60 gp=0x22c0f0 dispfb1=0x1400 display1=0x1bf27f00000000 activeThreads=4 dma=480372 gif=4267 gsw=0 vif=18
        ... [1,679 more [run:tick] lines elided by export_logs.py] ...
[p4:vbl] ticks=7500\n[p4:isig] sid=9
[p4:vbl] ticks=7800\n[p4:isig] sid=9
[p4:vbl] ticks=8100\n[p4:isig] sid=9
[p4:vbl] ticks=8400\n[p4:isig] sid=9
[p4:vbl] ticks=8700\n[p4:isig] sid=9
[p4:vbl] ticks=9000\n[p4:isig] sid=9
[p4:vbl] ticks=9300\n[p4:isig] sid=9
[p4:vbl] ticks=9600\n[p4:isig] sid=9
[p4:vbl] ticks=9900\n[p4:isig] sid=9
[p4:vbl] ticks=10200\n[p4:isig] sid=9
[p4:vbl] ticks=10500\n[p4:isig] sid=9
[p4:vbl] ticks=10800\n[p4:isig] sid=9
[p4:vbl] ticks=11100\n[p4:isig] sid=9
[p4:vbl] ticks=11400\n[p4:isig] sid=9
[p4:vbl] ticks=11700\n[p4:isig] sid=9
[p4:vbl] ticks=12000\n[p4:isig] sid=9
[p4:vbl] ticks=12300\n[p4:isig] sid=9
[p4:vbl] ticks=12600\n[p4:isig] sid=9
[p4:vbl] ticks=12900\n[p4:isig] sid=9
[p4:vbl] ticks=13200\n[p4:isig] sid=9
[p4:vbl] ticks=13500\n[p4:isig] sid=9
[p4:vbl] ticks=13800\n[p4:isig] sid=9
[p4:vbl] ticks=14100\n[p4:isig] sid=9
[p4:vbl] ticks=14400\n[p4:isig] sid=9
[p4:vbl] ticks=14700\n[p4:isig] sid=9
[p4:vbl] ticks=15000\n[p4:isig] sid=9
[p4:vbl] ticks=15300\n[p4:isig] sid=9
[p4:vbl] ticks=15600\n[p4:isig] sid=9
[p4:vbl] ticks=15900\n[p4:isig] sid=9
[p4:vbl] ticks=16200\n[p4:isig] sid=9
[p4:vbl] ticks=16500\n[p4:isig] sid=9
[p4:vbl] ticks=16800\n[frame:upload] idx=4548 tick=16799 displayFbp=0 sourceFbp=0 size=640x448 preferred=0
[p4:vbl] ticks=17100\n[p4:isig] sid=9
[p4:vbl] ticks=17400\n[p4:isig] sid=9
[p4:vbl] ticks=17700\n[p4:isig] sid=9
[p4:vbl] ticks=18000\n[p4:isig] sid=9
        ... [599 more [p4:vbl] lines elided by export_logs.py] ...
195652 displayFbp=70 sourceFbp=70 size=640x448 preferred=0
[p4:vbl] ticks=198000\n[p4:isig] sid=9
[p4:vbl] ticks=198300\n[p4:isig] sid=9
[p4:vbl] ticks=198600\n[p4:isig] sid=9
[p4:vbl] ticks=198900\n[p4:isig] sid=9
[p4:vbl] ticks=199200\n[p4:isig] sid=9
[p4:vbl] ticks=199500\n[p4:isig] sid=9
[p4:vbl] ticks=199800\n[p4:isig] sid=9
[p4:vbl] ticks=200100\n[p4:isig] sid=9
[p4:vbl] ticks=200400\n[p4:isig] sid=9
[p4:vbl] ticks=200700\n[p4:isig] sid=9
[p4:vbl] ticks=201000\n[p4:isig] sid=9
[p4:vbl] ticks=201300\n[p4:isig] sid=9
[p4:vbl] ticks=201600\n[p4:isig] sid=9
[p4:vbl] ticks=201900\n[p4:isig] sid=9
[p4:vbl] ticks=202200\n[p4:isig] sid=9
[p4:vbl] ticks=202500\n[p4:isig] sid=9
[WaitSema:block] tid=4 sid=9 pc=0x10eca0 ra=0x14a9d0
[p4:vbl] ticks=202800\n[p4:isig] sid=9
[WaitSema:block] tid=4 sid=9 pc=0x10eca0 ra=0x14a9d0
[p4:vbl] ticks=203100\n[p4:isig] sid=9
[WaitSema:block] tid=4 sid=9 pc=0x10eca0 ra=0x14a9d0
[p4:vbl] ticks=203400\n[p4:isig] sid=9
[WaitSema:block] tid=4 sid=9 pc=0x10eca0 ra=0x14a9d0
[WaitSema:block] tid=4 sid=9 pc=0x10eca0 ra=0x14a9d0
[p4:vbl] ticks=203700\n[p4:isig] sid=9
[WaitSema:block] tid=4 sid=9 pc=0x10eca0 ra=0x14a9d0
[p4:vbl] ticks=204000\n[p4:isig] sid=9
[WaitSema:block] tid=4 sid=9 pc=0x10eca0 ra=0x14a9d0
[p4:vbl] ticks=204300\n[p4:isig] sid=9
[WaitSema:block] tid=4 sid=9 pc=0x10eca0 ra=0x14a9d0
[WaitSema:block] tid=4 sid=9 pc=0x10eca0 ra=0x14a9d0
[p4:vbl] ticks=204600\n[p4:isig] sid=9
[WaitSema:block] tid=4 sid=9 pc=0x10eca0 ra=0x14a9d0
[p4:vbl] ticks=204900\n[p4:isig] sid=9
[WaitSema:block] tid=4 sid=9 pc=0x10eca0 ra=0x14a9d0
[p4:vbl] ticks=205200\n[p4:isig] sid=9
[WaitSema:block] tid=4 sid=9 pc=0x10eca0 ra=0x14a9d0
[WaitSema:block] tid=4 sid=9 pc=0x10eca0 ra=0x14a9d0
[p4:vbl] ticks=205500\n[p4:isig] sid=9
[WaitSema:block] tid=4 sid=9 pc=0x10eca0 ra=0x14a9d0
[p4:vbl] ticks=205800\n[p4:isig] sid=9
[WaitSema:block] tid=4 sid=9 pc=0x10eca0 ra=0x14a9d0
[p4:vbl] ticks=206100\n[p4:isig] sid=9
[WaitSema:block] tid=4 sid=9 pc=0x10eca0 ra=0x14a9d0
[WaitSema:block] tid=4 sid=9 pc=0x10eca0 ra=0x14a9d0
[p4:vbl] ticks=206400\n[p4:isig] sid=9
[WaitSema:block] tid=4 sid=9 pc=0x10eca0 ra=0x14a9d0
[p4:vbl] ticks=206700\n[p4:isig] sid=9
[WaitSema:block] tid=4 sid=9 pc=0x10eca0 ra=0x14a9d0
[WaitSema:block] tid=4 sid=9 pc=0x10eca0 ra=0x14a9d0
[p4:vbl] ticks=207000\n[p4:isig] sid=9
[WaitSema:block] tid=4 sid=9 pc=0x10eca0 ra=0x14a9d0
[p4:vbl] ticks=207300\n[p4:isig] sid=9
[WaitSema:block] tid=4 sid=9 pc=0x10eca0 ra=0x14a9d0
[p4:vbl] ticks=207600\n[p4:isig] sid=9
[WaitSema:block] tid=4 sid=9 pc=0x10eca0 ra=0x14a9d0
[WaitSema:block] tid=4 sid=9 pc=0x10eca0 ra=0x14a9d0
[p4:vbl] ticks=207900\n[p4:isig] sid=9
[WaitSema:block] tid=4 sid=9 pc=0x10eca0 ra=0x14a9d0
[p4:vbl] ticks=208200\n[p4:isig] sid=9
[WaitSema:block] tid=4 sid=9 pc=0x10eca0 ra=0x14a9d0
[p4:vbl] ticks=208500\n[p4:isig] sid=9
[WaitSema:block] tid=4 sid=9 pc=0x10eca0 ra=0x14a9d0
[WaitSema:block] tid=4 sid=9 pc=0x10eca0 ra=0x14a9d0
[p4:vbl] ticks=208800\n[p4:isig] sid=9
[run:tick] tick=208800 pc=0x10f1d0 ra=0x10f1c4 sp=0x1ff7ef0 gp=0x22c0f0 dispfb1=0x1400 display1=0x1bf27f00000000 activeThreads=4 dma=18772352 gif=135863 gsw=0 vif=18
[WaitSema:block] tid=4 sid=9 pc=0x10eca0 ra=0x14a9d0
[run:tick] tick=208920 pc=0x151910 ra=0x151910 sp=0x1ff7f60 gp=0x22c0f0 dispfb1=0x1400 display1=0x1bf27f00000000 activeThreads=4 dma=18783475 gif=135944 gsw=0 vif=18
[run:tick] tick=209040 pc=0x1e0b3c ra=0x1e01c4 sp=0x1ff7a80 gp=0x22c0f0 dispfb1=0x1400 display1=0x1bf27f00000000 activeThreads=4 dma=18794320 gif=136022 gsw=0 vif=18
[p4:vbl] ticks=209100\n[p4:isig] sid=9
[WaitSema:block] tid=4 sid=9 pc=0x10eca0 ra=0x14a9d0
[run:tick] tick=209160 pc=0x10f1d0 ra=0x10f1c4 sp=0x1ff7ef0 gp=0x22c0f0 dispfb1=0x1400 display1=0x1bf27f00000000 activeThreads=4 dma=18805434 gif=136101 gsw=0 vif=18
[run:tick] tick=209280 pc=0x15fb10 ra=0x15fb10 sp=0x1ff7f00 gp=0x22c0f0 dispfb1=0x1400 display1=0x1bf27f00000000 activeThreads=4 dma=18816279 gif=136180 gsw=0 vif=18
[WaitSema:block] tid=4 sid=9 pc=0x10eca0 ra=0x14a9d0
[p4:vbl] ticks=209400\n[p4:isig] sid=9
[run:tick] tick=209400 pc=0x10f1d0 ra=0x10f1c4 sp=0x1ff7ef0 gp=0x22c0f0 dispfb1=0x1400 display1=0x1bf27f00000000 activeThreads=4 dma=18826979 gif=136256 gsw=0 vif=18
[run:tick] tick=209520 pc=0x151910 ra=0x151910 sp=0x1ff7f60 gp=0x22c0f0 dispfb1=0x1400 display1=0x1bf27f00000000 activeThreads=4 dma=18837824 gif=136335 gsw=0 vif=18
[WaitSema:block] tid=4 sid=9 pc=0x10eca0 ra=0x14a9d0
[run:tick] tick=209640 pc=0x151910 ra=0x151910 sp=0x1ff7f60 gp=0x22c0f0 dispfb1=0x1400 display1=0x1bf27f00000000 activeThreads=4 dma=18848805 gif=136414 gsw=0 vif=18
[p4:vbl] ticks=209700\n[p4:isig] sid=9
[run:tick] tick=209760 pc=0x10f1d0 ra=0x10f1c4 sp=0x1ff7ef0 gp=0x22c0f0 dispfb1=0x1400 display1=0x1bf27f00000000 activeThreads=4 dma=18860478 gif=136497 gsw=0 vif=18
[WaitSema:block] tid=4 sid=9 pc=0x10eca0 ra=0x14a9d0
[run:tick] tick=209880 pc=0x151910 ra=0x151910 sp=0x1ff7f60 gp=0x22c0f0 dispfb1=0x1400 display1=0x1bf27f00000000 activeThreads=4 dma=18871601 gif=136578 gsw=0 vif=18
[p4:vbl] ticks=210000\n[p4:isig] sid=9
[run:tick] tick=210000 pc=0x151910 ra=0x151910 sp=0x1ff7f60 gp=0x22c0f0 dispfb1=0x1400 display1=0x1bf27f00000000 activeThreads=4 dma=18881748 gif=136651 gsw=0 vif=18
[WaitSema:block] tid=4 sid=9 pc=0x10eca0 ra=0x14a9d0
[run:tick] tick=210120 pc=0x151910 ra=0x151910 sp=0x1ff7f60 gp=0x22c0f0 dispfb1=0x1400 display1=0x1bf27f00000000 activeThreads=4 dma=18892451 gif=136728 gsw=0 vif=18
[WaitSema:block] tid=4 sid=9 pc=0x10eca0 ra=0x14a9d0
[run:tick] tick=210240 pc=0x151910 ra=0x151910 sp=0x1ff7f60 gp=0x22c0f0 dispfb1=0x1400 display1=0x1bf27f00000000 activeThreads=4 dma=18903293 gif=136806 gsw=0 vif=18
[p4:vbl] ticks=210300\n[p4:isig] sid=9
[run:tick] tick=210360 pc=0x13a378 ra=0x13a378 sp=0x1ff7f30 gp=0x22c0f0 dispfb1=0x1400 display1=0x1bf27f00000000 activeThreads=4 dma=18914272 gif=136885 gsw=0 vif=18
[WaitSema:block] tid=4 sid=9 pc=0x10eca0 ra=0x14a9d0
[run:tick] tick=210480 pc=0x151910 ra=0x151910 sp=0x1ff7f60 gp=0x22c0f0 dispfb1=0x1400 display1=0x1bf27f00000000 activeThreads=4 dma=18925255 gif=136964 gsw=0 vif=18
[p4:vbl] ticks=210600\n[p4:isig] sid=9
[run:tick] tick=210600 pc=0x151910 ra=0x151910 sp=0x1ff7f60 gp=0x22c0f0 dispfb1=0x1400 display1=0x1bf27f00000000 activeThreads=4 dma=18936514 gif=137045 gsw=0 vif=18
[WaitSema:block] tid=4 sid=9 pc=0x10eca0 ra=0x14a9d0
[run:tick] tick=210720 pc=0x10f1d0 ra=0x10f1c4 sp=0x1ff7ef0 gp=0x22c0f0 dispfb1=0x1400 display1=0x1bf27f00000000 activeThreads=4 dma=18947353 gif=137122 gsw=0 vif=18
[run:tick] tick=210840 pc=0x151910 ra=0x151910 sp=0x1ff7f60 gp=0x22c0f0 dispfb1=0x1400 display1=0x1bf27f00000000 activeThreads=4 dma=18958615 gif=137204 gsw=0 vif=18
[p4:vbl] ticks=210900\n[p4:isig] sid=9
[WaitSema:block] tid=4 sid=9 pc=0x10eca0 ra=0x14a9d0
[run:tick] tick=210960 pc=0x151910 ra=0x151910 sp=0x1ff7f60 gp=0x22c0f0 dispfb1=0x1400 display1=0x1bf27f00000000 activeThreads=4 dma=18969596 gif=137283 gsw=0 vif=18
[run:tick] tick=211080 pc=0x151910 ra=0x151910 sp=0x1ff7f60 gp=0x22c0f0 dispfb1=0x1400 display1=0x1bf27f00000000 activeThreads=4 dma=18980855 gif=137364 gsw=0 vif=18
[WaitSema:block] tid=4 sid=9 pc=0x10eca0 ra=0x14a9d0
[p4:vbl] ticks=211200\n[p4:isig] sid=9
[run:tick] tick=211200 pc=0x151910 ra=0x151910 sp=0x1ff7f60 gp=0x22c0f0 dispfb1=0x1400 display1=0x1bf27f00000000 activeThreads=4 dma=18991558 gif=137441 gsw=0 vif=18
[run:tick] tick=211320 pc=0x151910 ra=0x151910 sp=0x1ff7f60 gp=0x22c0f0 dispfb1=0x1400 display1=0x1bf27f00000000 activeThreads=4 dma=19002122 gif=137517 gsw=0 vif=18
[WaitSema:block] tid=4 sid=9 pc=0x10eca0 ra=0x14a9d0
[run:tick] tick=211440 pc=0x151910 ra=0x151910 sp=0x1ff7f60 gp=0x22c0f0 dispfb1=0x1400 display1=0x1bf27f00000000 activeThreads=4 dma=19013381 gif=137598 gsw=0 vif=18
[p4:vbl] ticks=211500\n[p4:isig] sid=9
[run:tick] tick=211560 pc=0x1e0934 ra=0x1e0934 sp=0x1ff7960 gp=0x22c0f0 dispfb1=0x1400 display1=0x1bf27f00000000 activeThreads=4 dma=19023948 gif=137674 gsw=0 vif=18
[WaitSema:block] tid=4 sid=9 pc=0x10eca0 ra=0x14a9d0
[run:tick] tick=211680 pc=0x151910 ra=0x151910 sp=0x1ff7f60 gp=0x22c0f0 dispfb1=0x1400 display1=0x1bf27f00000000 activeThreads=4 dma=19035063 gif=137754 gsw=0 vif=18
[p4:vbl] ticks=211800\n[p4:isig] sid=9
[WaitSema:block] tid=4 sid=9 pc=0x10eca0 ra=0x14a9d0
[run:tick] tick=211800 pc=0x151910 ra=0x151910 sp=0x1ff7f60 gp=0x22c0f0 dispfb1=0x1400 display1=0x1bf27f00000000 activeThreads=4 dma=19046185 gif=137834 gsw=0 vif=18
[run:tick] tick=211920 pc=0x1517d4 ra=0x151944 sp=0x1ff7f60 gp=0x22c0f0 dispfb1=0x1400 display1=0x1bf27f00000000 activeThreads=4 dma=19056888 gif=137911 gsw=0 vif=18
[WaitSema:block] tid=4 sid=9 pc=0x10eca0 ra=0x14a9d0
[run:tick] tick=212040 pc=0x151910 ra=0x151910 sp=0x1ff7f60 gp=0x22c0f0 dispfb1=0x1400 display1=0x1bf27f00000000 activeThreads=4 dma=19067591 gif=137988 gsw=0 vif=18
[p4:vbl] ticks=212100\n[p4:isig] sid=9
[run:tick] tick=212160 pc=0x151910 ra=0x151910 sp=0x1ff7f60 gp=0x22c0f0 dispfb1=0x1400 display1=0x1bf27f00000000 activeThreads=4 dma=19078433 gif=138066 gsw=0 vif=18
[WaitSema:block] tid=4 sid=9 pc=0x10eca0 ra=0x14a9d0
[run:tick] tick=212280 pc=0x151910 ra=0x151910 sp=0x1ff7f60 gp=0x22c0f0 dispfb1=0x1400 display1=0x1bf27f00000000 activeThreads=4 dma=19089275 gif=138144 gsw=0 vif=18
[p4:vbl] ticks=212400\n[p4:isig] sid=9
[run:tick] tick=212400 pc=0x151910 ra=0x151910 sp=0x1ff7f60 gp=0x22c0f0 dispfb1=0x1400 display1=0x1bf27f00000000 activeThreads=4 dma=19099839 gif=138220 gsw=0 vif=18
[WaitSema:block] tid=4 sid=9 pc=0x10eca0 ra=0x14a9d0
[run:tick] tick=212520 pc=0x151910 ra=0x151910 sp=0x1ff7f60 gp=0x22c0f0 dispfb1=0x1400 display1=0x1bf27f00000000 activeThreads=4 dma=19110681 gif=138298 gsw=0 vif=18
[p4:wake-pre] sid=9 consumed=1
[run:tick] tick=212640 pc=0x1517e4 ra=0x1517e4 sp=0x1ff7f60 gp=0x22c0f0 dispfb1=0x1400 display1=0x1bf27f00000000 activeThreads=4 dma=19121248 gif=138374 gsw=0 vif=18
[p4:vbl] ticks=212700\n[p4:isig] sid=9
[p4:wake-pre] sid=9 consumed=1
[WaitSema:block] tid=4 sid=9 pc=0x10eca0 ra=0x14a9d0
[p4:wake-pre] sid=9 consumed=1
[run:tick] tick=212760 pc=0x151910 ra=0x151910 sp=0x1ff7f60 gp=0x22c0f0 dispfb1=0x1400 display1=0x1bf27f00000000 activeThreads=4 dma=19131809 gif=138450 gsw=0 vif=18
[p4:wake-pre] sid=9 consumed=1
[p4:wake-pre] sid=9 consumed=1
[p4:wake-pre] sid=9 consumed=1
[WaitSema:block] tid=4 sid=9 pc=0x10eca0 ra=0x14a9d0
[run:tick] tick=212880 pc=0x13a378 ra=0x13a378 sp=0x1ff7f30 gp=0x22c0f0 dispfb1=0x1400 display1=0x1bf27f00000000 activeThreads=4 dma=19142788 gif=138529 gsw=0 vif=18
[WaitSema:wake] tid=4 sid=9 ret=9 count=0
[p4:wake-pre] sid=9 consumed=1
[p4:vbl] ticks=213000\n[p4:isig] sid=9
[WaitSema:wake] tid=4 sid=9 ret=9 count=0
[p4:wake-pre] sid=9 consumed=1
[run:tick] tick=213000 pc=0x151910 ra=0x151910 sp=0x1ff7f60 gp=0x22c0f0 dispfb1=0x1400 display1=0x1bf27f00000000 activeThreads=4 dma=19153771 gif=138608 gsw=0 vif=18
[WaitSema:wake] tid=4 sid=9 ret=9 count=0
[p4:wake-pre] sid=9 consumed=1
[WaitSema:wake] tid=4 sid=9 ret=9 count=0
[p4:wake-pre] sid=9 consumed=1
[WaitSema:block] tid=4 sid=9 pc=0x10eca0 ra=0x14a9d0
[run:tick] tick=213120 pc=0x151910 ra=0x151910 sp=0x1ff7f60 gp=0x22c0f0 dispfb1=0x1400 display1=0x1bf27f00000000 activeThreads=4 dma=19164196 gif=138683 gsw=0 vif=18
[WaitSema:wake] tid=4 sid=9 ret=9 count=0
[p4:wake-pre] sid=9 consumed=1
[WaitSema:wake] tid=4 sid=9 ret=9 count=0
[p4:wake-pre] sid=9 consumed=1
[WaitSema:wake] tid=4 sid=9 ret=9 count=0
[run:tick] tick=213240 pc=0x10f1d0 ra=0x10f1c4 sp=0x1ff7ef0 gp=0x22c0f0 dispfb1=0x1400 display1=0x1bf27f00000000 activeThreads=4 dma=19175452 gif=138763 gsw=0 vif=18
[p4:vbl] ticks=213300\n[p4:isig] sid=9
[p4:wake-pre] sid=9 consumed=1
[WaitSema:wake] tid=4 sid=9 ret=9 count=0
[p4:wake-pre] sid=9 consumed=1
[WaitSema:block] tid=4 sid=9 pc=0x10eca0 ra=0x14a9d0
[WaitSema:wake] tid=4 sid=9 ret=9 count=0
[run:tick] tick=213360 pc=0x151910 ra=0x151910 sp=0x1ff7f60 gp=0x22c0f0 dispfb1=0x1400 display1=0x1bf27f00000000 activeThreads=4 dma=19186158 gif=138841 gsw=0 vif=18
[p4:wake-pre] sid=9 consumed=1
[WaitSema:wake] tid=4 sid=9 ret=9 count=0
[p4:wake-pre] sid=9 consumed=1
[WaitSema:wake] tid=4 sid=9 ret=9 count=0
[p4:wake-pre] sid=9 consumed=1
[run:tick] tick=213480 pc=0x148aec ra=0x148b80 sp=0x1ff78b0 gp=0x22c0f0 dispfb1=0x1400 display1=0x1bf27f00000000 activeThreads=4 dma=19197154 gif=138920 gsw=0 vif=18
[WaitSema:wake] tid=4 sid=9 ret=9 count=0
[WaitSema:wake] tid=4 sid=9 ret=9 count=0
[WaitSema:block] tid=4 sid=9 pc=0x10eca0 ra=0x14a9d0
[p4:wake-pre] sid=9 consumed=1
[p4:vbl] ticks=213600\n[p4:isig] sid=9
[WaitSema:wake] tid=4 sid=9 ret=9 count=0
[p4:wake-pre] sid=9 consumed=1
[run:tick] tick=213600 pc=0x151910 ra=0x151910 sp=0x1ff7f60 gp=0x22c0f0 dispfb1=0x1400 display1=0x1bf27f00000000 activeThreads=4 dma=19208398 gif=139001 gsw=0 vif=18
[WaitSema:wake] tid=4 sid=9 ret=9 count=0
[p4:wake-pre] sid=9 consumed=1
[WaitSema:wake] tid=4 sid=9 ret=9 count=0
[p4:wake-pre] sid=9 consumed=1
[run:tick] tick=213720 pc=0x1492a8 ra=0x149358 sp=0x1ff78b0 gp=0x22c0f0 dispfb1=0x1400 display1=0x1bf27f00000000 activeThreads=4 dma=19219243 gif=139079 gsw=0 vif=18
[WaitSema:wake] tid=4 sid=9 ret=9 count=0
[WaitSema:block] tid=4 sid=9 pc=0x10eca0 ra=0x14a9d0
[p4:wake-pre] sid=9 consumed=1
[WaitSema:wake] tid=4 sid=9 ret=9 count=0
[p4:wake-pre] sid=9 consumed=1
[WaitSema:wake] tid=4 sid=9 ret=9 count=0
[run:tick] tick=213840 pc=0x1517d4 ra=0x151944 sp=0x1ff7f60 gp=0x22c0f0 dispfb1=0x1400 display1=0x1bf27f00000000 activeThreads=4 dma=19230221 gif=139158 gsw=0 vif=18
[p4:vbl] ticks=213900\n[p4:isig] sid=9
[p4:wake-pre] sid=9 consumed=1
[WaitSema:wake] tid=4 sid=9 ret=9 count=0
[p4:wake-pre] sid=9 consumed=1
[WaitSema:wake] tid=4 sid=9 ret=9 count=0
[run:tick] tick=213960 pc=0x10f1d0 ra=0x10f1c4 sp=0x1ff7ef0 gp=0x22c0f0 dispfb1=0x1400 display1=0x1bf27f00000000 activeThreads=4 dma=19241338 gif=139237 gsw=0 vif=18
[WaitSema:block] tid=4 sid=9 pc=0x10eca0 ra=0x14a9d0
[p4:wake-pre] sid=9 consumed=1
[WaitSema:wake] tid=4 sid=9 ret=9 count=0
[p4:wake-pre] sid=9 consumed=1
[WaitSema:wake] tid=4 sid=9 ret=9 count=0
[p4:wake-pre] sid=9 consumed=1
[run:tick] tick=214080 pc=0x151910 ra=0x151910 sp=0x1ff7f60 gp=0x22c0f0 dispfb1=0x1400 display1=0x1bf27f00000000 activeThreads=4 dma=19252183 gif=139316 gsw=0 vif=18
[WaitSema:wake] tid=4 sid=9 ret=9 count=0
[WaitSema:wake] tid=4 sid=9 ret=9 count=0
[p4:wake-pre] sid=9 consumed=1
[p4:vbl] ticks=214200\n[p4:isig] sid=9
[WaitSema:wake] tid=4 sid=9 ret=9 count=0
[WaitSema:block] tid=4 sid=9 pc=0x10eca0 ra=0x14a9d0
[p4:wake-pre] sid=9 consumed=1
[run:tick] tick=214200 pc=0x151910 ra=0x151910 sp=0x1ff7f60 gp=0x22c0f0 dispfb1=0x1400 display1=0x1bf27f00000000 activeThreads=4 dma=19263442 gif=139397 gsw=0 vif=18
[WaitSema:wake] tid=4 sid=9 ret=9 count=0
[p4:wake-pre] sid=9 consumed=1
[WaitSema:wake] tid=4 sid=9 ret=9 count=0
[p4:wake-pre] sid=9 consumed=1
[run:tick] tick=214320 pc=0x151910 ra=0x151910 sp=0x1ff7f60 gp=0x22c0f0 dispfb1=0x1400 display1=0x1bf27f00000000 activeThreads=4 dma=19274423 gif=139476 gsw=0 vif=18
[WaitSema:wake] tid=4 sid=9 ret=9 count=0
[p4:wake-pre] sid=9 consumed=1
[WaitSema:wake] tid=4 sid=9 ret=9 count=0
[SignalSema] tid=-1 sid=10 count=0->1 ret=10
[p4:wake-pre] sid=9 consumed=1
[WaitSema:block] tid=4 sid=9 pc=0x10eca0 ra=0x14a9d0
[SignalSema] tid=-1 sid=10 count=0->1 ret=10
[WaitSema:wake] tid=4 sid=9 ret=9 count=0
[run:tick] tick=214440 pc=0x151910 ra=0x151910 sp=0x1ff7f60 gp=0x22c0f0 dispfb1=0x1400 display1=0x1bf27f00000000 activeThreads=4 dma=19285543 gif=139556 gsw=0 vif=18
[SignalSema] tid=-1 sid=10 count=0->1 ret=10
[p4:vbl] ticks=214500\n[p4:isig] sid=9
[p4:wake-pre] sid=9 consumed=1
[SignalSema] tid=-1 sid=10 count=0->1 ret=10
[WaitSema:wake] tid=4 sid=9 ret=9 count=0
[SignalSema] tid=-1 sid=10 count=0->1 ret=10
[p4:wake-pre] sid=9 consumed=1
[SignalSema] tid=-1 sid=10 count=0->1 ret=10
[WaitSema:wake] tid=4 sid=9 ret=9 count=0
[SignalSema] tid=-1 sid=10 count=0->1 ret=10
[run:tick] tick=214560 pc=0x151910 ra=0x151910 sp=0x1ff7f60 gp=0x22c0f0 dispfb1=0x1400 display1=0x1bf27f00000000 activeThreads=4 dma=19296246 gif=139633 gsw=0 vif=18
[SignalSema] tid=-1 sid=10 count=0->1 ret=10
[p4:wake-pre] sid=9 consumed=1
[WaitSema:wake] tid=4 sid=9 ret=9 count=0
[SignalSema] tid=-1 sid=10 count=0->1 ret=10
[SignalSema] tid=-1 sid=10 count=0->1 ret=10
[WaitSema:block] tid=4 sid=9 pc=0x10eca0 ra=0x14a9d0
[p4:wake-pre] sid=9 consumed=1
[WaitSema:wake] tid=4 sid=9 ret=9 count=0
[SignalSema] tid=-1 sid=10 count=0->1 ret=10
[SignalSema] tid=-1 sid=10 count=0->1 ret=10
[run:tick] tick=214680 pc=0x10f1d0 ra=0x10f1c4 sp=0x1ff7ef0 gp=0x22c0f0 dispfb1=0x1400 display1=0x1bf27f00000000 activeThreads=4 dma=19307363 gif=139712 gsw=0 vif=18
[WaitSema:wake] tid=4 sid=9 ret=9 count=0
[p4:wake-pre] sid=9 consumed=1
[SignalSema] tid=-1 sid=10 count=0->1 ret=10
[SignalSema] tid=-1 sid=10 count=0->1 ret=10
[p4:wake-pre] sid=9 consumed=1
[WaitSema:wake] tid=4 sid=9 ret=9 count=0
[SignalSema] tid=-1 sid=10 count=0->1 ret=10
[p4:vbl] ticks=214800\n[p4:isig] sid=9
[SignalSema] tid=-1 sid=10 count=0->1 ret=10
[p4:wake-pre] sid=9 consumed=1
[WaitSema:wake] tid=4 sid=9 ret=9 count=0
[SignalSema] tid=-1 sid=10 count=0->1 ret=10
[run:tick] tick=214800 pc=0x151910 ra=0x151910 sp=0x1ff7f60 gp=0x22c0f0 dispfb1=0x1400 display1=0x1bf27f00000000 activeThreads=4 dma=19318069 gif=139790 gsw=0 vif=18
[SignalSema] tid=-1 sid=10 count=0->1 ret=10
[WaitSema:wake] tid=4 sid=9 ret=9 count=0
[p4:wake-pre] sid=9 consumed=1
[SignalSema] tid=-1 sid=10 count=0->1 ret=10
[WaitSema:block] tid=4 sid=9 pc=0x10eca0 ra=0x14a9d0
[SignalSema] tid=-1 sid=10 count=0->1 ret=10
[WaitSema:wake] tid=4 sid=9 ret=9 count=0
[SignalSema] tid=-1 sid=10 count=0->1 ret=10
[p4:wake-pre] sid=9 consumed=1
[run:tick] tick=214920 pc=0x151910 ra=0x151910 sp=0x1ff7f60 gp=0x22c0f0 dispfb1=0x1400 display1=0x1bf27f00000000 activeThreads=4 dma=19328772 gif=139867 gsw=0 vif=18
[SignalSema] tid=-1 sid=10 count=0->1 ret=10
[WaitSema:wake] tid=4 sid=9 ret=9 count=0
[SignalSema] tid=-1 sid=10 count=0->1 ret=10
[p4:wake-pre] sid=9 consumed=1
[SignalSema] tid=-1 sid=10 count=0->1 ret=10
[WaitSema:wake] tid=4 sid=9 ret=9 count=0
[SignalSema] tid=-1 sid=10 count=0->1 ret=10
[p4:wake-pre] sid=9 consumed=1
[SignalSema] tid=-1 sid=10 count=0->1 ret=10
[WaitSema:wake] tid=4 sid=9 ret=9 count=0
[run:tick] tick=215040 pc=0x151910 ra=0x151910 sp=0x1ff7f60 gp=0x22c0f0 dispfb1=0x1400 display1=0x1bf27f00000000 activeThreads=4 dma=19339475 gif=139944 gsw=0 vif=18
[SignalSema] tid=-1 sid=10 count=0->1 ret=10
[p4:vbl] ticks=215100\n[p4:isig] sid=9
[WaitSema:block] tid=4 sid=9 pc=0x10eca0 ra=0x14a9d0
[SignalSema] tid=-1 sid=10 count=0->1 ret=10
[p4:wake-pre] sid=9 consumed=1
[WaitSema:wake] tid=4 sid=9 ret=9 count=0
[SignalSema] tid=-1 sid=10 count=0->1 ret=10
[SignalSema] tid=-1 sid=10 count=0->1 ret=10
[p4:wake-pre] sid=9 consumed=1
[WaitSema:wake] tid=4 sid=9 ret=9 count=0
[SignalSema] tid=-1 sid=10 count=0->1 ret=10
[run:tick] tick=215160 pc=0x10f1d0 ra=0x10f1c4 sp=0x1ff7ef0 gp=0x22c0f0 dispfb1=0x1400 display1=0x1bf27f00000000 activeThreads=4 dma=19351148 gif=140027 gsw=0 vif=18
[SignalSema] tid=-1 sid=10 count=0->1 ret=10
[p4:wake-pre] sid=9 consumed=1
[WaitSema:wake] tid=4 sid=9 ret=9 count=0
[SignalSema] tid=-1 sid=10 count=0->1 ret=10
[SignalSema] tid=-1 sid=10 count=0->1 ret=10
[WaitSema:wake] tid=4 sid=9 ret=9 count=0
[p4:wake-pre] sid=9 consumed=1
[SignalSema] tid=-1 sid=10 count=0->1 ret=10
[SignalSema] tid=-1 sid=10 count=0->1 ret=10
[run:tick] tick=215280 pc=0x10f1d0 ra=0x10f1c4 sp=0x1ff7ef0 gp=0x22c0f0 dispfb1=0x1400 display1=0x1bf27f00000000 activeThreads=4 dma=19362268 gif=140107 gsw=0 vif=18
[WaitSema:wake] tid=4 sid=9 ret=9 count=0
[p4:wake-pre] sid=9 consumed=1
[SignalSema] tid=-1 sid=10 count=0->1 ret=10
[WaitSema:block] tid=4 sid=9 pc=0x10eca0 ra=0x14a9d0
[SignalSema] tid=-1 sid=10 count=0->1 ret=10
[WaitSema:wake] tid=4 sid=9 ret=9 count=0
[p4:wake-pre] sid=9 consumed=1
[p4:vbl] ticks=215400\n[p4:isig] sid=9
[SignalSema] tid=-1 sid=10 count=0->1 ret=10
[SignalSema] tid=-1 sid=10 count=0->1 ret=10
[WaitSema:wake] tid=4 sid=9 ret=9 count=0
[SignalSema] tid=-1 sid=10 count=0->1 ret=10
[run:tick] tick=215400 pc=0x151910 ra=0x151910 sp=0x1ff7f60 gp=0x22c0f0 dispfb1=0x1400 display1=0x1bf27f00000000 activeThreads=4 dma=19373669 gif=140190 gsw=0 vif=18
[p4:wake-pre] sid=9 consumed=1
[SignalSema] tid=-1 sid=10 count=0->1 ret=10
[WaitSema:wake] tid=4 sid=9 ret=9 count=0
[SignalSema] tid=-1 sid=10 count=0->1 ret=10
[p4:wake-pre] sid=9 consumed=1
[SignalSema] tid=-1 sid=10 count=0->1 ret=10
[WaitSema:wake] tid=4 sid=9 ret=9 count=0
[SignalSema] tid=-1 sid=10 count=0->1 ret=10
[p4:wake-pre] sid=9 consumed=1
[WaitSema:block] tid=4 sid=9 pc=0x10eca0 ra=0x14a9d0
[run:tick] tick=215520 pc=0x151910 ra=0x151910 sp=0x1ff7f60 gp=0x22c0f0 dispfb1=0x1400 display1=0x1bf27f00000000 activeThreads=4 dma=19384511 gif=140268 gsw=0 vif=18
[SignalSema] tid=-1 sid=10 count=0->1 ret=10
[WaitSema:wake] tid=4 sid=9 ret=9 count=0
[SignalSema] tid=-1 sid=10 count=0->1 ret=10
[p4:wake-pre] sid=9 consumed=1
[SignalSema] tid=-1 sid=10 count=0->1 ret=10
[WaitSema:wake] tid=4 sid=9 ret=9 count=0
[SignalSema] tid=-1 sid=10 count=0->1 ret=10
[frame:upload] idx=69069 tick=215654 displayFbp=0 sourceFbp=0 size=640x448 preferred=0
[frame:upload] idx=69070 tick=215658 displayFbp=70 sourceFbp=70 size=640x448 preferred=0
[SignalSema] tid=-1 sid=10 count=0->1 ret=10
[frame:upload] idx=69074 tick=215671 displayFbp=0 sourceFbp=0 size=640x448 preferred=0
[frame:upload] idx=69075 tick=215675 displayFbp=70 sourceFbp=70 size=640x448 preferred=0
[p4:wake-pre] sid=9 consumed=1
[WaitSema:wake] tid=4 sid=9 ret=9 count=0
[frame:upload] idx=69076 tick=215677 displayFbp=0 sourceFbp=0 size=640x448 preferred=0
[frame:upload] idx=69077 tick=215679 displayFbp=70 sourceFbp=70 size=640x448 preferred=0
[run:tick] tick=215640 pc=0x151910 ra=0x151910 sp=0x1ff7f60 gp=0x22c0f0 dispfb1=0x1400 display1=0x1bf27f00000000 activeThreads=4 dma=19395214 gif=140345 gsw=0 vif=18
[frame:upload] idx=69080 tick=215687 displayFbp=0 sourceFbp=0 size=640x448 preferred=0
[SignalSema] tid=-1 sid=10 count=0->1 ret=10
[frame:upload] idx=69081 tick=215691 displayFbp=70 sourceFbp=70 size=640x448 preferred=0
[frame:upload] idx=69082 tick=215693 displayFbp=0 sourceFbp=0 size=640x448 preferred=0
[frame:upload] idx=69083 tick=215695 displayFbp=70 sourceFbp=70 size=640x448 preferred=0
[frame:upload] idx=69084 tick=215699 displayFbp=0 sourceFbp=0 size=640x448 preferred=0
[p4:vbl] ticks=215700\n[p4:isig] sid=9
[frame:upload] idx=69085 tick=215703 displayFbp=70 sourceFbp=70 size=640x448 preferred=0
[frame:upload] idx=69087 tick=215710 displayFbp=0 sourceFbp=0 size=640x448 preferred=0
[frame:upload] idx=69088 tick=215712 displayFbp=70 sourceFbp=70 size=640x448 preferred=0
[SignalSema] tid=-1 sid=10 count=0->1 ret=10
[frame:upload] idx=69089 tick=215714 displayFbp=0 sourceFbp=0 size=640x448 preferred=0
[frame:upload] idx=69090 tick=215716 displayFbp=70 sourceFbp=70 size=640x448 preferred=0
[frame:upload] idx=69092 tick=215723 displayFbp=0 sourceFbp=0 size=640x448 preferred=0
[WaitSema:wake] tid=4 sid=9 ret=9 count=0
[frame:upload] idx=69094 tick=215728 displayFbp=70 sourceFbp=70 size=640x448 preferred=0
[frame:upload] idx=69095 tick=215732 displayFbp=0 sourceFbp=0 size=640x448 preferred=0
[p4:wake-pre] sid=9 consumed=1
[SignalSema] tid=-1 sid=10 count=0->1 ret=10
[frame:upload] idx=69097 tick=215739 displayFbp=70 sourceFbp=70 size=640x448 preferred=0
[frame:upload] idx=69098 tick=215741 displayFbp=0 sourceFbp=0 size=640x448 preferred=0
[frame:upload] idx=69099 tick=215743 displayFbp=70 sourceFbp=70 size=640x448 preferred=0
[frame:upload] idx=69100 tick=215745 displayFbp=0 sourceFbp=0 size=640x448 preferred=0
[frame:upload] idx=69101 tick=215747 displayFbp=70 sourceFbp=70 size=640x448 preferred=0
[frame:upload] idx=69102 tick=215749 displayFbp=0 sourceFbp=0 size=640x448 preferred=0
[frame:upload] idx=69103 tick=215751 displayFbp=70 sourceFbp=70 size=640x448 preferred=0
[frame:upload] idx=69104 tick=215753 displayFbp=0 sourceFbp=0 size=640x448 preferred=0
[frame:upload] idx=69105 tick=215757 displayFbp=70 sourceFbp=70 size=640x448 preferred=0
[frame:upload] idx=69106 tick=215759 displayFbp=0 sourceFbp=0 size=640x448 preferred=0
[SignalSema] tid=-1 sid=10 count=0->1 ret=10
[frame:upload] idx=69107 tick=215765 displayFbp=70 sourceFbp=70 size=640x448 preferred=0
[frame:upload] idx=69109 tick=215770 displayFbp=0 sourceFbp=0 size=640x448 preferred=0
[frame:upload] idx=69110 tick=215773 displayFbp=70 sourceFbp=70 size=640x448 preferred=0
[WaitSema:wake] tid=4 sid=9 ret=9 count=0
[frame:upload] idx=69111 tick=215776 displayFbp=0 sourceFbp=0 size=640x448 preferred=0
[frame:upload] idx=69112 tick=215778 displayFbp=70 sourceFbp=70 size=640x448 preferred=0
[frame:upload] idx=69113 tick=215780 displayFbp=0 sourceFbp=0 size=640x448 preferred=0
[frame:upload] idx=69114 tick=215785 displayFbp=70 sourceFbp=70 size=640x448 preferred=0
[WaitSema:block] tid=4 sid=9 pc=0x10eca0 ra=0x14a9d0
[SignalSema] tid=-1 sid=10 count=0->1 ret=10
[frame:upload] idx=69116 tick=215790 displayFbp=0 sourceFbp=0 size=640x448 preferred=0
[p4:wake-pre] sid=9 consumed=1
[frame:upload] idx=69117 tick=215792 displayFbp=70 sourceFbp=70 size=640x448 preferred=0
[frame:upload] idx=69119 tick=215797 displayFbp=0 sourceFbp=0 size=640x448 preferred=0
[run:tick] tick=215760 pc=0x151910 ra=0x151910 sp=0x1ff7f60 gp=0x22c0f0 dispfb1=0x1400 display1=0x1bf27f00000000 activeThreads=4 dma=19405639 gif=140420 gsw=0 vif=18
[SignalSema] tid=-1 sid=10 count=0->1 ret=10
[frame:upload] idx=69125 tick=215818 displayFbp=70 sourceFbp=70 size=640x448 preferred=0
[WaitSema:wake] tid=4 sid=9 ret=9 count=0
[frame:upload] idx=69129 tick=215830 displayFbp=0 sourceFbp=0 size=640x448 preferred=0
[frame:upload] idx=69131 tick=215835 displayFbp=70 sourceFbp=70 size=640x448 preferred=0
[frame:upload] idx=69132 tick=215837 displayFbp=0 sourceFbp=0 size=640x448 preferred=0
[p4:wake-pre] sid=9 consumed=1
[SignalSema] tid=-1 sid=10 count=0->1 ret=10
[frame:upload] idx=69135 tick=215846 displayFbp=70 sourceFbp=70 size=640x448 preferred=0
[frame:upload] idx=69136 tick=215849 displayFbp=0 sourceFbp=0 size=640x448 preferred=0
[frame:upload] idx=69137 tick=215852 displayFbp=70 sourceFbp=70 size=640x448 preferred=0
[frame:upload] idx=69139 tick=215858 displayFbp=0 sourceFbp=0 size=640x448 preferred=0
[SignalSema] tid=-1 sid=10 count=0->1 ret=10
[frame:upload] idx=69143 tick=215874 displayFbp=70 sourceFbp=70 size=640x448 preferred=0
[WaitSema:wake] tid=4 sid=9 ret=9 count=0
[frame:upload] idx=69146 tick=215882 displayFbp=0 sourceFbp=0 size=640x448 preferred=0
[frame:upload] idx=69147 tick=215884 displayFbp=70 sourceFbp=70 size=640x448 preferred=0
[frame:upload] idx=69148 tick=215886 displayFbp=0 sourceFbp=0 size=640x448 preferred=0
[SignalSema] tid=-1 sid=10 count=0->1 ret=10
[frame:upload] idx=69151 tick=215896 displayFbp=70 sourceFbp=70 size=640x448 preferred=0
[p4:wake-pre] sid=9 consumed=1
[frame:upload] idx=69153 tick=215902 displayFbp=0 sourceFbp=0 size=640x448 preferred=0
[frame:upload] idx=69154 tick=215907 displayFbp=70 sourceFbp=70 size=640x448 preferred=0
[p4:isig] sid=9
[p4:isig] sid=10
[p4:isig] sid=9
[p4:isig] sid=10
[p4:isig] sid=9
[p4:isig] sid=10
[p4:isig] sid=9
[p4:isig] sid=10
[p4:isig] sid=9
[p4:isig] sid=10
[p4:isig] sid=9
[p4:isig] sid=10
[p4:isig] sid=9
[p4:isig] sid=10
[SignalSema] tid=-1 sid=10 count=0->1 ret=10
[frame:upload] idx=69156 tick=215913 displayFbp=0 sourceFbp=0 size=640x448 preferred=0
[p4:isig] sid=9
[p4:isig] sid=10
[p4:isig] sid=9
[p4:isig] sid=10
[frame:upload] idx=69157 tick=215916 displayFbp=70 sourceFbp=70 size=640x448 preferred=0
[p4:isig] sid=9
[p4:isig] sid=10
[p4:isig] sid=9
[p4:isig] sid=10
[frame:upload] idx=69158 tick=215918 displayFbp=0 sourceFbp=0 size=640x448 preferred=0
[p4:isig] sid=9
[p4:isig] sid=10
[p4:isig] sid=9
[p4:isig] sid=10
[p4:isig] sid=9
[p4:isig] sid=10
[p4:isig] sid=9
[p4:isig] sid=10
[p4:isig] sid=9
[p4:isig] sid=10
[p4:isig] sid=9
[p4:isig] sid=10
[p4:isig] sid=9
[p4:isig] sid=10
[p4:isig] sid=9
[p4:isig] sid=10
[run:tick] tick=215880 pc=0x10f1d0 ra=0x10f1c4 sp=0x1ff7ef0 gp=0x22c0f0 dispfb1=0x1400 display1=0x1bf27f00000000 activeThreads=4 dma=19416756 gif=140499 gsw=0 vif=18
[WaitSema:wake] tid=4 sid=9 ret=9 count=0
[frame:upload] idx=69161 tick=215926 displayFbp=70 sourceFbp=70 size=640x448 preferred=0
[p4:isig] sid=9
[p4:isig] sid=10
[p4:isig] sid=9
[p4:isig] sid=10
[p4:isig] sid=9
[p4:isig] sid=10
[p4:isig] sid=9
[p4:isig] sid=10
[p4:isig] sid=9
[p4:isig] sid=10
[frame:upload] idx=69162 tick=215931 displayFbp=0 sourceFbp=0 size=640x448 preferred=0
[p4:isig] sid=9
[p4:isig] sid=10
[p4:isig] sid=9
[frame:upload] idx=69163 tick=215932 displayFbp=70 sourceFbp=70 size=640x448 preferred=0
[p4:isig] sid=10
[p4:isig] sid=9
[p4:isig] sid=10
[p4:isig] sid=9
[p4:isig] sid=10
[p4:isig] sid=9
[p4:isig] sid=10
[p4:isig] sid=9
[p4:isig] sid=10
