# ---------------------------------------------------------------
# Trimmed for publication by tools/export_logs.py.
# Per-tag census of the ORIGINAL file (kept / total):
#   [p4:isig]                  120 /  76,564
#   [frame:upload]             120 /   3,720
#   [SignalSema]               120 /   1,595
#   [p4:wake-pre]              120 /   1,212
#   (untagged)                 120 /   1,198
#   [WaitSema:wake]            120 /     865
#   [WaitSema:block]           120 /     343
#   [run:tick]                 120 /     183
#   [gs:reg]                   120 /     128
#   [p4:vbl]                   120 /     127
#   [gs:kick]                   96 /      96
#   [p4:malloc]                 64 /      64
#   [p4:new2]                   64 /      64
#   [gs:copy-reg]               64 /      64
#   [gs:prim]                   64 /      64
#   [gs:packed-xyz]             64 /      64
#   [gs:gif]                    47 /      47
#   [gzmfs]                     46 /      46
#   [mc]                        42 /      42
#   [p4:EndOfHeap]              36 /      36
#   [gs:copy-prim]              32 /      32
#   [CreateSema]                23 /      23
#   [sceSifSetDma:CALL]         23 /      23
#   [sceSifSetDma:DESC]         23 /      23
#   [p4:sm]                     20 /      20
#   [p4:alarm]                  16 /      16
#   [p4:hdl]                    16 /      16
#   [Deci2Call:kputs]           13 /      13
#   [p4:alias]                  12 /      12
#   [SyscallOverride:fallback]      11 /      11
#   [SifCallRpc]                10 /      10
#   [padread]                   10 /      10
#   [p4:rd1]                     6 /       6
#   [Deci2Call:send]             4 /       4
#   [p4:ld]                      4 /       4
#   [CreateThread]               2 /       2
#   [StartThread]                2 /       2
#   [EnableIntc]                 2 /       2
#   [IoPaths]                    1 /       1
#   [SetupHeap]                  1 /       1
#   [gs:texa]                    1 /       1
#   [dispatch:hle-leaf-ret]       1 /       1
# Nothing is silently removed; every elision is marked inline.
# ---------------------------------------------------------------

Using argv boot path
INFO: Initializing raylib 5.5
INFO: Platform backend: DESKTOP (GLFW)
INFO: Supported raylib modules:
INFO:     > rcore:..... loaded (mandatory)
INFO:     > rlgl:...... loaded (mandatory)
INFO:     > rshapes:... loaded (optional)
INFO:     > rtextures:. loaded (optional)
INFO:     > rtext:..... loaded (optional)
INFO:     > rmodels:... loaded (optional)
INFO:     > raudio:.... loaded (optional)
INFO: DISPLAY: Device initialized successfully
INFO:     > Display size: 2560 x 1080
INFO:     > Screen size:  640 x 448
INFO:     > Render size:  640 x 448
INFO:     > Viewport offsets: 0, 0
INFO: GLAD: OpenGL extensions loaded successfully
INFO: GL: Supported extensions count: 392
INFO: GL: OpenGL device information:
INFO:     > Vendor:   NVIDIA Corporation
INFO:     > Renderer: NVIDIA GeForce GTX 1050 Ti/PCIe/SSE2
INFO:     > Version:  3.3.0 NVIDIA 581.42
INFO:     > GLSL:     3.30 NVIDIA via Cg compiler
INFO: GL: VAO extension detected, VAO functions loaded successfully
INFO: GL: NPOT textures extension detected, full NPOT textures supported
INFO: GL: DXT compressed textures supported
INFO: GL: ETC2/EAC compressed textures supported
INFO: PLATFORM: DESKTOP (GLFW - Win32): Initialized successfully
INFO: TEXTURE: [ID 1] Texture loaded successfully (1x1 | R8G8B8A8 | 1 mipmaps)
INFO: TEXTURE: [ID 1] Default texture loaded successfully
INFO: SHADER: [ID 1] Vertex shader compiled successfully
INFO: SHADER: [ID 2] Fragment shader compiled successfully
INFO: SHADER: [ID 3] Program shader loaded successfully
INFO: SHADER: [ID 3] Default shader loaded successfully
INFO: RLGL: Render batch vertex buffers loaded successfully in RAM (CPU)
INFO: RLGL: Render batch vertex buffers loaded successfully in VRAM (GPU)
INFO: RLGL: Default OpenGL state initialized successfully
INFO: TEXTURE: [ID 2] Texture loaded successfully (128x128 | GRAY_ALPHA | 1 mipmaps)
INFO: FONT: Default font loaded successfully (224 glyphs)
INFO: SYSTEM: Working Directory: <path>
INFO: AUDIO: Device initialized successfully
INFO:     > Backend:       miniaudio | WASAPI
INFO:     > Format:        32-bit IEEE Floating Point -> 32-bit IEEE Floating Point
INFO:     > Channels:      2 -> 2
INFO:     > Sample rate:   48000 -> 48000
INFO:     > Periods size:  1440
INFO: TIMER: Target time per frame: 16.667 milliseconds
[IoPaths] cdImage = <path> segment: 0x100000 - 0xc29100 (filesz: 0x124880, memsz: 0xb29100)
Registered code region: 100000 - c29100[game_overrides] applying 'WoS SIF/CDVD HLE'[game_overrides] applied 1 matching override(s).ELF file loaded successfully. Entry point: 0x100008Starting execution at address 0x100008INFO: TEXTURE: [ID 3] Texture loaded successfully (640x512 | R8G8B8A8 | 1 mipmaps)
INFO: TEXTURE: [ID 4] Texture loaded successfully (512x128 | R8G8B8A8 | 1 mipmaps)
[SetupHeap] base=0xc29100 alignedBase=0xc29100 size=0xffffffff runtimeBase=0xc29100 runtimeEnd=0xc29100
[CreateSema] id=1 init=1 max=1[CreateSema] id=2 init=1 max=1[Syscall83:override] handler=0x117808 invoked=true pc=0x117844 ra=0x11787c a0=0x117808 a1=0x117808 a2=0x100000 a3=0x224b00 guestRet=0x8001218c builtinRet=0x0 guest-20c=0x80011f80 builtin-20c=0x0 guest-168=0x80012024 builtin-168=0x0 match=false
[SyscallOverride:fallback] syscall=0x5b handler=0x80076000 pc=0x10f9bc ra=0x10fa68
[SyscallOverride:fallback] syscall=0x5b handler=0x80076000 pc=0x10f9bc ra=0x10fa68
[SyscallOverride:fallback] syscall=0x5b handler=0x80076000 pc=0x10f9bc ra=0x10fa68
[SyscallOverride:fallback] syscall=0x5b handler=0x80076000 pc=0x10f9bc ra=0x10fa68
[SyscallOverride:fallback] syscall=0x5b handler=0x80076000 pc=0x10f9bc ra=0x10fa68
[SyscallOverride:fallback] syscall=0x5b handler=0x80076000 pc=0x10f9bc ra=0x10fa68
[CreateSema] id=3 init=0 max=255[CreateThread] id=2 entry=0x10faa0 stack=0x224e80 size=0x400 gp=0x22c0f0 prio=1
[SyscallOverride:fallback] syscall=0x5b handler=0x80075000 pc=0x116ffc ra=0x117098
[SyscallOverride:fallback] syscall=0x5b handler=0x80075000 pc=0x[StartThread] id=2 entry=0x10faa0 sp=0x225280 gp=0x22c0f0 arg=0x225288
116ffc ra=0x117098
[SyscallOverride:fallback] syscall=0x5b handler=0x80075000 pc=0x116ffc ra=0x117098
[SyscallOverride:fallback] syscall=0x5b handler=0x80075000 pc=0x116ffc ra=0x117098
[SyscallOverride:fallback] syscall=0x5b handler=0x80075000 pc=0x116ffc ra=0x117098
[p4:malloc] size=0x072d4ef0 ra=0x00133618
[p4:EndOfHeap] ret=0x01f00000 brk=0x00c29100 a0=0x072d4f10 ra=0x0010f3b8
[p4:malloc] size=0x012d4ef0 ra=0x00133630
[p4:EndOfHeap] ret=0x01f00000 brk=0x00c29100 a0=0x012d4f10 ra=0x0010f3b8
[p4:EndOfHeap] ret=0x01f00000 brk=0x01efe010 a0=0x00000ff0 ra=0x0010f3b8
[p4:EndOfHeap] ret=0x01f00000 brk=0x01eff000 a0=0x00000000 ra=0x0010f3b8
[p4:EndOfHeap] ret=0x01f00000 brk=0x01eff000 a0=0xfed2b000 ra=0x0010f3b8
[WaitSema:wake] tid=1 sid=1 ret=1 count=0
[SignalSema] tid=1 sid=1 count=0->1 ret=1
[WaitSema:wake] tid=1 sid=1 ret=1 count=0
[SignalSema] tid=1 sid=1 count=0->1 ret=1
[WaitSema:wake] tid=1 sid=1 ret=1 count=0
[SignalSema] tid=1 sid=1 count=0->1 ret=1
[WaitSema:wake] tid=1 sid=1 ret=1 count=0
[SignalSema] tid=1 sid=1 count=0->1 ret=1
[WaitSema:wake] tid=1 sid=1 ret=1 count=0
[SignalSema] tid=1 sid=1 count=0->1 ret=1
[WaitSema:block] tid=2 sid=3 pc=0x10eca0 ra=0x10fae8
[WaitSema:wake] tid=1 sid=1 ret=1 count=0
[SignalSema] tid=1 sid=1 count=0->1 ret=1
[WaitSema:wake] tid=1 sid=1 ret=1 count=0
[SignalSema] tid=1 sid=1 count=0->1 ret=1
[WaitSema:wake] tid=1 sid=1 ret=1 count=0
[SignalSema] tid=1 sid=1 count=0->1 ret=1
[WaitSema:wake] tid=1 sid=1 ret=1 count=0
[SignalSema] tid=1 sid=1 count=0->1 ret=1
[WaitSema:wake] tid=1 sid=1 ret=1 count=0
[SignalSema] tid=1 sid=1 count=0->1 ret=1
[WaitSema:wake] tid=1 sid=1 ret=1 count=0
[SignalSema] tid=1 sid=1 count=0->1 ret=1
[WaitSema:wake] tid=1 sid=1 ret=1 count=0
[SignalSema] tid=1 sid=1 count=0->1 ret=1
[WaitSema:wake] tid=1 sid=1 ret=1 count=0
[SignalSema] tid=1 sid=1 count=0->1 ret=1
[Deci2Call:send] ......EH....InitHeap Done

[p4:alias] target=0x001548c0 owner=0x001548b0 (unexported inner call)
[p4:alias] target=0x001548c8 owner=0x001548b0 (unexported inner call)
[Deci2Call:kputs] CdVdInit----------
[Deci2Call:kputs]   DEV:[CD-ROM]
[Deci2Call:kputs]   PATH:[\]
[Deci2Call:kputs] IOP Replace:cdrom0:\IOP\MODULES\IOPRP243.IMG;1
[CreateSema] id=4 init=1 max=1[WaitSema:wake] tid=1 sid=4 ret=4 count=0
[CreateSema] id=5 init=1 max=1[CreateSema] id=6 init=1 max=1[WaitSema:wake] tid=1 sid=5 ret=5 count=0
[SignalSema] tid=1 sid=5 count=0->1 ret=5
[SifCallRpc] client=0x2288c0 sid=0x80000001 rpcNum=0xff mode=0x0 sendBuf=0x2275c0 recvBuf=0x228240 recvSize=0x4 size=4
[SignalSema] tid=1 sid=4 count=0->1 ret=4
[SIF module] load id=1 ref=1 path="cdrom0:\IOP\MODULES\SIO2MAN.IRX;1"
[Deci2Call:kputs] loading module [cdrom0:\IOP\MODULES\SIO2MAN.IRX;1]...done[1]
[SIF module] load id=2 ref=1 path="cdrom0:\IOP\MODULES\PADMAN.IRX;1"
[Deci2Call:kputs] loading module [cdrom0:\IOP\MODULES\PADMAN.IRX;1]...done[2]
[SIF module] load id=3 ref=1 path="cdrom0:\IOP\MODULES\MCMAN.IRX;1"
[Deci2Call:kputs] loading module [cdrom0:\IOP\MODULES\MCMAN.IRX;1]...done[3]
[SIF module] load id=4 ref=1 path="cdrom0:\IOP\MODULES\MCSERV.IRX;1"
[Deci2Call:kputs] loading module [cdrom0:\IOP\MODULES\MCSERV.IRX;1]...done[4]
[SIF module] load id=5 ref=1 path="cdrom0:\IOP\MODULES\LIBSD.IRX;1"
[Deci2Call:kputs] loading module [cdrom0:\IOP\MODULES\LIBSD.IRX;1]...done[5]
[SIF module] load id=6 ref=1 path="cdrom0:\IOP\MODULES\SDRDRV.IRX;1"
[Deci2Call:kputs] loading module [cdrom0:\IOP\MODULES\SDRDRV.IRX;1]...done[6]
[SIF module] load id=7 ref=1 path="cdrom0:\IOP\MODULES\GZMFS.IRX;1"
[Deci2Call:kputs] loading module [cdrom0:\IOP\MODULES\GZMFS.IRX;1]...done[7]
[p4:EndOfHeap] ret=0x01f00000 brk=0x00c2a000 a0=0x00005000 ra=0x0010f3b8
[p4:new2] size=0x00000040 ra=0x00100540
[p4:malloc] size=0x00000040 ra=0x001006bc
[p4:new2] size=0x00000018 ra=0x001b53e8
[p4:malloc] size=0x00000018 ra=0x001006bc
[p4:new2] size=0x00000018 ra=0x001b53e8
[p4:malloc] size=0x00000018 ra=0x001006bc
[p4:new2] size=0x00000070 ra=0x00100540
[p4:malloc] size=0x00000070 ra=0x001006bc
[SifCallRpc] client=0x22bd40 sid=0x80000701 rpcNum=0x8000 mode=0x0 sendBuf=0x22bd00 recvBuf=0x22bd00 recvSize=0x10 size=64
[SifCallRpc] client=0x22bd40 sid=0x80000701 rpcNum=0x8010 mode=0x0 sendBuf=0x22bd00 recvBuf=0x22bd00 recvSize=0x10 size=64
[SifCallRpc] client=0x22bd40 sid=0x80000701 rpcNum=0x8010 mode=0x0 sendBuf=0x22bd00 recvBuf=0x22bd00 recvSize=0x10 size=64
[SifCallRpc] client=0x22bd40 sid=0x80000701 rpcNum=0x8010 mode=0x0 sendBuf=0x22bd00 recvBuf=0x22bd00 recvSize=0x10 size=64
[SifCallRpc] client=0x22bd40 sid=0x80000701 rpcNum=0x8010 mode=0x0 sendBuf=0x22bd00 recvBuf=0x22bd00 recvSize=0x10 size=64
[SifCallRpc] client=0x22bd40 sid=0x80000701 rpcNum=0x8010 mode=0x0 sendBuf=0x22bd00 recvBuf=0x22bd00 recvSize=0x10 size=64
[SifCallRpc] client=0x22bd40 sid=0x80000701 rpcNum=0x8010 mode=0x0 sendBuf=0x22bd00 recvBuf=0x22bd00 recvSize=0x10 size=64
[SifCallRpc] client=0x22bd40 sid=0x80000701 rpcNum=0x8010 mode=0x0 sendBuf=0x22bd00 recvBuf=0x22bd00 recvSize=0x10 size=64
[SifCallRpc] client=0x22bd40 sid=0x80000701 rpcNum=0x8010 mode=0x0 sendBuf=0x22bd00 recvBuf=0x22bd00 recvSize=0x10 size=64
[CreateSema] id=7 init=0 max=1[WaitSema:wake] tid=1 sid=1 ret=1 count=0
[SignalSema] tid=1 sid=1 count=0->1 ret=1
[CreateThread] id=3 entry=0x1b4a80 stack=0xc296a0 size=0x4000 gp=0x22c0f0 prio=10
[WaitSema:wake] tid=1 sid=1 ret=1 count=0
[SignalSema] tid=1 sid=1 count=0->1 ret=1
[WaitSema:wake] tid=1 sid=1 ret=1 count=0
[SignalSema] tid=1 sid=1 count=0->1 ret=1
[WaitSema:wake] tid=1 sid=1 ret=1 count=0
[SignalSema] tid=1 sid=1 count=0->1 ret=1
[WaitSema:wake] tid=1 sid=1 ret=1 count=0
[SignalSema] tid=1 sid=1 count=0->1 ret=1
[StartThread] id=3 entry=0x1b4a80 sp=0xc2d6a0 gp=0x22c0f0 arg=0xc26e00
[EnableIntc] cause=3[WaitSema:block] tid=3 sid=7 pc=0x10eca0 ra=0x1b4a9c
[Deci2Call:kputs] Init File System Begin
[p4:new2] size=0x00000160 ra=0x001b5df4
[p4:malloc] size=0x00000160 ra=0x001006bc
[gzmfs] OPEN fd=0 '\VOLUME.DAT;1' -> '<path>' size=132314355
[p4:sm] poll n=1 obj=0x00c253e8 ra=0x001b5e54
[p4:EndOfHeap] ret=0x01f00000 brk=0x00c2f000 a0=0x00021000 ra=0x0010f3b8
[p4:rd1] FUN_001b5ca0 obj=0x00c253e8 dst=0x00c2d930 len=0x00020000 ra=0x0019a168
[p4:sm] poll n=2 obj=0x00c253e8 ra=0x001b5cfc
[gzmfs] READ fd=0 pos=0 len=131072 -> 131072 dst=0x00C2D930
[p4:alarm] n=1 id=1 handler=0x0011c570 arg=0x01ff7e48 *arg=8
[p4:hdl] 11c570 entry a2=0x01ff7e48
[p4:isig] sid=8
[p4:wake-pre] sid=8 consumed=1
[p4:sm] poll n=3 obj=0x00c253e8 ra=0x001b5d14
[p4:EndOfHeap] ret=0x01f00000 brk=0x00c50000 a0=0x00006000 ra=0x0010f3b8
[p4:EndOfHeap] ret=0x01f00000 brk=0x00c56000 a0=0x00006000 ra=0x0010f3b8
[WaitSema:wake] tid=1 sid=1 ret=1 count=0
[SignalSema] tid=1 sid=1 count=0->1 ret=1
[WaitSema:wake] tid=1 sid=1 ret=1 count=0
[SignalSema] tid=1 sid=1 count=0->1 ret=1
[CreateSema] id=8 init=0 max=1[SetAlarm] ticks=2 handler=0x11c570 arg=0x1ff7e48
[WaitSema:block] tid=1 sid=8 pc=0x10eca0 ra=0x11c530
[SignalSema] tid=1 sid=8 count=0->1 ret=8
[WaitSema:wake] tid=1 sid=8 ret=8 count=0
[WaitSema:wake] tid=1 sid=1 ret=1 count=0
[SignalSema] tid=1 sid=1 count=0->1 ret=1
[WaitSema:wake] tid=1 sid=1 ret=1 count=0
[SignalSema] tid=1 sid=1 count=0->1 ret=1
[WaitSema:wake] tid=1 sid=1 ret=1 count=0
[SignalSema] tid=1 sid=1 count=0->1 ret=1
[Deci2Call:kputs] Init File System Done
[p4:new2] size=0x00000520 ra=0x00152efc
[p4:malloc] size=0x00000520 ra=0x001006bc
[p4:new2] size=0x00000048 ra=0x0013a61c
[p4:malloc] size=0x00000048 ra=0x001006bc
[p4:new2] size=0x0000002c ra=0x0013a638
[p4:malloc] size=0x0000002c ra=0x001006bc
[p4:new2] size=0x00010000 ra=0x00100540
[p4:malloc] size=0x00010000 ra=0x001006bc
[p4:EndOfHeap] ret=0x01f00000 brk=0x00c5c000 a0=0x00011000 ra=0x0010f3b8
[p4:new2] size=0x00001400 ra=0x0013a654
[p4:malloc] size=0x00001400 ra=0x001006bc
[p4:new2] size=0x0000002c ra=0x0013a7cc
[p4:malloc] size=0x0000002c ra=0x001006bc
[WaitSema:wake] tid=1 sid=1 ret=1 count=0
[SignalSema] tid=1 sid=1 count=0->1 ret=1
PS2 GsPutIMR:  new=0x65280 a0_64=0x65280 a0_32=0x65280 a1_32=0x65536 pc=0x1109920 ra=0x1058620
PS2 GsSetCrt: interlaced=1, videoMode=2, frameMode=1
[WaitSema:wake] tid=1 sid=1 ret=1 count=0
[SignalSema] tid=1 sid=1 count=0->1 ret=1
[WaitSema:wake] tid=1 sid=1 ret=1 count=0
[SignalSema] tid=1 sid=1 count=0->1 ret=1
[WaitSema:wake] tid=1 sid=1 ret=1 count=0
[SignalSema] tid=1 sid=1 count=0->1 ret=1
[WaitSema:wake] tid=1 sid=1 ret=1 count=0
[SignalSema] tid=1 sid=1 count=0->1 ret=1
[WaitSema:wake] tid=1 sid=1 ret=1 count=0
[SignalSema] tid=1 sid=1 count=0->1 ret=1
[CreateSema] id=9 init=0 max=1[CreateSema] id=10 init=0 max=1[AddIntcHandler] cause=2 handler=0x13a450 arg=0x8000 gp=0x22c0f0 sp=0x1ff7f10 id=2
[p4:isig] sid=9
[p4:isig] sid=10
[EnableIntc] cause=2[gs:gif] idx=0 size=80 nloop=4 flg=0 nreg=1 ctx0fbp=0 ctx1fbp=0
[gs:reg] idx=0 reg=0x3b value=0x8000000080
[gs:texa] idx=0 value=0x8000000080 ta0=0x80 aem=0 ta1=0x80
[gs:reg] idx=1 reg=0x42 value=0x8000000044
[gs:gif] idx=1 size=32 nloop=1 flg=0 nreg=1 ctx0fbp=0 ctx1fbp=0
[gs:gif] idx=2 size=144 nloop=8 flg=0 nreg=1 ctx0fbp=0 ctx1fbp=0
[gs:reg] idx=2 reg=0x4c value=0x10a0000
[gs:reg] idx=3 reg=0x18 value=0x790000006c00
[gs:reg] idx=4 reg=0x40 value=0xdf0000027f0000
[gs:reg] idx=5 reg=0x47 value=0x5008b
[SignalSema] tid=-1 sid=9 count=0->1 ret=9
[SignalSema] tid=-1 sid=10 count=0->1 ret=10
[gs:gif] idx=3 size=32 nloop=1 flg=0 nreg=1 ctx0fbp=0 ctx1fbp=0
[gs:reg] idx=6 reg=0x47 value=0x30003
[gs:gif] idx=4 size=96 nloop=1 flg=1 nreg=2 ctx0fbp=0 ctx1fbp=0
[gs:reg] idx=7 reg=0x6 value=0x0
[gs:reg] idx=8 reg=0x0 value=0x146
[gs:copy-reg] reg=0x0 value=0x146 primCtxt=0 ctx0fbp=0 ctx1fbp=0
[gs:reg] idx=9 reg=0x3 value=0x0
[gs:reg] idx=10 reg=0x1 value=0x80000000
[gs:reg] idx=11 reg=0x5 value=0x79006c00
[gs:kick] idx=0 drawing=1 prim=6 vtxCount=1
[gs:reg] idx=12 reg=0x3 value=0x0
[gs:reg] idx=13 reg=0x1 value=0x80000000
[gs:reg] idx=14 reg=0x5 value=0x87009400
[gs:kick] idx=1 drawing=1 prim=6 vtxCount=2
[gs:prim] idx=0 type=6 tme=0 abe=1 fst=1 ctxt=0 fbp=0 fbw=10 psm=0x1 tex0=(tbp0=0 tbw=0 psm=0x0 tw=0 th=0 tcc=0 tfx=0 cbp=0 cpsm=0x0 csm=0 csa=0) texclut=(cbw=0 cou=0 cov=0) ofx=1728 ofy=1936 scissor=(0,0)-(639,223) test=0x30003 alpha=0x8000000044 v0=(1728,1936) uv0=(0,0) stq0=(0,0,1) v1=(2368,2160) uv1=(0,0) stq1=(0,0,1) v2=(0,0) uv2=(0,0) stq2=(0,0,0) rgba0=(0,0,0,128) rgba1=(0,0,0,128) rgba2=(0,0,0,0)
[p4:isig] sid=9
[p4:isig] sid=10
[gs:gif] idx=5 size=32 nloop=1 flg=0 nreg=1 ctx0fbp=0 ctx1fbp=0
[gs:reg] idx=15 reg=0x47 value=0x5008b
[gs:gif] idx=6 size=144 nloop=8 flg=0 nreg=1 ctx0fbp=0 ctx1fbp=0
[gs:reg] idx=16 reg=0x4c value=0x10a0046
[gs:reg] idx=17 reg=0x18 value=0x790800006c00
[gs:reg] idx=18 reg=0x40 value=0xdf0000027f0000
[gs:reg] idx=19 reg=0x47 value=0x5008b
[SignalSema] tid=-1 sid=9 count=0->1 ret=9
[SignalSema] tid=-1 sid=10 count=0->1 ret=10
[gs:gif] idx=7 size=32 nloop=1 flg=0 nreg=1 ctx0fbp=70 ctx1fbp=0
[gs:reg] idx=20 reg=0x47 value=0x30003
[gs:gif] idx=8 size=96 nloop=1 flg=1 nreg=2 ctx0fbp=70 ctx1fbp=0
[gs:reg] idx=21 reg=0x6 value=0x0
[gs:reg] idx=22 reg=0x0 value=0x146
[gs:copy-reg] reg=0x0 value=0x146 primCtxt=0 ctx0fbp=70 ctx1fbp=0
[gs:reg] idx=23 reg=0x3 value=0x1
[gs:reg] idx=24 reg=0x1 value=0x80000000
[gs:reg] idx=25 reg=0x5 value=0x79006c00
[gs:kick] idx=2 drawing=1 prim=6 vtxCount=1
[gs:reg] idx=26 reg=0x3 value=0x0
[gs:reg] idx=27 reg=0x1 value=0x80000000
[gs:reg] idx=28 reg=0x5 value=0x87009400
[gs:kick] idx=3 drawing=1 prim=6 vtxCount=2
[gs:prim] idx=1 type=6 tme=0 abe=1 fst=1 ctxt=0 fbp=70 fbw=10 psm=0x1 tex0=(tbp0=0 tbw=0 psm=0x0 tw=0 th=0 tcc=0 tfx=0 cbp=0 cpsm=0x0 csm=0 csa=0) texclut=(cbw=0 cou=0 cov=0) ofx=1728 ofy=1936 scissor=(0,0)-(639,223) test=0x30003 alpha=0x8000000044 v0=(1728,1936) uv0=(0,0) stq0=(0,0,1) v1=(2368,2160) uv1=(0,0) stq1=(0,0,1) v2=(0,0) uv2=(0,0) stq2=(0,0,0) rgba0=(0,0,0,128) rgba1=(0,0,0,128) rgba2=(0,0,0,0)
[p4:isig] sid=9
[p4:isig] sid=10
[gs:gif] idx=9 size=32 nloop=1 flg=0 nreg=1 ctx0fbp=70 ctx1fbp=0
[gs:reg] idx=29 reg=0x47 value=0x5008b
[gs:gif] idx=10 size=144 nloop=8 flg=0 nreg=1 ctx0fbp=70 ctx1fbp=0
[gs:reg] idx=30 reg=0x4c value=0x10a0000
[gs:reg] idx=31 reg=0x18 value=0x790800006c00
[gs:reg] idx=32 reg=0x40 value=0xdf0000027f0000
[gs:reg] idx=33 reg=0x47 value=0x5008b
[SignalSema] tid=-1 sid=9 count=0->1 ret=9
[SignalSema] tid=-1 sid=10 count=0->1 ret=10
[gs:gif] idx=11 size=32 nloop=1 flg=0 nreg=1 ctx0fbp=0 ctx1fbp=0
[gs:reg] idx=34 reg=0x47 value=0x30003
[gs:gif] idx=12 size=96 nloop=1 flg=1 nreg=2 ctx0fbp=0 ctx1fbp=0
[gs:reg] idx=35 reg=0x6 value=0x0
[gs:reg] idx=36 reg=0x0 value=0x146
[gs:copy-reg] reg=0x0 value=0x146 primCtxt=0 ctx0fbp=0 ctx1fbp=0
[gs:reg] idx=37 reg=0x3 value=0x2
[gs:reg] idx=38 reg=0x1 value=0x80000000
[gs:reg] idx=39 reg=0x5 value=0x79006c00
[gs:kick] idx=4 drawing=1 prim=6 vtxCount=1
[gs:reg] idx=40 reg=0x3 value=0x0
[gs:reg] idx=41 reg=0x1 value=0x80000000
[gs:reg] idx=42 reg=0x5 value=0x87009400
[gs:kick] idx=5 drawing=1 prim=6 vtxCount=2
[gs:prim] idx=2 type=6 tme=0 abe=1 fst=1 ctxt=0 fbp=0 fbw=10 psm=0x1 tex0=(tbp0=0 tbw=0 psm=0x0 tw=0 th=0 tcc=0 tfx=0 cbp=0 cpsm=0x0 csm=0 csa=0) texclut=(cbw=0 cou=0 cov=0) ofx=1728 ofy=1936 scissor=(0,0)-(639,223) test=0x30003 alpha=0x8000000044 v0=(1728,1936) uv0=(0,0) stq0=(0,0,1) v1=(2368,2160) uv1=(0,0) stq1=(0,0,1) v2=(0,0) uv2=(0,0) stq2=(0,0,0) rgba0=(0,0,0,128) rgba1=(0,0,0,128) rgba2=(0,0,0,0)
[p4:isig] sid=9
[p4:isig] sid=10
[gs:gif] idx=13 size=32 nloop=1 flg=0 nreg=1 ctx0fbp=0 ctx1fbp=0
[gs:reg] idx=43 reg=0x47 value=0x5008b
[gs:gif] idx=14 size=144 nloop=8 flg=0 nreg=1 ctx0fbp=0 ctx1fbp=0
[gs:reg] idx=44 reg=0x4c value=0x10a0046
[gs:reg] idx=45 reg=0x18 value=0x790800006c00
[gs:reg] idx=46 reg=0x40 value=0xdf0000027f0000
[gs:reg] idx=47 reg=0x47 value=0x5008b
[SignalSema] tid=-1 sid=9 count=0->1 ret=9
[SignalSema] tid=-1 sid=10 count=0->1 ret=10
[gs:gif] idx=15 size=32 nloop=1 flg=0 nreg=1 ctx0fbp=70 ctx1fbp=0
[gs:reg] idx=48 reg=0x47 value=0x30003
[gs:gif] idx=16 size=96 nloop=1 flg=1 nreg=2 ctx0fbp=70 ctx1fbp=0
[gs:reg] idx=49 reg=0x6 value=0x0
[gs:reg] idx=50 reg=0x0 value=0x146
[gs:copy-reg] reg=0x0 value=0x146 primCtxt=0 ctx0fbp=70 ctx1fbp=0
[gs:reg] idx=51 reg=0x3 value=0x3
[gs:reg] idx=52 reg=0x1 value=0x80000000
[gs:reg] idx=53 reg=0x5 value=0x79006c00
[gs:kick] idx=6 drawing=1 prim=6 vtxCount=1
[gs:reg] idx=54 reg=0x3 value=0x0
[gs:reg] idx=55 reg=0x1 value=0x80000000
[gs:reg] idx=56 reg=0x5 value=0x87009400
[gs:kick] idx=7 drawing=1 prim=6 vtxCount=2
[gs:prim] idx=3 type=6 tme=0 abe=1 fst=1 ctxt=0 fbp=70 fbw=10 psm=0x1 tex0=(tbp0=0 tbw=0 psm=0x0 tw=0 th=0 tcc=0 tfx=0 cbp=0 cpsm=0x0 csm=0 csa=0) texclut=(cbw=0 cou=0 cov=0) ofx=1728 ofy=1936 scissor=(0,0)-(639,223) test=0x30003 alpha=0x8000000044 v0=(1728,1936) uv0=(0,0) stq0=(0,0,1) v1=(2368,2160) uv1=(0,0) stq1=(0,0,1) v2=(0,0) uv2=(0,0) stq2=(0,0,0) rgba0=(0,0,0,128) rgba1=(0,0,0,128) rgba2=(0,0,0,0)
[p4:isig] sid=9
[p4:isig] sid=10
[gs:gif] idx=17 size=32 nloop=1 flg=0 nreg=1 ctx0fbp=70 ctx1fbp=0
[gs:reg] idx=57 reg=0x47 value=0x5008b
[gs:gif] idx=18 size=144 nloop=8 flg=0 nreg=1 ctx0fbp=70 ctx1fbp=0
[gs:reg] idx=58 reg=0x4c value=0x10a0000
[gs:reg] idx=59 reg=0x18 value=0x790800006c00
        ... [8 more [gs:reg] lines elided by export_logs.py] ...
[SignalSema] tid=-1 sid=9 count=0->1 ret=9
[SignalSema] tid=-1 sid=10 count=0->1 ret=10
[gs:gif] idx=19 size=32 nloop=1 flg=0 nreg=1 ctx0fbp=0 ctx1fbp=0
[gs:gif] idx=20 size=96 nloop=1 flg=1 nreg=2 ctx0fbp=0 ctx1fbp=0
[gs:copy-reg] reg=0x0 value=0x146 primCtxt=0 ctx0fbp=0 ctx1fbp=0
[gs:kick] idx=8 drawing=1 prim=6 vtxCount=1
[gs:reg] idx=68 reg=0x3 value=0x0
[gs:reg] idx=69 reg=0x1 value=0x80000000
[gs:reg] idx=70 reg=0x5 value=0x87009400
[gs:kick] idx=9 drawing=1 prim=6 vtxCount=2
[gs:prim] idx=4 type=6 tme=0 abe=1 fst=1 ctxt=0 fbp=0 fbw=10 psm=0x1 tex0=(tbp0=0 tbw=0 psm=0x0 tw=0 th=0 tcc=0 tfx=0 cbp=0 cpsm=0x0 csm=0 csa=0) texclut=(cbw=0 cou=0 cov=0) ofx=1728 ofy=1936 scissor=(0,0)-(639,223) test=0x30003 alpha=0x8000000044 v0=(1728,1936) uv0=(0,0) stq0=(0,0,1) v1=(2368,2160) uv1=(0,0) stq1=(0,0,1) v2=(0,0) uv2=(0,0) stq2=(0,0,0) rgba0=(0,0,0,128) rgba1=(0,0,0,128) rgba2=(0,0,0,0)
[p4:isig] sid=9
[p4:isig] sid=10
[gs:gif] idx=21 size=32 nloop=1 flg=0 nreg=1 ctx0fbp=0 ctx1fbp=0
[gs:reg] idx=71 reg=0x47 value=0x5008b
[gs:gif] idx=22 size=144 nloop=8 flg=0 nreg=1 ctx0fbp=0 ctx1fbp=0
[gs:reg] idx=72 reg=0x4c value=0x10a0046
[gs:reg] idx=73 reg=0x18 value=0x790800006c00
[gs:reg] idx=74 reg=0x40 value=0xdf0000027f0000
[gs:reg] idx=75 reg=0x47 value=0x5008b
[SignalSema] tid=-1 sid=9 count=0->1 ret=9
[SignalSema] tid=-1 sid=10 count=0->1 ret=10
[gs:gif] idx=23 size=32 nloop=1 flg=0 nreg=1 ctx0fbp=70 ctx1fbp=0
[gs:reg] idx=76 reg=0x47 value=0x30003
[gs:gif] idx=24 size=96 nloop=1 flg=1 nreg=2 ctx0fbp=70 ctx1fbp=0
[gs:reg] idx=77 reg=0x6 value=0x0
[gs:reg] idx=78 reg=0x0 value=0x146
[gs:copy-reg] reg=0x0 value=0x146 primCtxt=0 ctx0fbp=70 ctx1fbp=0
[gs:reg] idx=79 reg=0x3 value=0x5
[gs:reg] idx=80 reg=0x1 value=0x80000000
[gs:reg] idx=81 reg=0x5 value=0x79006c00
[gs:kick] idx=10 drawing=1 prim=6 vtxCount=1
[gs:reg] idx=82 reg=0x3 value=0x0
[gs:reg] idx=83 reg=0x1 value=0x80000000
[gs:reg] idx=84 reg=0x5 value=0x87009400
[gs:kick] idx=11 drawing=1 prim=6 vtxCount=2
[gs:prim] idx=5 type=6 tme=0 abe=1 fst=1 ctxt=0 fbp=70 fbw=10 psm=0x1 tex0=(tbp0=0 tbw=0 psm=0x0 tw=0 th=0 tcc=0 tfx=0 cbp=0 cpsm=0x0 csm=0 csa=0) texclut=(cbw=0 cou=0 cov=0) ofx=1728 ofy=1936 scissor=(0,0)-(639,223) test=0x30003 alpha=0x8000000044 v0=(1728,1936) uv0=(0,0) stq0=(0,0,1) v1=(2368,2160) uv1=(0,0) stq1=(0,0,1) v2=(0,0) uv2=(0,0) stq2=(0,0,0) rgba0=(0,0,0,128) rgba1=(0,0,0,128) rgba2=(0,0,0,0)
[p4:isig] sid=9
[p4:isig] sid=10
[gs:gif] idx=25 size=32 nloop=1 flg=0 nreg=1 ctx0fbp=70 ctx1fbp=0
[gs:reg] idx=85 reg=0x47 value=0x5008b
[gs:gif] idx=26 size=144 nloop=8 flg=0 nreg=1 ctx0fbp=70 ctx1fbp=0
[gs:reg] idx=86 reg=0x4c value=0x10a0000
[gs:reg] idx=87 reg=0x18 value=0x790800006c00
[gs:reg] idx=88 reg=0x40 value=0xdf0000027f0000
[gs:reg] idx=89 reg=0x47 value=0x5008b
[SignalSema] tid=-1 sid=9 count=0->1 ret=9
[SignalSema] tid=-1 sid=10 count=0->1 ret=10
[gs:gif] idx=27 size=32 nloop=1 flg=0 nreg=1 ctx0fbp=0 ctx1fbp=0
[gs:reg] idx=90 reg=0x47 value=0x30003
[gs:gif] idx=28 size=96 nloop=1 flg=1 nreg=2 ctx0fbp=0 ctx1fbp=0
[gs:reg] idx=91 reg=0x6 value=0x0
[gs:reg] idx=92 reg=0x0 value=0x146
[gs:copy-reg] reg=0x0 value=0x146 primCtxt=0 ctx0fbp=0 ctx1fbp=0
[gs:reg] idx=93 reg=0x3 value=0x6
[gs:reg] idx=94 reg=0x1 value=0x80000000
[gs:reg] idx=95 reg=0x5 value=0x79006c00
[gs:kick] idx=12 drawing=1 prim=6 vtxCount=1
[gs:reg] idx=96 reg=0x3 value=0x0
[gs:reg] idx=97 reg=0x1 value=0x80000000
[gs:reg] idx=98 reg=0x5 value=0x87009400
[gs:kick] idx=13 drawing=1 prim=6 vtxCount=2
[gs:prim] idx=6 type=6 tme=0 abe=1 fst=1 ctxt=0 fbp=0 fbw=10 psm=0x1 tex0=(tbp0=0 tbw=0 psm=0x0 tw=0 th=0 tcc=0 tfx=0 cbp=0 cpsm=0x0 csm=0 csa=0) texclut=(cbw=0 cou=0 cov=0) ofx=1728 ofy=1936 scissor=(0,0)-(639,223) test=0x30003 alpha=0x8000000044 v0=(1728,1936) uv0=(0,0) stq0=(0,0,1) v1=(2368,2160) uv1=(0,0) stq1=(0,0,1) v2=(0,0) uv2=(0,0) stq2=(0,0,0) rgba0=(0,0,0,128) rgba1=(0,0,0,128) rgba2=(0,0,0,0)
[p4:isig] sid=9
[p4:isig] sid=10
[p4:new2] size=0x0000002c ra=0x00149e80
[p4:malloc] size=0x0000002c ra=0x001006bc
[p4:ld] load obj=0x00c64e50 size=0x00000000 ra=0x00149ed4
[p4:new2] size=0x000200e0 ra=0x00100540
[p4:malloc] size=0x000200e0 ra=0x001006bc
[p4:EndOfHeap] ret=0x01f00000 brk=0x00c6d000 a0=0x00021000 ra=0x0010f3b8
[p4:rd1] FUN_001b5ca0 obj=0x00c253e8 dst=0x00c64e80 len=0x000200e0 ra=0x0019a1d4
[p4:sm] poll n=4 obj=0x00c253e8 ra=0x001b5cfc
[gzmfs] SEEK fd=0 off=49723392 whence=0 -> pos=49723392
[p4:alarm] n=2 id=2 handler=0x0011c570 arg=0x01ff7e18 *arg=11
[p4:hdl] 11c570 entry a2=0x01ff7e18
[p4:isig] sid=11
[p4:wake-pre] sid=11 consumed=1
[p4:sm] poll n=5 obj=0x00c253e8 ra=0x001b5d14
[p4:alarm] n=3 id=3 handler=0x0011c570 arg=0x01ff7e18 *arg=12
[p4:hdl] 11c570 entry a2=0x01ff7e18
[p4:isig] sid=12
[p4:wake-pre] sid=12 consumed=1
[p4:sm] poll n=6 obj=0x00c253e8 ra=0x001b5d14
[gzmfs] READ fd=0 pos=49723392 len=131296 -> 131296 dst=0x00C64E80
[p4:alarm] n=4 id=4 handler=0x0011c570 arg=0x01ff7e18 *arg=13
[p4:hdl] 11c570 entry a2=0x01ff7e18
[p4:isig] sid=13
[p4:wake-pre] sid=13 consumed=1
[p4:sm] poll n=7 obj=0x00c253e8 ra=0x001b5d14
[p4:new2] size=0x00000060 ra=0x00100540
[p4:malloc] size=0x00000060 ra=0x001006bc
[p4:new2] size=0x0000002c ra=0x00149f48
[p4:malloc] size=0x0000002c ra=0x001006bc
[p4:ld] load obj=0x00c64e50 size=0x00000000 ra=0x00149f9c
[p4:new2] size=0x00001a5c ra=0x00100540
[p4:malloc] size=0x00001a5c ra=0x001006bc
[p4:rd1] FUN_001b5ca0 obj=0x00c253e8 dst=0x00c2d930 len=0x00020000 ra=0x0019a168
[p4:sm] poll n=8 obj=0x00c253e8 ra=0x001b5cfc
[gzmfs] SEEK fd=0 off=49715200 whence=0 -> pos=49715200
[p4:alarm] n=5 id=5 handler=0x0011c570 arg=0x01ff7e18 *arg=14
[p4:hdl] 11c570 entry a2=0x01ff7e18
[p4:isig] sid=14
[p4:wake-pre] sid=14 consumed=1
[p4:sm] poll n=9 obj=0x00c253e8 ra=0x001b5d14
[p4:alarm] n=6 id=6 handler=0x0011c570 arg=0x01ff7e18 *arg=15
[p4:hdl] 11c570 entry a2=0x01ff7e18
[p4:isig] sid=15
[p4:wake-pre] sid=15 consumed=1
[p4:sm] poll n=10 obj=0x00c253e8 ra=0x001b5d14
[gzmfs] READ fd=0 pos=49715200 len=131072 -> 131072 dst=0x00C2D930
[p4:alarm] n=7 id=7 handler=0x0011c570 arg=0x01ff7e18 *arg=16
[p4:hdl] 11c570 entry a2=0x01ff7e18
[p4:isig] sid=16
[p4:wake-pre] sid=16 consumed=1
[p4:sm] poll n=11 obj=0x00c253e8 ra=0x001b5d14
[gs:gif] idx=29 size=32 nloop=1 flg=0 nreg=1 ctx0fbp=0 ctx1fbp=0
[gs:reg] idx=99 reg=0x47 value=0x5008b
[gs:gif] idx=30 size=144 nloop=8 flg=0 nreg=1 ctx0fbp=0 ctx1fbp=0
[gs:reg] idx=100 reg=0x4c value=0x10a0046
[gs:reg] idx=101 reg=0x18 value=0x790800006c00
[gs:reg] idx=102 reg=0x40 value=0xdf0000027f0000
[gs:reg] idx=103 reg=0x47 value=0x5008b
[SignalSema] tid=-1 sid=9 count=0->1 ret=9
[SignalSema] tid=-1 sid=10 count=0->1 ret=10
[WaitSema:wake] tid=1 sid=1 ret=1 count=0
[SignalSema] tid=1 sid=1 count=0->1 ret=1
[WaitSema:wake] tid=1 sid=1 ret=1 count=0
[SignalSema] tid=1 sid=1 count=0->1 ret=1
[CreateSema] id=11 init=0 max=1[SetAlarm] ticks=2 handler=0x11c570 arg=0x1ff7e18
[WaitSema:block] tid=1 sid=11 pc=0x10eca0 ra=0x11c530
[SignalSema] tid=1 sid=11 count=0->1 ret=11
[WaitSema:wake] tid=1 sid=11 ret=11 count=0
[CreateSema] id=12 init=0 max=1[SetAlarm] ticks=2 handler=0x11c570 arg=0x1ff7e18
[WaitSema:block] tid=1 sid=12 pc=0x10eca0 ra=0x11c530
[SignalSema] tid=1 sid=12 count=0->1 ret=12
[WaitSema:wake] tid=1 sid=12 ret=12 count=0
[CreateSema] id=13 init=0 max=1[SetAlarm] ticks=2 handler=0x11c570 arg=0x1ff7e18
[WaitSema:block] tid=1 sid=13 pc=0x10eca0 ra=0x11c530
[SignalSema] tid=1 sid=13 count=0->1 ret=13
[WaitSema:wake] tid=1 sid=13 ret=13 count=0
[WaitSema:wake] tid=1 sid=1 ret=1 count=0
[SignalSema] tid=1 sid=1 count=0->1 ret=1
[WaitSema:wake] tid=1 sid=1 ret=1 count=0
[SignalSema] tid=1 sid=1 count=0->1 ret=1
[WaitSema:wake] tid=1 sid=1 ret=1 count=0
[SignalSema] tid=1 sid=1 count=0->1 ret=1
[WaitSema:wake] tid=1 sid=1 ret=1 count=0
[SignalSema] tid=1 sid=1 count=0->1 ret=1
[WaitSema:wake] tid=1 sid=1 ret=1 count=0
[SignalSema] tid=1 sid=1 count=0->1 ret=1
[CreateSema] id=14 init=0 max=1[SetAlarm] ticks=2 handler=0x11c570 arg=0x1ff7e18
[WaitSema:block] tid=1 sid=14 pc=0x10eca0 ra=0x11c530
[SignalSema] tid=1 sid=14 count=0->1 ret=14
[WaitSema:wake] tid=1 sid=14 ret=14 count=0
[CreateSema] id=15 init=0 max=1[WaitSema:block] tid=1 sid=15 pc=0x10eca0 ra=0x11c530
[SignalSema] tid=1 sid=15 count=0->1 ret=15
[WaitSema:wake] tid=1 sid=15 ret=15 count=0
[CreateSema] id=16 init=0 max=1[WaitSema:block] tid=1 sid=16 pc=0x10eca0 ra=0x11c530
        ... [1,475 more [SignalSema] lines elided by export_logs.py] ...
[WaitSema:wake] tid=1 sid=16 ret=16 count=0
[WaitSema:wake] tid=1 sid=1 ret=1 count=0
[gs:gif] idx=31 size=32 nloop=1 flg=0 nreg=1 ctx0fbp=70 ctx1fbp=0
[gs:reg] idx=104 reg=0x47 value=0x30003
[gs:gif] idx=32 size=96 nloop=1 flg=1 nreg=2 ctx0fbp=70 ctx1fbp=0
[gs:reg] idx=105 reg=0x6 value=0x0
[gs:reg] idx=106 reg=0x0 value=0x146
[gs:copy-reg] reg=0x0 value=0x146 primCtxt=0 ctx0fbp=70 ctx1fbp=0
[gs:reg] idx=107 reg=0x3 value=0x7
[gs:reg] idx=108 reg=0x1 value=0x80000000
[gs:reg] idx=109 reg=0x5 value=0x79006c00
[gs:kick] idx=14 drawing=1 prim=6 vtxCount=1
[gs:reg] idx=110 reg=0x3 value=0x0
[gs:reg] idx=111 reg=0x1 value=0x80000000
[gs:reg] idx=112 reg=0x5 value=0x87009400
[gs:kick] idx=15 drawing=1 prim=6 vtxCount=2
[gs:prim] idx=7 type=6 tme=0 abe=1 fst=1 ctxt=0 fbp=70 fbw=10 psm=0x1 tex0=(tbp0=0 tbw=0 psm=0x0 tw=0 th=0 tcc=0 tfx=0 cbp=0 cpsm=0x0 csm=0 csa=0) texclut=(cbw=0 cou=0 cov=0) ofx=1728 ofy=1936 scissor=(0,0)-(639,223) test=0x30003 alpha=0x8000000044 v0=(1728,1936) uv0=(0,0) stq0=(0,0,1) v1=(2368,2160) uv1=(0,0) stq1=(0,0,1) v2=(0,0) uv2=(0,0) stq2=(0,0,0) rgba0=(0,0,0,128) rgba1=(0,0,0,128) rgba2=(0,0,0,0)
[p4:isig] sid=9
[p4:isig] sid=10
[p4:new2] size=0x00014700 ra=0x00100540
[p4:malloc] size=0x00014700 ra=0x001006bc
[p4:new2] size=0x00000030 ra=0x0014b994
[p4:malloc] size=0x00000030 ra=0x001006bc
[p4:new2] size=0x000002c0 ra=0x001e2548
[p4:malloc] size=0x000002c0 ra=0x001006bc
[mc] Init enter
[mc] Init exit
[mc] Sync idle -> -1
[mc] GetInfo port=0 slot=0 type=2 free=8192 fmt=1 result=0 fmtPtr=0x00C79820
[mc] GetInfo port=0 slot=0 type=2 free=8192 fmt=1 result=0 fmtPtr=0x00C79820
[p4:isig] sid=9
[p4:isig] sid=10
[gs:gif] idx=33 size=32 nloop=1 flg=0 nreg=1 ctx0fbp=70 ctx1fbp=0
[gs:reg] idx=113 reg=0x47 value=0x5008b
[gs:gif] idx=34 size=80 nloop=4 flg=0 nreg=1 ctx0fbp=70 ctx1fbp=0
[gs:reg] idx=114 reg=0x50 value=0x2c08000000000000
[gs:reg] idx=115 reg=0x51 value=0x0
[gs:reg] idx=116 reg=0x52 value=0x20000000200
[gs:reg] idx=117 reg=0x53 value=0x0
[gs:gif] idx=35 size=16 nloop=8192 flg=2 nreg=16 ctx0fbp=70 ctx1fbp=0
[gs:gif] idx=36 size=131088 nloop=8192 flg=2 nreg=16 ctx0fbp=70 ctx1fbp=0
[gs:gif] idx=37 size=80 nloop=4 flg=0 nreg=1 ctx0fbp=70 ctx1fbp=0
[gs:reg] idx=118 reg=0x50 value=0x3b4000000000
[gs:reg] idx=119 reg=0x51 value=0x0
[gs:reg] idx=120 reg=0x52 value=0x200000008
[gs:reg] idx=121 reg=0x53 value=0x0
[gs:gif] idx=38 size=16 nloop=4 flg=2 nreg=16 ctx0fbp=70 ctx1fbp=0
[gs:gif] idx=39 size=80 nloop=4 flg=2 nreg=16 ctx0fbp=70 ctx1fbp=0
[gs:gif] idx=40 size=80 nloop=4 flg=0 nreg=1 ctx0fbp=70 ctx1fbp=0
[gs:reg] idx=122 reg=0x50 value=0x3b4100000000
[gs:reg] idx=123 reg=0x51 value=0x0
[gs:reg] idx=124 reg=0x52 value=0x200000008
[gs:reg] idx=125 reg=0x53 value=0x0
[gs:gif] idx=41 size=16 nloop=4 flg=2 nreg=16 ctx0fbp=70 ctx1fbp=0
[gs:gif] idx=42 size=80 nloop=4 flg=2 nreg=16 ctx0fbp=70 ctx1fbp=0
[gs:gif] idx=43 size=80 nloop=4 flg=0 nreg=1 ctx0fbp=70 ctx1fbp=0
[gs:reg] idx=126 reg=0x50 value=0x2400000000000000
[gs:reg] idx=127 reg=0x51 value=0x0
[gs:gif] idx=44 size=80 nloop=4 flg=0 nreg=1 ctx0fbp=70 ctx1fbp=0
[gs:gif] idx=45 size=16 nloop=4 flg=2 nreg=16 ctx0fbp=70 ctx1fbp=0
[gs:gif] idx=46 size=80 nloop=4 flg=2 nreg=16 ctx0fbp=70 ctx1fbp=0
[gs:gif] idx=47 size=80 nloop=4 flg=0 nreg=1 ctx0fbp=70 ctx1fbp=0
[WaitSema:wake] tid=1 sid=1 ret=1 count=0
[WaitSema:wake] tid=1 sid=1 ret=1 count=0
[WaitSema:wake] tid=1 sid=1 ret=1 count=0
[WaitSema:wake] tid=1 sid=1 ret=1 count=0
[gs:copy-reg] reg=0x0 value=0x146 primCtxt=0 ctx0fbp=0 ctx1fbp=0
[gs:kick] idx=16 drawing=1 prim=6 vtxCount=1
[gs:kick] idx=17 drawing=1 prim=6 vtxCount=2
[gs:prim] idx=8 type=6 tme=0 abe=1 fst=1 ctxt=0 fbp=0 fbw=10 psm=0x1 tex0=(tbp0=0 tbw=0 psm=0x0 tw=0 th=0 tcc=0 tfx=0 cbp=0 cpsm=0x0 csm=0 csa=0) texclut=(cbw=0 cou=0 cov=0) ofx=1728 ofy=1936 scissor=(0,0)-(639,223) test=0x30003 alpha=0x8000000044 v0=(1728,1936) uv0=(0,0) stq0=(0,0,1) v1=(2368,2160) uv1=(0,0) stq1=(0,0,1) v2=(0,0) uv2=(0,0) stq2=(0,0,0) rgba0=(0,0,0,128) rgba1=(0,0,0,128) rgba2=(0,0,0,0)
[mc] GetDir port=0 slot=0 path='/BASLUS-20407/BASLUS-20407' maxent=8 table=0x00C795E0 result=-4 entries=0
[frame:upload] idx=0 tick=10 displayFbp=70 sourceFbp=70 size=640x448 preferred=0
[p4:isig] sid=9
[p4:isig] sid=10
[gs:copy-reg] reg=0x0 value=0x146 primCtxt=0 ctx0fbp=70 ctx1fbp=0
[gs:kick] idx=18 drawing=1 prim=6 vtxCount=1
[gs:kick] idx=19 drawing=1 prim=6 vtxCount=2
[gs:prim] idx=9 type=6 tme=0 abe=1 fst=1 ctxt=0 fbp=70 fbw=10 psm=0x1 tex0=(tbp0=0 tbw=0 psm=0x0 tw=0 th=0 tcc=0 tfx=0 cbp=0 cpsm=0x0 csm=0 csa=0) texclut=(cbw=0 cou=0 cov=0) ofx=1728 ofy=1936 scissor=(0,0)-(639,223) test=0x30003 alpha=0x8000000044 v0=(1728,1936) uv0=(176,8) stq0=(0,0,1) v1=(2368,2160) uv1=(0,0) stq1=(0,0,1) v2=(0,0) uv2=(0,0) stq2=(0,0,0) rgba0=(0,0,0,128) rgba1=(0,0,0,128) rgba2=(0,0,0,0)
[frame:upload] idx=1 tick=11 displayFbp=0 sourceFbp=0 size=640x448 preferred=0
[p4:isig] sid=9
[p4:isig] sid=10
[WaitSema:wake] tid=1 sid=1 ret=1 count=0
[WaitSema:wake] tid=1 sid=1 ret=1 count=0
[WaitSema:wake] tid=1 sid=1 ret=1 count=0
[gs:copy-reg] reg=0x0 value=0x146 primCtxt=0 ctx0fbp=0 ctx1fbp=0
[gs:kick] idx=20 drawing=1 prim=6 vtxCount=1
[gs:kick] idx=21 drawing=1 prim=6 vtxCount=2
[gs:prim] idx=10 type=6 tme=0 abe=1 fst=1 ctxt=0 fbp=0 fbw=10 psm=0x1 tex0=(tbp0=0 tbw=0 psm=0x0 tw=0 th=0 tcc=0 tfx=0 cbp=0 cpsm=0x0 csm=0 csa=0) texclut=(cbw=0 cou=0 cov=0) ofx=1728 ofy=1936 scissor=(0,0)-(639,223) test=0x30003 alpha=0x8000000044 v0=(1728,1936) uv0=(0,0) stq0=(0,0,1) v1=(2368,2160) uv1=(0,0) stq1=(0,0,1) v2=(0,0) uv2=(0,0) stq2=(0,0,0) rgba0=(0,0,0,128) rgba1=(0,0,0,128) rgba2=(0,0,0,0)
[p4:isig] sid=9
[p4:isig] sid=10
[gs:copy-reg] reg=0x0 value=0x146 primCtxt=0 ctx0fbp=70 ctx1fbp=0
[gs:kick] idx=22 drawing=1 prim=6 vtxCount=1
[gs:kick] idx=23 drawing=1 prim=6 vtxCount=2
[gs:prim] idx=11 type=6 tme=0 abe=1 fst=1 ctxt=0 fbp=70 fbw=10 psm=0x1 tex0=(tbp0=0 tbw=0 psm=0x0 tw=0 th=0 tcc=0 tfx=0 cbp=0 cpsm=0x0 csm=0 csa=0) texclut=(cbw=0 cou=0 cov=0) ofx=1728 ofy=1936 scissor=(0,0)-(639,223) test=0x30003 alpha=0x8000000044 v0=(1728,1936) uv0=(342,12) stq0=(0,0,1) v1=(2368,2160) uv1=(0,0) stq1=(0,0,1) v2=(0,0) uv2=(0,0) stq2=(0,0,0) rgba0=(0,0,0,128) rgba1=(0,0,0,128) rgba2=(0,0,0,0)
[gs:copy-reg] reg=0x0 value=0x146 primCtxt=0 ctx0fbp=0 ctx1fbp=0
[gs:kick] idx=24 drawing=1 prim=6 vtxCount=1
[gs:kick] idx=25 drawing=1 prim=6 vtxCount=2
[gs:prim] idx=12 type=6 tme=0 abe=1 fst=1 ctxt=0 fbp=0 fbw=10 psm=0x1 tex0=(tbp0=0 tbw=0 psm=0x0 tw=0 th=0 tcc=0 tfx=0 cbp=0 cpsm=0x0 csm=0 csa=0) texclut=(cbw=0 cou=0 cov=0) ofx=1728 ofy=1936 scissor=(0,0)-(639,223) test=0x30003 alpha=0x8000000044 v0=(1728,1936) uv0=(342,12) stq0=(0,0,1) v1=(2368,2160) uv1=(0,0) stq1=(0,0,1) v2=(0,0) uv2=(0,0) stq2=(0,0,0) rgba0=(0,0,0,128) rgba1=(0,0,0,128) rgba2=(0,0,0,0)
[p4:isig] sid=9
[p4:isig] sid=10
[p4:isig] sid=9
[p4:isig] sid=10
[gs:copy-reg] reg=0x0 value=0x146 primCtxt=0 ctx0fbp=70 ctx1fbp=0
[gs:kick] idx=26 drawing=1 prim=6 vtxCount=1
[gs:kick] idx=27 drawing=1 prim=6 vtxCount=2
[gs:prim] idx=13 type=6 tme=0 abe=1 fst=1 ctxt=0 fbp=70 fbw=10 psm=0x1 tex0=(tbp0=0 tbw=0 psm=0x0 tw=0 th=0 tcc=0 tfx=0 cbp=0 cpsm=0x0 csm=0 csa=0) texclut=(cbw=0 cou=0 cov=0) ofx=1728 ofy=1936 scissor=(0,0)-(639,223) test=0x30003 alpha=0x8000000044 v0=(1728,1936) uv0=(342,12) stq0=(0,0,1) v1=(2368,2160) uv1=(0,0) stq1=(0,0,1) v2=(0,0) uv2=(0,0) stq2=(0,0,0) rgba0=(0,0,0,128) rgba1=(0,0,0,128) rgba2=(0,0,0,0)
[p4:isig] sid=9
[p4:isig] sid=10
[gs:copy-reg] reg=0x0 value=0x146 primCtxt=0 ctx0fbp=0 ctx1fbp=0
[gs:kick] idx=28 drawing=1 prim=6 vtxCount=1
[gs:kick] idx=29 drawing=1 prim=6 vtxCount=2
[gs:prim] idx=14 type=6 tme=0 abe=1 fst=1 ctxt=0 fbp=0 fbw=10 psm=0x1 tex0=(tbp0=0 tbw=0 psm=0x0 tw=0 th=0 tcc=0 tfx=0 cbp=0 cpsm=0x0 csm=0 csa=0) texclut=(cbw=0 cou=0 cov=0) ofx=1728 ofy=1936 scissor=(0,0)-(639,223) test=0x30003 alpha=0x8000000044 v0=(1728,1936) uv0=(342,12) stq0=(0,0,1) v1=(2368,2160) uv1=(0,0) stq1=(0,0,1) v2=(0,0) uv2=(0,0) stq2=(0,0,0) rgba0=(0,0,0,128) rgba1=(0,0,0,128) rgba2=(0,0,0,0)
[p4:isig] sid=9
[p4:isig] sid=10
[gs:copy-reg] reg=0x0 value=0x146 primCtxt=0 ctx0fbp=70 ctx1fbp=0
[gs:kick] idx=30 drawing=1 prim=6 vtxCount=1
[gs:kick] idx=31 drawing=1 prim=6 vtxCount=2
[gs:prim] idx=15 type=6 tme=0 abe=1 fst=1 ctxt=0 fbp=70 fbw=10 psm=0x1 tex0=(tbp0=0 tbw=0 psm=0x0 tw=0 th=0 tcc=0 tfx=0 cbp=0 cpsm=0x0 csm=0 csa=0) texclut=(cbw=0 cou=0 cov=0) ofx=1728 ofy=1936 scissor=(0,0)-(639,223) test=0x30003 alpha=0x8000000044 v0=(1728,1936) uv0=(342,12) stq0=(0,0,1) v1=(2368,2160) uv1=(0,0) stq1=(0,0,1) v2=(0,0) uv2=(0,0) stq2=(0,0,0) rgba0=(0,0,0,128) rgba1=(0,0,0,128) rgba2=(0,0,0,0)
[gs:copy-reg] reg=0x0 value=0x146 primCtxt=0 ctx0fbp=0 ctx1fbp=0
[gs:kick] idx=32 drawing=1 prim=6 vtxCount=1
[gs:kick] idx=33 drawing=1 prim=6 vtxCount=2
[gs:prim] idx=16 type=6 tme=0 abe=1 fst=1 ctxt=0 fbp=0 fbw=10 psm=0x1 tex0=(tbp0=0 tbw=0 psm=0x0 tw=0 th=0 tcc=0 tfx=0 cbp=0 cpsm=0x0 csm=0 csa=0) texclut=(cbw=0 cou=0 cov=0) ofx=1728 ofy=1936 scissor=(0,0)-(639,223) test=0x30003 alpha=0x8000000044 v0=(1728,1936) uv0=(342,12) stq0=(0,0,1) v1=(2368,2160) uv1=(0,0) stq1=(0,0,1) v2=(0,0) uv2=(0,0) stq2=(0,0,0) rgba0=(0,0,0,128) rgba1=(0,0,0,128) rgba2=(0,0,0,0)
[p4:isig] sid=9
[p4:isig] sid=10
[p4:isig] sid=9
[p4:isig] sid=10
[gs:copy-reg] reg=0x0 value=0x146 primCtxt=0 ctx0fbp=70 ctx1fbp=0
[gs:kick] idx=34 drawing=1 prim=6 vtxCount=1
[gs:kick] idx=35 drawing=1 prim=6 vtxCount=2
[gs:prim] idx=17 type=6 tme=0 abe=1 fst=1 ctxt=0 fbp=70 fbw=10 psm=0x1 tex0=(tbp0=0 tbw=0 psm=0x0 tw=0 th=0 tcc=0 tfx=0 cbp=0 cpsm=0x0 csm=0 csa=0) texclut=(cbw=0 cou=0 cov=0) ofx=1728 ofy=1936 scissor=(0,0)-(639,223) test=0x30003 alpha=0x8000000044 v0=(1728,1936) uv0=(342,12) stq0=(0,0,1) v1=(2368,2160) uv1=(0,0) stq1=(0,0,1) v2=(0,0) uv2=(0,0) stq2=(0,0,0) rgba0=(0,0,0,128) rgba1=(0,0,0,128) rgba2=(0,0,0,0)
[p4:isig] sid=9
[p4:isig] sid=10
[p4:new2] size=0x0000002c ra=0x0014a3c4
[p4:malloc] size=0x0000002c ra=0x001006bc
[p4:ld] load obj=0x00c64e50 size=0x00000000 ra=0x0014a418
[p4:new2] size=0x00020430 ra=0x00100540
[p4:malloc] size=0x00020430 ra=0x001006bc
[p4:EndOfHeap] ret=0x01f00000 brk=0x00c8e000 a0=0x00021000 ra=0x0010f3b8
[p4:rd1] FUN_001b5ca0 obj=0x00c253e8 dst=0x00c86a40 len=0x00020430 ra=0x0019a1d4
[p4:sm] poll n=12 obj=0x00c253e8 ra=0x001b5cfc
[gzmfs] SEEK fd=0 off=90687488 whence=0 -> pos=90687488
[p4:alarm] n=8 id=8 handler=0x0011c570 arg=0x01ff7da8 *arg=17
[p4:hdl] 11c570 entry a2=0x01ff7da8
[p4:isig] sid=17
[p4:wake-pre] sid=17 consumed=1
[p4:sm] poll n=13 obj=0x00c253e8 ra=0x001b5d14
[p4:alarm] n=9 id=9 handler=0x0011c570 arg=0x01ff7da8 *arg=18
[p4:hdl] 11c570 entry a2=0x01ff7da8
[p4:isig] sid=18
[p4:wake-pre] sid=18 consumed=1
[p4:sm] poll n=14 obj=0x00c253e8 ra=0x001b5d14
[gzmfs] READ fd=0 pos=90687488 len=132144 -> 132144 dst=0x00C86A40
[p4:alarm] n=10 id=10 handler=0x0011c570 arg=0x01ff7da8 *arg=19
[p4:hdl] 11c570 entry a2=0x01ff7da8
[p4:isig] sid=19
[p4:wake-pre] sid=19 consumed=1
[p4:sm] poll n=15 obj=0x00c253e8 ra=0x001b5d14
[WaitSema:wake] tid=1 sid=1 ret=1 count=0
[WaitSema:wake] tid=1 sid=1 ret=1 count=0
[CreateSema] id=17 init=0 max=1[WaitSema:block] tid=1 sid=17 pc=0x10eca0 ra=0x11c530
[WaitSema:wake] tid=1 sid=17 ret=17 count=0
[CreateSema] id=18 init=0 max=1[WaitSema:block] tid=1 sid=18 pc=0x10eca0 ra=0x11c530
[WaitSema:wake] tid=1 sid=18 ret=18 count=0
[CreateSema] id=19 init=0 max=1[WaitSema:block] tid=1 sid=19 pc=0x10eca0 ra=0x11c530
[WaitSema:wake] tid=1 sid=19 ret=19 count=0
[WaitSema:wake] tid=1 sid=1 ret=1 count=0
[gs:copy-reg] reg=0x0 value=0x146 primCtxt=0 ctx0fbp=0 ctx1fbp=0
[gs:kick] idx=36 drawing=1 prim=6 vtxCount=1
[gs:kick] idx=37 drawing=1 prim=6 vtxCount=2
[gs:prim] idx=18 type=6 tme=0 abe=1 fst=1 ctxt=0 fbp=0 fbw=10 psm=0x1 tex0=(tbp0=0 tbw=0 psm=0x0 tw=0 th=0 tcc=0 tfx=0 cbp=0 cpsm=0x0 csm=0 csa=0) texclut=(cbw=0 cou=0 cov=0) ofx=1728 ofy=1936 scissor=(0,0)-(639,223) test=0x30003 alpha=0x8000000044 v0=(1728,1936) uv0=(342,12) stq0=(0,0,1) v1=(2368,2160) uv1=(0,0) stq1=(0,0,1) v2=(0,0) uv2=(0,0) stq2=(0,0,0) rgba0=(0,0,0,128) rgba1=(0,0,0,128) rgba2=(0,0,0,0)
[p4:isig] sid=9
[p4:isig] sid=10
[p4:malloc] size=0x00011ee0 ra=0x0014a818
[p4:sm] poll n=16 obj=0x00c253e8 ra=0x0014a8f0
[gzmfs] SEEK fd=0 off=131764224 whence=0 -> pos=131764224
[WaitSema:wake] tid=1 sid=1 ret=1 count=0
[WaitSema:wake] tid=1 sid=1 ret=1 count=0
[frame:upload] idx=2 tick=22 displayFbp=0 sourceFbp=0 size=640x448 preferred=0
[gs:copy-reg] reg=0x0 value=0x146 primCtxt=0 ctx0fbp=70 ctx1fbp=0
[gs:kick] idx=38 drawing=1 prim=6 vtxCount=1
[gs:kick] idx=39 drawing=1 prim=6 vtxCount=2
[gs:prim] idx=19 type=6 tme=0 abe=1 fst=1 ctxt=0 fbp=70 fbw=10 psm=0x1 tex0=(tbp0=0 tbw=0 psm=0x0 tw=0 th=0 tcc=0 tfx=0 cbp=0 cpsm=0x0 csm=0 csa=0) texclut=(cbw=0 cou=0 cov=0) ofx=1728 ofy=1936 scissor=(0,0)-(639,223) test=0x30003 alpha=0x8000000044 v0=(1728,1936) uv0=(676,12) stq0=(0,0,1) v1=(2368,2160) uv1=(0,0) stq1=(0,0,1) v2=(0,0) uv2=(0,0) stq2=(0,0,0) rgba0=(0,0,0,128) rgba1=(0,0,0,128) rgba2=(0,0,0,0)
[gs:copy-reg] reg=0x0 value=0x156 primCtxt=0 ctx0fbp=70 ctx1fbp=0
[gs:kick] idx=40 drawing=1 prim=6 vtxCount=1
[gs:kick] idx=41 drawing=1 prim=6 vtxCount=2
[gs:prim] idx=20 type=6 tme=1 abe=1 fst=1 ctxt=0 fbp=70 fbw=10 psm=0x1 tex0=(tbp0=6720 tbw=8 psm=0x13 tw=9 th=8 tcc=1 tfx=0 cbp=15172 cpsm=0x0 csm=0 csa=0) texclut=(cbw=0 cou=0 cov=0) ofx=1728 ofy=1936 scissor=(0,0)-(639,223) test=0x5008b alpha=0x8000000044 v0=(1808,1984) uv0=(0,0) stq0=(0,0,1) v1=(2288,2112) uv1=(480,256) stq1=(0,0,1) v2=(0,0) uv2=(0,0) stq2=(0,0,0) rgba0=(0,0,0,128) rgba1=(0,0,0,128) rgba2=(0,0,0,0)
[p4:isig] sid=9
[p4:isig] sid=10
[p4:isig] sid=9
[p4:isig] sid=10
[p4:sm] poll n=17 obj=0x00c253e8 ra=0x0014a8f0
[gs:copy-reg] reg=0x0 value=0x146 primCtxt=0 ctx0fbp=0 ctx1fbp=0
[gs:kick] idx=42 drawing=1 prim=6 vtxCount=1
[gs:kick] idx=43 drawing=1 prim=6 vtxCount=2
[gs:prim] idx=21 type=6 tme=0 abe=1 fst=1 ctxt=0 fbp=0 fbw=10 psm=0x1 tex0=(tbp0=0 tbw=0 psm=0x0 tw=0 th=0 tcc=0 tfx=0 cbp=0 cpsm=0x0 csm=0 csa=0) texclut=(cbw=0 cou=0 cov=0) ofx=1728 ofy=1936 scissor=(0,0)-(639,223) test=0x30003 alpha=0x8000000044 v0=(1728,1936) uv0=(676,12) stq0=(0,0,1) v1=(2368,2160) uv1=(0,0) stq1=(0,0,1) v2=(0,0) uv2=(0,0) stq2=(0,0,0) rgba0=(0,0,0,128) rgba1=(0,0,0,128) rgba2=(0,0,0,0)
[gs:copy-reg] reg=0x0 value=0x156 primCtxt=0 ctx0fbp=0 ctx1fbp=0
[gs:kick] idx=44 drawing=1 prim=6 vtxCount=1
[gs:kick] idx=45 drawing=1 prim=6 vtxCount=2
[gs:prim] idx=22 type=6 tme=1 abe=1 fst=1 ctxt=0 fbp=0 fbw=10 psm=0x1 tex0=(tbp0=6720 tbw=8 psm=0x13 tw=9 th=8 tcc=1 tfx=0 cbp=15172 cpsm=0x0 csm=0 csa=0) texclut=(cbw=0 cou=0 cov=0) ofx=1728 ofy=1936 scissor=(0,0)-(639,223) test=0x5008b alpha=0x8000000044 v0=(1808,1984) uv0=(0,0) stq0=(0,0,1) v1=(2288,2112) uv1=(480,256) stq1=(0,0,1) v2=(0,0) uv2=(0,0) stq2=(0,0,0) rgba0=(4,4,4,128) rgba1=(4,4,4,128) rgba2=(0,0,0,0)
[p4:isig] sid=9
[p4:isig] sid=10
[p4:sm] poll n=18 obj=0x00c253e8 ra=0x0014a8f0
[gzmfs] READ fd=0 pos=131764224 len=73440 -> 73440 dst=0x00C64E50
[gs:copy-reg] reg=0x0 value=0x146 primCtxt=0 ctx0fbp=70 ctx1fbp=0
[gs:kick] idx=46 drawing=1 prim=6 vtxCount=1
[gs:kick] idx=47 drawing=1 prim=6 vtxCount=2
[gs:prim] idx=23 type=6 tme=0 abe=1 fst=1 ctxt=0 fbp=70 fbw=10 psm=0x1 tex0=(tbp0=0 tbw=0 psm=0x0 tw=0 th=0 tcc=0 tfx=0 cbp=0 cpsm=0x0 csm=0 csa=0) texclut=(cbw=0 cou=0 cov=0) ofx=1728 ofy=1936 scissor=(0,0)-(639,223) test=0x30003 alpha=0x8000000044 v0=(1728,1936) uv0=(676,12) stq0=(0,0,1) v1=(2368,2160) uv1=(0,0) stq1=(0,0,1) v2=(0,0) uv2=(0,0) stq2=(0,0,0) rgba0=(0,0,0,128) rgba1=(0,0,0,128) rgba2=(0,0,0,0)
[gs:copy-reg] reg=0x0 value=0x156 primCtxt=0 ctx0fbp=70 ctx1fbp=0
[gs:kick] idx=48 drawing=1 prim=6 vtxCount=1
[gs:kick] idx=49 drawing=1 prim=6 vtxCount=2
[gs:prim] idx=24 type=6 tme=1 abe=1 fst=1 ctxt=0 fbp=70 fbw=10 psm=0x1 tex0=(tbp0=6720 tbw=8 psm=0x13 tw=9 th=8 tcc=1 tfx=0 cbp=15172 cpsm=0x0 csm=0 csa=0) texclut=(cbw=0 cou=0 cov=0) ofx=1728 ofy=1936 scissor=(0,0)-(639,223) test=0x5008b alpha=0x8000000044 v0=(1808,1984) uv0=(0,0) stq0=(0,0,1) v1=(2288,2112) uv1=(480,256) stq1=(0,0,1) v2=(0,0) uv2=(0,0) stq2=(0,0,0) rgba0=(8,8,8,128) rgba1=(8,8,8,128) rgba2=(0,0,0,0)
[p4:isig] sid=9
[p4:isig] sid=10
[p4:sm] poll n=19 obj=0x00c253e8 ra=0x0014a8f0
[gs:copy-reg] reg=0x0 value=0x146 primCtxt=0 ctx0fbp=0 ctx1fbp=0
[gs:kick] idx=50 drawing=1 prim=6 vtxCount=1
[gs:kick] idx=51 drawing=1 prim=6 vtxCount=2
[gs:prim] idx=25 type=6 tme=0 abe=1 fst=1 ctxt=0 fbp=0 fbw=10 psm=0x1 tex0=(tbp0=0 tbw=0 psm=0x0 tw=0 th=0 tcc=0 tfx=0 cbp=0 cpsm=0x0 csm=0 csa=0) texclut=(cbw=0 cou=0 cov=0) ofx=1728 ofy=1936 scissor=(0,0)-(639,223) test=0x30003 alpha=0x8000000044 v0=(1728,1936) uv0=(676,12) stq0=(0,0,1) v1=(2368,2160) uv1=(0,0) stq1=(0,0,1) v2=(0,0) uv2=(0,0) stq2=(0,0,0) rgba0=(0,0,0,128) rgba1=(0,0,0,128) rgba2=(0,0,0,0)
[gs:copy-reg] reg=0x0 value=0x156 primCtxt=0 ctx0fbp=0 ctx1fbp=0
[gs:kick] idx=52 drawing=1 prim=6 vtxCount=1
[gs:kick] idx=53 drawing=1 prim=6 vtxCount=2
[gs:prim] idx=26 type=6 tme=1 abe=1 fst=1 ctxt=0 fbp=0 fbw=10 psm=0x1 tex0=(tbp0=6720 tbw=8 psm=0x13 tw=9 th=8 tcc=1 tfx=0 cbp=15172 cpsm=0x0 csm=0 csa=0) texclut=(cbw=0 cou=0 cov=0) ofx=1728 ofy=1936 scissor=(0,0)-(639,223) test=0x5008b alpha=0x8000000044 v0=(1808,1984) uv0=(0,0) stq0=(0,0,1) v1=(2288,2112) uv1=(480,256) stq1=(0,0,1) v2=(0,0) uv2=(0,0) stq2=(0,0,0) rgba0=(12,12,12,128) rgba1=(12,12,12,128) rgba2=(0,0,0,0)
        ... [76,444 more [p4:isig] lines elided by export_logs.py] ...
[p4:malloc] size=0x00000140 ra=0x0014a8a4
[WaitSema:wake] tid=1 sid=1 ret=1 count=0
[gs:copy-reg] reg=0x0 value=0x146 primCtxt=0 ctx0fbp=70 ctx1fbp=0
[gs:kick] idx=54 drawing=1 prim=6 vtxCount=1
[gs:kick] idx=55 drawing=1 prim=6 vtxCount=2
[gs:prim] idx=27 type=6 tme=0 abe=1 fst=1 ctxt=0 fbp=70 fbw=10 psm=0x1 tex0=(tbp0=0 tbw=0 psm=0x0 tw=0 th=0 tcc=0 tfx=0 cbp=0 cpsm=0x0 csm=0 csa=0) texclut=(cbw=0 cou=0 cov=0) ofx=1728 ofy=1936 scissor=(0,0)-(639,223) test=0x30003 alpha=0x8000000044 v0=(1728,1936) uv0=(676,12) stq0=(0,0,1) v1=(2368,2160) uv1=(0,0) stq1=(0,0,1) v2=(0,0) uv2=(0,0) stq2=(0,0,0) rgba0=(0,0,0,128) rgba1=(0,0,0,128) rgba2=(0,0,0,0)
[gs:copy-reg] reg=0x0 value=0x156 primCtxt=0 ctx0fbp=70 ctx1fbp=0
[gs:kick] idx=56 drawing=1 prim=6 vtxCount=1
[gs:kick] idx=57 drawing=1 prim=6 vtxCount=2
[gs:prim] idx=28 type=6 tme=1 abe=1 fst=1 ctxt=0 fbp=70 fbw=10 psm=0x1 tex0=(tbp0=6720 tbw=8 psm=0x13 tw=9 th=8 tcc=1 tfx=0 cbp=15172 cpsm=0x0 csm=0 csa=0) texclut=(cbw=0 cou=0 cov=0) ofx=1728 ofy=1936 scissor=(0,0)-(639,223) test=0x5008b alpha=0x8000000044 v0=(1808,1984) uv0=(0,0) stq0=(0,0,1) v1=(2288,2112) uv1=(480,256) stq1=(0,0,1) v2=(0,0) uv2=(0,0) stq2=(0,0,0) rgba0=(16,16,16,128) rgba1=(16,16,16,128) rgba2=(0,0,0,0)
[p4:sm] poll n=20 obj=0x00c253e8 ra=0x0014a8f0
[gzmfs] SEEK fd=0 off=131837952 whence=0 -> pos=131837952
[gs:copy-reg] reg=0x0 value=0x146 primCtxt=0 ctx0fbp=0 ctx1fbp=0
[gs:kick] idx=58 drawing=1 prim=6 vtxCount=1
[gs:kick] idx=59 drawing=1 prim=6 vtxCount=2
[gs:prim] idx=29 type=6 tme=0 abe=1 fst=1 ctxt=0 fbp=0 fbw=10 psm=0x1 tex0=(tbp0=0 tbw=0 psm=0x0 tw=0 th=0 tcc=0 tfx=0 cbp=0 cpsm=0x0 csm=0 csa=0) texclut=(cbw=0 cou=0 cov=0) ofx=1728 ofy=1936 scissor=(0,0)-(639,223) test=0x30003 alpha=0x8000000044 v0=(1728,1936) uv0=(676,12) stq0=(0,0,1) v1=(2368,2160) uv1=(0,0) stq1=(0,0,1) v2=(0,0) uv2=(0,0) stq2=(0,0,0) rgba0=(0,0,0,128) rgba1=(0,0,0,128) rgba2=(0,0,0,0)
[gs:copy-reg] reg=0x0 value=0x156 primCtxt=0 ctx0fbp=0 ctx1fbp=0
[gs:kick] idx=60 drawing=1 prim=6 vtxCount=1
[gs:kick] idx=61 drawing=1 prim=6 vtxCount=2
[gs:prim] idx=30 type=6 tme=1 abe=1 fst=1 ctxt=0 fbp=0 fbw=10 psm=0x1 tex0=(tbp0=6720 tbw=8 psm=0x13 tw=9 th=8 tcc=1 tfx=0 cbp=15172 cpsm=0x0 csm=0 csa=0) texclut=(cbw=0 cou=0 cov=0) ofx=1728 ofy=1936 scissor=(0,0)-(639,223) test=0x5008b alpha=0x8000000044 v0=(1808,1984) uv0=(0,0) stq0=(0,0,1) v1=(2288,2112) uv1=(480,256) stq1=(0,0,1) v2=(0,0) uv2=(0,0) stq2=(0,0,0) rgba0=(20,20,20,128) rgba1=(20,20,20,128) rgba2=(0,0,0,0)
[gs:copy-reg] reg=0x0 value=0x146 primCtxt=0 ctx0fbp=70 ctx1fbp=0
[gs:kick] idx=62 drawing=1 prim=6 vtxCount=1
[gs:kick] idx=63 drawing=1 prim=6 vtxCount=2
[gs:prim] idx=31 type=6 tme=0 abe=1 fst=1 ctxt=0 fbp=70 fbw=10 psm=0x1 tex0=(tbp0=0 tbw=0 psm=0x0 tw=0 th=0 tcc=0 tfx=0 cbp=0 cpsm=0x0 csm=0 csa=0) texclut=(cbw=0 cou=0 cov=0) ofx=1728 ofy=1936 scissor=(0,0)-(639,223) test=0x30003 alpha=0x8000000044 v0=(1728,1936) uv0=(676,12) stq0=(0,0,1) v1=(2368,2160) uv1=(0,0) stq1=(0,0,1) v2=(0,0) uv2=(0,0) stq2=(0,0,0) rgba0=(0,0,0,128) rgba1=(0,0,0,128) rgba2=(0,0,0,0)
[gs:copy-reg] reg=0x0 value=0x156 primCtxt=0 ctx0fbp=70 ctx1fbp=0
[gs:kick] idx=64 drawing=1 prim=6 vtxCount=1
[gs:kick] idx=65 drawing=1 prim=6 vtxCount=2
[gs:prim] idx=32 type=6 tme=1 abe=1 fst=1 ctxt=0 fbp=70 fbw=10 psm=0x1 tex0=(tbp0=6720 tbw=8 psm=0x13 tw=9 th=8 tcc=1 tfx=0 cbp=15172 cpsm=0x0 csm=0 csa=0) texclut=(cbw=0 cou=0 cov=0) ofx=1728 ofy=1936 scissor=(0,0)-(639,223) test=0x5008b alpha=0x8000000044 v0=(1808,1984) uv0=(0,0) stq0=(0,0,1) v1=(2288,2112) uv1=(480,256) stq1=(0,0,1) v2=(0,0) uv2=(0,0) stq2=(0,0,0) rgba0=(24,24,24,128) rgba1=(24,24,24,128) rgba2=(0,0,0,0)
[gzmfs] READ fd=0 pos=131837952 len=320 -> 320 dst=0x00C76D40
[gs:copy-reg] reg=0x0 value=0x146 primCtxt=0 ctx0fbp=0 ctx1fbp=0
[gs:kick] idx=66 drawing=1 prim=6 vtxCount=1
[gs:kick] idx=67 drawing=1 prim=6 vtxCount=2
[gs:prim] idx=33 type=6 tme=0 abe=1 fst=1 ctxt=0 fbp=0 fbw=10 psm=0x1 tex0=(tbp0=0 tbw=0 psm=0x0 tw=0 th=0 tcc=0 tfx=0 cbp=0 cpsm=0x0 csm=0 csa=0) texclut=(cbw=0 cou=0 cov=0) ofx=1728 ofy=1936 scissor=(0,0)-(639,223) test=0x30003 alpha=0x8000000044 v0=(1728,1936) uv0=(676,12) stq0=(0,0,1) v1=(2368,2160) uv1=(0,0) stq1=(0,0,1) v2=(0,0) uv2=(0,0) stq2=(0,0,0) rgba0=(0,0,0,128) rgba1=(0,0,0,128) rgba2=(0,0,0,0)
[gs:copy-reg] reg=0x0 value=0x156 primCtxt=0 ctx0fbp=0 ctx1fbp=0
[gs:kick] idx=68 drawing=1 prim=6 vtxCount=1
[gs:kick] idx=69 drawing=1 prim=6 vtxCount=2
[gs:prim] idx=34 type=6 tme=1 abe=1 fst=1 ctxt=0 fbp=0 fbw=10 psm=0x1 tex0=(tbp0=6720 tbw=8 psm=0x13 tw=9 th=8 tcc=1 tfx=0 cbp=15172 cpsm=0x0 csm=0 csa=0) texclut=(cbw=0 cou=0 cov=0) ofx=1728 ofy=1936 scissor=(0,0)-(639,223) test=0x5008b alpha=0x8000000044 v0=(1808,1984) uv0=(0,0) stq0=(0,0,1) v1=(2288,2112) uv1=(480,256) stq1=(0,0,1) v2=(0,0) uv2=(0,0) stq2=(0,0,0) rgba0=(28,28,28,128) rgba1=(28,28,28,128) rgba2=(0,0,0,0)
[p4:new2] size=0x00000048 ra=0x0014a924
[p4:malloc] size=0x00000048 ra=0x001006bc
[p4:new2] size=0x00000b8c ra=0x0015f594
[p4:malloc] size=0x00000b8c ra=0x001006bc
[p4:new2] size=0x00000060 ra=0x00100540
[p4:malloc] size=0x00000060 ra=0x001006bc
[WaitSema:wake] tid=1 sid=1 ret=1 count=0
        ... [745 more [WaitSema:wake] lines elided by export_logs.py] ...
[gs:copy-reg] reg=0x0 value=0x146 primCtxt=0 ctx0fbp=70 ctx1fbp=0
[gs:kick] idx=70 drawing=1 prim=6 vtxCount=1
[gs:kick] idx=71 drawing=1 prim=6 vtxCount=2
[gs:prim] idx=35 type=6 tme=0 abe=1 fst=1 ctxt=0 fbp=70 fbw=10 psm=0x1 tex0=(tbp0=0 tbw=0 psm=0x0 tw=0 th=0 tcc=0 tfx=0 cbp=0 cpsm=0x0 csm=0 csa=0) texclut=(cbw=0 cou=0 cov=0) ofx=1728 ofy=1936 scissor=(0,0)-(639,223) test=0x30003 alpha=0x8000000044 v0=(1728,1936) uv0=(676,12) stq0=(0,0,1) v1=(2368,2160) uv1=(0,0) stq1=(0,0,1) v2=(0,0) uv2=(0,0) stq2=(0,0,0) rgba0=(0,0,0,128) rgba1=(0,0,0,128) rgba2=(0,0,0,0)
[gs:copy-reg] reg=0x0 value=0x156 primCtxt=0 ctx0fbp=70 ctx1fbp=0
[gs:kick] idx=72 drawing=1 prim=6 vtxCount=1
[gs:kick] idx=73 drawing=1 prim=6 vtxCount=2
[gs:prim] idx=36 type=6 tme=1 abe=1 fst=1 ctxt=0 fbp=70 fbw=10 psm=0x1 tex0=(tbp0=6720 tbw=8 psm=0x13 tw=9 th=8 tcc=1 tfx=0 cbp=15172 cpsm=0x0 csm=0 csa=0) texclut=(cbw=0 cou=0 cov=0) ofx=1728 ofy=1936 scissor=(0,0)-(639,223) test=0x5008b alpha=0x8000000044 v0=(1808,1984) uv0=(0,0) stq0=(0,0,1) v1=(2288,2112) uv1=(480,256) stq1=(0,0,1) v2=(0,0) uv2=(0,0) stq2=(0,0,0) rgba0=(32,32,32,128) rgba1=(32,32,32,128) rgba2=(0,0,0,0)
[p4:new2] size=0x00000140 ra=0x00100540
[p4:malloc] size=0x00000140 ra=0x001006bc
[gs:copy-reg] reg=0x0 value=0x146 primCtxt=0 ctx0fbp=0 ctx1fbp=0
[gs:kick] idx=74 drawing=1 prim=6 vtxCount=1
[gs:kick] idx=75 drawing=1 prim=6 vtxCount=2
[gs:prim] idx=37 type=6 tme=0 abe=1 fst=1 ctxt=0 fbp=0 fbw=10 psm=0x1 tex0=(tbp0=0 tbw=0 psm=0x0 tw=0 th=0 tcc=0 tfx=0 cbp=0 cpsm=0x0 csm=0 csa=0) texclut=(cbw=0 cou=0 cov=0) ofx=1728 ofy=1936 scissor=(0,0)-(639,223) test=0x30003 alpha=0x8000000044 v0=(1728,1936) uv0=(676,12) stq0=(0,0,1) v1=(2368,2160) uv1=(0,0) stq1=(0,0,1) v2=(0,0) uv2=(0,0) stq2=(0,0,0) rgba0=(0,0,0,128) rgba1=(0,0,0,128) rgba2=(0,0,0,0)
[gs:copy-reg] reg=0x0 value=0x156 primCtxt=0 ctx0fbp=0 ctx1fbp=0
[gs:kick] idx=76 drawing=1 prim=6 vtxCount=1
[gs:kick] idx=77 drawing=1 prim=6 vtxCount=2
[gs:prim] idx=38 type=6 tme=1 abe=1 fst=1 ctxt=0 fbp=0 fbw=10 psm=0x1 tex0=(tbp0=6720 tbw=8 psm=0x13 tw=9 th=8 tcc=1 tfx=0 cbp=15172 cpsm=0x0 csm=0 csa=0) texclut=(cbw=0 cou=0 cov=0) ofx=1728 ofy=1936 scissor=(0,0)-(639,223) test=0x5008b alpha=0x8000000044 v0=(1808,1984) uv0=(0,0) stq0=(0,0,1) v1=(2288,2112) uv1=(480,256) stq1=(0,0,1) v2=(0,0) uv2=(0,0) stq2=(0,0,0) rgba0=(36,36,36,128) rgba1=(36,36,36,128) rgba2=(0,0,0,0)
[gs:copy-reg] reg=0x0 value=0x146 primCtxt=0 ctx0fbp=70 ctx1fbp=0
[gs:kick] idx=78 drawing=1 prim=6 vtxCount=1
[gs:kick] idx=79 drawing=1 prim=6 vtxCount=2
[gs:prim] idx=39 type=6 tme=0 abe=1 fst=1 ctxt=0 fbp=70 fbw=10 psm=0x1 tex0=(tbp0=0 tbw=0 psm=0x0 tw=0 th=0 tcc=0 tfx=0 cbp=0 cpsm=0x0 csm=0 csa=0) texclut=(cbw=0 cou=0 cov=0) ofx=1728 ofy=1936 scissor=(0,0)-(639,223) test=0x30003 alpha=0x8000000044 v0=(1728,1936) uv0=(676,12) stq0=(0,0,1) v1=(2368,2160) uv1=(0,0) stq1=(0,0,1) v2=(0,0) uv2=(0,0) stq2=(0,0,0) rgba0=(0,0,0,128) rgba1=(0,0,0,128) rgba2=(0,0,0,0)
[gs:copy-reg] reg=0x0 value=0x156 primCtxt=0 ctx0fbp=70 ctx1fbp=0
[gs:kick] idx=80 drawing=1 prim=6 vtxCount=1
[gs:kick] idx=81 drawing=1 prim=6 vtxCount=2
[gs:prim] idx=40 type=6 tme=1 abe=1 fst=1 ctxt=0 fbp=70 fbw=10 psm=0x1 tex0=(tbp0=6720 tbw=8 psm=0x13 tw=9 th=8 tcc=1 tfx=0 cbp=15172 cpsm=0x0 csm=0 csa=0) texclut=(cbw=0 cou=0 cov=0) ofx=1728 ofy=1936 scissor=(0,0)-(639,223) test=0x5008b alpha=0x8000000044 v0=(1808,1984) uv0=(0,0) stq0=(0,0,1) v1=(2288,2112) uv1=(480,256) stq1=(0,0,1) v2=(0,0) uv2=(0,0) stq2=(0,0,0) rgba0=(40,40,40,128) rgba1=(40,40,40,128) rgba2=(0,0,0,0)
[gs:copy-reg] reg=0x0 value=0x146 primCtxt=0 ctx0fbp=0 ctx1fbp=0
[gs:kick] idx=82 drawing=1 prim=6 vtxCount=1
[gs:kick] idx=83 drawing=1 prim=6 vtxCount=2
[gs:prim] idx=41 type=6 tme=0 abe=1 fst=1 ctxt=0 fbp=0 fbw=10 psm=0x1 tex0=(tbp0=0 tbw=0 psm=0x0 tw=0 th=0 tcc=0 tfx=0 cbp=0 cpsm=0x0 csm=0 csa=0) texclut=(cbw=0 cou=0 cov=0) ofx=1728 ofy=1936 scissor=(0,0)-(639,223) test=0x30003 alpha=0x8000000044 v0=(1728,1936) uv0=(676,12) stq0=(0,0,1) v1=(2368,2160) uv1=(0,0) stq1=(0,0,1) v2=(0,0) uv2=(0,0) stq2=(0,0,0) rgba0=(0,0,0,128) rgba1=(0,0,0,128) rgba2=(0,0,0,0)
[gs:copy-reg] reg=0x0 value=0x156 primCtxt=0 ctx0fbp=0 ctx1fbp=0
[gs:kick] idx=84 drawing=1 prim=6 vtxCount=1
[gs:kick] idx=85 drawing=1 prim=6 vtxCount=2
[gs:prim] idx=42 type=6 tme=1 abe=1 fst=1 ctxt=0 fbp=0 fbw=10 psm=0x1 tex0=(tbp0=6720 tbw=8 psm=0x13 tw=9 th=8 tcc=1 tfx=0 cbp=15172 cpsm=0x0 csm=0 csa=0) texclut=(cbw=0 cou=0 cov=0) ofx=1728 ofy=1936 scissor=(0,0)-(639,223) test=0x5008b alpha=0x8000000044 v0=(1808,1984) uv0=(0,0) stq0=(0,0,1) v1=(2288,2112) uv1=(480,256) stq1=(0,0,1) v2=(0,0) uv2=(0,0) stq2=(0,0,0) rgba0=(44,44,44,128) rgba1=(44,44,44,128) rgba2=(0,0,0,0)
[gs:copy-reg] reg=0x0 value=0x146 primCtxt=0 ctx0fbp=70 ctx1fbp=0
[gs:kick] idx=86 drawing=1 prim=6 vtxCount=1
[gs:kick] idx=87 drawing=1 prim=6 vtxCount=2
[gs:prim] idx=43 type=6 tme=0 abe=1 fst=1 ctxt=0 fbp=70 fbw=10 psm=0x1 tex0=(tbp0=0 tbw=0 psm=0x0 tw=0 th=0 tcc=0 tfx=0 cbp=0 cpsm=0x0 csm=0 csa=0) texclut=(cbw=0 cou=0 cov=0) ofx=1728 ofy=1936 scissor=(0,0)-(639,223) test=0x30003 alpha=0x8000000044 v0=(1728,1936) uv0=(676,12) stq0=(0,0,1) v1=(2368,2160) uv1=(0,0) stq1=(0,0,1) v2=(0,0) uv2=(0,0) stq2=(0,0,0) rgba0=(0,0,0,128) rgba1=(0,0,0,128) rgba2=(0,0,0,0)
[gs:copy-reg] reg=0x0 value=0x156 primCtxt=0 ctx0fbp=70 ctx1fbp=0
[gs:kick] idx=88 drawing=1 prim=6 vtxCount=1
[gs:kick] idx=89 drawing=1 prim=6 vtxCount=2
[gs:prim] idx=44 type=6 tme=1 abe=1 fst=1 ctxt=0 fbp=70 fbw=10 psm=0x1 tex0=(tbp0=6720 tbw=8 psm=0x13 tw=9 th=8 tcc=1 tfx=0 cbp=15172 cpsm=0x0 csm=0 csa=0) texclut=(cbw=0 cou=0 cov=0) ofx=1728 ofy=1936 scissor=(0,0)-(639,223) test=0x5008b alpha=0x8000000044 v0=(1808,1984) uv0=(0,0) stq0=(0,0,1) v1=(2288,2112) uv1=(480,256) stq1=(0,0,1) v2=(0,0) uv2=(0,0) stq2=(0,0,0) rgba0=(48,48,48,128) rgba1=(48,48,48,128) rgba2=(0,0,0,0)
[gs:copy-reg] reg=0x0 value=0x146 primCtxt=0 ctx0fbp=0 ctx1fbp=0
[gs:kick] idx=90 drawing=1 prim=6 vtxCount=1
[gs:kick] idx=91 drawing=1 prim=6 vtxCount=2
[gs:prim] idx=45 type=6 tme=0 abe=1 fst=1 ctxt=0 fbp=0 fbw=10 psm=0x1 tex0=(tbp0=0 tbw=0 psm=0x0 tw=0 th=0 tcc=0 tfx=0 cbp=0 cpsm=0x0 csm=0 csa=0) texclut=(cbw=0 cou=0 cov=0) ofx=1728 ofy=1936 scissor=(0,0)-(639,223) test=0x30003 alpha=0x8000000044 v0=(1728,1936) uv0=(676,12) stq0=(0,0,1) v1=(2368,2160) uv1=(0,0) stq1=(0,0,1) v2=(0,0) uv2=(0,0) stq2=(0,0,0) rgba0=(0,0,0,128) rgba1=(0,0,0,128) rgba2=(0,0,0,0)
[gs:copy-reg] reg=0x0 value=0x156 primCtxt=0 ctx0fbp=0 ctx1fbp=0
[gs:kick] idx=92 drawing=1 prim=6 vtxCount=1
[gs:kick] idx=93 drawing=1 prim=6 vtxCount=2
[gs:prim] idx=46 type=6 tme=1 abe=1 fst=1 ctxt=0 fbp=0 fbw=10 psm=0x1 tex0=(tbp0=6720 tbw=8 psm=0x13 tw=9 th=8 tcc=1 tfx=0 cbp=15172 cpsm=0x0 csm=0 csa=0) texclut=(cbw=0 cou=0 cov=0) ofx=1728 ofy=1936 scissor=(0,0)-(639,223) test=0x5008b alpha=0x8000000044 v0=(1808,1984) uv0=(0,0) stq0=(0,0,1) v1=(2288,2112) uv1=(480,256) stq1=(0,0,1) v2=(0,0) uv2=(0,0) stq2=(0,0,0) rgba0=(52,52,52,128) rgba1=(52,52,52,128) rgba2=(0,0,0,0)
[gs:copy-reg] reg=0x0 value=0x146 primCtxt=0 ctx0fbp=70 ctx1fbp=0
[gs:kick] idx=94 drawing=1 prim=6 vtxCount=1
[gs:kick] idx=95 drawing=1 prim=6 vtxCount=2
[gs:prim] idx=47 type=6 tme=0 abe=1 fst=1 ctxt=0 fbp=70 fbw=10 psm=0x1 tex0=(tbp0=0 tbw=0 psm=0x0 tw=0 th=0 tcc=0 tfx=0 cbp=0 cpsm=0x0 csm=0 csa=0) texclut=(cbw=0 cou=0 cov=0) ofx=1728 ofy=1936 scissor=(0,0)-(639,223) test=0x30003 alpha=0x8000000044 v0=(1728,1936) uv0=(676,12) stq0=(0,0,1) v1=(2368,2160) uv1=(0,0) stq1=(0,0,1) v2=(0,0) uv2=(0,0) stq2=(0,0,0) rgba0=(0,0,0,128) rgba1=(0,0,0,128) rgba2=(0,0,0,0)
[gs:copy-reg] reg=0x0 value=0x156 primCtxt=0 ctx0fbp=70 ctx1fbp=0
[gs:prim] idx=48 type=6 tme=1 abe=1 fst=1 ctxt=0 fbp=70 fbw=10 psm=0x1 tex0=(tbp0=6720 tbw=8 psm=0x13 tw=9 th=8 tcc=1 tfx=0 cbp=15172 cpsm=0x0 csm=0 csa=0) texclut=(cbw=0 cou=0 cov=0) ofx=1728 ofy=1936 scissor=(0,0)-(639,223) test=0x5008b alpha=0x8000000044 v0=(1808,1984) uv0=(0,0) stq0=(0,0,1) v1=(2288,2112) uv1=(480,256) stq1=(0,0,1) v2=(0,0) uv2=(0,0) stq2=(0,0,0) rgba0=(56,56,56,128) rgba1=(56,56,56,128) rgba2=(0,0,0,0)
[gs:copy-reg] reg=0x0 value=0x146 primCtxt=0 ctx0fbp=0 ctx1fbp=0
[gs:prim] idx=49 type=6 tme=0 abe=1 fst=1 ctxt=0 fbp=0 fbw=10 psm=0x1 tex0=(tbp0=0 tbw=0 psm=0x0 tw=0 th=0 tcc=0 tfx=0 cbp=0 cpsm=0x0 csm=0 csa=0) texclut=(cbw=0 cou=0 cov=0) ofx=1728 ofy=1936 scissor=(0,0)-(639,223) test=0x30003 alpha=0x8000000044 v0=(1728,1936) uv0=(676,12) stq0=(0,0,1) v1=(2368,2160) uv1=(0,0) stq1=(0,0,1) v2=(0,0) uv2=(0,0) stq2=(0,0,0) rgba0=(0,0,0,128) rgba1=(0,0,0,128) rgba2=(0,0,0,0)
[gs:copy-reg] reg=0x0 value=0x156 primCtxt=0 ctx0fbp=0 ctx1fbp=0
[gs:prim] idx=50 type=6 tme=1 abe=1 fst=1 ctxt=0 fbp=0 fbw=10 psm=0x1 tex0=(tbp0=6720 tbw=8 psm=0x13 tw=9 th=8 tcc=1 tfx=0 cbp=15172 cpsm=0x0 csm=0 csa=0) texclut=(cbw=0 cou=0 cov=0) ofx=1728 ofy=1936 scissor=(0,0)-(639,223) test=0x5008b alpha=0x8000000044 v0=(1808,1984) uv0=(0,0) stq0=(0,0,1) v1=(2288,2112) uv1=(480,256) stq1=(0,0,1) v2=(0,0) uv2=(0,0) stq2=(0,0,0) rgba0=(60,60,60,128) rgba1=(60,60,60,128) rgba2=(0,0,0,0)
[gs:copy-reg] reg=0x0 value=0x146 primCtxt=0 ctx0fbp=70 ctx1fbp=0
[gs:prim] idx=51 type=6 tme=0 abe=1 fst=1 ctxt=0 fbp=70 fbw=10 psm=0x1 tex0=(tbp0=0 tbw=0 psm=0x0 tw=0 th=0 tcc=0 tfx=0 cbp=0 cpsm=0x0 csm=0 csa=0) texclut=(cbw=0 cou=0 cov=0) ofx=1728 ofy=1936 scissor=(0,0)-(639,223) test=0x30003 alpha=0x8000000044 v0=(1728,1936) uv0=(676,12) stq0=(0,0,1) v1=(2368,2160) uv1=(0,0) stq1=(0,0,1) v2=(0,0) uv2=(0,0) stq2=(0,0,0) rgba0=(0,0,0,128) rgba1=(0,0,0,128) rgba2=(0,0,0,0)
[gs:copy-reg] reg=0x0 value=0x156 primCtxt=0 ctx0fbp=70 ctx1fbp=0
[gs:prim] idx=52 type=6 tme=1 abe=1 fst=1 ctxt=0 fbp=70 fbw=10 psm=0x1 tex0=(tbp0=6720 tbw=8 psm=0x13 tw=9 th=8 tcc=1 tfx=0 cbp=15172 cpsm=0x0 csm=0 csa=0) texclut=(cbw=0 cou=0 cov=0) ofx=1728 ofy=1936 scissor=(0,0)-(639,223) test=0x5008b alpha=0x8000000044 v0=(1808,1984) uv0=(0,0) stq0=(0,0,1) v1=(2288,2112) uv1=(480,256) stq1=(0,0,1) v2=(0,0) uv2=(0,0) stq2=(0,0,0) rgba0=(64,64,64,128) rgba1=(64,64,64,128) rgba2=(0,0,0,0)
[gs:copy-reg] reg=0x0 value=0x146 primCtxt=0 ctx0fbp=0 ctx1fbp=0
[gs:prim] idx=53 type=6 tme=0 abe=1 fst=1 ctxt=0 fbp=0 fbw=10 psm=0x1 tex0=(tbp0=0 tbw=0 psm=0x0 tw=0 th=0 tcc=0 tfx=0 cbp=0 cpsm=0x0 csm=0 csa=0) texclut=(cbw=0 cou=0 cov=0) ofx=1728 ofy=1936 scissor=(0,0)-(639,223) test=0x30003 alpha=0x8000000044 v0=(1728,1936) uv0=(676,12) stq0=(0,0,1) v1=(2368,2160) uv1=(0,0) stq1=(0,0,1) v2=(0,0) uv2=(0,0) stq2=(0,0,0) rgba0=(0,0,0,128) rgba1=(0,0,0,128) rgba2=(0,0,0,0)
[gs:copy-reg] reg=0x0 value=0x156 primCtxt=0 ctx0fbp=0 ctx1fbp=0
[gs:prim] idx=54 type=6 tme=1 abe=1 fst=1 ctxt=0 fbp=0 fbw=10 psm=0x1 tex0=(tbp0=6720 tbw=8 psm=0x13 tw=9 th=8 tcc=1 tfx=0 cbp=15172 cpsm=0x0 csm=0 csa=0) texclut=(cbw=0 cou=0 cov=0) ofx=1728 ofy=1936 scissor=(0,0)-(639,223) test=0x5008b alpha=0x8000000044 v0=(1808,1984) uv0=(0,0) stq0=(0,0,1) v1=(2288,2112) uv1=(480,256) stq1=(0,0,1) v2=(0,0) uv2=(0,0) stq2=(0,0,0) rgba0=(68,68,68,128) rgba1=(68,68,68,128) rgba2=(0,0,0,0)
[gs:copy-reg] reg=0x0 value=0x146 primCtxt=0 ctx0fbp=70 ctx1fbp=0
[gs:prim] idx=55 type=6 tme=0 abe=1 fst=1 ctxt=0 fbp=70 fbw=10 psm=0x1 tex0=(tbp0=0 tbw=0 psm=0x0 tw=0 th=0 tcc=0 tfx=0 cbp=0 cpsm=0x0 csm=0 csa=0) texclut=(cbw=0 cou=0 cov=0) ofx=1728 ofy=1936 scissor=(0,0)-(639,223) test=0x30003 alpha=0x8000000044 v0=(1728,1936) uv0=(676,12) stq0=(0,0,1) v1=(2368,2160) uv1=(0,0) stq1=(0,0,1) v2=(0,0) uv2=(0,0) stq2=(0,0,0) rgba0=(0,0,0,128) rgba1=(0,0,0,128) rgba2=(0,0,0,0)
[gs:copy-reg] reg=0x0 value=0x156 primCtxt=0 ctx0fbp=70 ctx1fbp=0
[gs:prim] idx=56 type=6 tme=1 abe=1 fst=1 ctxt=0 fbp=70 fbw=10 psm=0x1 tex0=(tbp0=6720 tbw=8 psm=0x13 tw=9 th=8 tcc=1 tfx=0 cbp=15172 cpsm=0x0 csm=0 csa=0) texclut=(cbw=0 cou=0 cov=0) ofx=1728 ofy=1936 scissor=(0,0)-(639,223) test=0x5008b alpha=0x8000000044 v0=(1808,1984) uv0=(0,0) stq0=(0,0,1) v1=(2288,2112) uv1=(480,256) stq1=(0,0,1) v2=(0,0) uv2=(0,0) stq2=(0,0,0) rgba0=(72,72,72,128) rgba1=(72,72,72,128) rgba2=(0,0,0,0)
[gs:copy-reg] reg=0x0 value=0x146 primCtxt=0 ctx0fbp=0 ctx1fbp=0
[gs:prim] idx=57 type=6 tme=0 abe=1 fst=1 ctxt=0 fbp=0 fbw=10 psm=0x1 tex0=(tbp0=0 tbw=0 psm=0x0 tw=0 th=0 tcc=0 tfx=0 cbp=0 cpsm=0x0 csm=0 csa=0) texclut=(cbw=0 cou=0 cov=0) ofx=1728 ofy=1936 scissor=(0,0)-(639,223) test=0x30003 alpha=0x8000000044 v0=(1728,1936) uv0=(676,12) stq0=(0,0,1) v1=(2368,2160) uv1=(0,0) stq1=(0,0,1) v2=(0,0) uv2=(0,0) stq2=(0,0,0) rgba0=(0,0,0,128) rgba1=(0,0,0,128) rgba2=(0,0,0,0)
[gs:copy-reg] reg=0x0 value=0x156 primCtxt=0 ctx0fbp=0 ctx1fbp=0
[gs:prim] idx=58 type=6 tme=1 abe=1 fst=1 ctxt=0 fbp=0 fbw=10 psm=0x1 tex0=(tbp0=6720 tbw=8 psm=0x13 tw=9 th=8 tcc=1 tfx=0 cbp=15172 cpsm=0x0 csm=0 csa=0) texclut=(cbw=0 cou=0 cov=0) ofx=1728 ofy=1936 scissor=(0,0)-(639,223) test=0x5008b alpha=0x8000000044 v0=(1808,1984) uv0=(0,0) stq0=(0,0,1) v1=(2288,2112) uv1=(480,256) stq1=(0,0,1) v2=(0,0) uv2=(0,0) stq2=(0,0,0) rgba0=(76,76,76,128) rgba1=(76,76,76,128) rgba2=(0,0,0,0)
[gs:copy-reg] reg=0x0 value=0x146 primCtxt=0 ctx0fbp=70 ctx1fbp=0
[gs:prim] idx=59 type=6 tme=0 abe=1 fst=1 ctxt=0 fbp=70 fbw=10 psm=0x1 tex0=(tbp0=0 tbw=0 psm=0x0 tw=0 th=0 tcc=0 tfx=0 cbp=0 cpsm=0x0 csm=0 csa=0) texclut=(cbw=0 cou=0 cov=0) ofx=1728 ofy=1936 scissor=(0,0)-(639,223) test=0x30003 alpha=0x8000000044 v0=(1728,1936) uv0=(676,12) stq0=(0,0,1) v1=(2368,2160) uv1=(0,0) stq1=(0,0,1) v2=(0,0) uv2=(0,0) stq2=(0,0,0) rgba0=(0,0,0,128) rgba1=(0,0,0,128) rgba2=(0,0,0,0)
[gs:copy-reg] reg=0x0 value=0x156 primCtxt=0 ctx0fbp=70 ctx1fbp=0
[gs:prim] idx=60 type=6 tme=1 abe=1 fst=1 ctxt=0 fbp=70 fbw=10 psm=0x1 tex0=(tbp0=6720 tbw=8 psm=0x13 tw=9 th=8 tcc=1 tfx=0 cbp=15172 cpsm=0x0 csm=0 csa=0) texclut=(cbw=0 cou=0 cov=0) ofx=1728 ofy=1936 scissor=(0,0)-(639,223) test=0x5008b alpha=0x8000000044 v0=(1808,1984) uv0=(0,0) stq0=(0,0,1) v1=(2288,2112) uv1=(480,256) stq1=(0,0,1) v2=(0,0) uv2=(0,0) stq2=(0,0,0) rgba0=(80,80,80,128) rgba1=(80,80,80,128) rgba2=(0,0,0,0)
[gs:copy-reg] reg=0x0 value=0x146 primCtxt=0 ctx0fbp=0 ctx1fbp=0
[gs:prim] idx=61 type=6 tme=0 abe=1 fst=1 ctxt=0 fbp=0 fbw=10 psm=0x1 tex0=(tbp0=0 tbw=0 psm=0x0 tw=0 th=0 tcc=0 tfx=0 cbp=0 cpsm=0x0 csm=0 csa=0) texclut=(cbw=0 cou=0 cov=0) ofx=1728 ofy=1936 scissor=(0,0)-(639,223) test=0x30003 alpha=0x8000000044 v0=(1728,1936) uv0=(676,12) stq0=(0,0,1) v1=(2368,2160) uv1=(0,0) stq1=(0,0,1) v2=(0,0) uv2=(0,0) stq2=(0,0,0) rgba0=(0,0,0,128) rgba1=(0,0,0,128) rgba2=(0,0,0,0)
[gs:copy-reg] reg=0x0 value=0x156 primCtxt=0 ctx0fbp=0 ctx1fbp=0
[gs:prim] idx=62 type=6 tme=1 abe=1 fst=1 ctxt=0 fbp=0 fbw=10 psm=0x1 tex0=(tbp0=6720 tbw=8 psm=0x13 tw=9 th=8 tcc=1 tfx=0 cbp=15172 cpsm=0x0 csm=0 csa=0) texclut=(cbw=0 cou=0 cov=0) ofx=1728 ofy=1936 scissor=(0,0)-(639,223) test=0x5008b alpha=0x8000000044 v0=(1808,1984) uv0=(0,0) stq0=(0,0,1) v1=(2288,2112) uv1=(480,256) stq1=(0,0,1) v2=(0,0) uv2=(0,0) stq2=(0,0,0) rgba0=(84,84,84,128) rgba1=(84,84,84,128) rgba2=(0,0,0,0)
[gs:copy-reg] reg=0x0 value=0x146 primCtxt=0 ctx0fbp=70 ctx1fbp=0
[gs:prim] idx=63 type=6 tme=0 abe=1 fst=1 ctxt=0 fbp=70 fbw=10 psm=0x1 tex0=(tbp0=0 tbw=0 psm=0x0 tw=0 th=0 tcc=0 tfx=0 cbp=0 cpsm=0x0 csm=0 csa=0) texclut=(cbw=0 cou=0 cov=0) ofx=1728 ofy=1936 scissor=(0,0)-(639,223) test=0x30003 alpha=0x8000000044 v0=(1728,1936) uv0=(676,12) stq0=(0,0,1) v1=(2368,2160) uv1=(0,0) stq1=(0,0,1) v2=(0,0) uv2=(0,0) stq2=(0,0,0) rgba0=(0,0,0,128) rgba1=(0,0,0,128) rgba2=(0,0,0,0)
[frame:upload] idx=3 tick=49 displayFbp=0 sourceFbp=0 size=640x448 preferred=0
[frame:upload] idx=4 tick=59 displayFbp=0 sourceFbp=0 size=640x448 preferred=0
[run:tick] tick=120 pc=0x14a6a8 ra=0x14a6a8 sp=0x1ff7ef0 gp=0x22c0f0 dispfb1=0x1400 display1=0x1bf27f00000000 activeThreads=3 dma=629 gif=85 gsw=0 vif=2
        ... [1,078 more (untagged) lines elided by export_logs.py] ...
[frame:upload] idx=5 tick=105 displayFbp=70 sourceFbp=70 size=640x448 preferred=0
[frame:upload] idx=6 tick=136 displayFbp=70 sourceFbp=70 size=640x448 preferred=0
[run:tick] tick=240 pc=0x14a6a8 ra=0x14a6a8 sp=0x1ff7ef0 gp=0x22c0f0 dispfb1=0x1400 display1=0x1bf27f00000000 activeThreads=3 dma=1182 gif=164 gsw=0 vif=2
[frame:upload] idx=7 tick=236 displayFbp=70 sourceFbp=70 size=640x448 preferred=0
[frame:upload] idx=8 tick=248 displayFbp=70 sourceFbp=70 size=640x448 preferred=0
[run:tick] tick=360 pc=0x14a6a8 ra=0x14a6a8 sp=0x1ff7ef0 gp=0x22c0f0 dispfb1=0x1400 display1=0x1bf27f00000000 activeThreads=3 dma=1749 gif=245 gsw=0 vif=2
[frame:upload] idx=9 tick=255 displayFbp=0 sourceFbp=0 size=640x448 preferred=0
[p4:EndOfHeap] ret=0x01f00000 brk=0x00caf000 a0=0x00000000 ra=0x0010f3b8
[p4:EndOfHeap] ret=0x01f00000 brk=0x00caf000 a0=0xfffd8000 ra=0x0010f3b8
[p4:malloc] size=0x000ca800 ra=0x001eefac
[p4:EndOfHeap] ret=0x01f00000 brk=0x00c87000 a0=0x000cb000 ra=0x0010f3b8
[frame:upload] idx=10 tick=284 displayFbp=0 sourceFbp=0 size=640x448 preferred=0
[p4:malloc] size=0x00003068 ra=0x001ebaec
[p4:EndOfHeap] ret=0x01f00000 brk=0x00d52000 a0=0x0032b000 ra=0x0010f3b8
[p4:EndOfHeap] ret=0x01f00000 brk=0x0107d000 a0=0x0009a000 ra=0x0010f3b8
[p4:EndOfHeap] ret=0x01f00000 brk=0x01117000 a0=0x001ca000 ra=0x0010f3b8
[p4:EndOfHeap] ret=0x01f00000 brk=0x012e1000 a0=0x00081000 ra=0x0010f3b8
[p4:EndOfHeap] ret=0x01f00000 brk=0x01362000 a0=0x00051000 ra=0x0010f3b8
[p4:EndOfHeap] ret=0x01f00000 brk=0x013b3000 a0=0x00000000 ra=0x0010f3b8
[p4:EndOfHeap] ret=0x01f00000 brk=0x013b3000 a0=0xff99f000 ra=0x0010f3b8
[CreateSema] id=20 init=1 max=1[CreateSema] id=21 init=1 max=1[CreateSema] id=22 init=0 max=1[WaitSema:wake] tid=1 sid=1 ret=1 count=0
[Deci2Call:send] 7.....EH....Can't Open file cdrom0:/MOVIE/SPIKE.PSS;1
[p4:EndOfHeap] ret=0x01f00000 brk=0x00d52000 a0=0x00000000 ra=0x0010f3b8
[p4:EndOfHeap] ret=0x01f00000 brk=0x00d52000 a0=0xfff35000 ra=0x0010f3b8
[p4:malloc] size=0x000ca800 ra=0x001eefac
[p4:EndOfHeap] ret=0x01f00000 brk=0x00c87000 a0=0x000cb000 ra=0x0010f3b8
[gs:copy-prim] type=4 tme=0 abe=0 fst=1 ctxt=1 fbp=0 fbw=10 psm=0x0 tex0=(tbp0=0 tbw=0 psm=0x0 tcc=0 tfx=0 cbp=0 cpsm=0x0 csm=0 csa=0) texclut=(cbw=0 cou=0 cov=0) ofx=0 ofy=0 scissor=(0,0)-(639,447) test=0x0 alpha=0x0
[gs:copy-prim] type=4 tme=0 abe=0 fst=1 ctxt=1 fbp=0 fbw=10 psm=0x0 tex0=(tbp0=0 tbw=0 psm=0x0 tcc=0 tfx=0 cbp=0 cpsm=0x0 csm=0 csa=0) texclut=(cbw=0 cou=0 cov=0) ofx=0 ofy=0 scissor=(0,0)-(639,447) test=0x0 alpha=0x0
[gs:copy-prim] type=4 tme=0 abe=0 fst=1 ctxt=1 fbp=0 fbw=10 psm=0x0 tex0=(tbp0=0 tbw=0 psm=0x0 tcc=0 tfx=0 cbp=0 cpsm=0x0 csm=0 csa=0) texclut=(cbw=0 cou=0 cov=0) ofx=0 ofy=0 scissor=(0,0)-(639,447) test=0x0 alpha=0x0
[gs:copy-prim] type=4 tme=0 abe=0 fst=1 ctxt=1 fbp=0 fbw=10 psm=0x0 tex0=(tbp0=0 tbw=0 psm=0x0 tcc=0 tfx=0 cbp=0 cpsm=0x0 csm=0 csa=0) texclut=(cbw=0 cou=0 cov=0) ofx=0 ofy=0 scissor=(0,0)-(639,447) test=0x0 alpha=0x0
[gs:copy-prim] type=4 tme=0 abe=0 fst=1 ctxt=1 fbp=0 fbw=10 psm=0x0 tex0=(tbp0=0 tbw=0 psm=0x0 tcc=0 tfx=0 cbp=0 cpsm=0x0 csm=0 csa=0) texclut=(cbw=0 cou=0 cov=0) ofx=0 ofy=0 scissor=(0,0)-(639,447) test=0x0 alpha=0x0
[gs:copy-prim] type=4 tme=0 abe=0 fst=1 ctxt=1 fbp=0 fbw=10 psm=0x0 tex0=(tbp0=0 tbw=0 psm=0x0 tcc=0 tfx=0 cbp=0 cpsm=0x0 csm=0 csa=0) texclut=(cbw=0 cou=0 cov=0) ofx=0 ofy=0 scissor=(0,0)-(639,447) test=0x0 alpha=0x0
[gs:copy-prim] type=4 tme=0 abe=0 fst=1 ctxt=1 fbp=0 fbw=10 psm=0x0 tex0=(tbp0=0 tbw=0 psm=0x0 tcc=0 tfx=0 cbp=0 cpsm=0x0 csm=0 csa=0) texclut=(cbw=0 cou=0 cov=0) ofx=0 ofy=0 scissor=(0,0)-(639,447) test=0x0 alpha=0x0
[gs:copy-prim] type=4 tme=0 abe=0 fst=1 ctxt=1 fbp=0 fbw=10 psm=0x0 tex0=(tbp0=0 tbw=0 psm=0x0 tcc=0 tfx=0 cbp=0 cpsm=0x0 csm=0 csa=0) texclut=(cbw=0 cou=0 cov=0) ofx=0 ofy=0 scissor=(0,0)-(639,447) test=0x0 alpha=0x0
[gs:copy-prim] type=4 tme=0 abe=0 fst=1 ctxt=1 fbp=0 fbw=10 psm=0x0 tex0=(tbp0=0 tbw=0 psm=0x0 tcc=0 tfx=0 cbp=0 cpsm=0x0 csm=0 csa=0) texclut=(cbw=0 cou=0 cov=0) ofx=0 ofy=0 scissor=(0,0)-(639,447) test=0x0 alpha=0x0
[gs:copy-prim] type=4 tme=0 abe=0 fst=1 ctxt=1 fbp=0 fbw=10 psm=0x0 tex0=(tbp0=0 tbw=0 psm=0x0 tcc=0 tfx=0 cbp=0 cpsm=0x0 csm=0 csa=0) texclut=(cbw=0 cou=0 cov=0) ofx=0 ofy=0 scissor=(0,0)-(639,447) test=0x0 alpha=0x0
[gs:copy-prim] type=4 tme=0 abe=0 fst=1 ctxt=1 fbp=0 fbw=10 psm=0x0 tex0=(tbp0=0 tbw=0 psm=0x0 tcc=0 tfx=0 cbp=0 cpsm=0x0 csm=0 csa=0) texclut=(cbw=0 cou=0 cov=0) ofx=0 ofy=0 scissor=(0,0)-(639,447) test=0x0 alpha=0x0
[gs:copy-prim] type=4 tme=0 abe=0 fst=1 ctxt=1 fbp=0 fbw=10 psm=0x0 tex0=(tbp0=0 tbw=0 psm=0x0 tcc=0 tfx=0 cbp=0 cpsm=0x0 csm=0 csa=0) texclut=(cbw=0 cou=0 cov=0) ofx=0 ofy=0 scissor=(0,0)-(639,447) test=0x0 alpha=0x0
[gs:copy-prim] type=4 tme=0 abe=0 fst=1 ctxt=1 fbp=0 fbw=10 psm=0x0 tex0=(tbp0=0 tbw=0 psm=0x0 tcc=0 tfx=0 cbp=0 cpsm=0x0 csm=0 csa=0) texclut=(cbw=0 cou=0 cov=0) ofx=0 ofy=0 scissor=(0,0)-(639,447) test=0x0 alpha=0x0
[gs:copy-prim] type=4 tme=0 abe=0 fst=1 ctxt=1 fbp=0 fbw=10 psm=0x0 tex0=(tbp0=0 tbw=0 psm=0x0 tcc=0 tfx=0 cbp=0 cpsm=0x0 csm=0 csa=0) texclut=(cbw=0 cou=0 cov=0) ofx=0 ofy=0 scissor=(0,0)-(639,447) test=0x0 alpha=0x0
[gs:copy-prim] type=4 tme=0 abe=0 fst=1 ctxt=1 fbp=0 fbw=10 psm=0x0 tex0=(tbp0=0 tbw=0 psm=0x0 tcc=0 tfx=0 cbp=0 cpsm=0x0 csm=0 csa=0) texclut=(cbw=0 cou=0 cov=0) ofx=0 ofy=0 scissor=(0,0)-(639,447) test=0x0 alpha=0x0
[gs:copy-prim] type=4 tme=0 abe=0 fst=1 ctxt=1 fbp=0 fbw=10 psm=0x0 tex0=(tbp0=0 tbw=0 psm=0x0 tcc=0 tfx=0 cbp=0 cpsm=0x0 csm=0 csa=0) texclut=(cbw=0 cou=0 cov=0) ofx=0 ofy=0 scissor=(0,0)-(639,447) test=0x0 alpha=0x0
[gs:copy-prim] type=4 tme=0 abe=0 fst=1 ctxt=1 fbp=0 fbw=10 psm=0x0 tex0=(tbp0=0 tbw=0 psm=0x0 tcc=0 tfx=0 cbp=0 cpsm=0x0 csm=0 csa=0) texclut=(cbw=0 cou=0 cov=0) ofx=0 ofy=0 scissor=(0,0)-(639,447) test=0x0 alpha=0x0
[gs:copy-prim] type=4 tme=0 abe=0 fst=1 ctxt=1 fbp=0 fbw=10 psm=0x0 tex0=(tbp0=0 tbw=0 psm=0x0 tcc=0 tfx=0 cbp=0 cpsm=0x0 csm=0 csa=0) texclut=(cbw=0 cou=0 cov=0) ofx=0 ofy=0 scissor=(0,0)-(639,447) test=0x0 alpha=0x0
[gs:copy-prim] type=4 tme=0 abe=0 fst=1 ctxt=1 fbp=0 fbw=10 psm=0x0 tex0=(tbp0=0 tbw=0 psm=0x0 tcc=0 tfx=0 cbp=0 cpsm=0x0 csm=0 csa=0) texclut=(cbw=0 cou=0 cov=0) ofx=0 ofy=0 scissor=(0,0)-(639,447) test=0x0 alpha=0x0
[gs:copy-prim] type=4 tme=0 abe=0 fst=1 ctxt=1 fbp=0 fbw=10 psm=0x0 tex0=(tbp0=0 tbw=0 psm=0x0 tcc=0 tfx=0 cbp=0 cpsm=0x0 csm=0 csa=0) texclut=(cbw=0 cou=0 cov=0) ofx=0 ofy=0 scissor=(0,0)-(639,447) test=0x0 alpha=0x0
[gs:copy-prim] type=4 tme=0 abe=0 fst=1 ctxt=1 fbp=0 fbw=10 psm=0x0 tex0=(tbp0=0 tbw=0 psm=0x0 tcc=0 tfx=0 cbp=0 cpsm=0x0 csm=0 csa=0) texclut=(cbw=0 cou=0 cov=0) ofx=0 ofy=0 scissor=(0,0)-(639,447) test=0x0 alpha=0x0
[gs:copy-prim] type=4 tme=0 abe=0 fst=1 ctxt=1 fbp=0 fbw=10 psm=0x0 tex0=(tbp0=0 tbw=0 psm=0x0 tcc=0 tfx=0 cbp=0 cpsm=0x0 csm=0 csa=0) texclut=(cbw=0 cou=0 cov=0) ofx=0 ofy=0 scissor=(0,0)-(639,447) test=0x0 alpha=0x0
[gs:copy-prim] type=4 tme=0 abe=0 fst=1 ctxt=1 fbp=0 fbw=10 psm=0x0 tex0=(tbp0=0 tbw=0 psm=0x0 tcc=0 tfx=0 cbp=0 cpsm=0x0 csm=0 csa=0) texclut=(cbw=0 cou=0 cov=0) ofx=0 ofy=0 scissor=(0,0)-(639,447) test=0x0 alpha=0x0
[gs:copy-prim] type=4 tme=0 abe=0 fst=1 ctxt=1 fbp=0 fbw=10 psm=0x0 tex0=(tbp0=0 tbw=0 psm=0x0 tcc=0 tfx=0 cbp=0 cpsm=0x0 csm=0 csa=0) texclut=(cbw=0 cou=0 cov=0) ofx=0 ofy=0 scissor=(0,0)-(639,447) test=0x0 alpha=0x0
[gs:copy-prim] type=4 tme=0 abe=0 fst=1 ctxt=1 fbp=0 fbw=10 psm=0x0 tex0=(tbp0=0 tbw=0 psm=0x0 tcc=0 tfx=0 cbp=0 cpsm=0x0 csm=0 csa=0) texclut=(cbw=0 cou=0 cov=0) ofx=0 ofy=0 scissor=(0,0)-(639,447) test=0x0 alpha=0x0
[gs:copy-prim] type=4 tme=0 abe=0 fst=1 ctxt=1 fbp=0 fbw=10 psm=0x0 tex0=(tbp0=0 tbw=0 psm=0x0 tcc=0 tfx=0 cbp=0 cpsm=0x0 csm=0 csa=0) texclut=(cbw=0 cou=0 cov=0) ofx=0 ofy=0 scissor=(0,0)-(639,447) test=0x0 alpha=0x0
[gs:copy-prim] type=4 tme=0 abe=0 fst=1 ctxt=1 fbp=0 fbw=10 psm=0x0 tex0=(tbp0=0 tbw=0 psm=0x0 tcc=0 tfx=0 cbp=0 cpsm=0x0 csm=0 csa=0) texclut=(cbw=0 cou=0 cov=0) ofx=0 ofy=0 scissor=(0,0)-(639,447) test=0x0 alpha=0x0
[gs:copy-prim] type=4 tme=0 abe=0 fst=1 ctxt=1 fbp=0 fbw=10 psm=0x0 tex0=(tbp0=0 tbw=0 psm=0x0 tcc=0 tfx=0 cbp=0 cpsm=0x0 csm=0 csa=0) texclut=(cbw=0 cou=0 cov=0) ofx=0 ofy=0 scissor=(0,0)-(639,447) test=0x0 alpha=0x0
[gs:copy-prim] type=4 tme=0 abe=0 fst=1 ctxt=1 fbp=0 fbw=10 psm=0x0 tex0=(tbp0=0 tbw=0 psm=0x0 tcc=0 tfx=0 cbp=0 cpsm=0x0 csm=0 csa=0) texclut=(cbw=0 cou=0 cov=0) ofx=0 ofy=0 scissor=(0,0)-(639,447) test=0x0 alpha=0x0
[gs:copy-prim] type=4 tme=0 abe=0 fst=1 ctxt=1 fbp=0 fbw=10 psm=0x0 tex0=(tbp0=0 tbw=0 psm=0x0 tcc=0 tfx=0 cbp=0 cpsm=0x0 csm=0 csa=0) texclut=(cbw=0 cou=0 cov=0) ofx=0 ofy=0 scissor=(0,0)-(639,447) test=0x0 alpha=0x0
[gs:copy-prim] type=4 tme=0 abe=0 fst=1 ctxt=1 fbp=0 fbw=10 psm=0x0 tex0=(tbp0=0 tbw=0 psm=0x0 tcc=0 tfx=0 cbp=0 cpsm=0x0 csm=0 csa=0) texclut=(cbw=0 cou=0 cov=0) ofx=0 ofy=0 scissor=(0,0)-(639,447) test=0x0 alpha=0x0
[gs:copy-prim] type=4 tme=0 abe=0 fst=1 ctxt=1 fbp=0 fbw=10 psm=0x0 tex0=(tbp0=0 tbw=0 psm=0x0 tcc=0 tfx=0 cbp=0 cpsm=0x0 csm=0 csa=0) texclut=(cbw=0 cou=0 cov=0) ofx=0 ofy=0 scissor=(0,0)-(639,447) test=0x0 alpha=0x0
[frame:upload] idx=11 tick=294 displayFbp=70 sourceFbp=70 size=640x448 preferred=0
[p4:malloc] size=0x00003068 ra=0x001ebaec
[p4:EndOfHeap] ret=0x01f00000 brk=0x00d52000 a0=0x0032b000 ra=0x0010f3b8
[p4:EndOfHeap] ret=0x01f00000 brk=0x0107d000 a0=0x0009a000 ra=0x0010f3b8
[p4:EndOfHeap] ret=0x01f00000 brk=0x01117000 a0=0x001ca000 ra=0x0010f3b8
[p4:EndOfHeap] ret=0x01f00000 brk=0x012e1000 a0=0x00081000 ra=0x0010f3b8
[p4:EndOfHeap] ret=0x01f00000 brk=0x01362000 a0=0x00051000 ra=0x0010f3b8
[p4:EndOfHeap] ret=0x01f00000 brk=0x013b3000 a0=0x00000000 ra=0x0010f3b8
[p4:EndOfHeap] ret=0x01f00000 brk=0x013b3000 a0=0xff99f000 ra=0x0010f3b8
[Deci2Call:send] 9.....EH....Can't Open file cdrom0:/MOVIE/ACQUIRE.PSS;1
[frame:upload] idx=12 tick=297 displayFbp=0 sourceFbp=0 size=640x448 preferred=0
[p4:vbl] ticks=300\n[p4:isig] sid=9
[p4:EndOfHeap] ret=0x01f00000 brk=0x00d52000 a0=0x00000000 ra=0x0010f3b8
[p4:EndOfHeap] ret=0x01f00000 brk=0x00d52000 a0=0xfff35000 ra=0x0010f3b8
[p4:new2] size=0x00002bc0 ra=0x00152c5c
[p4:malloc] size=0x00002bc0 ra=0x001006bc
[p4:malloc] size=0x004958c0 ra=0x0014bec8
[p4:EndOfHeap] ret=0x01f00000 brk=0x00c87000 a0=0x00496000 ra=0x0010f3b8
[gzmfs] SEEK fd=0 off=2007040 whence=0 -> pos=2007040
[frame:upload] idx=13 tick=306 displayFbp=0 sourceFbp=0 size=640x448 preferred=0
[gzmfs] READ fd=0 pos=2007040 len=4806848 -> 4806848 dst=0x00C86A40
[p4:malloc] size=0x0075e000 ra=0x00157d68
[p4:EndOfHeap] ret=0x01f00000 brk=0x0111d000 a0=0x0075f000 ra=0x0010f3b8
[frame:upload] idx=14 tick=308 displayFbp=70 sourceFbp=70 size=640x448 preferred=0
[frame:upload] idx=15 tick=316 displayFbp=70 sourceFbp=70 size=640x448 preferred=0
[frame:upload] idx=16 tick=325 displayFbp=70 sourceFbp=70 size=640x448 preferred=0
[frame:upload] idx=17 tick=333 displayFbp=70 sourceFbp=70 size=640x448 preferred=0
[frame:upload] idx=18 tick=341 displayFbp=70 sourceFbp=70 size=640x448 preferred=0
[frame:upload] idx=19 tick=350 displayFbp=70 sourceFbp=70 size=640x448 preferred=0
[frame:upload] idx=20 tick=358 displayFbp=70 sourceFbp=70 size=640x448 preferred=0
[frame:upload] idx=21 tick=366 displayFbp=70 sourceFbp=70 size=640x448 preferred=0
[frame:upload] idx=22 tick=375 displayFbp=70 sourceFbp=70 size=640x448 preferred=0
[frame:upload] idx=23 tick=383 displayFbp=70 sourceFbp=70 size=640x448 preferred=0
[frame:upload] idx=24 tick=391 displayFbp=70 sourceFbp=70 size=640x448 preferred=0
[frame:upload] idx=25 tick=400 displayFbp=70 sourceFbp=70 size=640x448 preferred=0
[frame:upload] idx=26 tick=408 displayFbp=70 sourceFbp=70 size=640x448 preferred=0
[frame:upload] idx=27 tick=416 displayFbp=70 sourceFbp=70 size=640x448 preferred=0
[frame:upload] idx=28 tick=425 displayFbp=70 sourceFbp=70 size=640x448 preferred=0
[frame:upload] idx=29 tick=433 displayFbp=70 sourceFbp=70 size=640x448 preferred=0
[frame:upload] idx=30 tick=441 displayFbp=70 sourceFbp=70 size=640x448 preferred=0
[frame:upload] idx=31 tick=450 displayFbp=70 sourceFbp=70 size=640x448 preferred=0
[frame:upload] idx=32 tick=458 displayFbp=70 sourceFbp=70 size=640x448 preferred=0
[frame:upload] idx=33 tick=463 displayFbp=70 sourceFbp=70 size=640x448 preferred=0
[frame:upload] idx=34 tick=464 displayFbp=70 sourceFbp=70 size=640x448 preferred=0
[frame:upload] idx=35 tick=465 displayFbp=70 sourceFbp=70 size=640x448 preferred=0
[frame:upload] idx=36 tick=466 displayFbp=70 sourceFbp=70 size=640x448 preferred=0
[frame:upload] idx=37 tick=467 displayFbp=70 sourceFbp=70 size=640x448 preferred=0
[frame:upload] idx=38 tick=468 displayFbp=70 sourceFbp=70 size=640x448 preferred=0
[frame:upload] idx=39 tick=469 displayFbp=70 sourceFbp=70 size=640x448 preferred=0
[frame:upload] idx=40 tick=470 displayFbp=70 sourceFbp=70 size=640x448 preferred=0
[frame:upload] idx=41 tick=471 displayFbp=70 sourceFbp=70 size=640x448 preferred=0
[frame:upload] idx=42 tick=472 displayFbp=70 sourceFbp=70 size=640x448 preferred=0
[frame:upload] idx=43 tick=473 displayFbp=70 sourceFbp=70 size=640x448 preferred=0
[frame:upload] idx=44 tick=474 displayFbp=70 sourceFbp=70 size=640x448 preferred=0
[frame:upload] idx=45 tick=475 displayFbp=70 sourceFbp=70 size=640x448 preferred=0
[frame:upload] idx=46 tick=476 displayFbp=70 sourceFbp=70 size=640x448 preferred=0
[frame:upload] idx=47 tick=477 displayFbp=70 sourceFbp=70 size=640x448 preferred=0
[p4:malloc] size=0x0000000c ra=0x00157da0
[p4:malloc] size=0x00001390 ra=0x00157dc0
[frame:upload] idx=48 tick=478 displayFbp=70 sourceFbp=70 size=640x448 preferred=0
[p4:new2] size=0x0016f241 ra=0x00100540
[p4:malloc] size=0x0016f241 ra=0x001006bc
[gzmfs] SEEK fd=0 off=104867840 whence=0 -> pos=104867840
[gzmfs] READ fd=0 pos=104867840 len=1503809 -> 1503809 dst=0x00C86A40
[p4:new2] size=0x00000040 ra=0x0019ce38
[p4:malloc] size=0x00000040 ra=0x001006bc
[p4:malloc] size=0x00000ad8 ra=0x001b4208
[p4:new2] size=0x00000018 ra=0x001b4274
[p4:malloc] size=0x00000018 ra=0x001006bc
[p4:wake-pre] sid=7 consumed=1
[run:tick] tick=480 pc=0x14c9b0 ra=0x14c9b0 sp=0x1ff7f30 gp=0x22c0f0 dispfb1=0x1400 display1=0x1bf27f00000000 activeThreads=3 dma=2150 gif=316 gsw=0 vif=18
[sceSifSetDma:CALL] pc=0x10f020 ra=0x11c070 list=0x22bbc0 count=1
[sceSifSetDma:DESC] i=0 src=0xc87540 dst=0x10000 size=0x10000 attr=0x0 pc=0x10f020 ra=0x11c070
[sceSifSetDma:CALL] pc=0x10f020 ra=0x11c070 list=0x22bbc0 count=1
[sceSifSetDma:DESC] i=0 src=0xc97540 dst=0x10000 size=0x10000 attr=0x0 pc=0x10f020 ra=0x11c070
[sceSifSetDma:CALL] pc=0x10f020 ra=0x11c070 list=0x22bbc0 count=1
[sceSifSetDma:DESC] i=0 src=0xca7540 dst=0x10000 size=0x10000 attr=0x0 pc=0x10f020 ra=0x11c070
[sceSifSetDma:CALL] pc=0x10f020 ra=0x11c070 list=0x22bbc0 count=1
[sceSifSetDma:DESC] i=0 src=0xcb7540 dst=0x10000 size=0x10000 attr=0x0 pc=0x10f020 ra=0x11c070
[sceSifSetDma:CALL] pc=0x10f020 ra=0x11c070 list=0x22bbc0 count=1
[sceSifSetDma:DESC] i=0 src=0xcc7540 dst=0x10000 size=0x10000 attr=0x0 pc=0x10f020 ra=0x11c070
[sceSifSetDma:CALL] pc=0x10f020 ra=0x11c070 list=0x22bbc0 count=1
[sceSifSetDma:DESC] i=0 src=0xcd7540 dst=0x10000 size=0x10000 attr=0x0 pc=0x10f020 ra=0x11c070
[sceSifSetDma:CALL] pc=0x10f020 ra=0x11c070 list=0x22bbc0 count=1
[sceSifSetDma:DESC] i=0 src=0xce7540 dst=0x10000 size=0x10000 attr=0x0 pc=0x10f020 ra=0x11c070
[sceSifSetDma:CALL] pc=0x10f020 ra=0x11c070 list=0x22bbc0 count=1
[sceSifSetDma:DESC] i=0 src=0xcf7540 dst=0x10000 size=0x10000 attr=0x0 pc=0x10f020 ra=0x11c070
[sceSifSetDma:CALL] pc=0x10f020 ra=0x11c070 list=0x22bbc0 count=1
[sceSifSetDma:DESC] i=0 src=0xd07540 dst=0x10000 size=0x10000 attr=0x0 pc=0x10f020 ra=0x11c070
[sceSifSetDma:CALL] pc=0x10f020 ra=0x11c070 list=0x22bbc0 count=1
[sceSifSetDma:DESC] i=0 src=0xd17540 dst=0x10000 size=0x10000 attr=0x0 pc=0x10f020 ra=0x11c070
[sceSifSetDma:CALL] pc=0x10f020 ra=0x11c070 list=0x22bbc0 count=1
[sceSifSetDma:DESC] i=0 src=0xd27540 dst=0x10000 size=0x10000 attr=0x0 pc=0x10f020 ra=0x11c070
[sceSifSetDma:CALL] pc=0x10f020 ra=0x11c070 list=0x22bbc0 count=1
[sceSifSetDma:DESC] i=0 src=0xd37540 dst=0x10000 size=0x10000 attr=0x0 pc=0x10f020 ra=0x11c070
[sceSifSetDma:CALL] pc=0x10f020 ra=0x11c070 list=0x22bbc0 count=1
[sceSifSetDma:DESC] i=0 src=0xd47540 dst=0x10000 size=0x10000 attr=0x0 pc=0x10f020 ra=0x11c070
[sceSifSetDma:CALL] pc=0x10f020 ra=0x11c070 list=0x22bbc0 count=1
[sceSifSetDma:DESC] i=0 src=0xd57540 dst=0x10000 size=0x10000 attr=0x0 pc=0x10f020 ra=0x11c070
[sceSifSetDma:CALL] pc=0x10f020 ra=0x11c070 list=0x22bbc0 count=1
[sceSifSetDma:DESC] i=0 src=0xd67540 dst=0x10000 size=0x10000 attr=0x0 pc=0x10f020 ra=0x11c070
[frame:upload] idx=49 tick=483 displayFbp=70 sourceFbp=70 size=640x448 preferred=0
[sceSifSetDma:CALL] pc=0x10f020 ra=0x11c070 list=0x22bbc0 count=1
[sceSifSetDma:DESC] i=0 src=0xd77540 dst=0x10000 size=0x10000 attr=0x0 pc=0x10f020 ra=0x11c070
[sceSifSetDma:CALL] pc=0x10f020 ra=0x11c070 list=0x22bbc0 count=1
[sceSifSetDma:DESC] i=0 src=0xd87540 dst=0x10000 size=0x10000 attr=0x0 pc=0x10f020 ra=0x11c070
[sceSifSetDma:CALL] pc=0x10f020 ra=0x11c070 list=0x22bbc0 count=1
[sceSifSetDma:DESC] i=0 src=0xd97540 dst=0x10000 size=0x10000 attr=0x0 pc=0x10f020 ra=0x11c070
[sceSifSetDma:CALL] pc=0x10f020 ra=0x11c070 list=0x22bbc0 count=1
[sceSifSetDma:DESC] i=0 src=0xda7540 dst=0x10000 size=0x10000 attr=0x0 pc=0x10f020 ra=0x11c070
[sceSifSetDma:CALL] pc=0x10f020 ra=0x11c070 list=0x22bbc0 count=1
[sceSifSetDma:DESC] i=0 src=0xdb7540 dst=0x10000 size=0x10000 attr=0x0 pc=0x10f020 ra=0x11c070
[sceSifSetDma:CALL] pc=0x10f020 ra=0x11c070 list=0x22bbc0 count=1
[sceSifSetDma:DESC] i=0 src=0xdc7540 dst=0x10000 size=0x10000 attr=0x0 pc=0x10f020 ra=0x11c070
[sceSifSetDma:CALL] pc=0x10f020 ra=0x11c070 list=0x22bbc0 count=1
[sceSifSetDma:DESC] i=0 src=0xdd7540 dst=0x10000 size=0x10000 attr=0x0 pc=0x10f020 ra=0x11c070
[sceSifSetDma:CALL] pc=0x10f020 ra=0x11c070 list=0x22bbc0 count=1
[sceSifSetDma:DESC] i=0 src=0xde7540 dst=0x10000 size=0xe740 attr=0x0 pc=0x10f020 ra=0x11c070
[p4:malloc] size=0x000002f0 ra=0x0014bfc8
[gzmfs] SEEK fd=0 off=43862016 whence=0 -> pos=43862016
[gzmfs] READ fd=0 pos=43862016 len=752 -> 752 dst=0x00DF67E0
[p4:malloc] size=0x00001800 ra=0x00157d68
[p4:malloc] size=0x0000000c ra=0x00157da0
[p4:malloc] size=0x00001390 ra=0x00157dc0
[p4:malloc] size=0x000008c4 ra=0x0014c040
[gzmfs] SEEK fd=0 off=49186816 whence=0 -> pos=49186816
[gzmfs] READ fd=0 pos=49186816 len=2244 -> 2244 dst=0x00DF96A0
[p4:malloc] size=0x000093e0 ra=0x0014c0c8
[gzmfs] SEEK fd=0 off=96229376 whence=0 -> pos=96229376
[gzmfs] READ fd=0 pos=96229376 len=37856 -> 37856 dst=0x00DF9F70
[p4:malloc] size=0x00006bd0 ra=0x0014c144
[gzmfs] SEEK fd=0 off=96200704 whence=0 -> pos=96200704
[gzmfs] READ fd=0 pos=96200704 len=27600 -> 27600 dst=0x00E03360
[p4:malloc] size=0x00000134 ra=0x0014c1c0
[gzmfs] SEEK fd=0 off=96198656 whence=0 -> pos=96198656
[gzmfs] READ fd=0 pos=96198656 len=308 -> 308 dst=0x00E09F40
[p4:malloc] size=0x0002fb90 ra=0x001337cc
[gzmfs] SEEK fd=0 off=47202304 whence=0 -> pos=47202304
[gzmfs] READ fd=0 pos=47202304 len=195472 -> 195472 dst=0x00E0A080
[WaitSema:block] tid=3 sid=7 pc=0x10eca0 ra=0x1b4a9c
[frame:upload] idx=50 tick=509 displayFbp=0 sourceFbp=0 size=640x448 preferred=0
[p4:new2] size=0x00000008 ra=0x00135764
[p4:malloc] size=0x00000008 ra=0x001006bc
[p4:new2] size=0x00000008 ra=0x00135764
[p4:malloc] size=0x00000008 ra=0x001006bc
[p4:new2] size=0x00000008 ra=0x00135764
[p4:malloc] size=0x00000008 ra=0x001006bc
[p4:new2] size=0x00000008 ra=0x00135764
[p4:malloc] size=0x00000008 ra=0x001006bc
[p4:malloc] size=0x0002c790 ra=0x001337cc
[gzmfs] SEEK fd=0 off=415744 whence=0 -> pos=415744
[gzmfs] READ fd=0 pos=415744 len=182160 -> 182160 dst=0x00E0A0C0
[frame:upload] idx=51 tick=515 displayFbp=70 sourceFbp=70 size=640x448 preferred=0
[p4:new2] size=0x00000008 ra=0x00135764
[p4:malloc] size=0x00000008 ra=0x001006bc
[p4:new2] size=0x00000008 ra=0x00135764
[p4:malloc] size=0x00000008 ra=0x001006bc
[p4:new2] size=0x00000008 ra=0x00135764
[p4:malloc] size=0x00000008 ra=0x001006bc
[p4:new2] size=0x00000008 ra=0x00135764
[p4:malloc] size=0x00000008 ra=0x001006bc
[p4:vbl] ticks=600\n[p4:isig] sid=9
[run:tick] tick=600 pc=0x14c9b0 ra=0x14c9b0 sp=0x1ff7f30 gp=0x22c0f0 dispfb1=0x1400 display1=0x1bf27f00000000 activeThreads=3 dma=3451 gif=433 gsw=0 vif=18
[frame:upload] idx=52 tick=607 displayFbp=0 sourceFbp=0 size=640x448 preferred=0
[frame:upload] idx=53 tick=609 displayFbp=70 sourceFbp=70 size=640x448 preferred=0
[frame:upload] idx=54 tick=611 displayFbp=0 sourceFbp=0 size=640x448 preferred=0
[frame:upload] idx=55 tick=644 displayFbp=0 sourceFbp=0 size=640x448 preferred=0
[frame:upload] idx=56 tick=646 displayFbp=70 sourceFbp=70 size=640x448 preferred=0
[run:tick] tick=720 pc=0x14c9b0 ra=0x14c9b0 sp=0x1ff7f30 gp=0x22c0f0 dispfb1=0x1400 display1=0x1bf27f00000000 activeThreads=3 dma=4736 gif=544 gsw=0 vif=18
[frame:upload] idx=57 tick=793 displayFbp=70 sourceFbp=70 size=640x448 preferred=0
[frame:upload] idx=58 tick=795 displayFbp=70 sourceFbp=70 size=640x448 preferred=0
[run:tick] tick=840 pc=0x14c9b0 ra=0x14c9b0 sp=0x1ff7f30 gp=0x22c0f0 dispfb1=0x1400 display1=0x1bf27f00000000 activeThreads=3 dma=6377 gif=625 gsw=0 vif=18
[frame:upload] idx=59 tick=818 displayFbp=0 sourceFbp=0 size=640x448 preferred=0
        ... [3,600 more [frame:upload] lines elided by export_logs.py] ...
[p4:vbl] ticks=900\n[p4:isig] sid=9
[run:tick] tick=960 pc=0x14c9b0 ra=0x14c9b0 sp=0x1ff7f30 gp=0x22c0f0 dispfb1=0x1400 display1=0x1bf27f00000000 activeThreads=3 dma=8268 gif=656 gsw=0 vif=18
[run:tick] tick=1080 pc=0x14c9b0 ra=0x14c9b0 sp=0x1ff7f30 gp=0x22c0f0 dispfb1=0x1400 display1=0x1bf27f00000000 activeThreads=3 dma=10220 gif=688 gsw=0 vif=18
[run:tick] tick=1200 pc=0x14c9b0 ra=0x14c9b0 sp=0x1ff7f30 gp=0x22c0f0 dispfb1=0x1400 display1=0x1bf27f00000000 activeThreads=3 dma=12172 gif=720 gsw=0 vif=18
[run:tick] tick=1320 pc=0x14c9b0 ra=0x14c9b0 sp=0x1ff7f30 gp=0x22c0f0 dispfb1=0x1400 display1=0x1bf27f00000000 activeThreads=3 dma=14063 gif=751 gsw=0 vif=18
[run:tick] tick=1440 pc=0x14c9b0 ra=0x14c9b0 sp=0x1ff7f30 gp=0x22c0f0 dispfb1=0x1400 display1=0x1bf27f00000000 activeThreads=3 dma=16015 gif=783 gsw=0 vif=18
[run:tick] tick=1560 pc=0x14c9b0 ra=0x14c9b0 sp=0x1ff7f30 gp=0x22c0f0 dispfb1=0x1400 display1=0x1bf27f00000000 activeThreads=3 dma=17967 gif=815 gsw=0 vif=18
[p4:vbl] ticks=1200\n[p4:isig] sid=9
[run:tick] tick=1680 pc=0x14c9b0 ra=0x14c9b0 sp=0x1ff7f30 gp=0x22c0f0 dispfb1=0x1400 display1=0x1bf27f00000000 activeThreads=3 dma=19919 gif=847 gsw=0 vif=18
[run:tick] tick=1800 pc=0x14c9b0 ra=0x14c9b0 sp=0x1ff7f30 gp=0x22c0f0 dispfb1=0x1400 display1=0x1bf27f00000000 activeThreads=3 dma=21810 gif=878 gsw=0 vif=18
[run:tick] tick=1920 pc=0x14c9b0 ra=0x14c9b0 sp=0x1ff7f30 gp=0x22c0f0 dispfb1=0x1400 display1=0x1bf27f00000000 activeThreads=3 dma=23762 gif=910 gsw=0 vif=18
[run:tick] tick=2040 pc=0x14c9b0 ra=0x14c9b0 sp=0x1ff7f30 gp=0x22c0f0 dispfb1=0x1400 display1=0x1bf27f00000000 activeThreads=3 dma=25714 gif=942 gsw=0 vif=18
[p4:new2] size=0x00000054 ra=0x001b4bf4
[p4:malloc] size=0x00000054 ra=0x001006bc
[p4:new2] size=0x00000150 ra=0x001a6bd0
[p4:malloc] size=0x00000150 ra=0x001006bc
[gzmfs] OPEN fd=1 '\SOUND\GZMVS.RBB;1' -> '<path>' size=110594048
[gzmfs] READ fd=1 pos=0 len=8 -> 8 dst=0x00E0A130
[gzmfs] READ fd=1 pos=8 len=8 -> 8 dst=0x00E0A130
[p4:new2] size=0x00000070 ra=0x00100540
[p4:malloc] size=0x00000070 ra=0x001006bc
[gzmfs] READ fd=1 pos=16 len=112 -> 112 dst=0x00E0A2C0
[gzmfs] READ fd=1 pos=128 len=8 -> 8 dst=0x00E0A130
[p4:new2] size=0x00001b70 ra=0x00100540
[p4:malloc] size=0x00001b70 ra=0x001006bc
[gzmfs] READ fd=1 pos=136 len=7024 -> 7024 dst=0x00E0A2C0
[gzmfs] READ fd=1 pos=7160 len=8 -> 8 dst=0x00E0A130
[p4:new2] size=0x00000db8 ra=0x00100540
[gzmfs] READ fd=1 pos=7168 len=3512 -> 3512 dst=0x00E0BE40
[gzmfs] READ fd=1 pos=10680 len=8 -> 8 dst=0x00E0A130
[gzmfs] SEEK fd=1 off=1592 whence=1 -> pos=12280
[gzmfs] READ fd=1 pos=12280 len=8 -> 8 dst=0x00E0A130
[gzmfs] CLOSE fd=1
[p4:new2] size=0x0000002c ra=0x001632a4
[p4:ld] load obj=0x00e0cc00 size=0x00000000 ra=0x001632f8
[p4:new2] size=0x000420a0 ra=0x00100540
[p4:rd1] FUN_001b5ca0 obj=0x00c253e8 dst=0x00e0cc30 len=0x000420a0 ra=0x0019a1d4
[gzmfs] SEEK fd=0 off=131909632 whence=0 -> pos=131909632
[p4:alarm] n=11 id=11 handler=0x0011c570 arg=0x01ff7d68 *arg=23
[p4:hdl] 11c570 entry a2=0x01ff7d68
[p4:wake-pre] sid=23 consumed=1
[p4:alarm] n=12 id=12 handler=0x0011c570 arg=0x01ff7d68 *arg=24
[p4:hdl] 11c570 entry a2=0x01ff7d68
[p4:wake-pre] sid=24 consumed=1
[CreateSema] id=23 init=0 max=1[WaitSema:block] tid=1 sid=23 pc=0x10eca0 ra=0x11c530
[CreateSema] id=24 init=0 max=1[WaitSema:block] tid=1 sid=24 pc=0x10eca0 ra=0x11c530
[gzmfs] READ fd=0 pos=131909632 len=270496 -> 270496 dst=0x00E0CC30
[p4:alarm] n=13 id=13 handler=0x0011c570 arg=0x01ff7d68 *arg=25
[p4:hdl] 11c570 entry a2=0x01ff7d68
[p4:wake-pre] sid=25 consumed=1
[p4:new2] size=0x00000060 ra=0x00100540
[p4:rd1] FUN_001b5ca0 obj=0x00c253e8 dst=0x00e4ed50 len=0x000204e0 ra=0x0019a1d4
[gzmfs] SEEK fd=0 off=132182016 whence=0 -> pos=132182016
[p4:alarm] n=14 id=14 handler=0x0011c570 arg=0x01ff7da8 *arg=26
[p4:hdl] 11c570 entry a2=0x01ff7da8
[p4:wake-pre] sid=26 consumed=1
[p4:alarm] n=15 id=15 handler=0x0011c570 arg=0x01ff7da8 *arg=27
[p4:hdl] 11c570 entry a2=0x01ff7da8
[p4:wake-pre] sid=27 consumed=1
[gzmfs] READ fd=0 pos=132182016 len=132320 -> 132320 dst=0x00E4ED50
[p4:alarm] n=16 id=16 handler=0x0011c570 arg=0x01ff7da8 *arg=28
[p4:hdl] 11c570 entry a2=0x01ff7da8
[p4:wake-pre] sid=28 consumed=1
[p4:new2] size=0x0019f000 ra=0x00100540
[CreateSema] id=25 init=0 max=1[WaitSema:block] tid=1 sid=25 pc=0x10eca0 ra=0x11c530
[CreateSema] id=26 init=0 max=1[WaitSema:block] tid=1 sid=26 pc=0x10eca0 ra=0x11c530
[CreateSema] id=27 init=0 max=1[WaitSema:block] tid=1 sid=27 pc=0x10eca0 ra=0x11c530
[CreateSema] id=28 init=0 max=1[WaitSema:block] tid=1 sid=28 pc=0x10eca0 ra=0x11c530
[p4:new2] size=0x00000008 ra=0x00162fcc
[p4:new2] size=0x00000008 ra=0x00162fcc
[p4:new2] size=0x00000008 ra=0x00162fcc
[p4:new2] size=0x00000008 ra=0x00162fcc
[p4:new2] size=0x00000008 ra=0x00162fcc
[p4:new2] size=0x00000008 ra=0x00162fcc
[p4:new2] size=0x00000008 ra=0x00162fcc
[p4:new2] size=0x00000008 ra=0x00162fcc
[p4:new2] size=0x00000008 ra=0x00162fcc
[p4:new2] size=0x00000008 ra=0x00162fcc
[p4:new2] size=0x00000008 ra=0x00162fcc
[p4:new2] size=0x00000008 ra=0x00162fcc
[p4:new2] size=0x00000008 ra=0x00162fcc
[p4:new2] size=0x00000008 ra=0x00162fcc
[p4:new2] size=0x00000008 ra=0x00162fcc
[p4:new2] size=0x00000008 ra=0x00162fcc
[p4:new2] size=0x00000008 ra=0x00162fcc
[p4:new2] size=0x00000008 ra=0x00162fcc
[p4:alias] target=0x001548d4 owner=0x001548b0 (unexported inner call)
[p4:wake-pre] sid=9 consumed=1
[p4:wake-pre] sid=9 consumed=1
[p4:wake-pre] sid=9 consumed=1
[CreateThread] id=4 entry=0x14a9c0 stack=0x100e740 size=0x10000 gp=0x22c0f0 prio=32
[StartThread] id=4 entry=0x14a9c0 sp=0x101e740 gp=0x22c0f0 arg=0x0
[WaitSema:block] tid=4 sid=9 pc=0x10eca0 ra=0x14a9d0
[WaitSema:block] tid=4 sid=9 pc=0x10eca0 ra=0x14a9d0
[WaitSema:block] tid=4 sid=9 pc=0x10eca0 ra=0x14a9d0
[WaitSema:block] tid=4 sid=9 pc=0x10eca0 ra=0x14a9d0
[p4:wake-pre] sid=9 consumed=1
[p4:wake-pre] sid=9 consumed=1
[p4:wake-pre] sid=9 consumed=1
[p4:wake-pre] sid=9 consumed=1
[WaitSema:block] tid=4 sid=9 pc=0x10eca0 ra=0x14a9d0
[WaitSema:block] tid=4 sid=9 pc=0x10eca0 ra=0x14a9d0
[WaitSema:block] tid=4 sid=9 pc=0x10eca0 ra=0x14a9d0
[WaitSema:block] tid=4 sid=9 pc=0x10eca0 ra=0x14a9d0
[p4:wake-pre] sid=9 consumed=1
[p4:wake-pre] sid=9 consumed=1
[p4:wake-pre] sid=9 consumed=1
[p4:wake-pre] sid=9 consumed=1
[WaitSema:block] tid=4 sid=9 pc=0x10eca0 ra=0x14a9d0
[WaitSema:block] tid=4 sid=9 pc=0x10eca0 ra=0x14a9d0
[WaitSema:block] tid=4 sid=9 pc=0x10eca0 ra=0x14a9d0
[WaitSema:block] tid=4 sid=9 pc=0x10eca0 ra=0x14a9d0
[p4:wake-pre] sid=9 consumed=1
[p4:wake-pre] sid=9 consumed=1
[p4:wake-pre] sid=9 consumed=1
[p4:wake-pre] sid=9 consumed=1
[mc] Init enter
[WaitSema:block] tid=4 sid=9 pc=0x10eca0 ra=0x14a9d0
[WaitSema:block] tid=4 sid=9 pc=0x10eca0 ra=0x14a9d0
[WaitSema:block] tid=4 sid=9 pc=0x10eca0 ra=0x14a9d0
[run:tick] tick=2160 pc=0x152280 ra=0x152280 sp=0x1ff7f90 gp=0x22c0f0 dispfb1=0x1400 display1=0x1bf27f00000000 activeThreads=4 dma=27613 gif=1002 gsw=0 vif=18
[WaitSema:block] tid=4 sid=9 pc=0x10eca0 ra=0x14a9d0
[mc] Init exit
[mc] Init enter
[mc] Init exit
[p4:wake-pre] sid=9 consumed=1
[mc] Init enter
[mc] Init exit
[dispatch:hle-leaf-ret] pc=0x11a720 -> ra=0x1ce130
[p4:wake-pre] sid=9 consumed=1
[p4:alias] target=0x0014ebb4 owner=0x0014eba0 (unexported inner call)
[p4:alias] target=0x00151780 owner=0x00151720 (unexported inner call)
[mc] Sync idle -> -1
[mc] GetInfo port=0 slot=0 type=2 free=8192 fmt=1 result=0 fmtPtr=0x01033670
[mc] GetInfo port=0 slot=0 type=2 free=8192 fmt=1 result=0 fmtPtr=0x01033670
[p4:wake-pre] sid=9 consumed=1
[p4:alias] target=0x00151910 owner=0x00151720 (unexported inner call)
[mc] GetDir port=0 slot=0 path='/BASLUS-20407/BASLUS-20407' maxent=8 table=0x01033430 result=-4 entries=0
[WaitSema:block] tid=4 sid=9 pc=0x10eca0 ra=0x14a9d0
[WaitSema:block] tid=4 sid=9 pc=0x10eca0 ra=0x14a9d0
[WaitSema:block] tid=4 sid=9 pc=0x10eca0 ra=0x14a9d0
[p4:wake-pre] sid=9 consumed=1
[mc] Sync idle -> -1
[mc] GetInfo port=0 slot=0 type=2 free=8192 fmt=1 result=0 fmtPtr=0x01033670
[p4:wake-pre] sid=9 consumed=1
[p4:alias] target=0x00151808 owner=0x00151720 (unexported inner call)
[p4:wake-pre] sid=9 consumed=1
[mc] Sync idle -> -1
[mc] GetInfo port=0 slot=0 type=2 free=8192 fmt=1 result=0 fmtPtr=0x01033670
[p4:wake-pre] sid=9 consumed=1
[WaitSema:block] tid=4 sid=9 pc=0x10eca0 ra=0x14a9d0
[WaitSema:block] tid=4 sid=9 pc=0x10eca0 ra=0x14a9d0
[WaitSema:block] tid=4 sid=9 pc=0x10eca0 ra=0x14a9d0
[WaitSema:block] tid=4 sid=9 pc=0x10eca0 ra=0x14a9d0
[p4:wake-pre] sid=9 consumed=1
[mc] Sync idle -> -1
[mc] GetInfo port=0 slot=0 type=2 free=8192 fmt=1 result=0 fmtPtr=0x01033670
[p4:wake-pre] sid=9 consumed=1
[p4:wake-pre] sid=9 consumed=1
[p4:wake-pre] sid=9 consumed=1
[p4:wake-pre] sid=9 consumed=1
[mc] Sync idle -> -1
[mc] GetInfo port=0 slot=0 type=2 free=8192 fmt=1 result=0 fmtPtr=0x01033670
[p4:wake-pre] sid=9 consumed=1
[p4:wake-pre] sid=9 consumed=1
[p4:wake-pre] sid=9 consumed=1
[mc] Sync idle -> -1
[mc] GetInfo port=0 slot=0 type=2 free=8192 fmt=1 result=0 fmtPtr=0x01033670
[p4:wake-pre] sid=9 consumed=1
[WaitSema:block] tid=4 sid=9 pc=0x10eca0 ra=0x14a9d0
[WaitSema:block] tid=4 sid=9 pc=0x10eca0 ra=0x14a9d0
[WaitSema:block] tid=4 sid=9 pc=0x10eca0 ra=0x14a9d0
[WaitSema:block] tid=4 sid=9 pc=0x10eca0 ra=0x14a9d0
[WaitSema:block] tid=4 sid=9 pc=0x10eca0 ra=0x14a9d0
[WaitSema:block] tid=4 sid=9 pc=0x10eca0 ra=0x14a9d0
[WaitSema:block] tid=4 sid=9 pc=0x10eca0 ra=0x14a9d0
[WaitSema:block] tid=4 sid=9 pc=0x10eca0 ra=0x14a9d0
[WaitSema:block] tid=4 sid=9 pc=0x10eca0 ra=0x14a9d0
[p4:wake-pre] sid=9 consumed=1
[mc] Sync idle -> -1
[mc] GetInfo port=0 slot=0 type=2 free=8192 fmt=1 result=0 fmtPtr=0x01033670
[p4:wake-pre] sid=9 consumed=1
[p4:wake-pre] sid=9 consumed=1
[mc] GetInfo port=0 slot=0 type=2 free=8192 fmt=1 result=0 fmtPtr=0x01033670
[p4:wake-pre] sid=9 consumed=1
[p4:wake-pre] sid=9 consumed=1
[WaitSema:block] tid=4 sid=9 pc=0x10eca0 ra=0x14a9d0
[WaitSema:block] tid=4 sid=9 pc=0x10eca0 ra=0x14a9d0
[WaitSema:block] tid=4 sid=9 pc=0x10eca0 ra=0x14a9d0
[WaitSema:block] tid=4 sid=9 pc=0x10eca0 ra=0x14a9d0
[WaitSema:block] tid=4 sid=9 pc=0x10eca0 ra=0x14a9d0
[mc] GetInfo port=0 slot=0 type=2 free=8192 fmt=1 result=0 fmtPtr=0x01033670
[p4:wake-pre] sid=9 consumed=1
[p4:wake-pre] sid=9 consumed=1
[mc] GetInfo port=0 slot=0 type=2 free=8192 fmt=1 result=0 fmtPtr=0x01033670
[p4:wake-pre] sid=9 consumed=1
[p4:wake-pre] sid=9 consumed=1
[mc] GetInfo port=0 slot=0 type=2 free=8192 fmt=1 result=0 fmtPtr=0x01033670
[p4:wake-pre] sid=9 consumed=1
[p4:wake-pre] sid=9 consumed=1
[WaitSema:block] tid=4 sid=9 pc=0x10eca0 ra=0x14a9d0
[WaitSema:block] tid=4 sid=9 pc=0x10eca0 ra=0x14a9d0
[WaitSema:block] tid=4 sid=9 pc=0x10eca0 ra=0x14a9d0
[WaitSema:block] tid=4 sid=9 pc=0x10eca0 ra=0x14a9d0
[WaitSema:block] tid=4 sid=9 pc=0x10eca0 ra=0x14a9d0
[WaitSema:block] tid=4 sid=9 pc=0x10eca0 ra=0x14a9d0
[mc] GetInfo port=0 slot=0 type=2 free=8192 fmt=1 result=0 fmtPtr=0x01033670
[p4:wake-pre] sid=9 consumed=1
        ... [1,092 more [p4:wake-pre] lines elided by export_logs.py] ...
[mc] GetInfo port=0 slot=0 type=2 free=8192 fmt=1 result=0 fmtPtr=0x01033670
[mc] GetInfo port=0 slot=0 type=2 free=8192 fmt=1 result=0 fmtPtr=0x01033670
[WaitSema:block] tid=4 sid=9 pc=0x10eca0 ra=0x14a9d0
[WaitSema:block] tid=4 sid=9 pc=0x10eca0 ra=0x14a9d0
[WaitSema:block] tid=4 sid=9 pc=0x10eca0 ra=0x14a9d0
[WaitSema:block] tid=4 sid=9 pc=0x10eca0 ra=0x14a9d0
[WaitSema:block] tid=4 sid=9 pc=0x10eca0 ra=0x14a9d0
[WaitSema:block] tid=4 sid=9 pc=0x10eca0 ra=0x14a9d0
[mc] GetInfo port=0 slot=0 type=2 free=8192 fmt=1 result=0 fmtPtr=0x01033670
[WaitSema:block] tid=4 sid=9 pc=0x10eca0 ra=0x14a9d0
[mc] GetInfo port=0 slot=0 type=2 free=8192 fmt=1 result=0 fmtPtr=0x01033670
[p4:vbl] ticks=1500\n[p4:isig] sid=9
[mc] GetInfo port=0 slot=0 type=2 free=8192 fmt=1 result=0 fmtPtr=0x01033670
[WaitSema:block] tid=4 sid=9 pc=0x10eca0 ra=0x14a9d0
[WaitSema:block] tid=4 sid=9 pc=0x10eca0 ra=0x14a9d0
[WaitSema:block] tid=4 sid=9 pc=0x10eca0 ra=0x14a9d0
        ... [223 more [WaitSema:block] lines elided by export_logs.py] ...
[mc] GetInfo port=0 slot=0 type=2 free=8192 fmt=1 result=0 fmtPtr=0x01033670
[mc] GetInfo port=0 slot=0 type=2 free=8192 fmt=1 result=0 fmtPtr=0x01033670
[mc] GetInfo port=0 slot=0 type=2 free=8192 fmt=1 result=0 fmtPtr=0x01033670
[mc] GetInfo port=0 slot=0 type=2 free=8192 fmt=1 result=0 fmtPtr=0x01033670
[run:tick] tick=2280 pc=0x151910 ra=0x151910 sp=0x1ff7f60 gp=0x22c0f0 dispfb1=0x1400 display1=0x1bf27f00000000 activeThreads=4 dma=41546 gif=1107 gsw=0 vif=18
[run:tick] tick=2400 pc=0x151910 ra=0x151910 sp=0x1ff7f60 gp=0x22c0f0 dispfb1=0x1400 display1=0x1bf27f00000000 activeThreads=4 dma=55724 gif=1209 gsw=0 vif=18
[p4:vbl] ticks=1800\n[p4:isig] sid=9
[run:tick] tick=2520 pc=0x151910 ra=0x151910 sp=0x1ff7f60 gp=0x22c0f0 dispfb1=0x1400 display1=0x1bf27f00000000 activeThreads=4 dma=69763 gif=1310 gsw=0 vif=18
[run:tick] tick=2640 pc=0x151910 ra=0x151910 sp=0x1ff7f60 gp=0x22c0f0 dispfb1=0x1400 display1=0x1bf27f00000000 activeThreads=4 dma=84080 gif=1413 gsw=0 vif=18
[p4:vbl] ticks=2100\n[p4:isig] sid=9
[run:tick] tick=2760 pc=0x151910 ra=0x151910 sp=0x1ff7f60 gp=0x22c0f0 dispfb1=0x1400 display1=0x1bf27f00000000 activeThreads=4 dma=96729 gif=1504 gsw=0 vif=18
[p4:vbl] ticks=2400\n[p4:isig] sid=9
[run:tick] tick=2880 pc=0x1e0b3c ra=0x1e01c4 sp=0x1ff7a80 gp=0x22c0f0 dispfb1=0x1400 display1=0x1bf27f00000000 activeThreads=4 dma=110076 gif=1600 gsw=0 vif=18
[p4:vbl] ticks=2700\n[p4:isig] sid=9
[run:tick] tick=3000 pc=0x151910 ra=0x151910 sp=0x1ff7f60 gp=0x22c0f0 dispfb1=0x1400 display1=0x1bf27f00000000 activeThreads=4 dma=123417 gif=1696 gsw=0 vif=18
[p4:alias] target=0x001517e4 owner=0x00151720 (unexported inner call)
[run:tick] tick=3120 pc=0x151910 ra=0x151910 sp=0x1ff7f60 gp=0x22c0f0 dispfb1=0x1400 display1=0x1bf27f00000000 activeThreads=4 dma=136344 gif=1789 gsw=0 vif=18
[p4:vbl] ticks=3000\n[p4:isig] sid=9
[p4:alias] target=0x001517ec owner=0x00151720 (unexported inner call)
[run:tick] tick=3240 pc=0x151910 ra=0x151910 sp=0x1ff7f60 gp=0x22c0f0 dispfb1=0x1400 display1=0x1bf27f00000000 activeThreads=4 dma=149410 gif=1883 gsw=0 vif=18
[run:tick] tick=3360 pc=0x151910 ra=0x151910 sp=0x1ff7f60 gp=0x22c0f0 dispfb1=0x1400 display1=0x1bf27f00000000 activeThreads=4 dma=162893 gif=1980 gsw=0 vif=18
[p4:vbl] ticks=3300\n[p4:isig] sid=9
[p4:alias] target=0x001517d4 owner=0x00151720 (unexported inner call)
[p4:alias] target=0x001517f4 owner=0x00151720 (unexported inner call)
[run:tick] tick=3480 pc=0x151910 ra=0x151910 sp=0x1ff7f60 gp=0x22c0f0 dispfb1=0x1400 display1=0x1bf27f00000000 activeThreads=4 dma=176098 gif=2075 gsw=0 vif=18
[p4:vbl] ticks=3600\n[p4:isig] sid=9
[run:tick] tick=3600 pc=0x151910 ra=0x151910 sp=0x1ff7f60 gp=0x22c0f0 dispfb1=0x1400 display1=0x1bf27f00000000 activeThreads=4 dma=187913 gif=2160 gsw=0 vif=18
[run:tick] tick=3720 pc=0x10f1d0 ra=0x10f1c4 sp=0x1ff7ef0 gp=0x22c0f0 dispfb1=0x1400 display1=0x1bf27f00000000 activeThreads=4 dma=199586 gif=2243 gsw=0 vif=18
[p4:alias] target=0x001517dc owner=0x00151720 (unexported inner call)
[run:tick] tick=3840 pc=0x10f1d0 ra=0x10f1c4 sp=0x1ff7ef0 gp=0x22c0f0 dispfb1=0x1400 display1=0x1bf27f00000000 activeThreads=4 dma=211262 gif=2327 gsw=0 vif=18
[p4:vbl] ticks=3900\n[p4:isig] sid=9
[run:tick] tick=3960 pc=0x1517d4 ra=0x151944 sp=0x1ff7f60 gp=0x22c0f0 dispfb1=0x1400 display1=0x1bf27f00000000 activeThreads=4 dma=222802 gif=2411 gsw=0 vif=18
[run:tick] tick=4080 pc=0x10f1d0 ra=0x10f1c4 sp=0x1ff7ef0 gp=0x22c0f0 dispfb1=0x1400 display1=0x1bf27f00000000 activeThreads=4 dma=234058 gif=2491 gsw=0 vif=18
[p4:vbl] ticks=4200\n[p4:isig] sid=9
[run:tick] tick=4200 pc=0x151910 ra=0x151910 sp=0x1ff7f60 gp=0x22c0f0 dispfb1=0x1400 display1=0x1bf27f00000000 activeThreads=4 dma=245737 gif=2576 gsw=0 vif=18
[run:tick] tick=4320 pc=0x1517d4 ra=0x151944 sp=0x1ff7f60 gp=0x22c0f0 dispfb1=0x1400 display1=0x1bf27f00000000 activeThreads=4 dma=257552 gif=2661 gsw=0 vif=18
[run:tick] tick=4440 pc=0x1517d4 ra=0x151944 sp=0x1ff7f60 gp=0x22c0f0 dispfb1=0x1400 display1=0x1bf27f00000000 activeThreads=4 dma=269089 gif=2744 gsw=0 vif=18
[p4:vbl] ticks=4500\n[p4:isig] sid=9
[run:tick] tick=4560 pc=0x151910 ra=0x151910 sp=0x1ff7f60 gp=0x22c0f0 dispfb1=0x1400 display1=0x1bf27f00000000 activeThreads=4 dma=281043 gif=2830 gsw=0 vif=18
[run:tick] tick=4680 pc=0x10f1d0 ra=0x10f1c4 sp=0x1ff7ef0 gp=0x22c0f0 dispfb1=0x1400 display1=0x1bf27f00000000 activeThreads=4 dma=292994 gif=2915 gsw=0 vif=18
[p4:vbl] ticks=4800\n[p4:isig] sid=9
[run:tick] tick=4800 pc=0x1a7b18 ra=0x1a7fc8 sp=0x1ff7ed0 gp=0x22c0f0 dispfb1=0x1400 display1=0x1bf27f00000000 activeThreads=4 dma=304398 gif=2998 gsw=0 vif=18
[run:tick] tick=4920 pc=0x151910 ra=0x151910 sp=0x1ff7f60 gp=0x22c0f0 dispfb1=0x1400 display1=0x1bf27f00000000 activeThreads=4 dma=315793 gif=3080 gsw=0 vif=18
[run:tick] tick=5040 pc=0x13a378 ra=0x13a378 sp=0x1ff7f30 gp=0x22c0f0 dispfb1=0x1400 display1=0x1bf27f00000000 activeThreads=4 dma=327745 gif=3166 gsw=0 vif=18
[p4:vbl] ticks=5100\n[p4:isig] sid=9
[run:tick] tick=5160 pc=0x151910 ra=0x151910 sp=0x1ff7f60 gp=0x22c0f0 dispfb1=0x1400 display1=0x1bf27f00000000 activeThreads=4 dma=339284 gif=3249 gsw=0 vif=18
[run:tick] tick=5280 pc=0x151910 ra=0x151910 sp=0x1ff7f60 gp=0x22c0f0 dispfb1=0x1400 display1=0x1bf27f00000000 activeThreads=4 dma=350821 gif=3332 gsw=0 vif=18
[p4:vbl] ticks=5400\n[p4:isig] sid=9
[run:tick] tick=5400 pc=0x1517d4 ra=0x151944 sp=0x1ff7f60 gp=0x22c0f0 dispfb1=0x1400 display1=0x1bf27f00000000 activeThreads=4 dma=361941 gif=3412 gsw=0 vif=18
[run:tick] tick=5520 pc=0x151910 ra=0x151910 sp=0x1ff7f60 gp=0x22c0f0 dispfb1=0x1400 display1=0x1bf27f00000000 activeThreads=4 dma=373895 gif=3498 gsw=0 vif=18
[run:tick] tick=5640 pc=0x151910 ra=0x151910 sp=0x1ff7f60 gp=0x22c0f0 dispfb1=0x1400 display1=0x1bf27f00000000 activeThreads=4 dma=385988 gif=3585 gsw=0 vif=18
[p4:vbl] ticks=5700\n[p4:isig] sid=9
[run:tick] tick=5760 pc=0x1e0b3c ra=0x1e01c4 sp=0x1ff7a80 gp=0x22c0f0 dispfb1=0x1400 display1=0x1bf27f00000000 activeThreads=4 dma=398084 gif=3672 gsw=0 vif=18
[run:tick] tick=5880 pc=0x10f1d0 ra=0x10f1c4 sp=0x1ff7ef0 gp=0x22c0f0 dispfb1=0x1400 display1=0x1bf27f00000000 activeThreads=4 dma=409615 gif=3754 gsw=0 vif=18
[p4:vbl] ticks=6000\n[p4:isig] sid=9
[run:tick] tick=6000 pc=0x10f1d0 ra=0x10f1c4 sp=0x1ff7ef0 gp=0x22c0f0 dispfb1=0x1400 display1=0x1bf27f00000000 activeThreads=4 dma=421569 gif=3840 gsw=0 vif=18
[run:tick] tick=6120 pc=0x151910 ra=0x151910 sp=0x1ff7f60 gp=0x22c0f0 dispfb1=0x1400 display1=0x1bf27f00000000 activeThreads=4 dma=433387 gif=3926 gsw=0 vif=18
[run:tick] tick=6240 pc=0x10f1d0 ra=0x10f1c4 sp=0x1ff7ef0 gp=0x22c0f0 dispfb1=0x1400 display1=0x1bf27f00000000 activeThreads=4 dma=445477 gif=4012 gsw=0 vif=18
[p4:vbl] ticks=6300\n[p4:isig] sid=9
[run:tick] tick=6360 pc=0x151910 ra=0x151910 sp=0x1ff7f60 gp=0x22c0f0 dispfb1=0x1400 display1=0x1bf27f00000000 activeThreads=4 dma=457295 gif=4098 gsw=0 vif=18
[run:tick] tick=6480 pc=0x151910 ra=0x151910 sp=0x1ff7f60 gp=0x22c0f0 dispfb1=0x1400 display1=0x1bf27f00000000 activeThreads=4 dma=469249 gif=4184 gsw=0 vif=18
[p4:vbl] ticks=6600\n[p4:isig] sid=9
[run:tick] tick=6600 pc=0x10f1d0 ra=0x10f1c4 sp=0x1ff7ef0 gp=0x22c0f0 dispfb1=0x1400 display1=0x1bf27f00000000 activeThreads=4 dma=480922 gif=4267 gsw=0 vif=18
[run:tick] tick=6720 pc=0x10f1d0 ra=0x10f1c4 sp=0x1ff7ef0 gp=0x22c0f0 dispfb1=0x1400 display1=0x1bf27f00000000 activeThreads=4 dma=492459 gif=4350 gsw=0 vif=18
[run:tick] tick=6840 pc=0x151910 ra=0x151910 sp=0x1ff7f60 gp=0x22c0f0 dispfb1=0x1400 display1=0x1bf27f00000000 activeThreads=4 dma=503721 gif=4432 gsw=0 vif=18
[p4:vbl] ticks=6900\n[p4:isig] sid=9
[run:tick] tick=6960 pc=0x151910 ra=0x151910 sp=0x1ff7f60 gp=0x22c0f0 dispfb1=0x1400 display1=0x1bf27f00000000 activeThreads=4 dma=515397 gif=4516 gsw=0 vif=18
[run:tick] tick=7080 pc=0x10f1d0 ra=0x10f1c4 sp=0x1ff7ef0 gp=0x22c0f0 dispfb1=0x1400 display1=0x1bf27f00000000 activeThreads=4 dma=526931 gif=4598 gsw=0 vif=18
[p4:vbl] ticks=7200\n[p4:isig] sid=9
[run:tick] tick=7200 pc=0x151910 ra=0x151910 sp=0x1ff7f60 gp=0x22c0f0 dispfb1=0x1400 display1=0x1bf27f00000000 activeThreads=4 dma=538610 gif=4683 gsw=0 vif=18
        ... [63 more [run:tick] lines elided by export_logs.py] ...
[p4:vbl] ticks=7500\n[p4:isig] sid=9
[p4:vbl] ticks=7800\n[p4:isig] sid=9
[p4:vbl] ticks=8100\n[p4:isig] sid=9
[p4:vbl] ticks=8400\n[p4:isig] sid=9
[p4:vbl] ticks=8700\n[p4:isig] sid=9
[p4:vbl] ticks=9000\n[p4:isig] sid=9
[p4:vbl] ticks=9300\n[p4:isig] sid=9
[p4:vbl] ticks=9600\n[p4:isig] sid=9
[p4:vbl] ticks=9900\n[p4:isig] sid=9
[p4:vbl] ticks=10200\n[p4:isig] sid=9
[WaitSema:block] tid=4 sid=9 pc=0x10eca0 ra=0x14a9d0
[p4:vbl] ticks=10500\n[p4:isig] sid=9
[WaitSema:block] tid=4 sid=9 pc=0x10eca0 ra=0x14a9d0
[p4:vbl] ticks=10800\n[p4:isig] sid=9
[WaitSema:block] tid=4 sid=9 pc=0x10eca0 ra=0x14a9d0
[WaitSema:block] tid=4 sid=9 pc=0x10eca0 ra=0x14a9d0
[p4:vbl] ticks=11100\n[p4:isig] sid=9
[WaitSema:block] tid=4 sid=9 pc=0x10eca0 ra=0x14a9d0
[p4:vbl] ticks=11400\n[p4:isig] sid=9
[WaitSema:block] tid=4 sid=9 pc=0x10eca0 ra=0x14a9d0
[p4:vbl] ticks=11700\n[p4:isig] sid=9
[WaitSema:block] tid=4 sid=9 pc=0x10eca0 ra=0x14a9d0
[WaitSema:block] tid=4 sid=9 pc=0x10eca0 ra=0x14a9d0
[p4:vbl] ticks=12000\n[p4:isig] sid=9
[WaitSema:block] tid=4 sid=9 pc=0x10eca0 ra=0x14a9d0
[p4:vbl] ticks=12300\n[p4:isig] sid=9
[WaitSema:block] tid=4 sid=9 pc=0x10eca0 ra=0x14a9d0
[p4:vbl] ticks=12600\n[p4:isig] sid=9
[WaitSema:block] tid=4 sid=9 pc=0x10eca0 ra=0x14a9d0
[WaitSema:block] tid=4 sid=9 pc=0x10eca0 ra=0x14a9d0
[p4:vbl] ticks=12900\n[p4:isig] sid=9
[WaitSema:block] tid=4 sid=9 pc=0x10eca0 ra=0x14a9d0
[p4:vbl] ticks=13200\n[p4:isig] sid=9
[WaitSema:block] tid=4 sid=9 pc=0x10eca0 ra=0x14a9d0
[WaitSema:block] tid=4 sid=9 pc=0x10eca0 ra=0x14a9d0
[p4:vbl] ticks=13500\n[p4:isig] sid=9
[WaitSema:block] tid=4 sid=9 pc=0x10eca0 ra=0x14a9d0
[p4:vbl] ticks=13800\n[p4:isig] sid=9
[WaitSema:block] tid=4 sid=9 pc=0x10eca0 ra=0x14a9d0
[p4:vbl] ticks=14100\n[p4:isig] sid=9
[WaitSema:block] tid=4 sid=9 pc=0x10eca0 ra=0x14a9d0
[WaitSema:block] tid=4 sid=9 pc=0x10eca0 ra=0x14a9d0
[p4:vbl] ticks=14400\n[p4:isig] sid=9
[WaitSema:block] tid=4 sid=9 pc=0x10eca0 ra=0x14a9d0
[p4:vbl] ticks=14700\n[p4:isig] sid=9
[WaitSema:block] tid=4 sid=9 pc=0x10eca0 ra=0x14a9d0
[run:tick] tick=14880 pc=0x151910 ra=0x151910 sp=0x1ff7f60 gp=0x22c0f0 dispfb1=0x1400 display1=0x1bf27f00000000 activeThreads=4 dma=1274615 gif=9978 gsw=0 vif=18
[WaitSema:block] tid=4 sid=9 pc=0x10eca0 ra=0x14a9d0
[p4:vbl] ticks=15000\n[p4:isig] sid=9
[run:tick] tick=15000 pc=0x151910 ra=0x151910 sp=0x1ff7f60 gp=0x22c0f0 dispfb1=0x1400 display1=0x1bf27f00000000 activeThreads=4 dma=1286152 gif=10061 gsw=0 vif=18
[run:tick] tick=15120 pc=0x151910 ra=0x151910 sp=0x1ff7f60 gp=0x22c0f0 dispfb1=0x1400 display1=0x1bf27f00000000 activeThreads=4 dma=1298523 gif=10150 gsw=0 vif=18
[WaitSema:block] tid=4 sid=9 pc=0x10eca0 ra=0x14a9d0
[run:tick] tick=15240 pc=0x10f1d0 ra=0x10f1c4 sp=0x1ff7ef0 gp=0x22c0f0 dispfb1=0x1400 display1=0x1bf27f00000000 activeThreads=4 dma=1310196 gif=10233 gsw=0 vif=18
[p4:vbl] ticks=15300\n[p4:isig] sid=9
[run:tick] tick=15360 pc=0x151910 ra=0x151910 sp=0x1ff7f60 gp=0x22c0f0 dispfb1=0x1400 display1=0x1bf27f00000000 activeThreads=4 dma=1322153 gif=10320 gsw=0 vif=18
[WaitSema:block] tid=4 sid=9 pc=0x10eca0 ra=0x14a9d0
[run:tick] tick=15480 pc=0x151910 ra=0x151910 sp=0x1ff7f60 gp=0x22c0f0 dispfb1=0x1400 display1=0x1bf27f00000000 activeThreads=4 dma=1333968 gif=10405 gsw=0 vif=18
[p4:vbl] ticks=15600\n[p4:isig] sid=9
[run:tick] tick=15600 pc=0x151910 ra=0x151910 sp=0x1ff7f60 gp=0x22c0f0 dispfb1=0x1400 display1=0x1bf27f00000000 activeThreads=4 dma=1345644 gif=10489 gsw=0 vif=18
[WaitSema:block] tid=4 sid=9 pc=0x10eca0 ra=0x14a9d0
[run:tick] tick=15720 pc=0x151910 ra=0x151910 sp=0x1ff7f60 gp=0x22c0f0 dispfb1=0x1400 display1=0x1bf27f00000000 activeThreads=4 dma=1357320 gif=10573 gsw=0 vif=18
[run:tick] tick=15840 pc=0x151910 ra=0x151910 sp=0x1ff7f60 gp=0x22c0f0 dispfb1=0x1400 display1=0x1bf27f00000000 activeThreads=4 dma=1368718 gif=10655 gsw=0 vif=18
[WaitSema:block] tid=4 sid=9 pc=0x10eca0 ra=0x14a9d0
[p4:vbl] ticks=15900\n[p4:isig] sid=9
[run:tick] tick=15960 pc=0x151910 ra=0x151910 sp=0x1ff7f60 gp=0x22c0f0 dispfb1=0x1400 display1=0x1bf27f00000000 activeThreads=4 dma=1380394 gif=10739 gsw=0 vif=18
[WaitSema:block] tid=4 sid=9 pc=0x10eca0 ra=0x14a9d0
[run:tick] tick=16080 pc=0x151910 ra=0x151910 sp=0x1ff7f60 gp=0x22c0f0 dispfb1=0x1400 display1=0x1bf27f00000000 activeThreads=4 dma=1392487 gif=10826 gsw=0 vif=18
[p4:vbl] ticks=16200\n[p4:isig] sid=9
[run:tick] tick=16200 pc=0x151910 ra=0x151910 sp=0x1ff7f60 gp=0x22c0f0 dispfb1=0x1400 display1=0x1bf27f00000000 activeThreads=4 dma=1403885 gif=10908 gsw=0 vif=18
[WaitSema:block] tid=4 sid=9 pc=0x10eca0 ra=0x14a9d0
[run:tick] tick=16320 pc=0x151910 ra=0x151910 sp=0x1ff7f60 gp=0x22c0f0 dispfb1=0x1400 display1=0x1bf27f00000000 activeThreads=4 dma=1415561 gif=10992 gsw=0 vif=18
[run:tick] tick=16440 pc=0x151910 ra=0x151910 sp=0x1ff7f60 gp=0x22c0f0 dispfb1=0x1400 display1=0x1bf27f00000000 activeThreads=4 dma=1427237 gif=11076 gsw=0 vif=18
[WaitSema:block] tid=4 sid=9 pc=0x10eca0 ra=0x14a9d0
[p4:vbl] ticks=16500\n[p4:isig] sid=9
[run:tick] tick=16560 pc=0x151910 ra=0x151910 sp=0x1ff7f60 gp=0x22c0f0 dispfb1=0x1400 display1=0x1bf27f00000000 activeThreads=4 dma=1438913 gif=11160 gsw=0 vif=18
[WaitSema:wake] tid=4 sid=9 ret=9 count=0
[run:tick] tick=16680 pc=0x10f1d0 ra=0x10f1c4 sp=0x1ff7ef0 gp=0x22c0f0 dispfb1=0x1400 display1=0x1bf27f00000000 activeThreads=4 dma=1450725 gif=11244 gsw=0 vif=18
[WaitSema:wake] tid=4 sid=9 ret=9 count=0
[WaitSema:block] tid=4 sid=9 pc=0x10eca0 ra=0x14a9d0
[WaitSema:wake] tid=4 sid=9 ret=9 count=0
[WaitSema:wake] tid=4 sid=9 ret=9 count=0
[p4:vbl] ticks=16800\n[p4:isig] sid=9
[run:tick] tick=16800 pc=0x10f1d0 ra=0x10f1c4 sp=0x1ff7ef0 gp=0x22c0f0 dispfb1=0x1400 display1=0x1bf27f00000000 activeThreads=4 dma=1462262 gif=11327 gsw=0 vif=18
[WaitSema:wake] tid=4 sid=9 ret=9 count=0
[WaitSema:wake] tid=4 sid=9 ret=9 count=0
[WaitSema:block] tid=4 sid=9 pc=0x10eca0 ra=0x14a9d0
[run:tick] tick=16920 pc=0x151910 ra=0x151910 sp=0x1ff7f60 gp=0x22c0f0 dispfb1=0x1400 display1=0x1bf27f00000000 activeThreads=4 dma=1474497 gif=11416 gsw=0 vif=18
[WaitSema:wake] tid=4 sid=9 ret=9 count=0
[WaitSema:wake] tid=4 sid=9 ret=9 count=0
[WaitSema:wake] tid=4 sid=9 ret=9 count=0
[run:tick] tick=17040 pc=0x151910 ra=0x151910 sp=0x1ff7f60 gp=0x22c0f0 dispfb1=0x1400 display1=0x1bf27f00000000 activeThreads=4 dma=1486034 gif=11499 gsw=0 vif=18
[WaitSema:wake] tid=4 sid=9 ret=9 count=0
[p4:vbl] ticks=17100\n[p4:isig] sid=9
[WaitSema:wake] tid=4 sid=9 ret=9 count=0
[WaitSema:block] tid=4 sid=9 pc=0x10eca0 ra=0x14a9d0
[run:tick] tick=17160 pc=0x10f1d0 ra=0x10f1c4 sp=0x1ff7ef0 gp=0x22c0f0 dispfb1=0x1400 display1=0x1bf27f00000000 activeThreads=4 dma=1498263 gif=11586 gsw=0 vif=18
[WaitSema:wake] tid=4 sid=9 ret=9 count=0
[WaitSema:wake] tid=4 sid=9 ret=9 count=0
[run:tick] tick=17280 pc=0x10f1d0 ra=0x10f1c4 sp=0x1ff7ef0 gp=0x22c0f0 dispfb1=0x1400 display1=0x1bf27f00000000 activeThreads=4 dma=1509522 gif=11667 gsw=0 vif=18
[WaitSema:wake] tid=4 sid=9 ret=9 count=0
[WaitSema:wake] tid=4 sid=9 ret=9 count=0
[WaitSema:block] tid=4 sid=9 pc=0x10eca0 ra=0x14a9d0
[WaitSema:wake] tid=4 sid=9 ret=9 count=0
[p4:vbl] ticks=17400\n[p4:isig] sid=9
[run:tick] tick=17400 pc=0x10f1d0 ra=0x10f1c4 sp=0x1ff7ef0 gp=0x22c0f0 dispfb1=0x1400 display1=0x1bf27f00000000 activeThreads=4 dma=1521198 gif=11751 gsw=0 vif=18
[WaitSema:wake] tid=4 sid=9 ret=9 count=0
[WaitSema:wake] tid=4 sid=9 ret=9 count=0
[padread] port=0 slot=0 data2=0xff data3=0xef guestButtons=0x0010 enter=0 gamepadStart=0
[padread] port=1 slot=0 data2=0xff data3=0xef guestButtons=0x0010 enter=0 gamepadStart=0
[WaitSema:wake] tid=3 sid=7 ret=7 count=0
[padread] port=0 slot=0 data2=0xff data3=0xef guestButtons=0x0010 enter=0 gamepadStart=0
[padread] port=1 slot=0 data2=0xff data3=0xef guestButtons=0x0010 enter=0 gamepadStart=0
[padread] port=0 slot=0 data2=0xff data3=0xef guestButtons=0x0010 enter=0 gamepadStart=0
[padread] port=1 slot=0 data2=0xff data3=0xef guestButtons=0x0010 enter=0 gamepadStart=0
[run:tick] tick=17520 pc=0x10f1d0 ra=0x10f1c4 sp=0x1ff7ef0 gp=0x22c0f0 dispfb1=0x1400 display1=0x1bf27f00000000 activeThreads=4 dma=1532454 gif=11838 gsw=0 vif=18
[WaitSema:wake] tid=4 sid=9 ret=9 count=0
[WaitSema:block] tid=4 sid=9 pc=0x10eca0 ra=0x14a9d0
[WaitSema:wake] tid=4 sid=9 ret=9 count=0
[run:tick] tick=17640 pc=0x10f1d0 ra=0x10f1c4 sp=0x1ff7ef0 gp=0x22c0f0 dispfb1=0x1400 display1=0x1bf27f00000000 activeThreads=4 dma=1537238 gif=11942 gsw=0 vif=18
[WaitSema:wake] tid=4 sid=9 ret=9 count=0
[p4:vbl] ticks=17700\n[p4:isig] sid=9
[WaitSema:wake] tid=4 sid=9 ret=9 count=0
[run:tick] tick=17760 pc=0x10f1d0 ra=0x10f1c4 sp=0x1ff7ef0 gp=0x22c0f0 dispfb1=0x1400 display1=0x1bf27f00000000 activeThreads=4 dma=1542344 gif=12053 gsw=0 vif=18
[WaitSema:wake] tid=4 sid=9 ret=9 count=0
[WaitSema:block] tid=4 sid=9 pc=0x10eca0 ra=0x14a9d0
[WaitSema:wake] tid=4 sid=9 ret=9 count=0
[WaitSema:wake] tid=4 sid=9 ret=9 count=0
[run:tick] tick=17880 pc=0x10f1d0 ra=0x10f1c4 sp=0x1ff7ef0 gp=0x22c0f0 dispfb1=0x1400 display1=0x1bf27f00000000 activeThreads=4 dma=1547358 gif=12162 gsw=0 vif=18
[WaitSema:wake] tid=4 sid=9 ret=9 count=0
[WaitSema:wake] tid=4 sid=9 ret=9 count=0
[WaitSema:block] tid=4 sid=9 pc=0x10eca0 ra=0x14a9d0
[p4:vbl] ticks=18000\n[p4:isig] sid=9
[run:tick] tick=18000 pc=0x10f1d0 ra=0x10f1c4 sp=0x1ff7ef0 gp=0x22c0f0 dispfb1=0x1400 display1=0x1bf27f00000000 activeThreads=4 dma=1552372 gif=12271 gsw=0 vif=18
[WaitSema:wake] tid=4 sid=9 ret=9 count=0
[WaitSema:wake] tid=4 sid=9 ret=9 count=0
[WaitSema:wake] tid=4 sid=9 ret=9 count=0
[run:tick] tick=18120 pc=0x10f1d0 ra=0x10f1c4 sp=0x1ff7ef0 gp=0x22c0f0 dispfb1=0x1400 display1=0x1bf27f00000000 activeThreads=4 dma=1557478 gif=12382 gsw=0 vif=18
[WaitSema:wake] tid=4 sid=9 ret=9 count=0
[WaitSema:block] tid=4 sid=9 pc=0x10eca0 ra=0x14a9d0
[WaitSema:wake] tid=4 sid=9 ret=9 count=0
[run:tick] tick=18240 pc=0x151808 ra=0x151808 sp=0x1ff7f60 gp=0x22c0f0 dispfb1=0x1400 display1=0x1bf27f00000000 activeThreads=4 dma=1562032 gif=12481 gsw=0 vif=18
[WaitSema:wake] tid=4 sid=9 ret=9 count=0
        ... [7 more [p4:vbl] lines elided by export_logs.py] ...
[WaitSema:wake] tid=4 sid=9 ret=9 count=0
[run:tick] tick=18360 pc=0x10f1d0 ra=0x10f1c4 sp=0x1ff7ef0 gp=0x22c0f0 dispfb1=0x1400 display1=0x1bf27f00000000 activeThreads=4 dma=1566954 gif=12588 gsw=0 vif=18
[WaitSema:wake] tid=4 sid=9 ret=9 count=0
[WaitSema:block] tid=4 sid=9 pc=0x10eca0 ra=0x14a9d0
[WaitSema:wake] tid=4 sid=9 ret=9 count=0
[WaitSema:wake] tid=4 sid=9 ret=9 count=0
[run:tick] tick=18480 pc=0x10f1d0 ra=0x10f1c4 sp=0x1ff7ef0 gp=0x22c0f0 dispfb1=0x1400 display1=0x1bf27f00000000 activeThreads=4 dma=1571646 gif=12690 gsw=0 vif=18
[WaitSema:wake] tid=4 sid=9 ret=9 count=0
[WaitSema:wake] tid=4 sid=9 ret=9 count=0
[WaitSema:block] tid=4 sid=9 pc=0x10eca0 ra=0x14a9d0
[run:tick] tick=18600 pc=0x1492a8 ra=0x149358 sp=0x1ff78b0 gp=0x22c0f0 dispfb1=0x1400 display1=0x1bf27f00000000 activeThreads=4 dma=1576574 gif=12798 gsw=0 vif=18
[WaitSema:wake] tid=4 sid=9 ret=9 count=0
[WaitSema:wake] tid=4 sid=9 ret=9 count=0
[WaitSema:wake] tid=4 sid=9 ret=9 count=0
[run:tick] tick=18720 pc=0x151910 ra=0x151910 sp=0x1ff7f60 gp=0x22c0f0 dispfb1=0x1400 display1=0x1bf27f00000000 activeThreads=4 dma=1581401 gif=12903 gsw=0 vif=18
[WaitSema:wake] tid=4 sid=9 ret=9 count=0
[WaitSema:block] tid=4 sid=9 pc=0x10eca0 ra=0x14a9d0
[WaitSema:wake] tid=4 sid=9 ret=9 count=0
[run:tick] tick=18840 pc=0x1033c8 ra=0x1033c8 sp=0x1ff7f10 gp=0x22c0f0 dispfb1=0x1400 display1=0x1bf27f00000000 activeThreads=4 dma=1586458 gif=13012 gsw=0 vif=18
[WaitSema:wake] tid=4 sid=9 ret=9 count=0
[WaitSema:wake] tid=4 sid=9 ret=9 count=0
[frame:upload] idx=6327 tick=18969 displayFbp=0 sourceFbp=0 size=640x448 preferred=0
[frame:upload] idx=6328 tick=18970 displayFbp=70 sourceFbp=70 size=640x448 preferred=0
[frame:upload] idx=6329 tick=18971 displayFbp=0 sourceFbp=0 size=640x448 preferred=0
[frame:upload] idx=6330 tick=18972 displayFbp=70 sourceFbp=70 size=640x448 preferred=0
[run:tick] tick=18960 pc=0x1e0a88 ra=0x1e0a88 sp=0x1ff7960 gp=0x22c0f0 dispfb1=0x1400 display1=0x1bf27f00000000 activeThreads=4 dma=1591389 gif=13120 gsw=0 vif=18
[frame:upload] idx=6331 tick=18973 displayFbp=0 sourceFbp=0 size=640x448 preferred=0
[WaitSema:wake] tid=4 sid=9 ret=9 count=0
[frame:upload] idx=6332 tick=18975 displayFbp=70 sourceFbp=70 size=640x448 preferred=0
[frame:upload] idx=6333 tick=18976 displayFbp=0 sourceFbp=0 size=640x448 preferred=0
[frame:upload] idx=6334 tick=18977 displayFbp=70 sourceFbp=70 size=640x448 preferred=0
[frame:upload] idx=6339 tick=18985 displayFbp=0 sourceFbp=0 size=640x448 preferred=0
[frame:upload] idx=6340 tick=18986 displayFbp=70 sourceFbp=70 size=640x448 preferred=0
[frame:upload] idx=6341 tick=18989 displayFbp=0 sourceFbp=0 size=640x448 preferred=0
[frame:upload] idx=6346 tick=18998 displayFbp=70 sourceFbp=70 size=640x448 preferred=0
[frame:upload] idx=6349 tick=19009 displayFbp=0 sourceFbp=0 size=640x448 preferred=0
[frame:upload] idx=6350 tick=19011 displayFbp=70 sourceFbp=70 size=640x448 preferred=0
[frame:upload] idx=6351 tick=19012 displayFbp=0 sourceFbp=0 size=640x448 preferred=0
[frame:upload] idx=6352 tick=19014 displayFbp=70 sourceFbp=70 size=640x448 preferred=0
[WaitSema:block] tid=4 sid=9 pc=0x10eca0 ra=0x14a9d0
[WaitSema:wake] tid=4 sid=9 ret=9 count=0
[frame:upload] idx=6356 tick=19027 displayFbp=0 sourceFbp=0 size=640x448 preferred=0
[frame:upload] idx=6357 tick=19030 displayFbp=70 sourceFbp=70 size=640x448 preferred=0
[frame:upload] idx=6359 tick=19034 displayFbp=0 sourceFbp=0 size=640x448 preferred=0
[frame:upload] idx=6360 tick=19035 displayFbp=70 sourceFbp=70 size=640x448 preferred=0
[frame:upload] idx=6362 tick=19039 displayFbp=0 sourceFbp=0 size=640x448 preferred=0
[frame:upload] idx=6363 tick=19040 displayFbp=70 sourceFbp=70 size=640x448 preferred=0
[frame:upload] idx=6364 tick=19041 displayFbp=0 sourceFbp=0 size=640x448 preferred=0
[frame:upload] idx=6365 tick=19042 displayFbp=70 sourceFbp=70 size=640x448 preferred=0
[frame:upload] idx=6369 tick=19054 displayFbp=0 sourceFbp=0 size=640x448 preferred=0
[frame:upload] idx=6371 tick=19057 displayFbp=70 sourceFbp=70 size=640x448 preferred=0
[frame:upload] idx=6373 tick=19060 displayFbp=0 sourceFbp=0 size=640x448 preferred=0
[frame:upload] idx=6374 tick=19063 displayFbp=70 sourceFbp=70 size=640x448 preferred=0
[frame:upload] idx=6376 tick=19067 displayFbp=0 sourceFbp=0 size=640x448 preferred=0
[frame:upload] idx=6378 tick=19070 displayFbp=70 sourceFbp=70 size=640x448 preferred=0
[frame:upload] idx=6379 tick=19071 displayFbp=0 sourceFbp=0 size=640x448 preferred=0
[frame:upload] idx=6380 tick=19073 displayFbp=70 sourceFbp=70 size=640x448 preferred=0
[WaitSema:wake] tid=4 sid=9 ret=9 count=0
[frame:upload] idx=6382 tick=19081 displayFbp=0 sourceFbp=0 size=640x448 preferred=0
[frame:upload] idx=6384 tick=19086 displayFbp=70 sourceFbp=70 size=640x448 preferred=0
[frame:upload] idx=6385 tick=19091 displayFbp=0 sourceFbp=0 size=640x448 preferred=0
[run:tick] tick=19080 pc=0x13a378 ra=0x13a378 sp=0x1ff7f30 gp=0x22c0f0 dispfb1=0x1400 display1=0x1bf27f00000000 activeThreads=4 dma=1596395 gif=13229 gsw=0 vif=18
[frame:upload] idx=6386 tick=19094 displayFbp=70 sourceFbp=70 size=640x448 preferred=0
[frame:upload] idx=6387 tick=19095 displayFbp=0 sourceFbp=0 size=640x448 preferred=0
[frame:upload] idx=6388 tick=19097 displayFbp=70 sourceFbp=70 size=640x448 preferred=0
[frame:upload] idx=6389 tick=19098 displayFbp=0 sourceFbp=0 size=640x448 preferred=0
[frame:upload] idx=6390 tick=19101 displayFbp=70 sourceFbp=70 size=640x448 preferred=0
[frame:upload] idx=6391 tick=19102 displayFbp=0 sourceFbp=0 size=640x448 preferred=0
[frame:upload] idx=6392 tick=19104 displayFbp=70 sourceFbp=70 size=640x448 preferred=0
[frame:upload] idx=6393 tick=19109 displayFbp=0 sourceFbp=0 size=640x448 preferred=0
[frame:upload] idx=6397 tick=19118 displayFbp=70 sourceFbp=70 size=640x448 preferred=0
[frame:upload] idx=6398 tick=19120 displayFbp=0 sourceFbp=0 size=640x448 preferred=0
[WaitSema:wake] tid=4 sid=9 ret=9 count=0
[frame:upload] idx=6400 tick=19127 displayFbp=70 sourceFbp=70 size=640x448 preferred=0
[frame:upload] idx=6401 tick=19128 displayFbp=0 sourceFbp=0 size=640x448 preferred=0
[frame:upload] idx=6402 tick=19129 displayFbp=70 sourceFbp=70 size=640x448 preferred=0
[frame:upload] idx=6403 tick=19131 displayFbp=0 sourceFbp=0 size=640x448 preferred=0
[frame:upload] idx=6404 tick=19134 displayFbp=70 sourceFbp=70 size=640x448 preferred=0
[frame:upload] idx=6405 tick=19135 displayFbp=0 sourceFbp=0 size=640x448 preferred=0
[frame:upload] idx=6409 tick=19145 displayFbp=70 sourceFbp=70 size=640x448 preferred=0
[frame:upload] idx=6410 tick=19146 displayFbp=0 sourceFbp=0 size=640x448 preferred=0
[frame:upload] idx=6411 tick=19149 displayFbp=70 sourceFbp=70 size=640x448 preferred=0
[frame:upload] idx=6415 tick=19157 displayFbp=0 sourceFbp=0 size=640x448 preferred=0
[padread] port=0 slot=0 data2=0xff data3=0xbf guestButtons=0x0040 enter=0 gamepadStart=0
[padread] port=1 slot=0 data2=0xff data3=0xbf guestButtons=0x0040 enter=0 gamepadStart=0
[frame:upload] idx=6418 tick=19163 displayFbp=70 sourceFbp=70 size=640x448 preferred=0
[WaitSema:wake] tid=4 sid=9 ret=9 count=0
[padread] port=0 slot=0 data2=0xff data3=0xbf guestButtons=0x0040 enter=0 gamepadStart=0
[padread] port=1 slot=0 data2=0xff data3=0xbf guestButtons=0x0040 enter=0 gamepadStart=0
[frame:upload] idx=6419 tick=19166 displayFbp=0 sourceFbp=0 size=640x448 preferred=0
[frame:upload] idx=6420 tick=19167 displayFbp=70 sourceFbp=70 size=640x448 preferred=0
[gs:packed-xyz] idx=0 x=44415 y=22270 z=0xcd7f2887 kick=0 prim=6
[gs:packed-xyz] idx=1 x=42581 y=1280 z=0xb0a965f8 kick=1 prim=7
[gs:packed-xyz] idx=2 x=49910 y=23550 z=0xc1074400 kick=0 prim=1
[gs:packed-xyz] idx=3 x=63989 y=15921 z=0xb906d47f kick=1 prim=1
[gs:packed-xyz] idx=4 x=13574 y=44040 z=0x1fff77 kick=0 prim=6
[gs:packed-xyz] idx=5 x=28667 y=2818 z=0xfb9eb59a kick=0 prim=1
[gs:packed-xyz] idx=6 x=23550 y=6651 z=0x2fb6a0a kick=0 prim=1
[gs:packed-xyz] idx=7 x=141 y=45201 z=0x19885ee kick=0 prim=2
[gs:packed-xyz] idx=8 x=54702 y=11515 z=0xca049c0d kick=0 prim=1
[gs:packed-xyz] idx=9 x=64950 y=62445 z=0x734c809d kick=0 prim=5
[gs:packed-xyz] idx=10 x=6904 y=63549 z=0x108f73c kick=1 prim=7
[gs:packed-xyz] idx=11 x=32694 y=9722 z=0x7f753a09 kick=1 prim=4
[gs:packed-xyz] idx=12 x=62246 y=8303 z=0x8609f0ff kick=1 prim=6
[gs:packed-xyz] idx=13 x=6924 y=37333 z=0xcc508eb kick=0 prim=6
[gs:packed-xyz] idx=14 x=38646 y=386 z=0xf65c750a kick=0 prim=3
[gs:packed-xyz] idx=15 x=15874 y=64629 z=0x1f4fff0 kick=1 prim=1
[gs:packed-xyz] idx=16 x=5495 y=24063 z=0x9ccfd84 kick=0 prim=2
[gs:packed-xyz] idx=17 x=807 y=58638 z=0xad00df10 kick=1 prim=6
[gs:packed-xyz] idx=18 x=2309 y=48648 z=0x955c669 kick=1 prim=4
[gs:packed-xyz] idx=19 x=60936 y=1740 z=0x970a09a4 kick=0 prim=7
[gs:packed-xyz] idx=20 x=64043 y=56570 z=0xfb380002 kick=0 prim=3
[gs:packed-xyz] idx=21 x=3022 y=32693 z=0xbaf59cfc kick=0 prim=3
[gs:packed-xyz] idx=22 x=63795 y=13822 z=0xd0f9abff kick=1 prim=4
[gs:packed-xyz] idx=23 x=62798 y=38550 z=0xf6caf7f9 kick=1 prim=5
[gs:packed-xyz] idx=24 x=30720 y=63491 z=0xf8009580 kick=1 prim=1
[gs:packed-xyz] idx=25 x=14332 y=7676 z=0xfc300424 kick=1 prim=6
[gs:packed-xyz] idx=26 x=8297 y=13055 z=0xf6d03f7 kick=0 prim=5
[gs:packed-xyz] idx=27 x=32508 y=480 z=0xfdb7d57a kick=0 prim=5
[gs:packed-xyz] idx=28 x=63569 y=33277 z=0xf86505d9 kick=0 prim=6
[gs:packed-xyz] idx=29 x=47625 y=45828 z=0xc97df68b kick=1 prim=0
[gs:packed-xyz] idx=30 x=786 y=64751 z=0xae65c60f kick=1 prim=4
[gs:packed-xyz] idx=31 x=890 y=3089 z=0x91066665 kick=0 prim=5
[gs:packed-xyz] idx=32 x=2527 y=1359 z=0xf20aef03 kick=1 prim=4
[gs:packed-xyz] idx=33 x=64254 y=3078 z=0x9fd8a09 kick=0 prim=6
[gs:packed-xyz] idx=34 x=65035 y=11511 z=0xb56901d4 kick=0 prim=4
[gs:packed-xyz] idx=35 x=1284 y=245 z=0x3cfb3fb kick=1 prim=6
[gs:packed-xyz] idx=36 x=60413 y=65525 z=0xfc84fe75 kick=1 prim=4
[gs:packed-xyz] idx=37 x=49312 y=46588 z=0xfd73ff0e kick=1 prim=5
[gs:packed-xyz] idx=38 x=32533 y=32569 z=0x6f7f5d7f kick=0 prim=1
[gs:packed-xyz] idx=39 x=32512 y=9 z=0x3a80170a kick=0 prim=6
[gs:packed-xyz] idx=40 x=57472 y=48859 z=0x7027a kick=0 prim=7
[gs:packed-xyz] idx=41 x=36935 y=10928 z=0xd3eafa00 kick=0 prim=2
[gs:packed-xyz] idx=42 x=33675 y=60324 z=0x7a62783 kick=1 prim=1
[gs:packed-xyz] idx=43 x=26532 y=6435 z=0x444c7ba4 kick=1 prim=3
[gs:packed-xyz] idx=44 x=30912 y=16325 z=0x58e18c44 kick=0 prim=3
[gs:packed-xyz] idx=45 x=18849 y=49641 z=0x498900e0 kick=1 prim=6
[gs:packed-xyz] idx=46 x=60065 y=40151 z=0xd4f9f6a1 kick=0 prim=0
[gs:packed-xyz] idx=47 x=4096 y=54409 z=0xb12000a0 kick=0 prim=0
[gs:packed-xyz] idx=48 x=41088 y=55559 z=0xbe80069 kick=1 prim=4
[gs:packed-xyz] idx=49 x=49430 y=1638 z=0xb016edf kick=1 prim=0
[gs:packed-xyz] idx=50 x=9727 y=35591 z=0x2f20fd06 kick=0 prim=2
[gs:packed-xyz] idx=51 x=49151 y=3435 z=0x7fff15de kick=0 prim=6
[gs:packed-xyz] idx=52 x=63237 y=247 z=0x58efcfd kick=0 prim=5
[gs:packed-xyz] idx=53 x=63479 y=52990 z=0xeff873fa kick=1 prim=5
[gs:packed-xyz] idx=54 x=65055 y=1510 z=0xf9dbf76a kick=1 prim=6
[gs:packed-xyz] idx=55 x=63965 y=32533 z=0x340963f8 kick=0 prim=7
[gs:packed-xyz] idx=56 x=2133 y=64425 z=0x72b042f kick=1 prim=7
[gs:packed-xyz] idx=57 x=16645 y=59402 z=0x48fff05 kick=1 prim=0
[gs:packed-xyz] idx=58 x=2692 y=29164 z=0x31028a7f kick=0 prim=1
[gs:packed-xyz] idx=59 x=816 y=29181 z=0x81e6ffce kick=1 prim=3
[gs:packed-xyz] idx[p4:isig] sid=9
[gs:packed-xyz] idx=61 x=57863 y=63227 z=0xf1700efb kick=0 prim=1
[gs:packed-xyz] idx=62 x=64749 y=57343 z=0x260f0503 kick=0 prim=6
[gs:packed-xyz] idx=63 x=13822 y=32621 z=0x390eae05 kick=1 prim=4
[run:tick] tick=19200 pc=0x1bd56c ra=0x1bd56c sp=0x1ff7f30 gp=0x22c0f0 dispfb1=0x1400 display1=0x1bf27f00000000 activeThreads=4 dma=1599216 gif=13305 gsw=0 vif=19
[run:tick] tick=19320 pc=0x1bd56c ra=0x1bd56c sp=0x1ff7f30 gp=0x22c0f0 dispfb1=0x1400 display1=0x1bf27f00000000 activeThreads=4 dma=1599216 gif=13305 gsw=0 vif=19
[run:tick] tick=19440 pc=0x1bd56c ra=0x1bd56c sp=0x1ff7f30 gp=0x22c0f0 dispfb1=0x1400 display1=0x1bf27f00000000 activeThreads=4 dma=1599216 gif=13305 gsw=0 vif=19
[WaitSema:wake] tid=4 sid=9 ret=9 count=0
[WaitSema:wake] tid=4 sid=9 ret=9 count=0
[WaitSema:wake] tid=4 sid=9 ret=9 count=0
[WaitSema:wake] tid=4 sid=9 ret=9 count=0
[WaitSema:wake] tid=4 sid=9 ret=9 count=0
[WaitSema:block] tid=4 sid=9 pc=0x10eca0 ra=0x14a9d0
[Deci2Call:send] 9.....EH....sceGsExecStoreImage: GS does not terminate
[run:tick] tick=19560 pc=0x103ee8 ra=0x103e10 sp=0x1ff7d40 gp=0x22c0f0 dispfb1=0x1400 display1=0x1bf27f00000000 activeThreads=4 dma=1599218 gif=13305 gsw=0 vif=20
[WaitSema:wake] tid=4 sid=9 ret=9 count=0
[WaitSema:wake] tid=4 sid=9 ret=9 count=0
[frame:upload] idx=6572 tick=19640 displayFbp=0 sourceFbp=0 size=640x448 preferred=0
[frame:upload] idx=6573 tick=19641 displayFbp=70 sourceFbp=70 size=640x448 preferred=0
[run:tick] tick=20160 pc=0x1d1050 ra=0x1d0c54 sp=0x1ff7c90 gp=0x22c0f0 dispfb1=0x1400 display1=0x1bf27f00000000 activeThreads=4 dma=1599231 gif=13307 gsw=0 vif=20
[p4:vbl] ticks=20400\n[p4:isig] sid=9
[p4:vbl] ticks=20700\n[p4:isig] sid=9
[p4:vbl] ticks=21000\n[p4:isig] sid=9
[p4:vbl] ticks=21300\n[p4:isig] sid=9
[p4:vbl] ticks=21600\n[p4:isig] sid=9
[p4:vbl] ticks=21900\n[p4:isig] sid=9
[WaitSema:block] tid=4 sid=9 pc=0x10eca0 ra=0x14a9d0
[run:tick] tick=21960 pc=0x1d1050 ra=0x1d0c54 sp=0x1ff7c90 gp=0x22c0f0 dispfb1=0x1400 display1=0x1bf27f00000000 activeThreads=4 dma=1599231 gif=13307 gsw=0 vif=20
[p4:vbl] ticks=22200\n[p4:isig] sid=9
[p4:vbl] ticks=22500\n[p4:isig] sid=9
[p4:vbl] ticks=22800\n[p4:isig] sid=9
[p4:vbl] ticks=23100\n[p4:isig] sid=9
[WaitSema:block] tid=4 sid=9 pc=0x10eca0 ra=0x14a9d0
[run:tick] tick=23160 pc=0x1d1050 ra=0x1d0c54 sp=0x1ff7c90 gp=0x22c0f0 dispfb1=0x1400 display1=0x1bf27f00000000 activeThreads=4 dma=1599231 gif=13307 gsw=0 vif=20
[p4:vbl] ticks=23400\n[p4:isig] sid=9
[p4:vbl] ticks=23700\n[p4:isig] sid=9
[WaitSema:block] tid=4 sid=9 pc=0x10eca0 ra=0x14a9d0
[run:tick] tick=23760 pc=0x1d1050 ra=0x1d0c54 sp=0x1ff7c90 gp=0x22c0f0 dispfb1=0x1400 display1=0x1bf27f00000000 activeThreads=4 dma=1599231 gif=13307 gsw=0 vif=20
[p4:vbl] ticks=24000\n[p4:isig] sid=9
[p4:vbl] ticks=24300\n[p4:isig] sid=9
[p4:vbl] ticks=24600\n[p4:isig] sid=9
[p4:vbl] ticks=24900\n[p4:isig] sid=9
[WaitSema:block] tid=4 sid=9 pc=0x10eca0 ra=0x14a9d0
[p4:vbl] ticks=25200\n[p4:isig] sid=9
[p4:vbl] ticks=25500\n[p4:isig] sid=9
[WaitSema:block] tid=4 sid=9 pc=0x10eca0 ra=0x14a9d0
[run:tick] tick=25560 pc=0x1d1050 ra=0x1d0c54 sp=0x1ff7c90 gp=0x22c0f0 dispfb1=0x1400 display1=[p4:isig] sid=9
[p4:vbl] ticks=25800\n[p4:isig] sid=9
[p4:vbl] ticks=26100\n[p4:isig] sid=9
[p4:vbl] ticks=26400\n[p4:isig] sid=9
[p4:vbl] ticks=26700\n[p4:isig] sid=9
[WaitSema:wake] tid=4 sid=9 ret=9 count=0
[WaitSema:block] tid=4 sid=9 pc=0x10eca0 ra=0x14a9d0
[p4:vbl] ticks=27000\n[p4:isig] sid=9
[run:tick] tick=26760 pc=0x1d1050 ra=0x1d0c54 sp=0x1ff7c90 gp=0x22c0f0 dispfb1=0x1400 display1=0x1bf27f00000000 activeThreads=4 dma=1599231 gif=13307 gsw=0 vif=20
[p4:vbl] ticks=27300\n[p4:isig] sid=9
[p4:vbl] ticks=27600\n[p4:isig] sid=9
[run:tick] tick=27360 pc=0x1d1050 ra=0x1d0c54 sp=0x1ff7c90 gp=0x22c0f0 dispfb1=0x1400 display1=0x1bf27f00000000 activeThreads=4 dma=1599231 gif=13307 gsw=0 vif=20
[p4:vbl] ticks=27900\n[p4:isig] sid=9
[p4:vbl] ticks=28200\n[p4:isig] sid=9
[p4:vbl] ticks=28500\n[p4:isig] sid=9
[p4:vbl] ticks=28800\n[p4:isig] sid=9
[run:tick] tick=28560 pc=0x1d1050 ra=0x1d0c54 sp=0x1ff7c90 gp=0x22c0f0 dispfb1=0x1400 display1=0x1bf27f00000000 activeThreads=4 dma=1599231 gif=13307 gsw=0 vif=20
[p4:vbl] ticks=29100\n[p4:isig] sid=9
[WaitSema:block] tid=4 sid=9 pc=0x10eca0 ra=0x14a9d0
[p4:vbl] ticks=29400\n[p4:isig] sid=9
[run:tick] tick=29160 pc=0x1d1050 ra=0x1d0c54 sp=0x1ff7c90 gp=0x22c0f0 dispfb1=0x1400 display1=0x1bf27f00000000 activeThreads=4 dma=1599231 gif=13307 gsw=0 vif=20
[p4:vbl] ticks=29700\n[p4:isig] sid=9
[p4:vbl] ticks=30000\n[p4:isig] sid=9
[run:tick] tick=29760 pc=0x1d1050 ra=0x1d0c54 sp=0x1ff7c90 gp=0x22c0f0 dispfb1=0x1400 display1=0x1bf27f00000000 activeThreads=4 dma=1599231 gif=13307 gsw=0 vif=20
[p4:vbl] ticks=30300\n[p4:isig] sid=9
[WaitSema:block] tid=4 sid=9 pc=0x10eca0 ra=0x14a9d0
[p4:vbl] ticks=30600\n[p4:isig] sid=9
[run:tick] tick=30360 pc=0x1d1050 ra=0x1d0c54 sp=0x1ff7c90 gp=0x22c0f0 dispfb1=0x1400 display1=0x1bf27f00000000 activeThreads=4 dma=1599231 gif=13307 gsw=0 vif=20
[p4:vbl] ticks=30900\n[p4:isig] sid=9
[WaitSema:block] tid=4 sid=9 pc=0x10eca0 ra=0x14a9d0
[p4:vbl] ticks=31200\n[p4:isig] sid=9
[p4:vbl] ticks=31500\n[p4:isig] sid=9
[WaitSema:block] tid=4 sid=9 pc=0x10eca0 ra=0x14a9d0
[p4:vbl] ticks=31800\n[p4:isig] sid=9
[run:tick] tick=31560 pc=0x1d1050 ra=0x1d0c54 sp=0x1ff7c90 gp=0x22c0f0 dispfb1=0x1400 display1=0x1bf27f00000000 activeThreads=4 dma=1599231 gif=13307 gsw=0 vif=20
[p4:vbl] ticks=32100\n[p4:isig] sid=9
[p4:vbl] ticks=32400\n[p4:isig] sid=9
[p4:vbl] ticks=32700\n[p4:isig] sid=9
[WaitSema:block] tid=4 sid=9 pc=0x10eca0 ra=0x14a9d0
[p4:vbl] ticks=33000\n[p4:isig] sid=9
[run:tick] tick=32760 pc=0x1d1050 ra=0x1d0c54 sp=0x1ff7c90 gp=0x22c0f0 dispfb1=0x1400 display1=0x1bf27f00000000 activeThreads=4 dma=1599231 gif=13307 gsw=0 vif=20
[p4:vbl] ticks=33300\n[p4:isig] sid=9
[WaitSema:block] tid=4 sid=9 pc=0x10eca0 ra=0x14a9d0
[p4:vbl] ticks=33600\n[p4:isig] sid=9
[run:tick] tick=33360 pc=0x1d1050 ra=0x1d0c54 sp=0x1ff7c90 gp=0x22c0f0 dispfb1=0x1400 display1=0x1bf27f00000000 activeThreads=4 dma=1599231 gif=13307 gsw=0 vif=20
[p4:vbl] ticks=33900\n[p4:isig] sid=9
[WaitSema:block] tid=4 sid=9 pc=0x10eca0 ra=0x14a9d0
[p4:vbl] ticks=34200\n[p4:isig] sid=9
[run:tick] tick=33960 pc=0x1d1050 ra=0x1d0c54 sp=0x1ff7c90 gp=0x22c0f0 dispfb1=0x1400 display1=0x1bf27f00000000 activeThreads=4 dma=1599231 gif=13307 gsw=0 vif=20
[p4:vbl] ticks=34500\n[p4:isig] sid=9
[p4:vbl] ticks=34800\n[p4:isig] sid=9
[run:tick] tick=34560 pc=0x1d1050 ra=0x1d0c54 sp=0x1ff7c90 gp=0x22c0f0 dispfb1=0x1400 display1=0x1bf27f00000000 activeThreads=4 dma=1599231 gif=13307 gsw=0 vif=20
[SignalSema] tid=-1 sid=10 count=0->1 ret=10
[SignalSema] tid=-1 sid=10 count=0->1 ret=10
[SignalSema] tid=-1 sid=10 count=0->1 ret=10
[SignalSema] tid=-1 sid=10 count=0->1 ret=10
[SignalSema] tid=-1 sid=10 count=0->1 ret=10
[SignalSema] tid=-1 sid=10 count=0->1 ret=10
[WaitSema:block] tid=4 sid=9 pc=0x10eca0 ra=0x14a9d0
[SignalSema] tid=-1 sid=10 count=0->1 ret=10
[p4:vbl] ticks=35100\n[p4:isig] sid=9
[SignalSema] tid=-1 sid=10 count=0->1 ret=10
[SignalSema] tid=-1 sid=10 count=0->1 ret=10
[SignalSema] tid=-1 sid=10 count=0->1 ret=10
[SignalSema] tid=-1 sid=10 count=0->1 ret=10
[SignalSema] tid=-1 sid=10 count=0->1 ret=10
[SignalSema] tid=-1 sid=10 c[p4:isig] sid=9
[p4:vbl] ticks=35400\n[p4:isig] sid=9
[p4:wake-pre] sid=9 consumed=1
[p4:wake-pre] sid=9 consumed=1
[p4:wake-pre] sid=9 consumed=1
[p4:wake-pre] sid=9 consumed=1
[p4:wake-pre] sid=9 consumed=1
[SignalSema] tid=-1 sid=10 count=0->1 ret=10
[SignalSema] tid=-1 sid=10 count=0->1 ret=10
[SignalSema] tid=-1 sid=10 count=0->1 ret=10
[SignalSema] tid=-1 sid=10 count=0->1 ret=10
[WaitSema:block] tid=4 sid=[p4:isig] sid=9
[p4:wake-pre] sid=9 consumed=1
[p4:vbl] ticks=35700\n[p4:isig] sid=9
[p4:wake-pre] sid=9 consumed=1
[p4:wake-pre] sid=9 consumed=1
[p4:wake-pre] sid=9 consumed=1
[p4:wake-pre] sid=9 consumed=1
[p4:wake-pre] sid=9 consumed=1
[p4:wake-pre] sid=9 consumed=1
[SignalSema] tid=-1 sid=10 count=0->1 ret=10
[SignalSema] tid=-1 sid=10 count=0->1 ret=10
[SignalSema] tid=-1 sid=10 count=0->1 ret=10
[SignalSema] tid=-1 sid=10 count=0->1 ret=10
[SignalSema] tid=-1 sid=10 count=0->1 ret=10
[SignalSema] tid=-1 sid=10 count=0->1 ret=10
[p4:vbl] ticks=36000\n[p4:isig] sid=9
[p4:wake-pre] sid=9 consumed=1
[p4:wake-pre] sid=9 consumed=1
[p4:wake-pre] sid=9 consumed=1
[p4:wake-pre] sid=9 consumed=1
[p4:wake-pre] sid=9 consumed=1
[SignalSema] tid=-1 sid=10 count=0->1 ret=10
[SignalSema] tid=-1 sid=10 count=0->1 ret=10
[SignalSema] tid=-1 sid=10 count=0->1 ret=10
[SignalSema] tid=-1 sid=10 count=0->1 ret=10
[SignalSema] tid=-1 sid=10 count=0->1 ret=10
[p4:wake-pre] sid=9 consumed=1
[p4:vbl] ticks=36300\n[p4:isig] sid=9
[p4:wake-pre] sid=9 consumed=1
[p4:wake-pre] sid=9 consumed=1
[p4:wake-pre] sid=9 consumed=1
[p4:wake-pre] sid=9 consumed=1
[p4:wake-pre] sid=9 consumed=1
[WaitSema:block] tid=4 sid=9 pc=0x10eca0 ra=0x14a9d0
[SignalSema] tid=-1 sid=10 count=0->1 ret=10
[SignalSema] tid=-1 sid=10 count=0->1 ret=10
[SignalSema] tid=-1 sid=10 count=0->1 ret=10
[run:tick] tick=36360 pc=0x1d1050 ra=0x1d0c54 sp=0x1ff7c90 gp=0x22c0f0 dispfb1=0x1400 display1=0x1bf27f00000000 activeThreads=4 dma=1599231 gif=13307 gsw=0 vif=20
[SignalSema] tid=-1 sid=10 count=0->1 ret=10
[SignalSema] tid=-1 sid=10 count=0->1 ret=10
[SignalSema] tid=-1 sid=10 count=0->1 ret=10
[SignalSema] tid=-1 sid=10 count=0->1 ret=10
[p4:wake-pre] sid=9 consumed=1
[p4:vbl] ticks=36600\n[p4:isig] sid=9
[p4:wake-pre] sid=9 consumed=1
[p4:wake-pre] sid=9 consumed=1
[p4:wake-pre] sid=9 consumed=1
[p4:wake-pre] sid=9 consumed=1
[p4:wake-pre] sid=9 consumed=1
[SignalSema] tid=-1 sid=10 count=0->1 ret=10
[SignalSema] tid=-1 sid=10 count=0->1 ret=10
[SignalSema] tid=-1 sid=10 count=0->1 ret=10
[SignalSema] tid=-1 sid=10 count=0->1 ret=10
[SignalSema] tid=-1 sid=10 count=0->1 ret=10
[p4:wake-pre] sid=9 consumed=1
[p4:vbl] ticks=36900\n[p4:isig] sid=9
[p4:wake-pre] sid=9 consumed=1
[p4:wake-pre] sid=9 consumed=1
[p4:wake-pre] sid=9 consumed=1
[p4:wake-pre] sid=9 consumed=1
[p4:wake-pre] sid=9 consumed=1
[WaitSema:block] tid=4 sid=9 pc=0x10eca0 ra=0x14a9d0
[SignalSema] tid=-1 sid=10 count=0->1 ret=10
[SignalSema] tid=-1 sid=10 count=0->1 ret=10
[SignalSema] tid=-1 sid=10 count=0->1 ret=10
[run:tick] tick=36960 pc=0x1d1050 ra=0x1d0c54 sp=0x1ff7c90 gp=0x22c0f0 dispfb1=0x1400 display1=0x1bf27f00000000 activeThreads=4 dma=1599231 gif=13307 gsw=0 vif=20
[SignalSema] tid=-1 sid=10 count=0->1 ret=10
[p4:wake-pre] sid=9 consumed=1
[p4:vbl] ticks=37200\n[p4:isig] sid=9
[p4:wake-pre] sid=9 consumed=1
[p4:wake-pre] sid=9 consumed=1
[p4:wake-pre] sid=9 consumed=1
[p4:wake-pre] sid=9 consumed=1
[p4:wake-pre] sid=9 consumed=1
[SignalSema] tid=-1 sid=10 count=0->1 ret=10
[SignalSema] tid=-1 sid=10 count=0->1 ret=10
[SignalSema] tid=-1 sid=10 count=0->1 ret=10
CPU is doing some work at PC 0x1d1050. PC not updating.CPU is doing some work at PC 0x1d1050. PC not updating.CPU is doing some work at PC 0x1d1050. PC not updating.CPU is doing some work at PC 0x1d1050. PC not updating.[WaitSema:wake] tid=4 sid=9 ret=9 count=0
[SignalSema] tid=-1 sid=10 count=0->1 ret=10
CPU is doing some work at PC 0x1d1050. PC not updating.CPU is doing some work at PC 0x1d1050. PC not updating.CPU is doing some work at PC 0x1d1050. PC not updating.[run:tick] tick=37320 pc=0x1d1050 ra=0x1d0c54 sp=0x1ff7c90 gp=0x22c0f0 dispfb1=0x1400 display1=0x1bf27f00000000 activeThreads=4 dma=1599231 gif=13307 gsw=0 vif=20
CPU is doing some work at PC 0x1d1050. PC not updating.CPU is doing some work at PC 0x1d1050. PC not updating.[SignalSema] tid=-1 sid=10 count=0->1 ret=10
CPU is doing some work at PC 0x1d1050. PC not updating.CPU is doing some work at PC 0x1d1050. PC not updating.CPU is doing some work at PC 0x1d1050. PC not updating.CPU is doing some work at PC 0x1d1050. PC not updating.[WaitSema:wake] tid=4 sid=9 ret=9 count=0
[SignalSema] tid=-1 sid=10 count=0->1 ret=10
CPU is doing some work at PC 0x1d1050. PC not updating.CPU is doing some work at PC 0x1d1050. PC not updating.CPU is doing some work at PC 0x1d1050. PC not updating.CPU is doing some work at PC 0x1d1050. PC not updating.CPU is doing some work at PC 0x1d1050. PC not updating.[SignalSema] tid=-1 sid=10 count=0->1 ret=10
CPU is doing some work at PC 0x1d1050. PC not updating.CPU is doing some work at PC 0x1d1050. PC not updating.CPU is doing some work at PC 0x1d1050. PC not updating.CPU is doing some work at PC 0x1d1050. PC not updating.[WaitSema[p4:isig] sid=9
[p4:wake-pre] sid=9 consumed=1
[p4:vbl] ticks=37500\n[p4:isig] sid=9
[p4:wake-pre] sid=9 consumed=1
[p4:wake-pre] sid=9 consumed=1
[p4:wake-pre] sid=9 consumed=1
[p4:wake-pre] sid=9 consumed=1
:wake] tid=4 sid=9 ret=9 count=0
[SignalSema] tid=-1 sid=10 count=0->1 ret=10
CPU is doing some work at PC 0x1d1050. PC not updating.CPU is doing some work at PC 0x1d1050. PC not updating.CPU is doing some work at PC 0x1d1050. PC not updating.CPU is doing some work at PC 0x1d1050. PC not updating.CPU is doing some work at PC 0x1d1050. PC not updating.[SignalSema] tid=-1 sid=10 count=0->1 ret=10
CPU is doing some work at PC 0x1d1050. PC not updating.[run:tick] tick=37440 pc=0x1d1050 ra=0x1d0c54 sp=0x1ff7c90 gp=0x22c0f0 dispfb1=0x1400 display1=0x1bf27f00000000 activeThreads=4 dma=1599231 gif=13307 gsw=0 vif=20
CPU is doing some work at PC 0x1d1050. PC not updating.[WaitSema:block] tid=4 sid=9 pc=0x10eca0 ra=0x14a9d0
CPU is doing some work at PC 0x1d1050. PC not updating.CPU is doing some work at PC 0x1d1050. PC not updating.[WaitSema:wake] tid=4 sid=9 ret=9 count=0
[SignalSema] tid=-1 sid=10 count=0->1 ret=10
CPU is doing some work at PC 0x1d1050. PC not updating.CPU is doing some work at PC 0x1d1050. PC not updating.CPU is doing some work at PC 0x1d1050. PC not updating.CPU is doing some work at PC 0x1d1050. PC not updating.CPU is doing some work at PC 0x1d1050. PC not updating.[SignalSema] tid=-1 sid=10 count=0->1 ret=10
CPU is doing some work at PC 0x1d1050. PC not updating.CPU is doing some work at PC 0x1d1050. PC not updating.CPU is doing some work at PC 0x1d1050. PC not updating.CPU is doing some work at PC 0x1d1050. PC not updating.[WaitSema:wake] tid=4 sid=9 ret=9 count=0
CPU is doing some work at PC 0x1d1050. PC not updating.[SignalSema] tid=-1 sid=10 count=0->1 ret=10
CPU is doing some work at PC 0x1d1050. PC not updating.CPU is doing some work at PC 0x1d1050. PC not updating.CPU is doing some work at PC 0x1d1050. PC not updating.CPU is doing some work at PC 0x1d1050. PC not updating.[SignalSema] tid=-1 sid=10 count=0->1 ret=10
CPU is doing some work at PC 0x1d1050. PC not updating.CPU is doing some work at PC 0x1d1050. PC not updating.CPU is doing some work at PC 0x1d1050. PC not updating.CPU is doing some work at PC 0x1d1050. PC not updating.[WaitSema:wake] tid=4 sid=9 ret=9 count=0
CPU is doing some work at PC 0x1d1050. PC not updating.[SignalSema] tid=-1 sid=10 count=0->1 ret=10
[run:tick] tick=37560 pc=0x1d1050 ra=0x1d0c54 sp=0x1ff7c90 gp=0x22c0f0 dispfb1=0x1400 display1=0x1bf27f00000000 activeThreads=4 dma=1599231 gif=13307 gsw=0 vif=20
CPU is doing some work at PC 0x1d1050. PC not updating.CPU is doing some work at PC 0x1d1050. PC not updating.CPU is doing some work at PC 0x1d1050. PC not updating.CPU is doing some work at PC 0x1d1050. PC not updating.[SignalSema] tid=-1 sid=10 count=0->1 ret=10
CPU is doing some work at PC 0x1d1050. PC not updating.CPU is doing some work at PC 0x1d1050. PC not updating.CPU is doing some work at PC 0x1d1050. PC not updating.CPU is doing some work at PC 0x1d1050. PC not updating.[WaitSema:wake] tid=4 sid=9 ret=9 count=0
[SignalSema] tid=-1 sid=10 count=0->1 ret=10
CPU is doing some work at PC 0x1d1050. PC not updating.CPU is doing some work at PC 0x1d1050. PC not updating.CPU is doing some work at PC 0x1d1050. PC not updating.CPU is doing some work at PC 0x1d1050. PC not updating.CPU is doing some work at PC 0x1d1050. PC not updating.[SignalSema] tid=-1 sid=10 count=0->1 ret=10
CPU is doing some work at PC 0x1d1050. PC not updating.CPU is doing some work at PC 0x1d1050. PC not updating.[WaitSema:block] tid=4 sid=9 pc=0x10eca0 ra=0x14a9d0
CPU is doing some work at PC 0x1d1050. PC not updating.CPU is doing some work at PC 0x1d1050. PC not updating.[WaitSema:wake] tid=4 sid=9 ret=9 count=0
[SignalSema] tid=-1 sid=10 count=0->1 ret=10
CPU is doing some work at PC 0x1d1050. PC not updating.CPU is doing some work at PC 0x1d1050. PC not updating.CPU is doing some work at PC 0x1d1050. PC not updating.CPU is doing some work at PC 0x1d1050. PC not updating.[run:tick] tick=37680 pc=0x1d1050 ra=0x1d0c54 sp=0x1ff7c90 gp=0x22c0f0 dispfb1=0x1400 display1=0x1bf27f00000000 activeThreads=4 dma=1599231 gif=13307 gsw=0 vif=20
CPU is doing some work at PC 0x1d1050. PC not updating.[SignalSema] [p4:isig] sid=9
[p4:wake-pre] sid=9 consumed=1
[p4:wake-pre] sid=9 consumed=1
[p4:vbl] ticks=37800\n[p4:isig] sid=9
[p4:wake-pre] sid=9 consumed=1
[p4:wake-pre] sid=9 consumed=1
[p4:wake-pre] sid=9 consumed=1
[p4:wake-pre] sid=9 consumed=1
tid=-1 sid=10 count=0->1 ret=10
CPU is doing some work at PC 0x1d1050. PC not updating.CPU is doing some work at PC 0x1d1050. PC not updating.CPU is doing some work at PC 0x1d1050. PC not updating.CPU is doing some work at PC 0x1d1050. PC not updating.[WaitSema:wake] tid=4 sid=9 ret=9 count=0
[SignalSema] tid=-1 sid=10 count=0->1 ret=10
CPU is doing some work at PC 0x1d1050. PC not updating.CPU is doing some work at PC 0x1d1050. PC not updating.CPU is doing some work at PC 0x1d1050. PC not updating.CPU is doing some work at PC 0x1d1050. PC not updating.[SignalSema] tid=-1 sid=10 count=0->1 ret=10
CPU is doing some work at PC 0x1d1050. PC not updating.CPU is doing some work at PC 0x1d1050. PC not updating.CPU is doing some work at PC 0x1d1050. PC not updating.CPU is doing some work at PC 0x1d1050. PC not updating.[WaitSema:wake] tid=4 sid=9 ret=9 count=0
[SignalSema] tid=-1 sid=10 count=0->1 ret=10
CPU is doing some work at PC 0x1d1050. PC not updating.CPU is doing some work at PC 0x1d1050. PC not updating.CPU is doing some work at PC 0x1d1050. PC not updating.CPU is doing some work at PC 0x1d1050. PC not updating.CPU is doing some work at PC 0x1d1050. PC not updating.[SignalSema] tid=-1 sid=10 count=0->1 ret=10
CPU is doing some work at PC 0x1d1050. PC not updating.CPU is doing some work at PC 0x1d1050. PC not updating.CPU is doing some work at PC 0x1d1050. PC not updating.[run:tick] tick=37800 pc=0x1d1050 ra=0x1d0c54 sp=0x1ff7c90 gp=0x22c0f0 dispfb1=0x1400 display1=0x1bf27f00000000 activeThreads=4 dma=1599231 gif=13307 gsw=0 vif=20
CPU is doing some work at PC 0x1d1050. PC not updating.[WaitSema:wake] tid=4 sid=9 ret=9 count=0
[SignalSema] tid=-1 sid=10 count=0->1 ret=10
CPU is doing some work at PC 0x1d1050. PC not updating.CPU is doing some work at PC 0x1d1050. PC not updating.CPU is doing some work at PC 0x1d1050. PC not updating.CPU is doing some work at PC 0x1d1050. PC not updating.[SignalSema] tid=-1 sid=10 count=0->1 ret=10
CPU is doing some work at PC 0x1d1050. PC not updating.CPU is doing some work at PC 0x1d1050. PC not updating.[WaitSema:block] tid=4 sid=9 pc=0x10eca0 ra=0x14a9d0
CPU is doing some work at PC 0x1d1050. PC not updating.CPU is doing some work at PC 0x1d1050. PC not updating.[WaitSema:wake] tid=4 sid=9 ret=9 count=0
CPU is doing some work at PC 0x1d1050. PC not updating.[SignalSema] tid=-1 sid=10 count=0->1 ret=10
CPU is doing some work at PC 0x1d1050. PC not updating.CPU is doing some work at PC 0x1d1050. PC not updating.CPU is doing some work at PC 0x1d1050. PC not updating.CPU is doing some work at PC 0x1d1050. PC not updating.[SignalSema] tid=-1 sid=10 count=0->1 ret=10
CPU is doing some work at PC 0x1d1050. PC not updating.CPU is doing some work at PC 0x1d1050. PC not updating.CPU is doing some work at PC 0x1d1050. PC not updating.CPU is doing some work at PC 0x1d1050. PC not updating.[WaitSema:wake] tid=4 sid=9 ret=9 count=0
CPU is doing some work at PC 0x1d1050. PC not updating.[SignalSema] tid=-1 sid=10 count=0->1 ret=10
CPU is doing some work at PC 0x1d1050. PC not updating.CPU is doing some work at PC 0x1d1050. PC not updating.[run:tick] tick=37920 pc=0x1d1050 ra=0x1d0c54 sp=0x1ff7c90 gp=0x22c0f0 dispfb1=0x1400 display1=0x1bf27f00000000 activeThreads=4 dma=1599231 gif=13307 gsw=0 vif=20
CPU is doing some work at PC 0x1d1050. PC not updating.CPU is doing some work at PC 0x1d1050. PC not updating.[SignalSema] tid=-1 sid=10 count=0->1 ret=10
CPU is doing some work at PC 0x1d1050. PC not updating.CPU is doing some work at PC 0x1d1050. PC not updating.CPU is doing some work at PC 0x1d1050. PC not updating.CPU is doing some work at PC 0x1d1050. PC not updating.[WaitSema:wake] tid=4 sid=9 ret=9 count=0
CPU is doing some work at PC 0x1d1050. PC not updating.[SignalSema] tid=-1 sid=10 count=0->1 ret=10
CPU is doing some work at PC 0x1d1050. PC not updating.CPU is doing some work at PC 0x1d1050. PC not updating.CPU is doing some work at PC 0x1d1050. PC not updating.CPU is doing some work at PC 0x1d1050. PC not updating.[SignalSema] tid=-1 sid=10 count=0->1 ret=10
CPU is doing some work at PC 0x1d[p4:isig] sid=9
[p4:wake-pre] sid=9 consumed=1
[p4:wake-pre] sid=9 consumed=1
[p4:vbl] ticks=38100\n[p4:isig] sid=9
[p4:wake-pre] sid=9 consumed=1
[p4:wake-pre] sid=9 consumed=1
[p4:wake-pre] sid=9 consumed=1
[p4:wake-pre] sid=9 consumed=1
1050. PC not updating.CPU is doing some work at PC 0x1d1050. PC not updating.CPU is doing some work at PC 0x1d1050. PC not updating.CPU is doing some work at PC 0x1d1050. PC not updating.[WaitSema:wake] tid=4 sid=9 ret=9 count=0
[SignalSema] tid=-1 sid=10 count=0->1 ret=10
CPU is doing some work at PC 0x1d1050. PC not updating.CPU is doing some work at PC 0x1d1050. PC not updating.CPU is doing some work at PC 0x1d1050. PC not updating.CPU is doing some work at PC 0x1d1050. PC not updating.[SignalSema] tid=-1 sid=10 count=0->1 ret=10
CPU is doing some work at PC 0x1d1050. PC not updating.CPU is doing some work at PC 0x1d1050. PC not updating.[run:tick] tick=38040 pc=0x1d1050 ra=0x1d0c54 sp=0x1ff7c90 gp=0x22c0f0 dispfb1=0x1400 display1=0x1bf27f00000000 activeThreads=4 dma=1599231 gif=13307 gsw=0 vif=20
[WaitSema:block] tid=4 sid=9 pc=0x10eca0 ra=0x14a9d0
CPU is doing some work at PC 0x1d1050. PC not updating.CPU is doing some work at PC 0x1d1050. PC not updating.CPU is doing some work at PC 0x1d1050. PC not updating.[WaitSema:wake] tid=4 sid=9 ret=9 count=0
[SignalSema] tid=-1 sid=10 count=0->1 ret=10
CPU is doing some work at PC 0x1d1050. PC not updating.CPU is doing some work at PC 0x1d1050. PC not updating.CPU is doing some work at PC 0x1d1050. PC not updating.CPU is doing some work at PC 0x1d1050. PC not updating.CPU is doing some work at PC 0x1d1050. PC not updating.[SignalSema] tid=-1 sid=10 count=0->1 ret=10
CPU is doing some work at PC 0x1d1050. PC not updating.CPU is doing some work at PC 0x1d1050. PC not updating.CPU is doing some work at PC 0x1d1050. PC not updating.CPU is doing some work at PC 0x1d1050. PC not updating.[WaitSema:wake] tid=4 sid=9 ret=9 count=0
[SignalSema] tid=-1 sid=10 count=0->1 ret=10
CPU is doing some work at PC 0x1d1050. PC not updating.CPU is doing some work at PC 0x1d1050. PC not updating.CPU is doing some work at PC 0x1d1050. PC not updating.CPU is doing some work at PC 0x1d1050. PC not updating.[SignalSema] tid=-1 sid=10 count=0->1 ret=10
CPU is doing some work at PC 0x1d1050. PC not updating.CPU is doing some work at PC 0x1d1050. PC not updating.CPU is doing some work at PC 0x1d1050. PC not updating.CPU is doing some work at PC 0x1d1050. PC not updating.CPU is doing some work at PC 0x1d1050. PC not updating.[WaitSema:wake] tid=4 sid=9 ret=9 count=0
[SignalSema] tid=-1 sid=10 count=0->1 ret=10
[run:tick] tick=38160 pc=0x1d1050 ra=0x1d0c54 sp=0x1ff7c90 gp=0x22c0f0 dispfb1=0x1400 display1=0x1bf27f00000000 activeThreads=4 dma=1599231 gif=13307 gsw=0 vif=20
CPU is doing some work at PC 0x1d1050. PC not updating.CPU is doing some work at PC 0x1d1050. PC not updating.CPU is doing some work at PC 0x1d1050. PC not updating.CPU is doing some work at PC 0x1d1050. PC not updating.[SignalSema] tid=-1 sid=10 count=0->1 ret=10
CPU is doing some work at PC 0x1d1050. PC not updating.CPU is doing some work at PC 0x1d1050. PC not updating.CPU is doing some work at PC 0x1d1050. PC not updating.CPU is doing some work at PC 0x1d1050. PC not updating.[WaitSema:wake] tid=4 sid=9 ret=9 count=0
CPU is doing some work at PC 0x1d1050. PC not updating.[SignalSema] tid=-1 sid=10 count=0->1 ret=10
CPU is doing some work at PC 0x1d1050. PC not updating.CPU is doing some work at PC 0x1d1050. PC not updating.CPU is doing some work at PC 0x1d1050. PC not updating.CPU is doing some work at PC 0x1d1050. PC not updating.[SignalSema] tid=-1 sid=10 count=0->1 ret=10
CPU is doing some work at PC 0x1d1050. PC not updating.CPU is doing some work at PC 0x1d1050. PC not updating.[WaitSema:block] tid=4 sid=9 pc=0x10eca0 ra=0x14a9d0
CPU is doing some work at PC 0x1d1050. PC not updating.CPU is doing some work at PC 0x1d1050. PC not updating.[WaitSema:wake] tid=4 sid=9 ret=9 count=0
CPU is doing some work at PC 0x1d1050. PC not updating.[SignalSema] tid=-1 sid=10 count=0->1 ret=10
CPU is doing some work at PC 0x1d1050. PC not updating.CPU is doing some work at PC 0x1d1050. PC not updating.CPU is doing some work at PC 0x1d1050. PC not updating.CPU is doing some work at PC 0x1d1050. PC not updating.[run:tick] tick=38280 pc=0x1d1050 r[p4:isig] sid=9
[p4:wake-pre] sid=9 consumed=1
[p4:isig] sid=9
[p4:isig] sid=10
[p4:isig] sid=9
[p4:isig] sid=10
[p4:isig] sid=9
[p4:isig] sid=10
[p4:isig] sid=9
[p4:isig] sid=10
[p4:isig] sid=9
[p4:isig] sid=10
[p4:isig] sid=9
[p4:isig] sid=10
[p4:isig] sid=9
[p4:isig] sid=10
[p4:isig] sid=9
[p4:isig] sid=10
[p4:isig] sid=9
[p4:isig] sid=10
[p4:isig] sid=9
[p4:isig] sid=10
[p4:isig] sid=9
[p4:isig] sid=10
[p4:isig] sid=9
[p4:isig] sid=10
[p4:isig] sid=9
[p4:isig] sid=10
[p4:isig] sid=9
[p4:isig] sid=10
[p4:isig] sid=9
[p4:isig] sid=10
[p4:isig] sid=9
[p4:isig] sid=10
[p4:isig] sid=9
[p4:isig] sid=10
[p4:isig] sid=9
[p4:isig] sid=10
[p4:isig] sid=9
[p4:isig] sid=10
[p4:isig] sid=9
[p4:wake-pre] sid=9 consumed=1
[p4:isig] sid=10
[p4:isig] sid=9
[p4:isig] sid=10
[p4:isig] sid=9
[p4:isig] sid=10
[p4:isig] sid=9
[p4:isig] sid=10
[p4:isig] sid=9
[p4:isig] sid=10
[p4:isig] sid=9
[p4:isig] sid=10
[p4:isig] sid=9
[p4:isig] sid=10
[p4:isig] sid=9
[p4:isig] sid=10
[p4:isig] sid=9
[p4:isig] sid=10
[p4:isig] sid=9
[p4:isig] sid=10
[p4:isig] sid=9
[p4:isig] sid=10
