# ---------------------------------------------------------------
# Trimmed for publication by tools/export_logs.py.
# Per-tag census of the ORIGINAL file (kept / total):
#   [p4:isig]                  120 / 149,220
#   [frame:upload]             120 /  12,270
#   [SignalSema]               120 /   3,495
#   [WaitSema:wake]            120 /   1,966
#   [p4:wake-pre]              120 /   1,881
#   [run:tick]                 120 /     622
#   [WaitSema:block]           120 /     585
#   [p4:vbl]                   120 /     249
#   [gs:reg]                   120 /     128
#   (untagged)                 110 /     110
#   [gs:kick]                   96 /      96
#   [p4:malloc]                 64 /      64
#   [p4:new2]                   64 /      64
#   [gs:copy-reg]               64 /      64
#   [gs:prim]                   64 /      64
#   [gs:gif]                    47 /      47
#   [gzmfs]                     46 /      46
#   [mc]                        42 /      42
#   [p4:EndOfHeap]              36 /      36
#   [gs:copy-prim]              32 /      32
#   [CreateSema]                23 /      23
#   [sceSifSetDma:CALL]         23 /      23
#   [sceSifSetDma:DESC]         23 /      23
#   [p4:sm]                     20 /      20
#   [p4:alarm]                  16 /      16
#   [p4:hdl]                    16 /      16
#   [Deci2Call:kputs]           13 /      13
#   [SyscallOverride:fallback]      11 /      11
#   [p4:alias]                  11 /      11
#   [SifCallRpc]                10 /      10
#   [dispatch:recover-pc]       10 /      10
#   [p4:rd1]                     6 /       6
#   [p4:ld]                      4 /       4
#   [Deci2Call:send]             3 /       3
#   [CreateThread]               2 /       2
#   [StartThread]                2 /       2
#   [EnableIntc]                 2 /       2
#   [SetupHeap]                  1 /       1
#   [gs:texa]                    1 /       1
#   [dispatch:hle-leaf-ret]       1 /       1
#   [dispatch:first-bad-pc]       1 /       1
# Nothing is silently removed; every elision is marked inline.
# ---------------------------------------------------------------

Using argv boot path
INFO: Initializing raylib 5.5
INFO: Platform backend: DESKTOP (GLFW)
INFO: Supported raylib modules:
INFO:     > rcore:..... loaded (mandatory)
INFO:     > rlgl:...... loaded (mandatory)
INFO:     > rshapes:... loaded (optional)
INFO:     > rtextures:. loaded (optional)
INFO:     > rtext:..... loaded (optional)
INFO:     > rmodels:... loaded (optional)
INFO:     > raudio:.... loaded (optional)
INFO: DISPLAY: Device initialized successfully
INFO:     > Display size: 2560 x 1080
INFO:     > Screen size:  640 x 448
INFO:     > Render size:  640 x 448
INFO:     > Viewport offsets: 0, 0
INFO: GLAD: OpenGL extensions loaded successfully
INFO: GL: Supported extensions count: 392
INFO: GL: OpenGL device information:
INFO:     > Vendor:   NVIDIA Corporation
INFO:     > Renderer: NVIDIA GeForce GTX 1050 Ti/PCIe/SSE2
INFO:     > Version:  3.3.0 NVIDIA 581.42
INFO:     > GLSL:     3.30 NVIDIA via Cg compiler
INFO: GL: VAO extension detected, VAO functions loaded successfully
INFO: GL: NPOT textures extension detected, full NPOT textures supported
INFO: GL: DXT compressed textures supported
INFO: GL: ETC2/EAC compressed textures supported
INFO: PLATFORM: DESKTOP (GLFW - Win32): Initialized successfully
INFO: TEXTURE: [ID 1] Texture loaded successfully (1x1 | R8G8B8A8 | 1 mipmaps)
INFO: TEXTURE: [ID 1] Default texture loaded successfully
INFO: SHADER: [ID 1] Vertex shader compiled successfully
INFO: SHADER: [ID 2] Fragment shader compiled successfully
INFO: SHADER: [ID 3] Program shader loaded successfully
INFO: SHADER: [ID 3] Default shader loaded successfully
INFO: RLGL: Render batch vertex buffers loaded successfully in RAM (CPU)
INFO: RLGL: Render batch vertex buffers loaded successfully in VRAM (GPU)
INFO: RLGL: Default OpenGL state initialized successfully
INFO: TEXTURE: [ID 2] Texture loaded successfully (128x128 | GRAY_ALPHA | 1 mipmaps)
INFO: FONT: Default font loaded successfully (224 glyphs)
INFO: SYSTEM: Working Directory: <path>
INFO: AUDIO: Device initialized successfully
INFO:     > Backend:       miniaudio | WASAPI
INFO:     > Format:        32-bit IEEE Floating Point -> 32-bit IEEE Floating Point
INFO:     > Channels:      2 -> 2
INFO:     > Sample rate:   48000 -> 48000
INFO:     > Periods size:  1440
INFO: TIMER: Target time per frame: 16.667 milliseconds
Loading segment: 0x100000 - 0xc29100 (filesz: 0x124880, memsz: 0xb29100)
Registered code region: 100000 - c29100[game_overrides] applying 'WoS SIF/CDVD HLE'[game_overrides] applied 1 matching override(s).ELF file loaded successfully. Entry point: 0x100008Starting execution at address 0x100008INFO: TEXTURE: [ID 3] Texture loaded successfully (640x512 | R8G8B8A8 | 1 mipmaps)
INFO: TEXTURE: [ID 4] Texture loaded successfully (512x128 | R8G8B8A8 | 1 mipmaps)
[SetupHeap] base=0xc29100 alignedBase=0xc29100 size=0xffffffff runtimeBase=0xc29100 runtimeEnd=0xc29100
[CreateSema] id=1 init=1 max=1[CreateSema] id=2 init=1 max=1[Syscall83:override] handler=0x117808 invoked=true pc=0x117844 ra=0x11787c a0=0x117808 a1=0x117808 a2=0x100000 a3=0x224b00 guestRet=0x8001218c builtinRet=0x0 guest-20c=0x80011f80 builtin-20c=0x0 guest-168=0x80012024 builtin-168=0x0 match=false
[SyscallOverride:fallback] syscall=0x5b handler=0x80076000 pc=0x10f9bc ra=0x10fa68
[SyscallOverride:fallback] syscall=0x5b handler=0x80076000 pc=0x10f9bc ra=0x10fa68
[SyscallOverride:fallback] syscall=0x5b handler=0x80076000 pc=0x10f9bc ra=0x10fa68
[SyscallOverride:fallback] syscall=0x5b handler=0x80076000 pc=0x10f9bc ra=0x10fa68
[SyscallOverride:fallback] syscall=0x5b handler=0x80076000 pc=0x10f9bc ra=0x10fa68
[SyscallOverride:fallback] syscall=0x5b handler=0x80076000 pc=0x10f9bc ra=0x10fa68
[CreateSema] id=3 init=0 max=255[CreateThread] id=2 entry=0x10faa0 stack=0x224e80 size=0x400 gp=0x22c0f0 prio=1
[SyscallOverride:fallback] syscall=0x5b handler=0x80075000 pc=0x116ffc ra=0x117098
[SyscallOverride:fallback] syscall=0x5b handler=0x80075000 pc=0x116ffc ra=0x117098[StartThread] id=2 entry=0x10faa0 sp=0x225280 gp=0x22c0f0 arg=0x225288

[SyscallOverride:fallback] syscall=0x5b handler=0x80075000 pc=0x116ffc ra=0x117098
[SyscallOverride:fallback] syscall=0x5b handler=0x80075000 pc=0x116ffc ra=0x117098
[SyscallOverride:fallback] syscall=0x5b handler=0x80075000 pc=0x116ffc ra=0x117098
[p4:malloc] size=0x072d4ef0 ra=0x00133618
[p4:EndOfHeap] ret=0x01f00000 brk=0x00c29100 a0=0x072d4f10 ra=0x0010f3b8
[p4:malloc] size=0x012d4ef0 ra=0x00133630
[p4:EndOfHeap] ret=0x01f00000 brk=0x00c29100 a0=0x012d4f10 ra=0x0010f3b8
[p4:EndOfHeap] ret=0x01f00000 brk=0x01efe010 a0=0x00000ff0 ra=0x0010f3b8
[p4:EndOfHeap] ret=0x01f00000 brk=0x01eff000 a0=0x00000000 ra=0x0010f3b8
[p4:EndOfHeap] ret=0x01f00000 brk=0x01eff000 a0=0xfed2b000 ra=0x0010f3b8
[WaitSema:wake] tid=1 sid=1 ret=1 count=0
[SignalSema] tid=1 sid=1 count=0->1 ret=1
[WaitSema:wake] tid=1 sid=1 ret=1 count=0
[SignalSema] tid=1 sid=1 count=0->1 ret=1
[WaitSema:wake] tid=1 sid=1 ret=1 count=0
[SignalSema] tid=1 sid=1 count=0->1 ret=1
[WaitSema:wake] tid=1 sid=1 ret=1 count=0
[SignalSema] tid=1 sid=1 count=0->1 ret=1
[WaitSema:wake] tid=1 sid=1 ret=1 count=0
[SignalSema] tid=1 sid=1 count=0->1 ret=1
[WaitSema:block] tid=2 sid=3 pc=0x10eca0 ra=0x10fae8
[WaitSema:wake] tid=1 sid=1 ret=1 count=0
[SignalSema] tid=1 sid=1 count=0->1 ret=1
[WaitSema:wake] tid=1 sid=1 ret=1 count=0
[SignalSema] tid=1 sid=1 count=0->1 ret=1
[WaitSema:wake] tid=1 sid=1 ret=1 count=0
[SignalSema] tid=1 sid=1 count=0->1 ret=1
[WaitSema:wake] tid=1 sid=1 ret=1 count=0
[SignalSema] tid=1 sid=1 count=0->1 ret=1
[WaitSema:wake] tid=1 sid=1 ret=1 count=0
[SignalSema] tid=1 sid=1 count=0->1 ret=1
[WaitSema:wake] tid=1 sid=1 ret=1 count=0
[SignalSema] tid=1 sid=1 count=0->1 ret=1
[WaitSema:wake] tid=1 sid=1 ret=1 count=0
[SignalSema] tid=1 sid=1 count=0->1 ret=1
[WaitSema:wake] tid=1 sid=1 ret=1 count=0
[SignalSema] tid=1 sid=1 count=0->1 ret=1
[Deci2Call:send] ......EH....InitHeap Done

[p4:alias] target=0x001548c0 owner=0x001548b0 (unexported inner call)
[p4:alias] target=0x001548c8 owner=0x001548b0 (unexported inner call)
[Deci2Call:kputs] CdVdInit----------
[Deci2Call:kputs]   DEV:[CD-ROM]
[Deci2Call:kputs]   PATH:[\]
[Deci2Call:kputs] IOP Replace:cdrom0:\IOP\MODULES\IOPRP243.IMG;1
[CreateSema] id=4 init=1 max=1[WaitSema:wake] tid=1 sid=4 ret=4 count=0
[CreateSema] id=5 init=1 max=1[CreateSema] id=6 init=1 max=1[WaitSema:wake] tid=1 sid=5 ret=5 count=0
[SignalSema] tid=1 sid=5 count=0->1 ret=5
[SifCallRpc] client=0x2288c0 sid=0x80000001 rpcNum=0xff mode=0x0 sendBuf=0x2275c0 recvBuf=0x228240 recvSize=0x4 size=4
[SignalSema] tid=1 sid=4 count=0->1 ret=4
[SIF module] load id=1 ref=1 path="cdrom0:\IOP\MODULES\SIO2MAN.IRX;1"
[Deci2Call:kputs] loading module [cdrom0:\IOP\MODULES\SIO2MAN.IRX;1]...done[1]
[SIF module] load id=2 ref=1 path="cdrom0:\IOP\MODULES\PADMAN.IRX;1"
[Deci2Call:kputs] loading module [cdrom0:\IOP\MODULES\PADMAN.IRX;1]...done[2]
[SIF module] load id=3 ref=1 path="cdrom0:\IOP\MODULES\MCMAN.IRX;1"
[Deci2Call:kputs] loading module [cdrom0:\IOP\MODULES\MCMAN.IRX;1]...done[3]
[SIF module] load id=4 ref=1 path="cdrom0:\IOP\MODULES\MCSERV.IRX;1"
[Deci2Call:kputs] loading module [cdrom0:\IOP\MODULES\MCSERV.IRX;1]...done[4]
[SIF module] load id=5 ref=1 path="cdrom0:\IOP\MODULES\LIBSD.IRX;1"
[Deci2Call:kputs] loading module [cdrom0:\IOP\MODULES\LIBSD.IRX;1]...done[5]
[SIF module] load id=6 ref=1 path="cdrom0:\IOP\MODULES\SDRDRV.IRX;1"
[Deci2Call:kputs] loading module [cdrom0:\IOP\MODULES\SDRDRV.IRX;1]...done[6]
[SIF module] load id=7 ref=1 path="cdrom0:\IOP\MODULES\GZMFS.IRX;1"
[Deci2Call:kputs] loading module [cdrom0:\IOP\MODULES\GZMFS.IRX;1]...done[7]
[p4:EndOfHeap] ret=0x01f00000 brk=0x00c2a000 a0=0x00005000 ra=0x0010f3b8
[p4:new2] size=0x00000040 ra=0x00100540
[p4:malloc] size=0x00000040 ra=0x001006bc
[p4:new2] size=0x00000018 ra=0x001b53e8
[p4:malloc] size=0x00000018 ra=0x001006bc
[p4:new2] size=0x00000018 ra=0x001b53e8
[p4:malloc] size=0x00000018 ra=0x001006bc
[p4:new2] size=0x00000070 ra=0x00100540
[p4:malloc] size=0x00000070 ra=0x001006bc
[SifCallRpc] client=0x22bd40 sid=0x80000701 rpcNum=0x8000 mode=0x0 sendBuf=0x22bd00 recvBuf=0x22bd00 recvSize=0x10 size=64
[SifCallRpc] client=0x22bd40 sid=0x80000701 rpcNum=0x8010 mode=0x0 sendBuf=0x22bd00 recvBuf=0x22bd00 recvSize=0x10 size=64
[SifCallRpc] client=0x22bd40 sid=0x80000701 rpcNum=0x8010 mode=0x0 sendBuf=0x22bd00 recvBuf=0x22bd00 recvSize=0x10 size=64
[SifCallRpc] client=0x22bd40 sid=0x80000701 rpcNum=0x8010 mode=0x0 sendBuf=0x22bd00 recvBuf=0x22bd00 recvSize=0x10 size=64
[SifCallRpc] client=0x22bd40 sid=0x80000701 rpcNum=0x8010 mode=0x0 sendBuf=0x22bd00 recvBuf=0x22bd00 recvSize=0x10 size=64
[SifCallRpc] client=0x22bd40 sid=0x80000701 rpcNum=0x8010 mode=0x0 sendBuf=0x22bd00 recvBuf=0x22bd00 recvSize=0x10 size=64
[SifCallRpc] client=0x22bd40 sid=0x80000701 rpcNum=0x8010 mode=0x0 sendBuf=0x22bd00 recvBuf=0x22bd00 recvSize=0x10 size=64
[SifCallRpc] client=0x22bd40 sid=0x80000701 rpcNum=0x8010 mode=0x0 sendBuf=0x22bd00 recvBuf=0x22bd00 recvSize=0x10 size=64
[SifCallRpc] client=0x22bd40 sid=0x80000701 rpcNum=0x8010 mode=0x0 sendBuf=0x22bd00 recvBuf=0x22bd00 recvSize=0x10 size=64
[CreateSema] id=7 init=0 max=1[WaitSema:wake] tid=1 sid=1 ret=1 count=0
[SignalSema] tid=1 sid=1 count=0->1 ret=1
[CreateThread] id=3 entry=0x1b4a80 stack=0xc296a0 size=0x4000 gp=0x22c0f0 prio=10
[WaitSema:wake] tid=1 sid=1 ret=1 count=0
[SignalSema] tid=1 sid=1 count=0->1 ret=1
[WaitSema:wake] tid=1 sid=1 ret=1 count=0
[SignalSema] tid=1 sid=1 count=0->1 ret=1
[WaitSema:wake] tid=1 sid=1 ret=1 count=0
[SignalSema] tid=1 sid=1 count=0->1 ret=1
[StartThread] id=3 entry=0x1b4a80 sp=0xc2d6a0 gp=0x22c0f0 arg=0xc26e00
[WaitSema:wake] tid=1 sid=1 ret=1 count=0
[SignalSema] tid=1 sid=1 count=0->1 ret=1
[EnableIntc] cause=3[WaitSema:block] tid=3 sid=7 pc=0x10eca0 ra=0x1b4a9c
[Deci2Call:kputs] Init File System Begin
[p4:new2] size=0x00000160 ra=0x001b5df4
[p4:malloc] size=0x00000160 ra=0x001006bc
[gzmfs] OPEN fd=0 '\VOLUME.DAT;1' -> '<path>' size=132314355
[p4:sm] poll n=1 obj=0x00c253e8 ra=0x001b5e54
[p4:EndOfHeap] ret=0x01f00000 brk=0x00c2f000 a0=0x00021000 ra=0x0010f3b8
[p4:rd1] FUN_001b5ca0 obj=0x00c253e8 dst=0x00c2d930 len=0x00020000 ra=0x0019a168
[p4:sm] poll n=2 obj=0x00c253e8 ra=0x001b5cfc
[gzmfs] READ fd=0 pos=0 len=131072 -> 131072 dst=0x00C2D930
[p4:alarm] n=1 id=1 handler=0x0011c570 arg=0x01ff7e48 *arg=8
[p4:hdl] 11c570 entry a2=0x01ff7e48
[p4:isig] sid=8
[p4:wake-pre] sid=8 consumed=1
[p4:sm] poll n=3 obj=0x00c253e8 ra=0x001b5d14
[p4:EndOfHeap] ret=0x01f00000 brk=0x00c50000 a0=0x00006000 ra=0x0010f3b8
[p4:EndOfHeap] ret=0x01f00000 brk=0x00c56000 a0=0x00006000 ra=0x0010f3b8
[WaitSema:wake] tid=1 sid=1 ret=1 count=0
[SignalSema] tid=1 sid=1 count=0->1 ret=1
[WaitSema:wake] tid=1 sid=1 ret=1 count=0
[SignalSema] tid=1 sid=1 count=0->1 ret=1
[CreateSema] id=8 init=0 max=1[SetAlarm] ticks=2 handler=0x11c570 arg=0x1ff7e48
[WaitSema:block] tid=1 sid=8 pc=0x10eca0 ra=0x11c530
[SignalSema] tid=1 sid=8 count=0->1 ret=8
[WaitSema:wake] tid=1 sid=8 ret=8 count=0
[WaitSema:wake] tid=1 sid=1 ret=1 count=0
[SignalSema] tid=1 sid=1 count=0->1 ret=1
[WaitSema:wake] tid=1 sid=1 ret=1 count=0
[SignalSema] tid=1 sid=1 count=0->1 ret=1
[WaitSema:wake] tid=1 sid=1 ret=1 count=0
[SignalSema] tid=1 sid=1 count=0->1 ret=1
[Deci2Call:kputs] Init File System Done
[p4:new2] size=0x00000520 ra=0x00152efc
[p4:malloc] size=0x00000520 ra=0x001006bc
[p4:new2] size=0x00000048 ra=0x0013a61c
[p4:malloc] size=0x00000048 ra=0x001006bc
[p4:new2] size=0x0000002c ra=0x0013a638
[p4:malloc] size=0x0000002c ra=0x001006bc
[p4:new2] size=0x00010000 ra=0x00100540
[p4:malloc] size=0x00010000 ra=0x001006bc
[p4:EndOfHeap] ret=0x01f00000 brk=0x00c5c000 a0=0x00011000 ra=0x0010f3b8
[p4:new2] size=0x00001400 ra=0x0013a654
[p4:malloc] size=0x00001400 ra=0x001006bc
[p4:new2] size=0x0000002c ra=0x0013a7cc
[p4:malloc] size=0x0000002c ra=0x001006bc
[WaitSema:wake] tid=1 sid=1 ret=1 count=0
[SignalSema] tid=1 sid=1 count=0->1 ret=1
PS2 GsPutIMR:  new=0x65280 a0_64=0x65280 a0_32=0x65280 a1_32=0x65536 pc=0x1109920 ra=0x1058620
PS2 GsSetCrt: interlaced=1, videoMode=2, frameMode=1
[WaitSema:wake] tid=1 sid=1 ret=1 count=0
[SignalSema] tid=1 sid=1 count=0->1 ret=1
[WaitSema:wake] tid=1 sid=1 ret=1 count=0
[SignalSema] tid=1 sid=1 count=0->1 ret=1
[WaitSema:wake] tid=1 sid=1 ret=1 count=0
[SignalSema] tid=1 sid=1 count=0->1 ret=1
[WaitSema:wake] tid=1 sid=1 ret=1 count=0
[SignalSema] tid=1 sid=1 count=0->1 ret=1
[WaitSema:wake] tid=1 sid=1 ret=1 count=0
[SignalSema] tid=1 sid=1 count=0->1 ret=1
[CreateSema] id=9 init=0 max=1[CreateSema] id=10 init=0 max=1[AddIntcHandler] cause=2 handler=0x13a450 arg=0x8000 gp=0x22c0f0 sp=0x1ff7f10 id=2
[p4:isig] sid=9
[p4:isig] sid=10
[EnableIntc] cause=2[gs:gif] idx=0 size=80 nloop=4 flg=0 nreg=1 ctx0fbp=0 ctx1fbp=0
[gs:reg] idx=0 reg=0x3b value=0x8000000080
[gs:texa] idx=0 value=0x8000000080 ta0=0x80 aem=0 ta1=0x80
[gs:reg] idx=1 reg=0x42 value=0x8000000044
[gs:gif] idx=1 size=32 nloop=1 flg=0 nreg=1 ctx0fbp=0 ctx1fbp=0
[gs:gif] idx=2 size=144 nloop=8 flg=0 nreg=1 ctx0fbp=0 ctx1fbp=0
[gs:reg] idx=2 reg=0x4c value=0x10a0000
[gs:reg] idx=3 reg=0x18 value=0x790000006c00
[gs:reg] idx=4 reg=0x40 value=0xdf0000027f0000
[gs:reg] idx=5 reg=0x47 value=0x5008b
[SignalSema] tid=-1 sid=9 count=0->1 ret=9
[SignalSema] tid=-1 sid=10 count=0->1 ret=10
[gs:gif] idx=3 size=32 nloop=1 flg=0 nreg=1 ctx0fbp=0 ctx1fbp=0
[gs:reg] idx=6 reg=0x47 value=0x30003
[gs:gif] idx=4 size=96 nloop=1 flg=1 nreg=2 ctx0fbp=0 ctx1fbp=0
[gs:reg] idx=7 reg=0x6 value=0x0
[gs:reg] idx=8 reg=0x0 value=0x146
[gs:copy-reg] reg=0x0 value=0x146 primCtxt=0 ctx0fbp=0 ctx1fbp=0
[gs:reg] idx=9 reg=0x3 value=0x0
[gs:reg] idx=10 reg=0x1 value=0x80000000
[gs:reg] idx=11 reg=0x5 value=0x79006c00
[gs:kick] idx=0 drawing=1 prim=6 vtxCount=1
[gs:reg] idx=12 reg=0x3 value=0x0
[gs:reg] idx=13 reg=0x1 value=0x80000000
[gs:reg] idx=14 reg=0x5 value=0x87009400
[gs:kick] idx=1 drawing=1 prim=6 vtxCount=2
[gs:prim] idx=0 type=6 tme=0 abe=1 fst=1 ctxt=0 fbp=0 fbw=10 psm=0x1 tex0=(tbp0=0 tbw=0 psm=0x0 tw=0 th=0 tcc=0 tfx=0 cbp=0 cpsm=0x0 csm=0 csa=0) texclut=(cbw=0 cou=0 cov=0) ofx=1728 ofy=1936 scissor=(0,0)-(639,223) test=0x30003 alpha=0x8000000044 v0=(1728,1936) uv0=(0,0) stq0=(0,0,1) v1=(2368,2160) uv1=(0,0) stq1=(0,0,1) v2=(0,0) uv2=(0,0) stq2=(0,0,0) rgba0=(0,0,0,128) rgba1=(0,0,0,128) rgba2=(0,0,0,0)
[gs:gif] idx=5 size=32 nloop=1 flg=0 nreg=1 ctx0fbp=0 ctx1fbp=0
[gs:reg] idx=15 reg=0x47 value=0x5008b
[gs:gif] idx=6 size=144 nloop=8 flg=0 nreg=1 ctx0fbp=0 ctx1fbp=0
[gs:reg] idx=16 reg=0x4c value=0x10a0046
[gs:reg] idx=17 reg=0x18 value=0x790800006c00
[gs:reg] idx=18 reg=0x40 value=0xdf0000027f0000
[gs:reg] idx=19 reg=0x47 value=0x5008b
[gs:gif] idx=7 size=32 nloop=1 flg=0 nreg=1 ctx0fbp=70 ctx1fbp=0
[gs:reg] idx=20 reg=0x47 value=0x30003
[gs:gif] idx=8 size=96 nloop=1 flg=1 nreg=2 ctx0fbp=70 ctx1fbp=0
[gs:reg] idx=21 reg=0x6 value=0x0
[gs:reg] idx=22 reg=0x0 value=0x146
[gs:copy-reg] reg=0x0 value=0x146 primCtxt=0 ctx0fbp=70 ctx1fbp=0
[gs:reg] idx=23 reg=0x3 value=0x1
[gs:reg] idx=24 reg=0x1 value=0x80000000
[gs:reg] idx=25 reg=0x5 value=0x79006c00
[gs:kick] idx=2 drawing=1 prim=6 vtxCount=1
[gs:reg] idx=26 reg=0x3 value=0x0
[gs:reg] idx=27 reg=0x1 value=0x80000000
[gs:reg] idx=28 reg=0x5 value=0x87009400
[gs:kick] idx=3 drawing=1 prim=6 vtxCount=2
[gs:prim] idx=1 type=6 tme=0 abe=1 fst=1 ctxt=0 fbp=70 fbw=10 psm=0x1 tex0=(tbp0=0 tbw=0 psm=0x0 tw=0 th=0 tcc=0 tfx=0 cbp=0 cpsm=0x0 csm=0 csa=0) texclut=(cbw=0 cou=0 cov=0) ofx=1728 ofy=1936 scissor=(0,0)-(639,223) test=0x30003 alpha=0x8000000044 v0=(1728,1936) uv0=(0,0) stq0=(0,0,1) v1=(2368,2160) uv1=(0,0) stq1=(0,0,1) v2=(0,0) uv2=(0,0) stq2=(0,0,0) rgba0=(0,0,0,128) rgba1=(0,0,0,128) rgba2=(0,0,0,0)
[p4:isig] sid=9
[p4:isig] sid=10
[gs:gif] idx=9 size=32 nloop=1 flg=0 nreg=1 ctx0fbp=70 ctx1fbp=0
[gs:reg] idx=29 reg=0x47 value=0x5008b
[SignalSema] tid=-1 sid=9 count=0->1 ret=9
[SignalSema] tid=-1 sid=10 count=0->1 ret=10
[gs:gif] idx=10 size=144 nloop=8 flg=0 nreg=1 ctx0fbp=70 ctx1fbp=0
[gs:reg] idx=30 reg=0x4c value=0x10a0000
[gs:reg] idx=31 reg=0x18 value=0x790800006c00
[gs:reg] idx=32 reg=0x40 value=0xdf0000027f0000
[gs:reg] idx=33 reg=0x47 value=0x5008b
[gs:gif] idx=11 size=32 nloop=1 flg=0 nreg=1 ctx0fbp=0 ctx1fbp=0
[gs:reg] idx=34 reg=0x47 value=0x30003
[gs:gif] idx=12 size=96 nloop=1 flg=1 nreg=2 ctx0fbp=0 ctx1fbp=0
[gs:reg] idx=35 reg=0x6 value=0x0
[gs:reg] idx=36 reg=0x0 value=0x146
[gs:copy-reg] reg=0x0 value=0x146 primCtxt=0 ctx0fbp=0 ctx1fbp=0
[gs:reg] idx=37 reg=0x3 value=0x2
[gs:reg] idx=38 reg=0x1 value=0x80000000
[gs:reg] idx=39 reg=0x5 value=0x79006c00
[gs:kick] idx=4 drawing=1 prim=6 vtxCount=1
[gs:reg] idx=40 reg=0x3 value=0x0
[gs:reg] idx=41 reg=0x1 value=0x80000000
[gs:reg] idx=42 reg=0x5 value=0x87009400
[gs:kick] idx=5 drawing=1 prim=6 vtxCount=2
[gs:prim] idx=2 type=6 tme=0 abe=1 fst=1 ctxt=0 fbp=0 fbw=10 psm=0x1 tex0=(tbp0=0 tbw=0 psm=0x0 tw=0 th=0 tcc=0 tfx=0 cbp=0 cpsm=0x0 csm=0 csa=0) texclut=(cbw=0 cou=0 cov=0) ofx=1728 ofy=1936 scissor=(0,0)-(639,223) test=0x30003 alpha=0x8000000044 v0=(1728,1936) uv0=(0,0) stq0=(0,0,1) v1=(2368,2160) uv1=(0,0) stq1=(0,0,1) v2=(0,0) uv2=(0,0) stq2=(0,0,0) rgba0=(0,0,0,128) rgba1=(0,0,0,128) rgba2=(0,0,0,0)
[p4:isig] sid=9
[p4:isig] sid=10
[p4:isig] sid=9
[p4:isig] sid=10
[gs:gif] idx=13 size=32 nloop=1 flg=0 nreg=1 ctx0fbp=0 ctx1fbp=0
[gs:reg] idx=43 reg=0x47 value=0x5008b
[SignalSema] tid=-1 sid=9 count=0->1 ret=9
[SignalSema] tid=-1 sid=10 count=0->1 ret=10
[gs:gif] idx=14 size=144 nloop=8 flg=0 nreg=1 ctx0fbp=0 ctx1fbp=0
[gs:reg] idx=44 reg=0x4c value=0x10a0046
[gs:reg] idx=45 reg=0x18 value=0x790800006c00
[gs:reg] idx=46 reg=0x40 value=0xdf0000027f0000
[gs:reg] idx=47 reg=0x47 value=0x5008b
[SignalSema] tid=-1 sid=9 count=0->1 ret=9
[SignalSema] tid=-1 sid=10 count=0->1 ret=10
[gs:gif] idx=15 size=32 nloop=1 flg=0 nreg=1 ctx0fbp=70 ctx1fbp=0
[gs:reg] idx=48 reg=0x47 value=0x30003
[gs:gif] idx=16 size=96 nloop=1 flg=1 nreg=2 ctx0fbp=70 ctx1fbp=0
[gs:reg] idx=49 reg=0x6 value=0x0
[gs:reg] idx=50 reg=0x0 value=0x146
[gs:copy-reg] reg=0x0 value=0x146 primCtxt=0 ctx0fbp=70 ctx1fbp=0
[gs:reg] idx=51 reg=0x3 value=0x3
[gs:reg] idx=52 reg=0x1 value=0x80000000
[gs:reg] idx=53 reg=0x5 value=0x79006c00
[gs:kick] idx=6 drawing=1 prim=6 vtxCount=1
[gs:reg] idx=54 reg=0x3 value=0x0
[gs:reg] idx=55 reg=0x1 value=0x80000000
[gs:reg] idx=56 reg=0x5 value=0x87009400
[gs:kick] idx=7 drawing=1 prim=6 vtxCount=2
[gs:prim] idx=3 type=6 tme=0 abe=1 fst=1 ctxt=0 fbp=70 fbw=10 psm=0x1 tex0=(tbp0=0 tbw=0 psm=0x0 tw=0 th=0 tcc=0 tfx=0 cbp=0 cpsm=0x0 csm=0 csa=0) texclut=(cbw=0 cou=0 cov=0) ofx=1728 ofy=1936 scissor=(0,0)-(639,223) test=0x30003 alpha=0x8000000044 v0=(1728,1936) uv0=(0,0) stq0=(0,0,1) v1=(2368,2160) uv1=(0,0) stq1=(0,0,1) v2=(0,0) uv2=(0,0) stq2=(0,0,0) rgba0=(0,0,0,128) rgba1=(0,0,0,128) rgba2=(0,0,0,0)
[gs:gif] idx=17 size=32 nloop=1 flg=0 nreg=1 ctx0fbp=70 ctx1fbp=0
[gs:reg] idx=57 reg=0x47 value=0x5008b
[gs:gif] idx=18 size=144 nloop=8 flg=0 nreg=1 ctx0fbp=70 ctx1fbp=0
[gs:reg] idx=58 reg=0x4c value=0x10a0000
[gs:reg] idx=59 reg=0x18 value=0x790800006c00
        ... [8 more [gs:reg] lines elided by export_logs.py] ...
[gs:gif] idx=19 size=32 nloop=1 flg=0 nreg=1 ctx0fbp=0 ctx1fbp=0
[gs:gif] idx=20 size=96 nloop=1 flg=1 nreg=2 ctx0fbp=0 ctx1fbp=0
[gs:copy-reg] reg=0x0 value=0x146 primCtxt=0 ctx0fbp=0 ctx1fbp=0
[gs:kick] idx=8 drawing=1 prim=6 vtxCount=1
[gs:reg] idx=68 reg=0x3 value=0x0
[gs:reg] idx=69 reg=0x1 value=0x80000000
[gs:reg] idx=70 reg=0x5 value=0x87009400
[gs:kick] idx=9 drawing=1 prim=6 vtxCount=2
[gs:prim] idx=4 type=6 tme=0 abe=1 fst=1 ctxt=0 fbp=0 fbw=10 psm=0x1 tex0=(tbp0=0 tbw=0 psm=0x0 tw=0 th=0 tcc=0 tfx=0 cbp=0 cpsm=0x0 csm=0 csa=0) texclut=(cbw=0 cou=0 cov=0) ofx=1728 ofy=1936 scissor=(0,0)-(639,223) test=0x30003 alpha=0x8000000044 v0=(1728,1936) uv0=(0,0) stq0=(0,0,1) v1=(2368,2160) uv1=(0,0) stq1=(0,0,1) v2=(0,0) uv2=(0,0) stq2=(0,0,0) rgba0=(0,0,0,128) rgba1=(0,0,0,128) rgba2=(0,0,0,0)
[p4:isig] sid=9
[p4:isig] sid=10
[gs:gif] idx=21 size=32 nloop=1 flg=0 nreg=1 ctx0fbp=0 ctx1fbp=0
[gs:reg] idx=71 reg=0x47 value=0x5008b
[SignalSema] tid=-1 sid=9 count=0->1 ret=9
[SignalSema] tid=-1 sid=10 count=0->1 ret=10
[gs:gif] idx=22 size=144 nloop=8 flg=0 nreg=1 ctx0fbp=0 ctx1fbp=0
[gs:reg] idx=72 reg=0x4c value=0x10a0046
[gs:reg] idx=73 reg=0x18 value=0x790800006c00
[gs:reg] idx=74 reg=0x40 value=0xdf0000027f0000
[gs:reg] idx=75 reg=0x47 value=0x5008b
[gs:gif] idx=23 size=32 nloop=1 flg=0 nreg=1 ctx0fbp=70 ctx1fbp=0
[gs:reg] idx=76 reg=0x47 value=0x30003
[gs:gif] idx=24 size=96 nloop=1 flg=1 nreg=2 ctx0fbp=70 ctx1fbp=0
[gs:reg] idx=77 reg=0x6 value=0x0
[gs:reg] idx=78 reg=0x0 value=0x146
[gs:copy-reg] reg=0x0 value=0x146 primCtxt=0 ctx0fbp=70 ctx1fbp=0
[gs:reg] idx=79 reg=0x3 value=0x5
[gs:reg] idx=80 reg=0x1 value=0x80000000
[gs:reg] idx=81 reg=0x5 value=0x79006c00
[gs:kick] idx=10 drawing=1 prim=6 vtxCount=1
[gs:reg] idx=82 reg=0x3 value=0x0
[gs:reg] idx=83 reg=0x1 value=0x80000000
[gs:reg] idx=84 reg=0x5 value=0x87009400
[gs:kick] idx=11 drawing=1 prim=6 vtxCount=2
[gs:prim] idx=5 type=6 tme=0 abe=1 fst=1 ctxt=0 fbp=70 fbw=10 psm=0x1 tex0=(tbp0=0 tbw=0 psm=0x0 tw=0 th=0 tcc=0 tfx=0 cbp=0 cpsm=0x0 csm=0 csa=0) texclut=(cbw=0 cou=0 cov=0) ofx=1728 ofy=1936 scissor=(0,0)-(639,223) test=0x30003 alpha=0x8000000044 v0=(1728,1936) uv0=(0,0) stq0=(0,0,1) v1=(2368,2160) uv1=(0,0) stq1=(0,0,1) v2=(0,0) uv2=(0,0) stq2=(0,0,0) rgba0=(0,0,0,128) rgba1=(0,0,0,128) rgba2=(0,0,0,0)
[p4:isig] sid=9
[p4:isig] sid=10
[gs:gif] idx=25 size=32 nloop=1 flg=0 nreg=1 ctx0fbp=70 ctx1fbp=0
[gs:reg] idx=85 reg=0x47 value=0x5008b
[SignalSema] tid=-1 sid=9 count=0->1 ret=9
[SignalSema] tid=-1 sid=10 count=0->1 ret=10
[gs:gif] idx=26 size=144 nloop=8 flg=0 nreg=1 ctx0fbp=70 ctx1fbp=0
[gs:reg] idx=86 reg=0x4c value=0x10a0000
[gs:reg] idx=87 reg=0x18 value=0x790800006c00
[gs:reg] idx=88 reg=0x40 value=0xdf0000027f0000
[gs:reg] idx=89 reg=0x47 value=0x5008b
[gs:gif] idx=27 size=32 nloop=1 flg=0 nreg=1 ctx0fbp=0 ctx1fbp=0
[gs:reg] idx=90 reg=0x47 value=0x30003
[gs:gif] idx=28 size=96 nloop=1 flg=1 nreg=2 ctx0fbp=0 ctx1fbp=0
[gs:reg] idx=91 reg=0x6 value=0x0
[gs:reg] idx=92 reg=0x0 value=0x146
[gs:copy-reg] reg=0x0 value=0x146 primCtxt=0 ctx0fbp=0 ctx1fbp=0
[gs:reg] idx=93 reg=0x3 value=0x6
[gs:reg] idx=94 reg=0x1 value=0x80000000
[gs:reg] idx=95 reg=0x5 value=0x79006c00
[gs:kick] idx=12 drawing=1 prim=6 vtxCount=1
[gs:reg] idx=96 reg=0x3 value=0x0
[gs:reg] idx=97 reg=0x1 value=0x80000000
[gs:reg] idx=98 reg=0x5 value=0x87009400
[gs:kick] idx=13 drawing=1 prim=6 vtxCount=2
[gs:prim] idx=6 type=6 tme=0 abe=1 fst=1 ctxt=0 fbp=0 fbw=10 psm=0x1 tex0=(tbp0=0 tbw=0 psm=0x0 tw=0 th=0 tcc=0 tfx=0 cbp=0 cpsm=0x0 csm=0 csa=0) texclut=(cbw=0 cou=0 cov=0) ofx=1728 ofy=1936 scissor=(0,0)-(639,223) test=0x30003 alpha=0x8000000044 v0=(1728,1936) uv0=(0,0) stq0=(0,0,1) v1=(2368,2160) uv1=(0,0) stq1=(0,0,1) v2=(0,0) uv2=(0,0) stq2=(0,0,0) rgba0=(0,0,0,128) rgba1=(0,0,0,128) rgba2=(0,0,0,0)
[p4:isig] sid=9
[p4:isig] sid=10
[p4:new2] size=0x0000002c ra=0x00149e80
[p4:malloc] size=0x0000002c ra=0x001006bc
[p4:ld] load obj=0x00c64e50 size=0x00000000 ra=0x00149ed4
[p4:new2] size=0x000200e0 ra=0x00100540
[p4:malloc] size=0x000200e0 ra=0x001006bc
[p4:EndOfHeap] ret=0x01f00000 brk=0x00c6d000 a0=0x00021000 ra=0x0010f3b8
[p4:rd1] FUN_001b5ca0 obj=0x00c253e8 dst=0x00c64e80 len=0x000200e0 ra=0x0019a1d4
[p4:sm] poll n=4 obj=0x00c253e8 ra=0x001b5cfc
[gzmfs] SEEK fd=0 off=49723392 whence=0 -> pos=49723392
[p4:alarm] n=2 id=2 handler=0x0011c570 arg=0x01ff7e18 *arg=11
[p4:hdl] 11c570 entry a2=0x01ff7e18
[p4:isig] sid=11
[p4:wake-pre] sid=11 consumed=1
[p4:isig] sid=9
[p4:isig] sid=10
[p4:sm] poll n=5 obj=0x00c253e8 ra=0x001b5d14
[p4:alarm] n=3 id=3 handler=0x0011c570 arg=0x01ff7e18 *arg=12
[p4:hdl] 11c570 entry a2=0x01ff7e18
[p4:isig] sid=12
[p4:wake-pre] sid=12 consumed=1
[p4:sm] poll n=6 obj=0x00c253e8 ra=0x001b5d14
[gzmfs] READ fd=0 pos=49723392 len=131296 -> 131296 dst=0x00C64E80
[p4:alarm] n=4 id=4 handler=0x0011c570 arg=0x01ff7e18 *arg=13
[p4:hdl] 11c570 entry a2=0x01ff7e18
[p4:isig] sid=13
[p4:wake-pre] sid=13 consumed=1
[p4:sm] poll n=7 obj=0x00c253e8 ra=0x001b5d14
[p4:new2] size=0x00000060 ra=0x00100540
[p4:malloc] size=0x00000060 ra=0x001006bc
[p4:new2] size=0x0000002c ra=0x00149f48
[p4:malloc] size=0x0000002c ra=0x001006bc
[p4:ld] load obj=0x00c64e50 size=0x00000000 ra=0x00149f9c
[p4:new2] size=0x00001a5c ra=0x00100540
[p4:malloc] size=0x00001a5c ra=0x001006bc
[p4:rd1] FUN_001b5ca0 obj=0x00c253e8 dst=0x00c2d930 len=0x00020000 ra=0x0019a168
[p4:sm] poll n=8 obj=0x00c253e8 ra=0x001b5cfc
[gzmfs] SEEK fd=0 off=49715200 whence=0 -> pos=49715200
[p4:alarm] n=5 id=5 handler=0x0011c570 arg=0x01ff7e18 *arg=14
[p4:hdl] 11c570 entry a2=0x01ff7e18
[p4:isig] sid=14
[p4:wake-pre] sid=14 consumed=1
[p4:sm] poll n=9 obj=0x00c253e8 ra=0x001b5d14
[p4:alarm] n=6 id=6 handler=0x0011c570 arg=0x01ff7e18 *arg=15
[p4:hdl] 11c570 entry a2=0x01ff7e18
[p4:isig] sid=15
[p4:wake-pre] sid=15 consumed=1
[p4:sm] poll n=10 obj=0x00c253e8 ra=0x001b5d14
[gzmfs] READ fd=0 pos=49715200 len=131072 -> 131072 dst=0x00C2D930
[p4:alarm] n=7 id=7 handler=0x0011c570 arg=0x01ff7e18 *arg=16
[p4:hdl] 11c570 entry a2=0x01ff7e18
[p4:isig] sid=16
[p4:wake-pre] sid=16 consumed=1
[p4:sm] poll n=11 obj=0x00c253e8 ra=0x001b5d14
[p4:isig] sid=9
[p4:isig] sid=10
[gs:gif] idx=29 size=32 nloop=1 flg=0 nreg=1 ctx0fbp=0 ctx1fbp=0
[gs:reg] idx=99 reg=0x47 value=0x5008b
[SignalSema] tid=-1 sid=9 count=0->1 ret=9
[SignalSema] tid=-1 sid=10 count=0->1 ret=10
[gs:gif] idx=30 size=144 nloop=8 flg=0 nreg=1 ctx0fbp=0 ctx1fbp=0
[gs:reg] idx=100 reg=0x4c value=0x10a0046
[gs:reg] idx=101 reg=0x18 value=0x790800006c00
[gs:reg] idx=102 reg=0x40 value=0xdf0000027f0000
[gs:reg] idx=103 reg=0x47 value=0x5008b
[WaitSema:wake] tid=1 sid=1 ret=1 count=0
[SignalSema] tid=1 sid=1 count=0->1 ret=1
[WaitSema:wake] tid=1 sid=1 ret=1 count=0
[SignalSema] tid=1 sid=1 count=0->1 ret=1
[CreateSema] id=11 init=0 max=1[SetAlarm] ticks=2 handler=0x11c570 arg=0x1ff7e18
[WaitSema:block] tid=1 sid=11 pc=0x10eca0 ra=0x11c530
[SignalSema] tid=1 sid=11 count=0->1 ret=11
[SignalSema] tid=-1 sid=9 count=0->1 ret=9
[SignalSema] tid=-1 sid=10 count=0->1 ret=10
[WaitSema:wake] tid=1 sid=11 ret=11 count=0
[CreateSema] id=12 init=0 max=1[SetAlarm] ticks=2 handler=0x11c570 arg=0x1ff7e18
[WaitSema:block] tid=1 sid=12 pc=0x10eca0 ra=0x11c530
[SignalSema] tid=1 sid=12 count=0->1 ret=12
[WaitSema:wake] tid=1 sid=12 ret=12 count=0
[CreateSema] id=13 init=0 max=1[SetAlarm] ticks=2 handler=0x11c570 arg=0x1ff7e18
[WaitSema:block] tid=1 sid=13 pc=0x10eca0 ra=0x11c530
[SignalSema] tid=1 sid=13 count=0->1 ret=13
[WaitSema:wake] tid=1 sid=13 ret=13 count=0
[WaitSema:wake] tid=1 sid=1 ret=1 count=0
[SignalSema] tid=1 sid=1 count=0->1 ret=1
[WaitSema:wake] tid=1 sid=1 ret=1 count=0
[SignalSema] tid=1 sid=1 count=0->1 ret=1
[WaitSema:wake] tid=1 sid=1 ret=1 count=0
[SignalSema] tid=1 sid=1 count=0->1 ret=1
[WaitSema:wake] tid=1 sid=1 ret=1 count=0
[SignalSema] tid=1 sid=1 count=0->1 ret=1
[WaitSema:wake] tid=1 sid=1 ret=1 count=0
[SignalSema] tid=1 sid=1 count=0->1 ret=1
[CreateSema] id=14 init=0 max=1[SetAlarm] ticks=2 handler=0x11c570 arg=0x1ff7e18
[WaitSema:block] tid=1 sid=14 pc=0x10eca0 ra=0x11c530
[SignalSema] tid=1 sid=14 count=0->1 ret=14
[WaitSema:wake] tid=1 sid=14 ret=14 count=0
[CreateSema] id=15 init=0 max=1[WaitSema:block] tid=1 sid=15 pc=0x10eca0 ra=0x11c530
[SignalSema] tid=1 sid=15 count=0->1 ret=15
[WaitSema:wake] tid=1 sid=15 ret=15 count=0
[CreateSema] id=16 init=0 max=1[WaitSema:block] tid=1 sid=16 pc=0x10eca0 ra=0x11c530
        ... [3,375 more [SignalSema] lines elided by export_logs.py] ...
[WaitSema:wake] tid=1 sid=16 ret=16 count=0
[WaitSema:wake] tid=1 sid=1 ret=1 count=0
[gs:gif] idx=31 size=32 nloop=1 flg=0 nreg=1 ctx0fbp=70 ctx1fbp=0
[gs:reg] idx=104 reg=0x47 value=0x30003
[gs:gif] idx=32 size=96 nloop=1 flg=1 nreg=2 ctx0fbp=70 ctx1fbp=0
[gs:reg] idx=105 reg=0x6 value=0x0
[gs:reg] idx=106 reg=0x0 value=0x146
[gs:copy-reg] reg=0x0 value=0x146 primCtxt=0 ctx0fbp=70 ctx1fbp=0
[gs:reg] idx=107 reg=0x3 value=0x7
[gs:reg] idx=108 reg=0x1 value=0x80000000
[gs:reg] idx=109 reg=0x5 value=0x79006c00
[gs:kick] idx=14 drawing=1 prim=6 vtxCount=1
[gs:reg] idx=110 reg=0x3 value=0x0
[gs:reg] idx=111 reg=0x1 value=0x80000000
[gs:reg] idx=112 reg=0x5 value=0x87009400
[gs:kick] idx=15 drawing=1 prim=6 vtxCount=2
[gs:prim] idx=7 type=6 tme=0 abe=1 fst=1 ctxt=0 fbp=70 fbw=10 psm=0x1 tex0=(tbp0=0 tbw=0 psm=0x0 tw=0 th=0 tcc=0 tfx=0 cbp=0 cpsm=0x0 csm=0 csa=0) texclut=(cbw=0 cou=0 cov=0) ofx=1728 ofy=1936 scissor=(0,0)-(639,223) test=0x30003 alpha=0x8000000044 v0=(1728,1936) uv0=(0,0) stq0=(0,0,1) v1=(2368,2160) uv1=(0,0) stq1=(0,0,1) v2=(0,0) uv2=(0,0) stq2=(0,0,0) rgba0=(0,0,0,128) rgba1=(0,0,0,128) rgba2=(0,0,0,0)
[p4:new2] size=0x00014700 ra=0x00100540
[p4:malloc] size=0x00014700 ra=0x001006bc
[p4:new2] size=0x00000030 ra=0x0014b994
[p4:malloc] size=0x00000030 ra=0x001006bc
[p4:new2] size=0x000002c0 ra=0x001e2548
[p4:malloc] size=0x000002c0 ra=0x001006bc
[mc] Init enter
[mc] Init exit
[mc] Sync idle -> -1
[mc] GetInfo port=0 slot=0 type=2 free=8192 fmt=1 result=0 fmtPtr=0x00C79820
[mc] GetInfo port=0 slot=0 type=2 free=8192 fmt=1 result=0 fmtPtr=0x00C79820
[p4:isig] sid=9
[p4:isig] sid=10
[gs:gif] idx=33 size=32 nloop=1 flg=0 nreg=1 ctx0fbp=70 ctx1fbp=0
[gs:reg] idx=113 reg=0x47 value=0x5008b
[gs:gif] idx=34 size=80 nloop=4 flg=0 nreg=1 ctx0fbp=70 ctx1fbp=0
[gs:reg] idx=114 reg=0x50 value=0x2c08000000000000
[gs:reg] idx=115 reg=0x51 value=0x0
[gs:reg] idx=116 reg=0x52 value=0x20000000200
[gs:reg] idx=117 reg=0x53 value=0x0
[gs:gif] idx=35 size=16 nloop=8192 flg=2 nreg=16 ctx0fbp=70 ctx1fbp=0
[gs:gif] idx=36 size=131088 nloop=8192 flg=2 nreg=16 ctx0fbp=70 ctx1fbp=0
[gs:gif] idx=37 size=80 nloop=4 flg=0 nreg=1 ctx0fbp=70 ctx1fbp=0
[gs:reg] idx=118 reg=0x50 value=0x3b4000000000
[gs:reg] idx=119 reg=0x51 value=0x0
[gs:reg] idx=120 reg=0x52 value=0x200000008
[gs:reg] idx=121 reg=0x53 value=0x0
[gs:gif] idx=38 size=16 nloop=4 flg=2 nreg=16 ctx0fbp=70 ctx1fbp=0
[gs:gif] idx=39 size=80 nloop=4 flg=2 nreg=16 ctx0fbp=70 ctx1fbp=0
[gs:gif] idx=40 size=80 nloop=4 flg=0 nreg=1 ctx0fbp=70 ctx1fbp=0
[gs:reg] idx=122 reg=0x50 value=0x3b4100000000
[gs:reg] idx=123 reg=0x51 value=0x0
[gs:reg] idx=124 reg=0x52 value=0x200000008
[gs:reg] idx=125 reg=0x53 value=0x0
[gs:gif] idx=41 size=16 nloop=4 flg=2 nreg=16 ctx0fbp=70 ctx1fbp=0
[gs:gif] idx=42 size=80 nloop=4 flg=2 nreg=16 ctx0fbp=70 ctx1fbp=0
[gs:gif] idx=43 size=80 nloop=4 flg=0 nreg=1 ctx0fbp=70 ctx1fbp=0
[gs:reg] idx=126 reg=0x50 value=0x2400000000000000
[gs:reg] idx=127 reg=0x51 value=0x0
[gs:gif] idx=44 size=80 nloop=4 flg=0 nreg=1 ctx0fbp=70 ctx1fbp=0
[gs:gif] idx=45 size=16 nloop=4 flg=2 nreg=16 ctx0fbp=70 ctx1fbp=0
[gs:gif] idx=46 size=80 nloop=4 flg=2 nreg=16 ctx0fbp=70 ctx1fbp=0
[gs:gif] idx=47 size=80 nloop=4 flg=0 nreg=1 ctx0fbp=70 ctx1fbp=0
[WaitSema:wake] tid=1 sid=1 ret=1 count=0
[WaitSema:wake] tid=1 sid=1 ret=1 count=0
[WaitSema:wake] tid=1 sid=1 ret=1 count=0
[WaitSema:wake] tid=1 sid=1 ret=1 count=0
[gs:copy-reg] reg=0x0 value=0x146 primCtxt=0 ctx0fbp=0 ctx1fbp=0
[gs:kick] idx=16 drawing=1 prim=6 vtxCount=1
[gs:kick] idx=17 drawing=1 prim=6 vtxCount=2
[gs:prim] idx=8 type=6 tme=0 abe=1 fst=1 ctxt=0 fbp=0 fbw=10 psm=0x1 tex0=(tbp0=0 tbw=0 psm=0x0 tw=0 th=0 tcc=0 tfx=0 cbp=0 cpsm=0x0 csm=0 csa=0) texclut=(cbw=0 cou=0 cov=0) ofx=1728 ofy=1936 scissor=(0,0)-(639,223) test=0x30003 alpha=0x8000000044 v0=(1728,1936) uv0=(0,0) stq0=(0,0,1) v1=(2368,2160) uv1=(0,0) stq1=(0,0,1) v2=(0,0) uv2=(0,0) stq2=(0,0,0) rgba0=(0,0,0,128) rgba1=(0,0,0,128) rgba2=(0,0,0,0)
[mc] GetDir port=0 slot=0 path='/BASLUS-20407/BASLUS-20407' maxent=8 table=0x00C795E0 result=-4 entries=0
[gs:copy-reg] reg=0x0 value=0x146 primCtxt=0 ctx0fbp=70 ctx1fbp=0
[gs:kick] idx=18 drawing=1 prim=6 vtxCount=1
[gs:kick] idx=19 drawing=1 prim=6 vtxCount=2
[gs:prim] idx=9 type=6 tme=0 abe=1 fst=1 ctxt=0 fbp=70 fbw=10 psm=0x1 tex0=(tbp0=0 tbw=0 psm=0x0 tw=0 th=0 tcc=0 tfx=0 cbp=0 cpsm=0x0 csm=0 csa=0) texclut=(cbw=0 cou=0 cov=0) ofx=1728 ofy=1936 scissor=(0,0)-(639,223) test=0x30003 alpha=0x8000000044 v0=(1728,1936) uv0=(176,8) stq0=(0,0,1) v1=(2368,2160) uv1=(0,0) stq1=(0,0,1) v2=(0,0) uv2=(0,0) stq2=(0,0,0) rgba0=(0,0,0,128) rgba1=(0,0,0,128) rgba2=(0,0,0,0)
[p4:isig] sid=9
[p4:isig] sid=10
[WaitSema:wake] tid=1 sid=1 ret=1 count=0
[WaitSema:wake] tid=1 sid=1 ret=1 count=0
[WaitSema:wake] tid=1 sid=1 ret=1 count=0
[gs:copy-reg] reg=0x0 value=0x146 primCtxt=0 ctx0fbp=0 ctx1fbp=0
[gs:kick] idx=20 drawing=1 prim=6 vtxCount=1
[gs:kick] idx=21 drawing=1 prim=6 vtxCount=2
[gs:prim] idx=10 type=6 tme=0 abe=1 fst=1 ctxt=0 fbp=0 fbw=10 psm=0x1 tex0=(tbp0=0 tbw=0 psm=0x0 tw=0 th=0 tcc=0 tfx=0 cbp=0 cpsm=0x0 csm=0 csa=0) texclut=(cbw=0 cou=0 cov=0) ofx=1728 ofy=1936 scissor=(0,0)-(639,223) test=0x30003 alpha=0x8000000044 v0=(1728,1936) uv0=(0,0) stq0=(0,0,1) v1=(2368,2160) uv1=(0,0) stq1=(0,0,1) v2=(0,0) uv2=(0,0) stq2=(0,0,0) rgba0=(0,0,0,128) rgba1=(0,0,0,128) rgba2=(0,0,0,0)
[p4:isig] sid=9
[p4:isig] sid=10
[gs:copy-reg] reg=0x0 value=0x146 primCtxt=0 ctx0fbp=70 ctx1fbp=0
[gs:kick] idx=22 drawing=1 prim=6 vtxCount=1
[gs:kick] idx=23 drawing=1 prim=6 vtxCount=2
[gs:prim] idx=11 type=6 tme=0 abe=1 fst=1 ctxt=0 fbp=70 fbw=10 psm=0x1 tex0=(tbp0=0 tbw=0 psm=0x0 tw=0 th=0 tcc=0 tfx=0 cbp=0 cpsm=0x0 csm=0 csa=0) texclut=(cbw=0 cou=0 cov=0) ofx=1728 ofy=1936 scissor=(0,0)-(639,223) test=0x30003 alpha=0x8000000044 v0=(1728,1936) uv0=(342,12) stq0=(0,0,1) v1=(2368,2160) uv1=(0,0) stq1=(0,0,1) v2=(0,0) uv2=(0,0) stq2=(0,0,0) rgba0=(0,0,0,128) rgba1=(0,0,0,128) rgba2=(0,0,0,0)
[p4:isig] sid=9
[p4:isig] sid=10
[p4:isig] sid=9
[p4:isig] sid=10
[gs:copy-reg] reg=0x0 value=0x146 primCtxt=0 ctx0fbp=0 ctx1fbp=0
[gs:kick] idx=24 drawing=1 prim=6 vtxCount=1
[gs:kick] idx=25 drawing=1 prim=6 vtxCount=2
[gs:prim] idx=12 type=6 tme=0 abe=1 fst=1 ctxt=0 fbp=0 fbw=10 psm=0x1 tex0=(tbp0=0 tbw=0 psm=0x0 tw=0 th=0 tcc=0 tfx=0 cbp=0 cpsm=0x0 csm=0 csa=0) texclut=(cbw=0 cou=0 cov=0) ofx=1728 ofy=1936 scissor=(0,0)-(639,223) test=0x30003 alpha=0x8000000044 v0=(1728,1936) uv0=(342,12) stq0=(0,0,1) v1=(2368,2160) uv1=(0,0) stq1=(0,0,1) v2=(0,0) uv2=(0,0) stq2=(0,0,0) rgba0=(0,0,0,128) rgba1=(0,0,0,128) rgba2=(0,0,0,0)
[p4:isig] sid=9
[p4:isig] sid=10
[gs:copy-reg] reg=0x0 value=0x146 primCtxt=0 ctx0fbp=70 ctx1fbp=0
[gs:kick] idx=26 drawing=1 prim=6 vtxCount=1
[gs:kick] idx=27 drawing=1 prim=6 vtxCount=2
[gs:prim] idx=13 type=6 tme=0 abe=1 fst=1 ctxt=0 fbp=70 fbw=10 psm=0x1 tex0=(tbp0=0 tbw=0 psm=0x0 tw=0 th=0 tcc=0 tfx=0 cbp=0 cpsm=0x0 csm=0 csa=0) texclut=(cbw=0 cou=0 cov=0) ofx=1728 ofy=1936 scissor=(0,0)-(639,223) test=0x30003 alpha=0x8000000044 v0=(1728,1936) uv0=(342,12) stq0=(0,0,1) v1=(2368,2160) uv1=(0,0) stq1=(0,0,1) v2=(0,0) uv2=(0,0) stq2=(0,0,0) rgba0=(0,0,0,128) rgba1=(0,0,0,128) rgba2=(0,0,0,0)
[p4:isig] sid=9
[p4:isig] sid=10
[gs:copy-reg] reg=0x0 value=0x146 primCtxt=0 ctx0fbp=0 ctx1fbp=0
[gs:kick] idx=28 drawing=1 prim=6 vtxCount=1
[gs:kick] idx=29 drawing=1 prim=6 vtxCount=2
[gs:prim] idx=14 type=6 tme=0 abe=1 fst=1 ctxt=0 fbp=0 fbw=10 psm=0x1 tex0=(tbp0=0 tbw=0 psm=0x0 tw=0 th=0 tcc=0 tfx=0 cbp=0 cpsm=0x0 csm=0 csa=0) texclut=(cbw=0 cou=0 cov=0) ofx=1728 ofy=1936 scissor=(0,0)-(639,223) test=0x30003 alpha=0x8000000044 v0=(1728,1936) uv0=(342,12) stq0=(0,0,1) v1=(2368,2160) uv1=(0,0) stq1=(0,0,1) v2=(0,0) uv2=(0,0) stq2=(0,0,0) rgba0=(0,0,0,128) rgba1=(0,0,0,128) rgba2=(0,0,0,0)
[p4:isig] sid=9
[p4:isig] sid=10
[gs:copy-reg] reg=0x0 value=0x146 primCtxt=0 ctx0fbp=70 ctx1fbp=0
[gs:kick] idx=30 drawing=1 prim=6 vtxCount=1
[gs:kick] idx=31 drawing=1 prim=6 vtxCount=2
[gs:prim] idx=15 type=6 tme=0 abe=1 fst=1 ctxt=0 fbp=70 fbw=10 psm=0x1 tex0=(tbp0=0 tbw=0 psm=0x0 tw=0 th=0 tcc=0 tfx=0 cbp=0 cpsm=0x0 csm=0 csa=0) texclut=(cbw=0 cou=0 cov=0) ofx=1728 ofy=1936 scissor=(0,0)-(639,223) test=0x30003 alpha=0x8000000044 v0=(1728,1936) uv0=(342,12) stq0=(0,0,1) v1=(2368,2160) uv1=(0,0) stq1=(0,0,1) v2=(0,0) uv2=(0,0) stq2=(0,0,0) rgba0=(0,0,0,128) rgba1=(0,0,0,128) rgba2=(0,0,0,0)
[p4:isig] sid=9
[p4:isig] sid=10
[gs:copy-reg] reg=0x0 value=0x146 primCtxt=0 ctx0fbp=0 ctx1fbp=0
[gs:kick] idx=32 drawing=1 prim=6 vtxCount=1
[gs:kick] idx=33 drawing=1 prim=6 vtxCount=2
[gs:prim] idx=16 type=6 tme=0 abe=1 fst=1 ctxt=0 fbp=0 fbw=10 psm=0x1 tex0=(tbp0=0 tbw=0 psm=0x0 tw=0 th=0 tcc=0 tfx=0 cbp=0 cpsm=0x0 csm=0 csa=0) texclut=(cbw=0 cou=0 cov=0) ofx=1728 ofy=1936 scissor=(0,0)-(639,223) test=0x30003 alpha=0x8000000044 v0=(1728,1936) uv0=(342,12) stq0=(0,0,1) v1=(2368,2160) uv1=(0,0) stq1=(0,0,1) v2=(0,0) uv2=(0,0) stq2=(0,0,0) rgba0=(0,0,0,128) rgba1=(0,0,0,128) rgba2=(0,0,0,0)
[gs:copy-reg] reg=0x0 value=0x146 primCtxt=0 ctx0fbp=70 ctx1fbp=0
[gs:kick] idx=34 drawing=1 prim=6 vtxCount=1
[gs:kick] idx=35 drawing=1 prim=6 vtxCount=2
[gs:prim] idx=17 type=6 tme=0 abe=1 fst=1 ctxt=0 fbp=70 fbw=10 psm=0x1 tex0=(tbp0=0 tbw=0 psm=0x0 tw=0 th=0 tcc=0 tfx=0 cbp=0 cpsm=0x0 csm=0 csa=0) texclut=(cbw=0 cou=0 cov=0) ofx=1728 ofy=1936 scissor=(0,0)-(639,223) test=0x30003 alpha=0x8000000044 v0=(1728,1936) uv0=(342,12) stq0=(0,0,1) v1=(2368,2160) uv1=(0,0) stq1=(0,0,1) v2=(0,0) uv2=(0,0) stq2=(0,0,0) rgba0=(0,0,0,128) rgba1=(0,0,0,128) rgba2=(0,0,0,0)
[p4:isig] sid=9
[p4:isig] sid=10
[p4:new2] size=0x0000002c ra=0x0014a3c4
[p4:malloc] size=0x0000002c ra=0x001006bc
[p4:ld] load obj=0x00c64e50 size=0x00000000 ra=0x0014a418
[p4:new2] size=0x00020430 ra=0x00100540
[p4:malloc] size=0x00020430 ra=0x001006bc
[p4:EndOfHeap] ret=0x01f00000 brk=0x00c8e000 a0=0x00021000 ra=0x0010f3b8
[p4:rd1] FUN_001b5ca0 obj=0x00c253e8 dst=0x00c86a40 len=0x00020430 ra=0x0019a1d4
[p4:sm] poll n=12 obj=0x00c253e8 ra=0x001b5cfc
[gzmfs] SEEK fd=0 off=90687488 whence=0 -> pos=90687488
[p4:alarm] n=8 id=8 handler=0x0011c570 arg=0x01ff7da8 *arg=17
[p4:hdl] 11c570 entry a2=0x01ff7da8
[p4:isig] sid=17
[p4:wake-pre] sid=17 consumed=1
[p4:sm] poll n=13 obj=0x00c253e8 ra=0x001b5d14
[p4:isig] sid=9
[p4:isig] sid=10
[p4:alarm] n=9 id=9 handler=0x0011c570 arg=0x01ff7da8 *arg=18
[p4:hdl] 11c570 entry a2=0x01ff7da8
[p4:isig] sid=18
[p4:wake-pre] sid=18 consumed=1
[p4:sm] poll n=14 obj=0x00c253e8 ra=0x001b5d14
[gzmfs] READ fd=0 pos=90687488 len=132144 -> 132144 dst=0x00C86A40
[p4:alarm] n=10 id=10 handler=0x0011c570 arg=0x01ff7da8 *arg=19
[p4:hdl] 11c570 entry a2=0x01ff7da8
[p4:isig] sid=19
[p4:wake-pre] sid=19 consumed=1
[p4:sm] poll n=15 obj=0x00c253e8 ra=0x001b5d14
[WaitSema:wake] tid=1 sid=1 ret=1 count=0
[WaitSema:wake] tid=1 sid=1 ret=1 count=0
[CreateSema] id=17 init=0 max=1[WaitSema:block] tid=1 sid=17 pc=0x10eca0 ra=0x11c530
[WaitSema:wake] tid=1 sid=17 ret=17 count=0
[CreateSema] id=18 init=0 max=1[WaitSema:block] tid=1 sid=18 pc=0x10eca0 ra=0x11c530
[WaitSema:wake] tid=1 sid=18 ret=18 count=0
[CreateSema] id=19 init=0 max=1[WaitSema:block] tid=1 sid=19 pc=0x10eca0 ra=0x11c530
[WaitSema:wake] tid=1 sid=19 ret=19 count=0
[WaitSema:wake] tid=1 sid=1 ret=1 count=0
[gs:copy-reg] reg=0x0 value=0x146 primCtxt=0 ctx0fbp=0 ctx1fbp=0
[gs:kick] idx=36 drawing=1 prim=6 vtxCount=1
[gs:kick] idx=37 drawing=1 prim=6 vtxCount=2
[gs:prim] idx=18 type=6 tme=0 abe=1 fst=1 ctxt=0 fbp=0 fbw=10 psm=0x1 tex0=(tbp0=0 tbw=0 psm=0x0 tw=0 th=0 tcc=0 tfx=0 cbp=0 cpsm=0x0 csm=0 csa=0) texclut=(cbw=0 cou=0 cov=0) ofx=1728 ofy=1936 scissor=(0,0)-(639,223) test=0x30003 alpha=0x8000000044 v0=(1728,1936) uv0=(342,12) stq0=(0,0,1) v1=(2368,2160) uv1=(0,0) stq1=(0,0,1) v2=(0,0) uv2=(0,0) stq2=(0,0,0) rgba0=(0,0,0,128) rgba1=(0,0,0,128) rgba2=(0,0,0,0)
[p4:malloc] size=0x00011ee0 ra=0x0014a818
[p4:isig] sid=9
[p4:isig] sid=10
[p4:sm] poll n=16 obj=0x00c253e8 ra=0x0014a8f0
[gzmfs] SEEK fd=0 off=131764224 whence=0 -> pos=131764224
[WaitSema:wake] tid=1 sid=1 ret=1 count=0
[WaitSema:wake] tid=1 sid=1 ret=1 count=0
[gs:copy-reg] reg=0x0 value=0x146 primCtxt=0 ctx0fbp=70 ctx1fbp=0
[gs:kick] idx=38 drawing=1 prim=6 vtxCount=1
[gs:kick] idx=39 drawing=1 prim=6 vtxCount=2
[gs:prim] idx=19 type=6 tme=0 abe=1 fst=1 ctxt=0 fbp=70 fbw=10 psm=0x1 tex0=(tbp0=0 tbw=0 psm=0x0 tw=0 th=0 tcc=0 tfx=0 cbp=0 cpsm=0x0 csm=0 csa=0) texclut=(cbw=0 cou=0 cov=0) ofx=1728 ofy=1936 scissor=(0,0)-(639,223) test=0x30003 alpha=0x8000000044 v0=(1728,1936) uv0=(676,12) stq0=(0,0,1) v1=(2368,2160) uv1=(0,0) stq1=(0,0,1) v2=(0,0) uv2=(0,0) stq2=(0,0,0) rgba0=(0,0,0,128) rgba1=(0,0,0,128) rgba2=(0,0,0,0)
[gs:copy-reg] reg=0x0 value=0x156 primCtxt=0 ctx0fbp=70 ctx1fbp=0
[gs:kick] idx=40 drawing=1 prim=6 vtxCount=1
[gs:kick] idx=41 drawing=1 prim=6 vtxCount=2
[gs:prim] idx=20 type=6 tme=1 abe=1 fst=1 ctxt=0 fbp=70 fbw=10 psm=0x1 tex0=(tbp0=6720 tbw=8 psm=0x13 tw=9 th=8 tcc=1 tfx=0 cbp=15172 cpsm=0x0 csm=0 csa=0) texclut=(cbw=0 cou=0 cov=0) ofx=1728 ofy=1936 scissor=(0,0)-(639,223) test=0x5008b alpha=0x8000000044 v0=(1808,1984) uv0=(0,0) stq0=(0,0,1) v1=(2288,2112) uv1=(480,256) stq1=(0,0,1) v2=(0,0) uv2=(0,0) stq2=(0,0,0) rgba0=(0,0,0,128) rgba1=(0,0,0,128) rgba2=(0,0,0,0)
[p4:isig] sid=9
[p4:isig] sid=10
[p4:isig] sid=9
[p4:isig] sid=10
[p4:sm] poll n=17 obj=0x00c253e8 ra=0x0014a8f0
[gs:copy-reg] reg=0x0 value=0x146 primCtxt=0 ctx0fbp=0 ctx1fbp=0
[gs:kick] idx=42 drawing=1 prim=6 vtxCount=1
[gs:kick] idx=43 drawing=1 prim=6 vtxCount=2
[gs:prim] idx=21 type=6 tme=0 abe=1 fst=1 ctxt=0 fbp=0 fbw=10 psm=0x1 tex0=(tbp0=0 tbw=0 psm=0x0 tw=0 th=0 tcc=0 tfx=0 cbp=0 cpsm=0x0 csm=0 csa=0) texclut=(cbw=0 cou=0 cov=0) ofx=1728 ofy=1936 scissor=(0,0)-(639,223) test=0x30003 alpha=0x8000000044 v0=(1728,1936) uv0=(676,12) stq0=(0,0,1) v1=(2368,2160) uv1=(0,0) stq1=(0,0,1) v2=(0,0) uv2=(0,0) stq2=(0,0,0) rgba0=(0,0,0,128) rgba1=(0,0,0,128) rgba2=(0,0,0,0)
[gs:copy-reg] reg=0x0 value=0x156 primCtxt=0 ctx0fbp=0 ctx1fbp=0
[gs:kick] idx=44 drawing=1 prim=6 vtxCount=1
[gs:kick] idx=45 drawing=1 prim=6 vtxCount=2
[gs:prim] idx=22 type=6 tme=1 abe=1 fst=1 ctxt=0 fbp=0 fbw=10 psm=0x1 tex0=(tbp0=6720 tbw=8 psm=0x13 tw=9 th=8 tcc=1 tfx=0 cbp=15172 cpsm=0x0 csm=0 csa=0) texclut=(cbw=0 cou=0 cov=0) ofx=1728 ofy=1936 scissor=(0,0)-(639,223) test=0x5008b alpha=0x8000000044 v0=(1808,1984) uv0=(0,0) stq0=(0,0,1) v1=(2288,2112) uv1=(480,256) stq1=(0,0,1) v2=(0,0) uv2=(0,0) stq2=(0,0,0) rgba0=(4,4,4,128) rgba1=(4,4,4,128) rgba2=(0,0,0,0)
[p4:isig] sid=9
[p4:isig] sid=10
[p4:sm] poll n=18 obj=0x00c253e8 ra=0x0014a8f0
[gzmfs] READ fd=0 pos=131764224 len=73440 -> 73440 dst=0x00C64E50
[gs:copy-reg] reg=0x0 value=0x146 primCtxt=0 ctx0fbp=70 ctx1fbp=0
[gs:kick] idx=46 drawing=1 prim=6 vtxCount=1
[gs:kick] idx=47 drawing=1 prim=6 vtxCount=2
[gs:prim] idx=23 type=6 tme=0 abe=1 fst=1 ctxt=0 fbp=70 fbw=10 psm=0x1 tex0=(tbp0=0 tbw=0 psm=0x0 tw=0 th=0 tcc=0 tfx=0 cbp=0 cpsm=0x0 csm=0 csa=0) texclut=(cbw=0 cou=0 cov=0) ofx=1728 ofy=1936 scissor=(0,0)-(639,223) test=0x30003 alpha=0x8000000044 v0=(1728,1936) uv0=(676,12) stq0=(0,0,1) v1=(2368,2160) uv1=(0,0) stq1=(0,0,1) v2=(0,0) uv2=(0,0) stq2=(0,0,0) rgba0=(0,0,0,128) rgba1=(0,0,0,128) rgba2=(0,0,0,0)
[gs:copy-reg] reg=0x0 value=0x156 primCtxt=0 ctx0fbp=70 ctx1fbp=0
[gs:kick] idx=48 drawing=1 prim=6 vtxCount=1
[gs:kick] idx=49 drawing=1 prim=6 vtxCount=2
[gs:prim] idx=24 type=6 tme=1 abe=1 fst=1 ctxt=0 fbp=70 fbw=10 psm=0x1 tex0=(tbp0=6720 tbw=8 psm=0x13 tw=9 th=8 tcc=1 tfx=0 cbp=15172 cpsm=0x0 csm=0 csa=0) texclut=(cbw=0 cou=0 cov=0) ofx=1728 ofy=1936 scissor=(0,0)-(639,223) test=0x5008b alpha=0x8000000044 v0=(1808,1984) uv0=(0,0) stq0=(0,0,1) v1=(2288,2112) uv1=(480,256) stq1=(0,0,1) v2=(0,0) uv2=(0,0) stq2=(0,0,0) rgba0=(8,8,8,128) rgba1=(8,8,8,128) rgba2=(0,0,0,0)
[p4:isig] sid=9
[p4:isig] sid=10
[p4:sm] poll n=19 obj=0x00c253e8 ra=0x0014a8f0
[gs:copy-reg] reg=0x0 value=0x146 primCtxt=0 ctx0fbp=0 ctx1fbp=0
[gs:kick] idx=50 drawing=1 prim=6 vtxCount=1
[gs:kick] idx=51 drawing=1 prim=6 vtxCount=2
[gs:prim] idx=25 type=6 tme=0 abe=1 fst=1 ctxt=0 fbp=0 fbw=10 psm=0x1 tex0=(tbp0=0 tbw=0 psm=0x0 tw=0 th=0 tcc=0 tfx=0 cbp=0 cpsm=0x0 csm=0 csa=0) texclut=(cbw=0 cou=0 cov=0) ofx=1728 ofy=1936 scissor=(0,0)-(639,223) test=0x30003 alpha=0x8000000044 v0=(1728,1936) uv0=(676,12) stq0=(0,0,1) v1=(2368,2160) uv1=(0,0) stq1=(0,0,1) v2=(0,0) uv2=(0,0) stq2=(0,0,0) rgba0=(0,0,0,128) rgba1=(0,0,0,128) rgba2=(0,0,0,0)
[gs:copy-reg] reg=0x0 value=0x156 primCtxt=0 ctx0fbp=0 ctx1fbp=0
[gs:kick] idx=52 drawing=1 prim=6 vtxCount=1
[gs:kick] idx=53 drawing=1 prim=6 vtxCount=2
[gs:prim] idx=26 type=6 tme=1 abe=1 fst=1 ctxt=0 fbp=0 fbw=10 psm=0x1 tex0=(tbp0=6720 tbw=8 psm=0x13 tw=9 th=8 tcc=1 tfx=0 cbp=15172 cpsm=0x0 csm=0 csa=0) texclut=(cbw=0 cou=0 cov=0) ofx=1728 ofy=1936 scissor=(0,0)-(639,223) test=0x5008b alpha=0x8000000044 v0=(1808,1984) uv0=(0,0) stq0=(0,0,1) v1=(2288,2112) uv1=(480,256) stq1=(0,0,1) v2=(0,0) uv2=(0,0) stq2=(0,0,0) rgba0=(12,12,12,128) rgba1=(12,12,12,128) rgba2=(0,0,0,0)
[p4:malloc] size=0x00000140 ra=0x0014a8a4
[WaitSema:wake] tid=1 sid=1 ret=1 count=0
[gs:copy-reg] reg=0x0 value=0x146 primCtxt=0 ctx0fbp=70 ctx1fbp=0
[gs:kick] idx=54 drawing=1 prim=6 vtxCount=1
[gs:kick] idx=55 drawing=1 prim=6 vtxCount=2
[gs:prim] idx=27 type=6 tme=0 abe=1 fst=1 ctxt=0 fbp=70 fbw=10 psm=0x1 tex0=(tbp0=0 tbw=0 psm=0x0 tw=0 th=0 tcc=0 tfx=0 cbp=0 cpsm=0x0 csm=0 csa=0) texclut=(cbw=0 cou=0 cov=0) ofx=1728 ofy=1936 scissor=(0,0)-(639,223) test=0x30003 alpha=0x8000000044 v0=(1728,1936) uv0=(676,12) stq0=(0,0,1) v1=(2368,2160) uv1=(0,0) stq1=(0,0,1) v2=(0,0) uv2=(0,0) stq2=(0,0,0) rgba0=(0,0,0,128) rgba1=(0,0,0,128) rgba2=(0,0,0,0)
[gs:copy-reg] reg=0x0 value=0x156 primCtxt=0 ctx0fbp=70 ctx1fbp=0
[gs:kick] idx=56 drawing=1 prim=6 vtxCount=1
[gs:kick] idx=57 drawing=1 prim=6 vtxCount=2
[gs:prim] idx=28 type=6 tme=1 abe=1 fst=1 ctxt=0 fbp=70 fbw=10 psm=0x1 tex0=(tbp0=6720 tbw=8 psm=0x13 tw=9 th=8 tcc=1 tfx=0 cbp=15172 cpsm=0x0 csm=0 csa=0) texclut=(cbw=0 cou=0 cov=0) ofx=1728 ofy=1936 scissor=(0,0)-(639,223) test=0x5008b alpha=0x8000000044 v0=(1808,1984) uv0=(0,0) stq0=(0,0,1) v1=(2288,2112) uv1=(480,256) stq1=(0,0,1) v2=(0,0) uv2=(0,0) stq2=(0,0,0) rgba0=(16,16,16,128) rgba1=(16,16,16,128) rgba2=(0,0,0,0)
        ... [149,100 more [p4:isig] lines elided by export_logs.py] ...
[p4:sm] poll n=20 obj=0x00c253e8 ra=0x0014a8f0
[gzmfs] SEEK fd=0 off=131837952 whence=0 -> pos=131837952
[gs:copy-reg] reg=0x0 value=0x146 primCtxt=0 ctx0fbp=0 ctx1fbp=0
[gs:kick] idx=58 drawing=1 prim=6 vtxCount=1
[gs:kick] idx=59 drawing=1 prim=6 vtxCount=2
[gs:prim] idx=29 type=6 tme=0 abe=1 fst=1 ctxt=0 fbp=0 fbw=10 psm=0x1 tex0=(tbp0=0 tbw=0 psm=0x0 tw=0 th=0 tcc=0 tfx=0 cbp=0 cpsm=0x0 csm=0 csa=0) texclut=(cbw=0 cou=0 cov=0) ofx=1728 ofy=1936 scissor=(0,0)-(639,223) test=0x30003 alpha=0x8000000044 v0=(1728,1936) uv0=(676,12) stq0=(0,0,1) v1=(2368,2160) uv1=(0,0) stq1=(0,0,1) v2=(0,0) uv2=(0,0) stq2=(0,0,0) rgba0=(0,0,0,128) rgba1=(0,0,0,128) rgba2=(0,0,0,0)
[gs:copy-reg] reg=0x0 value=0x156 primCtxt=0 ctx0fbp=0 ctx1fbp=0
[gs:kick] idx=60 drawing=1 prim=6 vtxCount=1
[gs:kick] idx=61 drawing=1 prim=6 vtxCount=2
[gs:prim] idx=30 type=6 tme=1 abe=1 fst=1 ctxt=0 fbp=0 fbw=10 psm=0x1 tex0=(tbp0=6720 tbw=8 psm=0x13 tw=9 th=8 tcc=1 tfx=0 cbp=15172 cpsm=0x0 csm=0 csa=0) texclut=(cbw=0 cou=0 cov=0) ofx=1728 ofy=1936 scissor=(0,0)-(639,223) test=0x5008b alpha=0x8000000044 v0=(1808,1984) uv0=(0,0) stq0=(0,0,1) v1=(2288,2112) uv1=(480,256) stq1=(0,0,1) v2=(0,0) uv2=(0,0) stq2=(0,0,0) rgba0=(20,20,20,128) rgba1=(20,20,20,128) rgba2=(0,0,0,0)
[gs:copy-reg] reg=0x0 value=0x146 primCtxt=0 ctx0fbp=70 ctx1fbp=0
[gs:kick] idx=62 drawing=1 prim=6 vtxCount=1
[gs:kick] idx=63 drawing=1 prim=6 vtxCount=2
[gs:prim] idx=31 type=6 tme=0 abe=1 fst=1 ctxt=0 fbp=70 fbw=10 psm=0x1 tex0=(tbp0=0 tbw=0 psm=0x0 tw=0 th=0 tcc=0 tfx=0 cbp=0 cpsm=0x0 csm=0 csa=0) texclut=(cbw=0 cou=0 cov=0) ofx=1728 ofy=1936 scissor=(0,0)-(639,223) test=0x30003 alpha=0x8000000044 v0=(1728,1936) uv0=(676,12) stq0=(0,0,1) v1=(2368,2160) uv1=(0,0) stq1=(0,0,1) v2=(0,0) uv2=(0,0) stq2=(0,0,0) rgba0=(0,0,0,128) rgba1=(0,0,0,128) rgba2=(0,0,0,0)
[gs:copy-reg] reg=0x0 value=0x156 primCtxt=0 ctx0fbp=70 ctx1fbp=0
[gs:kick] idx=64 drawing=1 prim=6 vtxCount=1
[gs:kick] idx=65 drawing=1 prim=6 vtxCount=2
[gs:prim] idx=32 type=6 tme=1 abe=1 fst=1 ctxt=0 fbp=70 fbw=10 psm=0x1 tex0=(tbp0=6720 tbw=8 psm=0x13 tw=9 th=8 tcc=1 tfx=0 cbp=15172 cpsm=0x0 csm=0 csa=0) texclut=(cbw=0 cou=0 cov=0) ofx=1728 ofy=1936 scissor=(0,0)-(639,223) test=0x5008b alpha=0x8000000044 v0=(1808,1984) uv0=(0,0) stq0=(0,0,1) v1=(2288,2112) uv1=(480,256) stq1=(0,0,1) v2=(0,0) uv2=(0,0) stq2=(0,0,0) rgba0=(24,24,24,128) rgba1=(24,24,24,128) rgba2=(0,0,0,0)
[gzmfs] READ fd=0 pos=131837952 len=320 -> 320 dst=0x00C76D40
[gs:copy-reg] reg=0x0 value=0x146 primCtxt=0 ctx0fbp=0 ctx1fbp=0
[gs:kick] idx=66 drawing=1 prim=6 vtxCount=1
[gs:kick] idx=67 drawing=1 prim=6 vtxCount=2
[gs:prim] idx=33 type=6 tme=0 abe=1 fst=1 ctxt=0 fbp=0 fbw=10 psm=0x1 tex0=(tbp0=0 tbw=0 psm=0x0 tw=0 th=0 tcc=0 tfx=0 cbp=0 cpsm=0x0 csm=0 csa=0) texclut=(cbw=0 cou=0 cov=0) ofx=1728 ofy=1936 scissor=(0,0)-(639,223) test=0x30003 alpha=0x8000000044 v0=(1728,1936) uv0=(676,12) stq0=(0,0,1) v1=(2368,2160) uv1=(0,0) stq1=(0,0,1) v2=(0,0) uv2=(0,0) stq2=(0,0,0) rgba0=(0,0,0,128) rgba1=(0,0,0,128) rgba2=(0,0,0,0)
[gs:copy-reg] reg=0x0 value=0x156 primCtxt=0 ctx0fbp=0 ctx1fbp=0
[gs:kick] idx=68 drawing=1 prim=6 vtxCount=1
[gs:kick] idx=69 drawing=1 prim=6 vtxCount=2
[gs:prim] idx=34 type=6 tme=1 abe=1 fst=1 ctxt=0 fbp=0 fbw=10 psm=0x1 tex0=(tbp0=6720 tbw=8 psm=0x13 tw=9 th=8 tcc=1 tfx=0 cbp=15172 cpsm=0x0 csm=0 csa=0) texclut=(cbw=0 cou=0 cov=0) ofx=1728 ofy=1936 scissor=(0,0)-(639,223) test=0x5008b alpha=0x8000000044 v0=(1808,1984) uv0=(0,0) stq0=(0,0,1) v1=(2288,2112) uv1=(480,256) stq1=(0,0,1) v2=(0,0) uv2=(0,0) stq2=(0,0,0) rgba0=(28,28,28,128) rgba1=(28,28,28,128) rgba2=(0,0,0,0)
[p4:new2] size=0x00000048 ra=0x0014a924
[p4:malloc] size=0x00000048 ra=0x001006bc
[p4:new2] size=0x00000b8c ra=0x0015f594
[p4:malloc] size=0x00000b8c ra=0x001006bc
[p4:new2] size=0x00000060 ra=0x00100540
[p4:malloc] size=0x00000060 ra=0x001006bc
[WaitSema:wake] tid=1 sid=1 ret=1 count=0
        ... [1,846 more [WaitSema:wake] lines elided by export_logs.py] ...
[gs:copy-reg] reg=0x0 value=0x146 primCtxt=0 ctx0fbp=70 ctx1fbp=0
[gs:kick] idx=70 drawing=1 prim=6 vtxCount=1
[gs:kick] idx=71 drawing=1 prim=6 vtxCount=2
[gs:prim] idx=35 type=6 tme=0 abe=1 fst=1 ctxt=0 fbp=70 fbw=10 psm=0x1 tex0=(tbp0=0 tbw=0 psm=0x0 tw=0 th=0 tcc=0 tfx=0 cbp=0 cpsm=0x0 csm=0 csa=0) texclut=(cbw=0 cou=0 cov=0) ofx=1728 ofy=1936 scissor=(0,0)-(639,223) test=0x30003 alpha=0x8000000044 v0=(1728,1936) uv0=(676,12) stq0=(0,0,1) v1=(2368,2160) uv1=(0,0) stq1=(0,0,1) v2=(0,0) uv2=(0,0) stq2=(0,0,0) rgba0=(0,0,0,128) rgba1=(0,0,0,128) rgba2=(0,0,0,0)
[gs:copy-reg] reg=0x0 value=0x156 primCtxt=0 ctx0fbp=70 ctx1fbp=0
[gs:kick] idx=72 drawing=1 prim=6 vtxCount=1
[gs:kick] idx=73 drawing=1 prim=6 vtxCount=2
[gs:prim] idx=36 type=6 tme=1 abe=1 fst=1 ctxt=0 fbp=70 fbw=10 psm=0x1 tex0=(tbp0=6720 tbw=8 psm=0x13 tw=9 th=8 tcc=1 tfx=0 cbp=15172 cpsm=0x0 csm=0 csa=0) texclut=(cbw=0 cou=0 cov=0) ofx=1728 ofy=1936 scissor=(0,0)-(639,223) test=0x5008b alpha=0x8000000044 v0=(1808,1984) uv0=(0,0) stq0=(0,0,1) v1=(2288,2112) uv1=(480,256) stq1=(0,0,1) v2=(0,0) uv2=(0,0) stq2=(0,0,0) rgba0=(32,32,32,128) rgba1=(32,32,32,128) rgba2=(0,0,0,0)
[p4:new2] size=0x00000140 ra=0x00100540
[p4:malloc] size=0x00000140 ra=0x001006bc
[gs:copy-reg] reg=0x0 value=0x146 primCtxt=0 ctx0fbp=0 ctx1fbp=0
[gs:kick] idx=74 drawing=1 prim=6 vtxCount=1
[gs:kick] idx=75 drawing=1 prim=6 vtxCount=2
[gs:prim] idx=37 type=6 tme=0 abe=1 fst=1 ctxt=0 fbp=0 fbw=10 psm=0x1 tex0=(tbp0=0 tbw=0 psm=0x0 tw=0 th=0 tcc=0 tfx=0 cbp=0 cpsm=0x0 csm=0 csa=0) texclut=(cbw=0 cou=0 cov=0) ofx=1728 ofy=1936 scissor=(0,0)-(639,223) test=0x30003 alpha=0x8000000044 v0=(1728,1936) uv0=(676,12) stq0=(0,0,1) v1=(2368,2160) uv1=(0,0) stq1=(0,0,1) v2=(0,0) uv2=(0,0) stq2=(0,0,0) rgba0=(0,0,0,128) rgba1=(0,0,0,128) rgba2=(0,0,0,0)
[gs:copy-reg] reg=0x0 value=0x156 primCtxt=0 ctx0fbp=0 ctx1fbp=0
[gs:kick] idx=76 drawing=1 prim=6 vtxCount=1
[gs:kick] idx=77 drawing=1 prim=6 vtxCount=2
[gs:prim] idx=38 type=6 tme=1 abe=1 fst=1 ctxt=0 fbp=0 fbw=10 psm=0x1 tex0=(tbp0=6720 tbw=8 psm=0x13 tw=9 th=8 tcc=1 tfx=0 cbp=15172 cpsm=0x0 csm=0 csa=0) texclut=(cbw=0 cou=0 cov=0) ofx=1728 ofy=1936 scissor=(0,0)-(639,223) test=0x5008b alpha=0x8000000044 v0=(1808,1984) uv0=(0,0) stq0=(0,0,1) v1=(2288,2112) uv1=(480,256) stq1=(0,0,1) v2=(0,0) uv2=(0,0) stq2=(0,0,0) rgba0=(36,36,36,128) rgba1=(36,36,36,128) rgba2=(0,0,0,0)
[gs:copy-reg] reg=0x0 value=0x146 primCtxt=0 ctx0fbp=70 ctx1fbp=0
[gs:kick] idx=78 drawing=1 prim=6 vtxCount=1
[gs:kick] idx=79 drawing=1 prim=6 vtxCount=2
[gs:prim] idx=39 type=6 tme=0 abe=1 fst=1 ctxt=0 fbp=70 fbw=10 psm=0x1 tex0=(tbp0=0 tbw=0 psm=0x0 tw=0 th=0 tcc=0 tfx=0 cbp=0 cpsm=0x0 csm=0 csa=0) texclut=(cbw=0 cou=0 cov=0) ofx=1728 ofy=1936 scissor=(0,0)-(639,223) test=0x30003 alpha=0x8000000044 v0=(1728,1936) uv0=(676,12) stq0=(0,0,1) v1=(2368,2160) uv1=(0,0) stq1=(0,0,1) v2=(0,0) uv2=(0,0) stq2=(0,0,0) rgba0=(0,0,0,128) rgba1=(0,0,0,128) rgba2=(0,0,0,0)
[gs:copy-reg] reg=0x0 value=0x156 primCtxt=0 ctx0fbp=70 ctx1fbp=0
[gs:kick] idx=80 drawing=1 prim=6 vtxCount=1
[gs:kick] idx=81 drawing=1 prim=6 vtxCount=2
[gs:prim] idx=40 type=6 tme=1 abe=1 fst=1 ctxt=0 fbp=70 fbw=10 psm=0x1 tex0=(tbp0=6720 tbw=8 psm=0x13 tw=9 th=8 tcc=1 tfx=0 cbp=15172 cpsm=0x0 csm=0 csa=0) texclut=(cbw=0 cou=0 cov=0) ofx=1728 ofy=1936 scissor=(0,0)-(639,223) test=0x5008b alpha=0x8000000044 v0=(1808,1984) uv0=(0,0) stq0=(0,0,1) v1=(2288,2112) uv1=(480,256) stq1=(0,0,1) v2=(0,0) uv2=(0,0) stq2=(0,0,0) rgba0=(40,40,40,128) rgba1=(40,40,40,128) rgba2=(0,0,0,0)
[gs:copy-reg] reg=0x0 value=0x146 primCtxt=0 ctx0fbp=0 ctx1fbp=0
[gs:kick] idx=82 drawing=1 prim=6 vtxCount=1
[gs:kick] idx=83 drawing=1 prim=6 vtxCount=2
[gs:prim] idx=41 type=6 tme=0 abe=1 fst=1 ctxt=0 fbp=0 fbw=10 psm=0x1 tex0=(tbp0=0 tbw=0 psm=0x0 tw=0 th=0 tcc=0 tfx=0 cbp=0 cpsm=0x0 csm=0 csa=0) texclut=(cbw=0 cou=0 cov=0) ofx=1728 ofy=1936 scissor=(0,0)-(639,223) test=0x30003 alpha=0x8000000044 v0=(1728,1936) uv0=(676,12) stq0=(0,0,1) v1=(2368,2160) uv1=(0,0) stq1=(0,0,1) v2=(0,0) uv2=(0,0) stq2=(0,0,0) rgba0=(0,0,0,128) rgba1=(0,0,0,128) rgba2=(0,0,0,0)
[gs:copy-reg] reg=0x0 value=0x156 primCtxt=0 ctx0fbp=0 ctx1fbp=0
[gs:kick] idx=84 drawing=1 prim=6 vtxCount=1
[gs:kick] idx=85 drawing=1 prim=6 vtxCount=2
[gs:prim] idx=42 type=6 tme=1 abe=1 fst=1 ctxt=0 fbp=0 fbw=10 psm=0x1 tex0=(tbp0=6720 tbw=8 psm=0x13 tw=9 th=8 tcc=1 tfx=0 cbp=15172 cpsm=0x0 csm=0 csa=0) texclut=(cbw=0 cou=0 cov=0) ofx=1728 ofy=1936 scissor=(0,0)-(639,223) test=0x5008b alpha=0x8000000044 v0=(1808,1984) uv0=(0,0) stq0=(0,0,1) v1=(2288,2112) uv1=(480,256) stq1=(0,0,1) v2=(0,0) uv2=(0,0) stq2=(0,0,0) rgba0=(44,44,44,128) rgba1=(44,44,44,128) rgba2=(0,0,0,0)
[gs:copy-reg] reg=0x0 value=0x146 primCtxt=0 ctx0fbp=70 ctx1fbp=0
[gs:kick] idx=86 drawing=1 prim=6 vtxCount=1
[gs:kick] idx=87 drawing=1 prim=6 vtxCount=2
[gs:prim] idx=43 type=6 tme=0 abe=1 fst=1 ctxt=0 fbp=70 fbw=10 psm=0x1 tex0=(tbp0=0 tbw=0 psm=0x0 tw=0 th=0 tcc=0 tfx=0 cbp=0 cpsm=0x0 csm=0 csa=0) texclut=(cbw=0 cou=0 cov=0) ofx=1728 ofy=1936 scissor=(0,0)-(639,223) test=0x30003 alpha=0x8000000044 v0=(1728,1936) uv0=(676,12) stq0=(0,0,1) v1=(2368,2160) uv1=(0,0) stq1=(0,0,1) v2=(0,0) uv2=(0,0) stq2=(0,0,0) rgba0=(0,0,0,128) rgba1=(0,0,0,128) rgba2=(0,0,0,0)
[gs:copy-reg] reg=0x0 value=0x156 primCtxt=0 ctx0fbp=70 ctx1fbp=0
[gs:kick] idx=88 drawing=1 prim=6 vtxCount=1
[gs:kick] idx=89 drawing=1 prim=6 vtxCount=2
[gs:prim] idx=44 type=6 tme=1 abe=1 fst=1 ctxt=0 fbp=70 fbw=10 psm=0x1 tex0=(tbp0=6720 tbw=8 psm=0x13 tw=9 th=8 tcc=1 tfx=0 cbp=15172 cpsm=0x0 csm=0 csa=0) texclut=(cbw=0 cou=0 cov=0) ofx=1728 ofy=1936 scissor=(0,0)-(639,223) test=0x5008b alpha=0x8000000044 v0=(1808,1984) uv0=(0,0) stq0=(0,0,1) v1=(2288,2112) uv1=(480,256) stq1=(0,0,1) v2=(0,0) uv2=(0,0) stq2=(0,0,0) rgba0=(48,48,48,128) rgba1=(48,48,48,128) rgba2=(0,0,0,0)
[gs:copy-reg] reg=0x0 value=0x146 primCtxt=0 ctx0fbp=0 ctx1fbp=0
[gs:kick] idx=90 drawing=1 prim=6 vtxCount=1
[gs:kick] idx=91 drawing=1 prim=6 vtxCount=2
[gs:prim] idx=45 type=6 tme=0 abe=1 fst=1 ctxt=0 fbp=0 fbw=10 psm=0x1 tex0=(tbp0=0 tbw=0 psm=0x0 tw=0 th=0 tcc=0 tfx=0 cbp=0 cpsm=0x0 csm=0 csa=0) texclut=(cbw=0 cou=0 cov=0) ofx=1728 ofy=1936 scissor=(0,0)-(639,223) test=0x30003 alpha=0x8000000044 v0=(1728,1936) uv0=(676,12) stq0=(0,0,1) v1=(2368,2160) uv1=(0,0) stq1=(0,0,1) v2=(0,0) uv2=(0,0) stq2=(0,0,0) rgba0=(0,0,0,128) rgba1=(0,0,0,128) rgba2=(0,0,0,0)
[gs:copy-reg] reg=0x0 value=0x156 primCtxt=0 ctx0fbp=0 ctx1fbp=0
[gs:kick] idx=92 drawing=1 prim=6 vtxCount=1
[gs:kick] idx=93 drawing=1 prim=6 vtxCount=2
[gs:prim] idx=46 type=6 tme=1 abe=1 fst=1 ctxt=0 fbp=0 fbw=10 psm=0x1 tex0=(tbp0=6720 tbw=8 psm=0x13 tw=9 th=8 tcc=1 tfx=0 cbp=15172 cpsm=0x0 csm=0 csa=0) texclut=(cbw=0 cou=0 cov=0) ofx=1728 ofy=1936 scissor=(0,0)-(639,223) test=0x5008b alpha=0x8000000044 v0=(1808,1984) uv0=(0,0) stq0=(0,0,1) v1=(2288,2112) uv1=(480,256) stq1=(0,0,1) v2=(0,0) uv2=(0,0) stq2=(0,0,0) rgba0=(52,52,52,128) rgba1=(52,52,52,128) rgba2=(0,0,0,0)
[gs:copy-reg] reg=0x0 value=0x146 primCtxt=0 ctx0fbp=70 ctx1fbp=0
[gs:kick] idx=94 drawing=1 prim=6 vtxCount=1
[gs:kick] idx=95 drawing=1 prim=6 vtxCount=2
[gs:prim] idx=47 type=6 tme=0 abe=1 fst=1 ctxt=0 fbp=70 fbw=10 psm=0x1 tex0=(tbp0=0 tbw=0 psm=0x0 tw=0 th=0 tcc=0 tfx=0 cbp=0 cpsm=0x0 csm=0 csa=0) texclut=(cbw=0 cou=0 cov=0) ofx=1728 ofy=1936 scissor=(0,0)-(639,223) test=0x30003 alpha=0x8000000044 v0=(1728,1936) uv0=(676,12) stq0=(0,0,1) v1=(2368,2160) uv1=(0,0) stq1=(0,0,1) v2=(0,0) uv2=(0,0) stq2=(0,0,0) rgba0=(0,0,0,128) rgba1=(0,0,0,128) rgba2=(0,0,0,0)
[gs:copy-reg] reg=0x0 value=0x156 primCtxt=0 ctx0fbp=70 ctx1fbp=0
[gs:prim] idx=48 type=6 tme=1 abe=1 fst=1 ctxt=0 fbp=70 fbw=10 psm=0x1 tex0=(tbp0=6720 tbw=8 psm=0x13 tw=9 th=8 tcc=1 tfx=0 cbp=15172 cpsm=0x0 csm=0 csa=0) texclut=(cbw=0 cou=0 cov=0) ofx=1728 ofy=1936 scissor=(0,0)-(639,223) test=0x5008b alpha=0x8000000044 v0=(1808,1984) uv0=(0,0) stq0=(0,0,1) v1=(2288,2112) uv1=(480,256) stq1=(0,0,1) v2=(0,0) uv2=(0,0) stq2=(0,0,0) rgba0=(56,56,56,128) rgba1=(56,56,56,128) rgba2=(0,0,0,0)
[gs:copy-reg] reg=0x0 value=0x146 primCtxt=0 ctx0fbp=0 ctx1fbp=0
[gs:prim] idx=49 type=6 tme=0 abe=1 fst=1 ctxt=0 fbp=0 fbw=10 psm=0x1 tex0=(tbp0=0 tbw=0 psm=0x0 tw=0 th=0 tcc=0 tfx=0 cbp=0 cpsm=0x0 csm=0 csa=0) texclut=(cbw=0 cou=0 cov=0) ofx=1728 ofy=1936 scissor=(0,0)-(639,223) test=0x30003 alpha=0x8000000044 v0=(1728,1936) uv0=(676,12) stq0=(0,0,1) v1=(2368,2160) uv1=(0,0) stq1=(0,0,1) v2=(0,0) uv2=(0,0) stq2=(0,0,0) rgba0=(0,0,0,128) rgba1=(0,0,0,128) rgba2=(0,0,0,0)
[gs:copy-reg] reg=0x0 value=0x156 primCtxt=0 ctx0fbp=0 ctx1fbp=0
[gs:prim] idx=50 type=6 tme=1 abe=1 fst=1 ctxt=0 fbp=0 fbw=10 psm=0x1 tex0=(tbp0=6720 tbw=8 psm=0x13 tw=9 th=8 tcc=1 tfx=0 cbp=15172 cpsm=0x0 csm=0 csa=0) texclut=(cbw=0 cou=0 cov=0) ofx=1728 ofy=1936 scissor=(0,0)-(639,223) test=0x5008b alpha=0x8000000044 v0=(1808,1984) uv0=(0,0) stq0=(0,0,1) v1=(2288,2112) uv1=(480,256) stq1=(0,0,1) v2=(0,0) uv2=(0,0) stq2=(0,0,0) rgba0=(60,60,60,128) rgba1=(60,60,60,128) rgba2=(0,0,0,0)
[gs:copy-reg] reg=0x0 value=0x146 primCtxt=0 ctx0fbp=70 ctx1fbp=0
[gs:prim] idx=51 type=6 tme=0 abe=1 fst=1 ctxt=0 fbp=70 fbw=10 psm=0x1 tex0=(tbp0=0 tbw=0 psm=0x0 tw=0 th=0 tcc=0 tfx=0 cbp=0 cpsm=0x0 csm=0 csa=0) texclut=(cbw=0 cou=0 cov=0) ofx=1728 ofy=1936 scissor=(0,0)-(639,223) test=0x30003 alpha=0x8000000044 v0=(1728,1936) uv0=(676,12) stq0=(0,0,1) v1=(2368,2160) uv1=(0,0) stq1=(0,0,1) v2=(0,0) uv2=(0,0) stq2=(0,0,0) rgba0=(0,0,0,128) rgba1=(0,0,0,128) rgba2=(0,0,0,0)
[gs:copy-reg] reg=0x0 value=0x156 primCtxt=0 ctx0fbp=70 ctx1fbp=0
[gs:prim] idx=52 type=6 tme=1 abe=1 fst=1 ctxt=0 fbp=70 fbw=10 psm=0x1 tex0=(tbp0=6720 tbw=8 psm=0x13 tw=9 th=8 tcc=1 tfx=0 cbp=15172 cpsm=0x0 csm=0 csa=0) texclut=(cbw=0 cou=0 cov=0) ofx=1728 ofy=1936 scissor=(0,0)-(639,223) test=0x5008b alpha=0x8000000044 v0=(1808,1984) uv0=(0,0) stq0=(0,0,1) v1=(2288,2112) uv1=(480,256) stq1=(0,0,1) v2=(0,0) uv2=(0,0) stq2=(0,0,0) rgba0=(64,64,64,128) rgba1=(64,64,64,128) rgba2=(0,0,0,0)
[gs:copy-reg] reg=0x0 value=0x146 primCtxt=0 ctx0fbp=0 ctx1fbp=0
[gs:prim] idx=53 type=6 tme=0 abe=1 fst=1 ctxt=0 fbp=0 fbw=10 psm=0x1 tex0=(tbp0=0 tbw=0 psm=0x0 tw=0 th=0 tcc=0 tfx=0 cbp=0 cpsm=0x0 csm=0 csa=0) texclut=(cbw=0 cou=0 cov=0) ofx=1728 ofy=1936 scissor=(0,0)-(639,223) test=0x30003 alpha=0x8000000044 v0=(1728,1936) uv0=(676,12) stq0=(0,0,1) v1=(2368,2160) uv1=(0,0) stq1=(0,0,1) v2=(0,0) uv2=(0,0) stq2=(0,0,0) rgba0=(0,0,0,128) rgba1=(0,0,0,128) rgba2=(0,0,0,0)
[gs:copy-reg] reg=0x0 value=0x156 primCtxt=0 ctx0fbp=0 ctx1fbp=0
[gs:prim] idx=54 type=6 tme=1 abe=1 fst=1 ctxt=0 fbp=0 fbw=10 psm=0x1 tex0=(tbp0=6720 tbw=8 psm=0x13 tw=9 th=8 tcc=1 tfx=0 cbp=15172 cpsm=0x0 csm=0 csa=0) texclut=(cbw=0 cou=0 cov=0) ofx=1728 ofy=1936 scissor=(0,0)-(639,223) test=0x5008b alpha=0x8000000044 v0=(1808,1984) uv0=(0,0) stq0=(0,0,1) v1=(2288,2112) uv1=(480,256) stq1=(0,0,1) v2=(0,0) uv2=(0,0) stq2=(0,0,0) rgba0=(68,68,68,128) rgba1=(68,68,68,128) rgba2=(0,0,0,0)
[gs:copy-reg] reg=0x0 value=0x146 primCtxt=0 ctx0fbp=70 ctx1fbp=0
[gs:prim] idx=55 type=6 tme=0 abe=1 fst=1 ctxt=0 fbp=70 fbw=10 psm=0x1 tex0=(tbp0=0 tbw=0 psm=0x0 tw=0 th=0 tcc=0 tfx=0 cbp=0 cpsm=0x0 csm=0 csa=0) texclut=(cbw=0 cou=0 cov=0) ofx=1728 ofy=1936 scissor=(0,0)-(639,223) test=0x30003 alpha=0x8000000044 v0=(1728,1936) uv0=(676,12) stq0=(0,0,1) v1=(2368,2160) uv1=(0,0) stq1=(0,0,1) v2=(0,0) uv2=(0,0) stq2=(0,0,0) rgba0=(0,0,0,128) rgba1=(0,0,0,128) rgba2=(0,0,0,0)
[gs:copy-reg] reg=0x0 value=0x156 primCtxt=0 ctx0fbp=70 ctx1fbp=0
[gs:prim] idx=56 type=6 tme=1 abe=1 fst=1 ctxt=0 fbp=70 fbw=10 psm=0x1 tex0=(tbp0=6720 tbw=8 psm=0x13 tw=9 th=8 tcc=1 tfx=0 cbp=15172 cpsm=0x0 csm=0 csa=0) texclut=(cbw=0 cou=0 cov=0) ofx=1728 ofy=1936 scissor=(0,0)-(639,223) test=0x5008b alpha=0x8000000044 v0=(1808,1984) uv0=(0,0) stq0=(0,0,1) v1=(2288,2112) uv1=(480,256) stq1=(0,0,1) v2=(0,0) uv2=(0,0) stq2=(0,0,0) rgba0=(72,72,72,128) rgba1=(72,72,72,128) rgba2=(0,0,0,0)
[gs:copy-reg] reg=0x0 value=0x146 primCtxt=0 ctx0fbp=0 ctx1fbp=0
[gs:prim] idx=57 type=6 tme=0 abe=1 fst=1 ctxt=0 fbp=0 fbw=10 psm=0x1 tex0=(tbp0=0 tbw=0 psm=0x0 tw=0 th=0 tcc=0 tfx=0 cbp=0 cpsm=0x0 csm=0 csa=0) texclut=(cbw=0 cou=0 cov=0) ofx=1728 ofy=1936 scissor=(0,0)-(639,223) test=0x30003 alpha=0x8000000044 v0=(1728,1936) uv0=(676,12) stq0=(0,0,1) v1=(2368,2160) uv1=(0,0) stq1=(0,0,1) v2=(0,0) uv2=(0,0) stq2=(0,0,0) rgba0=(0,0,0,128) rgba1=(0,0,0,128) rgba2=(0,0,0,0)
[gs:copy-reg] reg=0x0 value=0x156 primCtxt=0 ctx0fbp=0 ctx1fbp=0
[gs:prim] idx=58 type=6 tme=1 abe=1 fst=1 ctxt=0 fbp=0 fbw=10 psm=0x1 tex0=(tbp0=6720 tbw=8 psm=0x13 tw=9 th=8 tcc=1 tfx=0 cbp=15172 cpsm=0x0 csm=0 csa=0) texclut=(cbw=0 cou=0 cov=0) ofx=1728 ofy=1936 scissor=(0,0)-(639,223) test=0x5008b alpha=0x8000000044 v0=(1808,1984) uv0=(0,0) stq0=(0,0,1) v1=(2288,2112) uv1=(480,256) stq1=(0,0,1) v2=(0,0) uv2=(0,0) stq2=(0,0,0) rgba0=(76,76,76,128) rgba1=(76,76,76,128) rgba2=(0,0,0,0)
[gs:copy-reg] reg=0x0 value=0x146 primCtxt=0 ctx0fbp=70 ctx1fbp=0
[gs:prim] idx=59 type=6 tme=0 abe=1 fst=1 ctxt=0 fbp=70 fbw=10 psm=0x1 tex0=(tbp0=0 tbw=0 psm=0x0 tw=0 th=0 tcc=0 tfx=0 cbp=0 cpsm=0x0 csm=0 csa=0) texclut=(cbw=0 cou=0 cov=0) ofx=1728 ofy=1936 scissor=(0,0)-(639,223) test=0x30003 alpha=0x8000000044 v0=(1728,1936) uv0=(676,12) stq0=(0,0,1) v1=(2368,2160) uv1=(0,0) stq1=(0,0,1) v2=(0,0) uv2=(0,0) stq2=(0,0,0) rgba0=(0,0,0,128) rgba1=(0,0,0,128) rgba2=(0,0,0,0)
[gs:copy-reg] reg=0x0 value=0x156 primCtxt=0 ctx0fbp=70 ctx1fbp=0
[gs:prim] idx=60 type=6 tme=1 abe=1 fst=1 ctxt=0 fbp=70 fbw=10 psm=0x1 tex0=(tbp0=6720 tbw=8 psm=0x13 tw=9 th=8 tcc=1 tfx=0 cbp=15172 cpsm=0x0 csm=0 csa=0) texclut=(cbw=0 cou=0 cov=0) ofx=1728 ofy=1936 scissor=(0,0)-(639,223) test=0x5008b alpha=0x8000000044 v0=(1808,1984) uv0=(0,0) stq0=(0,0,1) v1=(2288,2112) uv1=(480,256) stq1=(0,0,1) v2=(0,0) uv2=(0,0) stq2=(0,0,0) rgba0=(80,80,80,128) rgba1=(80,80,80,128) rgba2=(0,0,0,0)
[frame:upload] idx=0 tick=44 displayFbp=0 sourceFbp=0 size=640x448 preferred=0
[gs:copy-reg] reg=0x0 value=0x146 primCtxt=0 ctx0fbp=0 ctx1fbp=0
[gs:prim] idx=61 type=6 tme=0 abe=1 fst=1 ctxt=0 fbp=0 fbw=10 psm=0x1 tex0=(tbp0=0 tbw=0 psm=0x0 tw=0 th=0 tcc=0 tfx=0 cbp=0 cpsm=0x0 csm=0 csa=0) texclut=(cbw=0 cou=0 cov=0) ofx=1728 ofy=1936 scissor=(0,0)-(639,223) test=0x30003 alpha=0x8000000044 v0=(1728,1936) uv0=(676,12) stq0=(0,0,1) v1=(2368,2160) uv1=(0,0) stq1=(0,0,1) v2=(0,0) uv2=(0,0) stq2=(0,0,0) rgba0=(0,0,0,128) rgba1=(0,0,0,128) rgba2=(0,0,0,0)
[gs:copy-reg] reg=0x0 value=0x156 primCtxt=0 ctx0fbp=0 ctx1fbp=0
[gs:prim] idx=62 type=6 tme=1 abe=1 fst=1 ctxt=0 fbp=0 fbw=10 psm=0x1 tex0=(tbp0=6720 tbw=8 psm=0x13 tw=9 th=8 tcc=1 tfx=0 cbp=15172 cpsm=0x0 csm=0 csa=0) texclut=(cbw=0 cou=0 cov=0) ofx=1728 ofy=1936 scissor=(0,0)-(639,223) test=0x5008b alpha=0x8000000044 v0=(1808,1984) uv0=(0,0) stq0=(0,0,1) v1=(2288,2112) uv1=(480,256) stq1=(0,0,1) v2=(0,0) uv2=(0,0) stq2=(0,0,0) rgba0=(84,84,84,128) rgba1=(84,84,84,128) rgba2=(0,0,0,0)
[gs:copy-reg] reg=0x0 value=0x146 primCtxt=0 ctx0fbp=70 ctx1fbp=0
[gs:prim] idx=63 type=6 tme=0 abe=1 fst=1 ctxt=0 fbp=70 fbw=10 psm=0x1 tex0=(tbp0=0 tbw=0 psm=0x0 tw=0 th=0 tcc=0 tfx=0 cbp=0 cpsm=0x0 csm=0 csa=0) texclut=(cbw=0 cou=0 cov=0) ofx=1728 ofy=1936 scissor=(0,0)-(639,223) test=0x30003 alpha=0x8000000044 v0=(1728,1936) uv0=(676,12) stq0=(0,0,1) v1=(2368,2160) uv1=(0,0) stq1=(0,0,1) v2=(0,0) uv2=(0,0) stq2=(0,0,0) rgba0=(0,0,0,128) rgba1=(0,0,0,128) rgba2=(0,0,0,0)
[frame:upload] idx=1 tick=57 displayFbp=70 sourceFbp=70 size=640x448 preferred=0
[run:tick] tick=120 pc=0x14a6a8 ra=0x14a6a8 sp=0x1ff7ef0 gp=0x22c0f0 dispfb1=0x1400 display1=0x1bf27f00000000 activeThreads=3 dma=608 gif=82 gsw=0 vif=2
ount=0->1 ret=10
[frame:upload] idx=2 tick=110 displayFbp=0 sourceFbp=0 size=640x448 preferred=0
[frame:upload] idx=3 tick=118 displayFbp=0 sourceFbp=0 size=640x448 preferred=0
[frame:upload] idx=4 tick=121 displayFbp=70 sourceFbp=70 size=640x448 preferred=0
[run:tick] tick=240 pc=0x14a6a8 ra=0x14a6a8 sp=0x1ff7ef0 gp=0x22c0f0 dispfb1=0x1400 display1=0x1bf27f00000000 activeThreads=3 dma=1159 gif=161 gsw=0 vif=2
[frame:upload] idx=5 tick=165 displayFbp=70 sourceFbp=70 size=640x448 preferred=0
[Sign[p4:isig] sid=9
alSema] tid=-1 sid=10 count=0->1 ret=10
[frame:upload] idx=6 tick=217 displayFbp=70 sourceFbp=70 size=640x448 preferred=0
[run:tick] tick=360 pc=0x14a6a8 ra=0x14a6a8 sp=0x1ff7ef0 gp=0x22c0f0 dispfb1=0x1400 display1=0x1bf27f00000000 activeThreads=3 dma=1700 gif=238 gsw=0 vif=2
[frame:upload] idx=7 tick=276 displayFbp=70 sourceFbp=70 size=640x448 preferred=0
[p4:EndOfHeap] ret=0x01f00000 brk=0x00caf000 a0=0x00000000 ra=0x0010f3b8
[p4:EndOfHeap] ret=0x01f00000 brk=0x00caf000 a0=0xfffd8000 ra=0x0010f3b8
[p4:malloc] size=0x000ca800 ra=0x001eefac
[p4:EndOfHeap] ret=0x01f00000 brk=0x00c87000 a0=0x000cb000 ra=0x0010f3b8
PS2 GsGetIMR: Returning IMR=0xff00 pc=0x10ef80 ra=0x103e04
PS2 GsPutIMR:  new=0x65280 a0_64=0x65280 a0_32=0x65280 a1_32=0x72 pc=0x1109920 ra=0x1064464
[frame:upload] idx=8 tick=284 displayFbp=0 sourceFbp=0 size=640x448 preferred=0
[p4:malloc] size=0x00003068 ra=0x001ebaec
[p4:EndOfHeap] ret=0x01f00000 brk=0x00d52000 a0=0x0032b000 ra=0x0010f3b8
[p4:EndOfHeap] ret=0x01f00000 brk=0x0107d000 a0=0x0009a000 ra=0x0010f3b8
[p4:EndOfHeap] ret=0x01f00000 brk=0x01117000 a0=0x001ca000 ra=0x0010f3b8
[p4:EndOfHeap] ret=0x01f00000 brk=0x012e1000 a0=0x00081000 ra=0x0010f3b8
[p4:EndOfHeap] ret=0x01f00000 brk=0x01362000 a0=0x00051000 ra=0x0010f3b8
[p4:EndOfHeap] ret=0x01f00000 brk=0x013b3000 a0=0x00000000 ra=0x0010f3b8
[p4:EndOfHeap] ret=0x01f00000 brk=0x013b3000 a0=0xff99f000 ra=0x0010f3b8
PS2 GsPutIMR:  new=0x65280 a0_64=0x65280 a0_32=0x65280 a1_32=0x0 pc=0x1109920 ra=0x1065456
PS2 GsGetIMR: Returning IMR=0xff00 pc=0x10ef80 ra=0x103e04
PS2 GsPutIMR:  new=0x65280 a0_64=0x65280 a0_32=0x65280 a1_32=0x72 pc=0x1109920 ra=0x1064464
PS2 GsPutIMR:  new=0x65280 a0_64=0x65280 a0_32=0x65280 a1_32=0x0 pc=0x1109920 ra=0x1065456
PS2 GsGetIMR: Returning IMR=0xff00 pc=0x10ef80 ra=0x103e04
PS2 GsPutIMR:  new=0x65280 a0_64=0x65280 a0_32=0x65280 a1_32=0x72 pc=0x1109920 ra=0x1064464
PS2 GsPutIMR:  new=0x65280 a0_64=0x65280 a0_32=0x65280 a1_32=0x0 pc=0x1109920 ra=0x1065456
PS2 GsGetIMR: Returning IMR=0xff00 pc=0x10ef80 ra=0x103e04
PS2 GsPutIMR:  new=0x65280 a0_64=0x65280 a0_32=0x65280 a1_32=0x72 pc=0x1109920 ra=0x1064464
PS2 GsPutIMR:  new=0x65280 a0_64=0x65280 a0_32=0x65280 a1_32=0x0 pc=0x1109920 ra=0x1065456
[CreateSema] id=20 init=1 max=1[CreateSema] id=21 init=1 max=1[CreateSema] id=22 init=0 max=1[WaitSema:wake] tid=1 sid=1 ret=1 count=0
[Deci2Call:send] 7.....EH....Can't Open file cdrom0:/MOVIE/SPIKE.PSS;1

[p4:EndOfHeap] ret=0x01f00000 brk=0x00d52000 a0=0x00000000 ra=0x0010f3b8
[p4:EndOfHeap] ret=0x01f00000 brk=0x00d52000 a0=0xfff35000 ra=0x0010f3b8
[p4:malloc] size=0x000ca800 ra=0x001eefac
[p4:EndOfHeap] ret=0x01f00000 brk=0x00c87000 a0=0x000cb000 ra=0x0010f3b8
PS2 GsGetIMR: Returning IMR=0xff00 pc=0x10ef80 ra=0x103e04
PS2 GsPutIMR:  new=0x65280 a0_64=0x65280 a0_32=0x65280 a1_32=0x72 pc=0x1109920 ra=0x1064464
[frame:upload] idx=9 tick=293 displayFbp=0 sourceFbp=0 size=640x448 preferred=0
[gs:copy-prim] type=4 tme=0 abe=0 fst=1 ctxt=1 fbp=0 fbw=10 psm=0x0 tex0=(tbp0=0 tbw=0 psm=0x0 tcc=0 tfx=0 cbp=0 cpsm=0x0 csm=0 csa=0) texclut=(cbw=0 cou=0 cov=0) ofx=0 ofy=0 scissor=(0,0)-(639,447) test=0x0 alpha=0x0
[gs:copy-prim] type=4 tme=0 abe=0 fst=1 ctxt=1 fbp=0 fbw=10 psm=0x0 tex0=(tbp0=0 tbw=0 psm=0x0 tcc=0 tfx=0 cbp=0 cpsm=0x0 csm=0 csa=0) texclut=(cbw=0 cou=0 cov=0) ofx=0 ofy=0 scissor=(0,0)-(639,447) test=0x0 alpha=0x0
[gs:copy-prim] type=4 tme=0 abe=0 fst=1 ctxt=1 fbp=0 fbw=10 psm=0x0 tex0=(tbp0=0 tbw=0 psm=0x0 tcc=0 tfx=0 cbp=0 cpsm=0x0 csm=0 csa=0) texclut=(cbw=0 cou=0 cov=0) ofx=0 ofy=0 scissor=(0,0)-(639,447) test=0x0 alpha=0x0
[gs:copy-prim] type=4 tme=0 abe=0 fst=1 ctxt=1 fbp=0 fbw=10 psm=0x0 tex0=(tbp0=0 tbw=0 psm=0x0 tcc=0 tfx=0 cbp=0 cpsm=0x0 csm=0 csa=0) texclut=(cbw=0 cou=0 cov=0) ofx=0 ofy=0 scissor=(0,0)-(639,447) test=0x0 alpha=0x0
[gs:copy-prim] type=4 tme=0 abe=0 fst=1 ctxt=1 fbp=0 fbw=10 psm=0x0 tex0=(tbp0=0 tbw=0 psm=0x0 tcc=0 tfx=0 cbp=0 cpsm=0x0 csm=0 csa=0) texclut=(cbw=0 cou=0 cov=0) ofx=0 ofy=0 scissor=(0,0)-(639,447) test=0x0 alpha=0x0
[gs:copy-prim] type=4 tme=0 abe=0 fst=1 ctxt=1 fbp=0 fbw=10 psm=0x0 tex0=(tbp0=0 tbw=0 psm=0x0 tcc=0 tfx=0 cbp=0 cpsm=0x0 csm=0 csa=0) texclut=(cbw=0 cou=0 cov=0) ofx=0 ofy=0 scissor=(0,0)-(639,447) test=0x0 alpha=0x0
[gs:copy-prim] type=4 tme=0 abe=0 fst=1 ctxt=1 fbp=0 fbw=10 psm=0x0 tex0=(tbp0=0 tbw=0 psm=0x0 tcc=0 tfx=0 cbp=0 cpsm=0x0 csm=0 csa=0) texclut=(cbw=0 cou=0 cov=0) ofx=0 ofy=0 scissor=(0,0)-(639,447) test=0x0 alpha=0x0
[gs:copy-prim] type=4 tme=0 abe=0 fst=1 ctxt=1 fbp=0 fbw=10 psm=0x0 tex0=(tbp0=0 tbw=0 psm=0x0 tcc=0 tfx=0 cbp=0 cpsm=0x0 csm=0 csa=0) texclut=(cbw=0 cou=0 cov=0) ofx=0 ofy=0 scissor=(0,0)-(639,447) test=0x0 alpha=0x0
[gs:copy-prim] type=4 tme=0 abe=0 fst=1 ctxt=1 fbp=0 fbw=10 psm=0x0 tex0=(tbp0=0 tbw=0 psm=0x0 tcc=0 tfx=0 cbp=0 cpsm=0x0 csm=0 csa=0) texclut=(cbw=0 cou=0 cov=0) ofx=0 ofy=0 scissor=(0,0)-(639,447) test=0x0 alpha=0x0
[gs:copy-prim] type=4 tme=0 abe=0 fst=1 ctxt=1 fbp=0 fbw=10 psm=0x0 tex0=(tbp0=0 tbw=0 psm=0x0 tcc=0 tfx=0 cbp=0 cpsm=0x0 csm=0 csa=0) texclut=(cbw=0 cou=0 cov=0) ofx=0 ofy=0 scissor=(0,0)-(639,447) test=0x0 alpha=0x0
[gs:copy-prim] type=4 tme=0 abe=0 fst=1 ctxt=1 fbp=0 fbw=10 psm=0x0 tex0=(tbp0=0 tbw=0 psm=0x0 tcc=0 tfx=0 cbp=0 cpsm=0x0 csm=0 csa=0) texclut=(cbw=0 cou=0 cov=0) ofx=0 ofy=0 scissor=(0,0)-(639,447) test=0x0 alpha=0x0
[gs:copy-prim] type=4 tme=0 abe=0 fst=1 ctxt=1 fbp=0 fbw=10 psm=0x0 tex0=(tbp0=0 tbw=0 psm=0x0 tcc=0 tfx=0 cbp=0 cpsm=0x0 csm=0 csa=0) texclut=(cbw=0 cou=0 cov=0) ofx=0 ofy=0 scissor=(0,0)-(639,447) test=0x0 alpha=0x0
[gs:copy-prim] type=4 tme=0 abe=0 fst=1 ctxt=1 fbp=0 fbw=10 psm=0x0 tex0=(tbp0=0 tbw=0 psm=0x0 tcc=0 tfx=0 cbp=0 cpsm=0x0 csm=0 csa=0) texclut=(cbw=0 cou=0 cov=0) ofx=0 ofy=0 scissor=(0,0)-(639,447) test=0x0 alpha=0x0
[gs:copy-prim] type=4 tme=0 abe=0 fst=1 ctxt=1 fbp=0 fbw=10 psm=0x0 tex0=(tbp0=0 tbw=0 psm=0x0 tcc=0 tfx=0 cbp=0 cpsm=0x0 csm=0 csa=0) texclut=(cbw=0 cou=0 cov=0) ofx=0 ofy=0 scissor=(0,0)-(639,447) test=0x0 alpha=0x0
[gs:copy-prim] type=4 tme=0 abe=0 fst=1 ctxt=1 fbp=0 fbw=10 psm=0x0 tex0=(tbp0=0 tbw=0 psm=0x0 tcc=0 tfx=0 cbp=0 cpsm=0x0 csm=0 csa=0) texclut=(cbw=0 cou=0 cov=0) ofx=0 ofy=0 scissor=(0,0)-(639,447) test=0x0 alpha=0x0
[gs:copy-prim] type=4 tme=0 abe=0 fst=1 ctxt=1 fbp=0 fbw=10 psm=0x0 tex0=(tbp0=0 tbw=0 psm=0x0 tcc=0 tfx=0 cbp=0 cpsm=0x0 csm=0 csa=0) texclut=(cbw=0 cou=0 cov=0) ofx=0 ofy=0 scissor=(0,0)-(639,447) test=0x0 alpha=0x0
[gs:copy-prim] type=4 tme=0 abe=0 fst=1 ctxt=1 fbp=0 fbw=10 psm=0x0 tex0=(tbp0=0 tbw=0 psm=0x0 tcc=0 tfx=0 cbp=0 cpsm=0x0 csm=0 csa=0) texclut=(cbw=0 cou=0 cov=0) ofx=0 ofy=0 scissor=(0,0)-(639,447) test=0x0 alpha=0x0
[gs:copy-prim] type=4 tme=0 abe=0 fst=1 ctxt=1 fbp=0 fbw=10 psm=0x0 tex0=(tbp0=0 tbw=0 psm=0x0 tcc=0 tfx=0 cbp=0 cpsm=0x0 csm=0 csa=0) texclut=(cbw=0 cou=0 cov=0) ofx=0 ofy=0 scissor=(0,0)-(639,447) test=0x0 alpha=0x0
[gs:copy-prim] type=4 tme=0 abe=0 fst=1 ctxt=1 fbp=0 fbw=10 psm=0x0 tex0=(tbp0=0 tbw=0 psm=0x0 tcc=0 tfx=0 cbp=0 cpsm=0x0 csm=0 csa=0) texclut=(cbw=0 cou=0 cov=0) ofx=0 ofy=0 scissor=(0,0)-(639,447) test=0x0 alpha=0x0
[gs:copy-prim] type=4 tme=0 abe=0 fst=1 ctxt=1 fbp=0 fbw=10 psm=0x0 tex0=(tbp0=0 tbw=0 psm=0x0 tcc=0 tfx=0 cbp=0 cpsm=0x0 csm=0 csa=0) texclut=(cbw=0 cou=0 cov=0) ofx=0 ofy=0 scissor=(0,0)-(639,447) test=0x0 alpha=0x0
[gs:copy-prim] type=4 tme=0 abe=0 fst=1 ctxt=1 fbp=0 fbw=10 psm=0x0 tex0=(tbp0=0 tbw=0 psm=0x0 tcc=0 tfx=0 cbp=0 cpsm=0x0 csm=0 csa=0) texclut=(cbw=0 cou=0 cov=0) ofx=0 ofy=0 scissor=(0,0)-(639,447) test=0x0 alpha=0x0
[gs:copy-prim] type=4 tme=0 abe=0 fst=1 ctxt=1 fbp=0 fbw=10 psm=0x0 tex0=(tbp0=0 tbw=0 psm=0x0 tcc=0 tfx=0 cbp=0 cpsm=0x0 csm=0 csa=0) texclut=(cbw=0 cou=0 cov=0) ofx=0 ofy=0 scissor=(0,0)-(639,447) test=0x0 alpha=0x0
[gs:copy-prim] type=4 tme=0 abe=0 fst=1 ctxt=1 fbp=0 fbw=10 psm=0x0 tex0=(tbp0=0 tbw=0 psm=0x0 tcc=0 tfx=0 cbp=0 cpsm=0x0 csm=0 csa=0) texclut=(cbw=0 cou=0 cov=0) ofx=0 ofy=0 scissor=(0,0)-(639,447) test=0x0 alpha=0x0
[gs:copy-prim] type=4 tme=0 abe=0 fst=1 ctxt=1 fbp=0 fbw=10 psm=0x0 tex0=(tbp0=0 tbw=0 psm=0x0 tcc=0 tfx=0 cbp=0 cpsm=0x0 csm=0 csa=0) texclut=(cbw=0 cou=0 cov=0) ofx=0 ofy=0 scissor=(0,0)-(639,447) test=0x0 alpha=0x0
[gs:copy-prim] type=4 tme=0 abe=0 fst=1 ctxt=1 fbp=0 fbw=10 psm=0x0 tex0=(tbp0=0 tbw=0 psm=0x0 tcc=0 tfx=0 cbp=0 cpsm=0x0 csm=0 csa=0) texclut=(cbw=0 cou=0 cov=0) ofx=0 ofy=0 scissor=(0,0)-(639,447) test=0x0 alpha=0x0
[gs:copy-prim] type=4 tme=0 abe=0 fst=1 ctxt=1 fbp=0 fbw=10 psm=0x0 tex0=(tbp0=0 tbw=0 psm=0x0 tcc=0 tfx=0 cbp=0 cpsm=0x0 csm=0 csa=0) texclut=(cbw=0 cou=0 cov=0) ofx=0 ofy=0 scissor=(0,0)-(639,447) test=0x0 alpha=0x0
[gs:copy-prim] type=4 tme=0 abe=0 fst=1 ctxt=1 fbp=0 fbw=10 psm=0x0 tex0=(tbp0=0 tbw=0 psm=0x0 tcc=0 tfx=0 cbp=0 cpsm=0x0 csm=0 csa=0) texclut=(cbw=0 cou=0 cov=0) ofx=0 ofy=0 scissor=(0,0)-(639,447) test=0x0 alpha=0x0
[gs:copy-prim] type=4 tme=0 abe=0 fst=1 ctxt=1 fbp=0 fbw=10 psm=0x0 tex0=(tbp0=0 tbw=0 psm=0x0 tcc=0 tfx=0 cbp=0 cpsm=0x0 csm=0 csa=0) texclut=(cbw=0 cou=0 cov=0) ofx=0 ofy=0 scissor=(0,0)-(639,447) test=0x0 alpha=0x0
[gs:copy-prim] type=4 tme=0 abe=0 fst=1 ctxt=1 fbp=0 fbw=10 psm=0x0 tex0=(tbp0=0 tbw=0 psm=0x0 tcc=0 tfx=0 cbp=0 cpsm=0x0 csm=0 csa=0) texclut=(cbw=0 cou=0 cov=0) ofx=0 ofy=0 scissor=(0,0)-(639,447) test=0x0 alpha=0x0
[gs:copy-prim] type=4 tme=0 abe=0 fst=1 ctxt=1 fbp=0 fbw=10 psm=0x0 tex0=(tbp0=0 tbw=0 psm=0x0 tcc=0 tfx=0 cbp=0 cpsm=0x0 csm=0 csa=0) texclut=(cbw=0 cou=0 cov=0) ofx=0 ofy=0 scissor=(0,0)-(639,447) test=0x0 alpha=0x0
[gs:copy-prim] type=4 tme=0 abe=0 fst=1 ctxt=1 fbp=0 fbw=10 psm=0x0 tex0=(tbp0=0 tbw=0 psm=0x0 tcc=0 tfx=0 cbp=0 cpsm=0x0 csm=0 csa=0) texclut=(cbw=0 cou=0 cov=0) ofx=0 ofy=0 scissor=(0,0)-(639,447) test=0x0 alpha=0x0
[gs:copy-prim] type=4 tme=0 abe=0 fst=1 ctxt=1 fbp=0 fbw=10 psm=0x0 tex0=(tbp0=0 tbw=0 psm=0x0 tcc=0 tfx=0 cbp=0 cpsm=0x0 csm=0 csa=0) texclut=(cbw=0 cou=0 cov=0) ofx=0 ofy=0 scissor=(0,0)-(639,447) test=0x0 alpha=0x0
[p4:malloc] size=0x00003068 ra=0x001ebaec
[p4:EndOfHeap] ret=0x01f00000 brk=0x00d52000 a0=0x0032b000 ra=0x0010f3b8
[p4:EndOfHeap] ret=0x01f00000 brk=0x0107d000 a0=0x0009a000 ra=0x0010f3b8
[p4:EndOfHeap] ret=0x01f00000 brk=0x01117000 a0=0x001ca000 ra=0x0010f3b8
[p4:EndOfHeap] ret=0x01f00000 brk=0x012e1000 a0=0x00081000 ra=0x0010f3b8
[p4:EndOfHeap] ret=0x01f00000 brk=0x01362000 a0=0x00051000 ra=0x0010f3b8
[p4:EndOfHeap] ret=0x01f00000 brk=0x013b3000 a0=0x00000000 ra=0x0010f3b8
[p4:EndOfHeap] ret=0x01f00000 brk=0x013b3000 a0=0xff99f000 ra=0x0010f3b8
PS2 GsPutIMR:  new=0x65280 a0_64=0x65280 a0_32=0x65280 a1_32=0x0 pc=0x1109920 ra=0x1065456
PS2 GsGetIMR: Returning IMR=0xff00 pc=0x10ef80 ra=0x103e04
PS2 GsPutIMR:  new=0x65280 a0_64=0x65280 a0_32=0x65280 a1_32=0x72 pc=0x1109920 ra=0x1064464
PS2 GsPutIMR:  new=0x65280 a0_64=0x65280 a0_32=0x65280 a1_32=0x0 pc=0x1109920 ra=0x1065456
PS2 GsGetIMR: Returning IMR=0xff00 pc=0x10ef80 ra=0x103e04
PS2 GsPutIMR:  new=0x65280 a0_64=0x65280 a0_32=0x65280 a1_32=0x72 pc=0x1109920 ra=0x1064464
PS2 GsPutIMR:  new=0x65280 a0_64=0x65280 a0_32=0x65280 a1_32=0x0 pc=0x1109920 ra=0x1065456
PS2 GsGetIMR: Returning IMR=0xff00 pc=0x10ef80 ra=0x103e04
PS2 GsPutIMR:  new=0x65280 a0_64=0x65280 a0_32=0x65280 a1_32=0x72 pc=0x1109920 ra=0x1064464
PS2 GsPutIMR:  new=0x65280 a0_64=0x65280 a0_32=0x65280 a1_32=0x0 pc=0x1109920 ra=0x1065456
[Deci2Call:send] 9.....EH....Can't Open file cdrom0:/MOVIE/ACQUIRE.PSS;1

[p4:vbl] ticks=300\n[p4:isig] sid=9
[p4:EndOfHeap] ret=0x01f00000 brk=0x00d52000 a0=0x00000000 ra=0x0010f3b8
[p4:EndOfHeap] ret=0x01f00000 brk=0x00d52000 a0=0xfff35000 ra=0x0010f3b8
[p4:new2] size=0x00002bc0 ra=0x00152c5c
[p4:malloc] size=0x00002bc0 ra=0x001006bc
[p4:malloc] size=0x004958c0 ra=0x0014bec8
[p4:EndOfHeap] ret=0x01f00000 brk=0x00c87000 a0=0x00496000 ra=0x0010f3b8
[gzmfs] SEEK fd=0 off=2007040 whence=0 -> pos=2007040
[gzmfs] READ fd=0 pos=2007040 len=4806848 -> 4806848 dst=0x00C86A40
[p4:malloc] size=0x0075e000 ra=0x00157d68
[p4:EndOfHeap] ret=0x01f00000 brk=0x0111d000 a0=0x0075f000 ra=0x0010f3b8
[frame:upload] idx=10 tick=313 displayFbp=70 sourceFbp=70 size=640x448 preferred=0
[frame:upload] idx=11 tick=322 displayFbp=70 sourceFbp=70 size=640x448 preferred=0
[frame:upload] idx=12 tick=330 displayFbp=70 sourceFbp=70 size=640x448 preferred=0
[frame:upload] idx=13 tick=338 displayFbp=70 sourceFbp=70 size=640x448 preferred=0
[frame:upload] idx=14 tick=347 displayFbp=70 sourceFbp=70 size=640x448 preferred=0
[frame:upload] idx=15 tick=355 displayFbp=70 sourceFbp=70 size=640x448 preferred=0
[frame:upload] idx=16 tick=363 displayFbp=70 sourceFbp=70 size=640x448 preferred=0
[frame:upload] idx=17 tick=372 displayFbp=70 sourceFbp=70 size=640x448 preferred=0
[frame:upload] idx=18 tick=380 displayFbp=70 sourceFbp=70 size=640x448 preferred=0
[frame:upload] idx=19 tick=388 displayFbp=70 sourceFbp=70 size=640x448 preferred=0
[frame:upload] idx=20 tick=397 displayFbp=70 sourceFbp=70 size=640x448 preferred=0
[frame:upload] idx=21 tick=405 displayFbp=70 sourceFbp=70 size=640x448 preferred=0
[frame:upload] idx=22 tick=413 displayFbp=70 sourceFbp=70 size=640x448 preferred=0
[frame:upload] idx=23 tick=422 displayFbp=70 sourceFbp=70 size=640x448 preferred=0
[frame:upload] idx=24 tick=430 displayFbp=70 sourceFbp=70 size=640x448 preferred=0
[frame:upload] idx=25 tick=438 displayFbp=70 sourceFbp=70 size=640x448 preferred=0
[frame:upload] idx=26 tick=447 displayFbp=70 sourceFbp=70 size=640x448 preferred=0
[frame:upload] idx=27 tick=455 displayFbp=70 sourceFbp=70 size=640x448 preferred=0
[frame:upload] idx=28 tick=463 displayFbp=70 sourceFbp=70 size=640x448 preferred=0
[frame:upload] idx=29 tick=472 displayFbp=70 sourceFbp=70 size=640x448 preferred=0
[frame:upload] idx=30 tick=479 displayFbp=70 sourceFbp=70 size=640x448 preferred=0
[frame:upload] idx=31 tick=480 displayFbp=70 sourceFbp=70 size=640x448 preferred=0
[frame:upload] idx=32 tick=481 displayFbp=70 sourceFbp=70 size=640x448 preferred=0
[run:tick] tick=480 pc=0x1360f4 ra=0x136008 sp=0x1ff6c40 gp=0x22c0f0 dispfb1=0x1400 display1=0x1bf27f00000000 activeThreads=3 dma=2125 gif=313 gsw=0 vif=18
[frame:upload] idx=33 tick=482 displayFbp=70 sourceFbp=70 size=640x448 preferred=0
[frame:upload] idx=34 tick=483 displayFbp=70 sourceFbp=70 size=640x448 preferred=0
[frame:upload] idx=35 tick=484 displayFbp=70 sourceFbp=70 size=640x448 preferred=0
[frame:upload] idx=36 tick=485 displayFbp=70 sourceFbp=70 size=640x448 preferred=0
[frame:upload] idx=37 tick=486 displayFbp=70 sourceFbp=70 size=640x448 preferred=0
[frame:upload] idx=38 tick=487 displayFbp=70 sourceFbp=70 size=640x448 preferred=0
[frame:upload] idx=39 tick=488 displayFbp=70 sourceFbp=70 size=640x448 preferred=0
[frame:upload] idx=40 tick=489 displayFbp=70 sourceFbp=70 size=640x448 preferred=0
[frame:upload] idx=41 tick=490 displayFbp=70 sourceFbp=70 size=640x448 preferred=0
[frame:upload] idx=42 tick=491 displayFbp=70 sourceFbp=70 size=640x448 preferred=0
[frame:upload] idx=43 tick=492 displayFbp=70 sourceFbp=70 size=640x448 preferred=0
[frame:upload] idx=44 tick=493 displayFbp=70 sourceFbp=70 size=640x448 preferred=0
[p4:malloc] size=0x0000000c ra=0x00157da0
[p4:malloc] size=0x00001390 ra=0x00157dc0
[p4:new2] size=0x0016f241 ra=0x00100540
[p4:malloc] size=0x0016f241 ra=0x001006bc
[frame:upload] idx=45 tick=494 displayFbp=70 sourceFbp=70 size=640x448 preferred=0
[gzmfs] SEEK fd=0 off=104867840 whence=0 -> pos=104867840
[gzmfs] READ fd=0 pos=104867840 len=1503809 -> 1503809 dst=0x00C86A40
[p4:new2] size=0x00000040 ra=0x0019ce38
[p4:malloc] size=0x00000040 ra=0x001006bc
[p4:malloc] size=0x00000ad8 ra=0x001b4208
[p4:new2] size=0x00000018 ra=0x001b4274
[p4:malloc] size=0x00000018 ra=0x001006bc
[p4:wake-pre] sid=7 consumed=1
[sceSifSetDma:CALL] pc=0x10f020 ra=0x11c070 list=0x22bbc0 count=1
[sceSifSetDma:DESC] i=0 src=0xc87540 dst=0x10000 size=0x10000 attr=0x0 pc=0x10f020 ra=0x11c070
[sceSifSetDma:CALL] pc=0x10f020 ra=0x11c070 list=0x22bbc0 count=1
[sceSifSetDma:DESC] i=0 src=0xc97540 dst=0x10000 size=0x10000 attr=0x0 pc=0x10f020 ra=0x11c070
[sceSifSetDma:CALL] pc=0x10f020 ra=0x11c070 list=0x22bbc0 count=1
[sceSifSetDma:DESC] i=0 src=0xca7540 dst=0x10000 size=0x10000 attr=0x0 pc=0x10f020 ra=0x11c070
[sceSifSetDma:CALL] pc=0x10f020 ra=0x11c070 list=0x22bbc0 count=1
[sceSifSetDma:DESC] i=0 src=0xcb7540 dst=0x10000 size=0x10000 attr=0x0 pc=0x10f020 ra=0x11c070
[sceSifSetDma:CALL] pc=0x10f020 ra=0x11c070 list=0x22bbc0 count=1
[sceSifSetDma:DESC] i=0 src=0xcc7540 dst=0x10000 size=0x10000 attr=0x0 pc=0x10f020 ra=0x11c070
[sceSifSetDma:CALL] pc=0x10f020 ra=0x11c070 list=0x22bbc0 count=1
[sceSifSetDma:DESC] i=0 src=0xcd7540 dst=0x10000 size=0x10000 attr=0x0 pc=0x10f020 ra=0x11c070
[sceSifSetDma:CALL] pc=0x10f020 ra=0x11c070 list=0x22bbc0 count=1
[sceSifSetDma:DESC] i=0 src=0xce7540 dst=0x10000 size=0x10000 attr=0x0 pc=0x10f020 ra=0x11c070
[sceSifSetDma:CALL] pc=0x10f020 ra=0x11c070 list=0x22bbc0 count=1
[sceSifSetDma:DESC] i=0 src=0xcf7540 dst=0x10000 size=0x10000 attr=0x0 pc=0x10f020 ra=0x11c070
[sceSifSetDma:CALL] pc=0x10f020 ra=0x11c070 list=0x22bbc0 count=1
[sceSifSetDma:DESC] i=0 src=0xd07540 dst=0x10000 size=0x10000 attr=0x0 pc=0x10f020 ra=0x11c070
[sceSifSetDma:CALL] pc=0x10f020 ra=0x11c070 list=0x22bbc0 count=1
[sceSifSetDma:DESC] i=0 src=0xd17540 dst=0x10000 size=0x10000 attr=0x0 pc=0x10f020 ra=0x11c070
[sceSifSetDma:CALL] pc=0x10f020 ra=0x11c070 list=0x22bbc0 count=1
[sceSifSetDma:DESC] i=0 src=0xd27540 dst=0x10000 size=0x10000 attr=0x0 pc=0x10f020 ra=0x11c070
[sceSifSetDma:CALL] pc=0x10f020 ra=0x11c070 list=0x22bbc0 count=1
[sceSifSetDma:DESC] i=0 src=0xd37540 dst=0x10000 size=0x10000 attr=0x0 pc=0x10f020 ra=0x11c070
[sceSifSetDma:CALL] pc=0x10f020 ra=0x11c070 list=0x22bbc0 count=1
[sceSifSetDma:DESC] i=0 src=0xd47540 dst=0x10000 size=0x10000 attr=0x0 pc=0x10f020 ra=0x11c070
[sceSifSetDma:CALL] pc=0x10f020 ra=0x11c070 list=0x22bbc0 count=1
[sceSifSetDma:DESC] i=0 src=0xd57540 dst=0x10000 size=0x10000 attr=0x0 pc=0x10f020[frame:upload] idx=46 tick= ra=0x499 displayFbp=70 sourceFbp=70 size=640x448 preferred=0
11c070
[sceSifSetDma:CALL] pc=0x10f020 ra=0x11c070 list=0x22bbc0 count=1
[sceSifSetDma:DESC] i=0 src=0xd67540 dst=0x10000 size=0x10000 attr=0x0 pc=0x10f020 ra=0x11c070
[sceSifSetDma:CALL] pc=0x10f020 ra=0x11c070 list=0x22bbc0 count=1
[sceSifSetDma:DESC] i=0 src=0xd77540 dst=0x10000 size=0x10000 attr=0x0 pc=0x10f020 ra=0x11c070
[sceSifSetDma:CALL] pc=0x10f020 ra=0x11c070 list=0x22bbc0 count=1
[sceSifSetDma:DESC] i=0 src=0xd87540 dst=0x10000 size=0x10000 attr=0x0 pc=0x10f020 ra=0x11c070
[sceSifSetDma:CALL] pc=0x10f020 ra=0x11c070 list=0x22bbc0 count=1
[sceSifSetDma:DESC] i=0 src=0xd97540 dst=0x10000 size=0x10000 attr=0x0 pc=0x10f020 ra=0x11c070
[p4:malloc] size=0x000002f0 ra=0x0014bfc8
[sceSifSetDma:CALL] pc=0x10f020 ra=0x11c070 list=0x22bbc0 count=1
[sceSifSetDma:DESC] i=0 src=0xda7540 dst=0x10000 size=0x10000 attr=0x0 pc=0x10f020 ra=0x11c070
[sceSifSetDma:CALL] pc=0x10f020 ra=0x11c070 list=0x22bbc0 count=1
[sceSifSetDma:DESC] i=0 src=0xdb7540 dst=0x10000 size=0x10000 attr=0x0 pc=0x10f020 ra=0x11c070
[sceSifSetDma:CALL] pc=0x10f020 ra=0x11c070 list=0x22bbc0 count=1
[sceSifSetDma:DESC] i=0 src=0xdc7540 dst=0x10000 size=0x10000 attr=0x0 pc=0x10f020 ra=0x11c070
[sceSifSetDma:CALL] pc=0x10f020 ra=0x11c070 list=0x22bbc0 count=1
[sceSifSetDma:DESC] i=0 src=0xdd7540 dst=0x10000 size=0x10000 attr=0x0 pc=0x10f020 ra=0x11c070
[sceSifSetDma:CALL] pc=0x10f020 ra=0x11c070 list=0x22bbc0 count=1
[sceSifSetDma:DESC] i=0 src=0xde7540 dst=0x10000 size=0xe740 attr=0x0 pc=0x10f020 ra=0x11c070
[WaitSema:block] tid=3 sid=7 pc=0x10eca0 ra=0x1b4a9c
[frame:upload] idx=47 tick=500 displayFbp=70 sourceFbp=70 size=640x448 preferred=0
[gzmfs] SEEK fd=0 off=43862016 whence=0 -> pos=43862016
[gzmfs] READ fd=0 pos=43862016 len=752 -> 752 dst=0x00DF67E0
[p4:malloc] size=0x00001800 ra=0x00157d68
[p4:malloc] size=0x0000000c ra=0x00157da0
[p4:malloc] size=0x00001390 ra=0x00157dc0
[p4:malloc] size=0x000008c4 ra=0x0014c040
[gzmfs] SEEK fd=0 off=49186816 whence=0 -> pos=49186816
[gzmfs] READ fd=0 pos=49186816 len=2244 -> 2244 dst=0x00DF96A0
[p4:malloc] size=0x000093e0 ra=0x0014c0c8
[gzmfs] SEEK fd=0 off=96229376 whence=0 -> pos=96229376
[gzmfs] READ fd=0 pos=96229376 len=37856 -> 37856 dst=0x00DF9F70
[p4:malloc] size=0x00006bd0 ra=0x0014c144
[gzmfs] SEEK fd=0 off=96200704 whence=0 -> pos=96200704
[gzmfs] READ fd=0 pos=96200704 len=27600 -> 27600 dst=0x00E03360
[p4:malloc] size=0x00000134 ra=0x0014c1c0
[gzmfs] SEEK fd=0 off=96198656 whence=0 -> pos=96198656
[gzmfs] READ fd=0 pos=96198656 len=308 -> 308 dst=0x00E09F40
[p4:malloc] size=0x0002fb90 ra=0x001337cc
[gzmfs] SEEK fd=0 off=47202304 whence=0 -> pos=47202304
[gzmfs] READ fd=0 pos=47202304 len=195472 -> 195472 dst=0x00E0A080
[frame:upload] idx=48 tick=526 displayFbp=0 sourceFbp=0 size=640x448 preferred=0
[p4:new2] size=0x00000008 ra=0x00135764
[p4:malloc] size=0x00000008 ra=0x001006bc
[p4:new2] size=0x00000008 ra=0x00135764
[p4:malloc] size=0x00000008 ra=0x001006bc
[p4:new2] size=0x00000008 ra=0x00135764
[p4:malloc] size=0x00000008 ra=0x001006bc
[p4:new2] size=0x00000008 ra=0x00135764
[p4:malloc] size=0x00000008 ra=0x001006bc
[p4:malloc] size=0x0002c790 ra=0x001337cc
[gzmfs] SEEK fd=0 off=415744 whence=0 -> pos=415744
[gzmfs] READ fd=0 pos=415744 len=182160 -> 182160 dst=0x00E0A0C0
[frame:upload] idx=49 tick=532 displayFbp=70 sourceFbp=70 size=640x448 preferred=0
[p4:new2] size=0x00000008 ra=0x00135764
[p4:malloc] size=0x00000008 ra=0x001006bc
[p4:new2] size=0x00000008 ra=0x00135764
[p4:malloc] size=0x00000008 ra=0x001006bc
[p4:new2] size=0x00000008 ra=0x00135764
[p4:malloc] size=0x00000008 ra=0x001006bc
[p4:new2] size=0x00000008 ra=0x00135764
[p4:malloc] size=0x00000008 ra=0x001006bc
[p4:vbl] ticks=600\n[p4:isig] sid=9
[run:tick] tick=600 pc=0x14c9b0 ra=0x14c9b0 sp=0x1ff7f30 gp=0x22c0f0 dispfb1=0x1400 display1=0x1bf27f00000000 activeThreads=3 dma=3261 gif=417 gsw=0 vif=18
[frame:upload] idx=50 tick=624 displayFbp=0 sourceFbp=0 size=640x448 preferred=0
[run:tick] tick=720 pc=0x14c9b0 ra=0x14c9b0 sp=0x1ff7f30 gp=0x22c0f0 dispfb1=0x1400 display1=0x1bf27f00000000 activeThreads=3 dma=4648 gif=536 gsw=0 vif=18
[run:tick] tick=840 pc=0x14c9b0 ra=0x14c9b0 sp=0x1ff7f30 gp=0x22c0f0 dispfb1=0x1400 display1=0x1bf27f00000000 activeThreads=3 dma=6194 gif=622 gsw=0 vif=18
[frame:upload] idx=51 tick=828 displayFbp=0 sourceFbp=0 size=640x448 preferred=0
[frame:upload] idx=52 tick=830 displayFbp=70 sourceFbp=70 size=640x448 preferred=0
[frame:upload] idx=53 tick=831 displayFbp=0 sourceFbp=0 size=640x448 preferred=0
[frame:upload] idx=54 tick=833 displayFbp=70 sourceFbp=70 size=640x448 preferred=0
[frame:upload] idx=55 tick=835 displayFbp=70 sourceFbp=70 size=640x448 preferred=0
[frame:upload] idx=56 tick=836 displayFbp=70 sourceFbp=70 size=640x448 preferred=0
[frame:upload] idx=57 tick=849 displayFbp=0 sourceFbp=0 size=640x448 preferred=0
[frame:upload] idx=58 tick=856 displayFbp=0 sourceFbp=0 size=640x448 preferred=0
[run:tick] tick=960 pc=0x14c9b0 ra=0x14c9b0 sp=0x1ff7f30 gp=0x22c0f0 dispfb1=0x1400 display1=0x1bf27f00000000 activeThreads=3 dma=8024 gif=652 gsw=0 vif=18
[frame:upload] idx=59 tick=880 displayFbp=0 sourceFbp=0 size=640x448 preferred=0
[p4:vbl] ticks=900\n[p4:isig] sid=9
[frame:upload] idx=60 tick=900 displayFbp=0 sourceFbp=0 size=640x448 preferred=0
        ... [12,150 more [frame:upload] lines elided by export_logs.py] ...
[run:tick] tick=1080 pc=0x14c9b0 ra=0x14c9b0 sp=0x1ff7f30 gp=0x22c0f0 dispfb1=0x1400 display1=0x1bf27f00000000 activeThreads=3 dma=9854 gif=682 gsw=0 vif=18
[run:tick] tick=1200 pc=0x14c9b0 ra=0x14c9b0 sp=0x1ff7f30 gp=0x22c0f0 dispfb1=0x1400 display1=0x1bf27f00000000 activeThreads=3 dma=11745 gif=713 gsw=0 vif=18
[run:tick] tick=1320 pc=0x14c9b0 ra=0x14c9b0 sp=0x1ff7f30 gp=0x22c0f0 dispfb1=0x1400 display1=0x1bf27f00000000 activeThreads=3 dma=13575 gif=743 gsw=0 vif=18
[run:tick] tick=1440 pc=0x14c9b0 ra=0x14c9b0 sp=0x1ff7f30 gp=0x22c0f0 dispfb1=0x1400 display1=0x1bf27f00000000 activeThreads=3 dma=15466 gif=774 gsw=0 vif=18
[run:tick] tick=1560 pc=0x14c9b0 ra=0x14c9b0 sp=0x1ff7f30 gp=0x22c0f0 dispfb1=0x1400 display1=0x1bf27f00000000 activeThreads=3 dma=17357 gif=805 gsw=0 vif=18
[p4:vbl] ticks=1200\n[p4:isig] sid=9
[run:tick] tick=1680 pc=0x14c9b0 ra=0x14c9b0 sp=0x1ff7f30 gp=0x22c0f0 dispfb1=0x1400 display1=0x1bf27f00000000 activeThreads=3 dma=19309 gif=837 gsw=0 vif=18
[run:tick] tick=1800 pc=0x14c9b0 ra=0x14c9b0 sp=0x1ff7f30 gp=0x22c0f0 dispfb1=0x1400 display1=0x1bf27f00000000 activeThreads=3 dma=21200 gif=868 gsw=0 vif=18
[run:tick] tick=1920 pc=0x14c9b0 ra=0x14c9b0 sp=0x1ff7f30 gp=0x22c0f0 dispfb1=0x1400 display1=0x1bf27f00000000 activeThreads=3 dma=23091 gif=899 gsw=0 vif=18
[run:tick] tick=2040 pc=0x14c9b0 ra=0x14c9b0 sp=0x1ff7f30 gp=0x22c0f0 dispfb1=0x1400 display1=0x1bf27f00000000 activeThreads=3 dma=25043 gif=931 gsw=0 vif=18
[run:tick] tick=2160 pc=0x14c9b0 ra=0x14c9b0 sp=0x1ff7f30 gp=0x22c0f0 dispfb1=0x1400 display1=0x1bf27f00000000 activeThreads=3 dma=26934 gif=962 gsw=0 vif=18
[p4:new2] size=0x00000054 ra=0x001b4bf4
[p4:malloc] size=0x00000054 ra=0x001006bc
[p4:new2] size=0x00000150 ra=0x001a6bd0
[p4:malloc] size=0x00000150 ra=0x001006bc
[gzmfs] OPEN fd=1 '\SOUND\GZMVS.RBB;1' -> '<path>' size=110594048
[gzmfs] READ fd=1 pos=0 len=8 -> 8 dst=0x00E0A130
[gzmfs] READ fd=1 pos=8 len=8 -> 8 dst=0x00E0A130
[p4:new2] size=0x00000070 ra=0x00100540
[p4:malloc] size=0x00000070 ra=0x001006bc
[gzmfs] READ fd=1 pos=16 len=112 -> 112 dst=0x00E0A2C0
[gzmfs] READ fd=1 pos=128 len=8 -> 8 dst=0x00E0A130
[p4:new2] size=0x00001b70 ra=0x00100540
[p4:malloc] size=0x00001b70 ra=0x001006bc
[gzmfs] READ fd=1 pos=136 len=7024 -> 7024 dst=0x00E0A2C0
[gzmfs] READ fd=1 pos=7160 len=8 -> 8 dst=0x00E0A130
[p4:new2] size=0x00000db8 ra=0x00100540
[gzmfs] READ fd=1 pos=7168 len=3512 -> 3512 dst=0x00E0BE40
[gzmfs] READ fd=1 pos=10680 len=8 -> 8 dst=0x00E0A130
[gzmfs] SEEK fd=1 off=1592 whence=1 -> pos=12280
[gzmfs] READ fd=1 pos=12280 len=8 -> 8 dst=0x00E0A130
[gzmfs] CLOSE fd=1
[p4:new2] size=0x0000002c ra=0x001632a4
[p4:ld] load obj=0x00e0cc00 size=0x00000000 ra=0x001632f8
[p4:new2] size=0x000420a0 ra=0x00100540
[p4:rd1] FUN_001b5ca0 obj=0x00c253e8 dst=0x00e0cc30 len=0x000420a0 ra=0x0019a1d4
[gzmfs] SEEK fd=0 off=131909632 whence=0 -> pos=131909632
[p4:alarm] n=11 id=11 handler=0x0011c570 arg=0x01ff7d68 *arg=23
[p4:hdl] 11c570 entry a2=0x01ff7d68
[p4:wake-pre] sid=23 consumed=1
[p4:alarm] n=12 id=12 handler=0x0011c570 arg=0x01ff7d68 *arg=24
[p4:hdl] 11c570 entry a2=0x01ff7d68
[p4:wake-pre] sid=24 consumed=1
[gzmfs] READ fd=0 pos=131909632 len=270496 -> 270496 dst=0x00E0CC30
[p4:alarm] n=13 id=13 handler=0x0011c570 arg=0x01ff7d68 *arg=25
[p4:hdl] 11c570 entry a2=0x01ff7d68
[p4:wake-pre] sid=25 consumed=1
[p4:new2] size=0x00000060 ra=0x00100540
[p4:rd1] FUN_001b5ca0 obj=0x00c253e8 dst=0x00e4ed50 len=0x000204e0 ra=0x0019a1d4
[gzmfs] SEEK fd=0 off=132182016 whence=0 -> pos=132182016
[p4:alarm] n=14 id=14 handler=0x0011c570 arg=0x01ff7da8 *arg=26
[p4:hdl] 11c570 entry a2=0x01ff7da8
[p4:wake-pre] sid=26 consumed=1
[p4:alarm] n=15 id=15 handler=0x0011c570 arg=0x01ff7da8 *arg=27
[p4:hdl] 11c570 entry a2=0x01ff7da8
[p4:wake-pre] sid=27 consumed=1
[gzmfs] READ fd=0 pos=132182016 len=132320 -> 132320 dst=0x00E4ED50
[p4:alarm] n=16 id=16 handler=0x0011c570 arg=0x01ff7da8 *arg=28
[p4:hdl] 11c570 entry a2=0x01ff7da8
[p4:wake-pre] sid=28 consumed=1
[CreateSema] id=23 init=0 max=1[WaitSema:block] tid=1 sid=23 pc=0x10eca0 ra=0x11c530
[CreateSema] id=24 init=0 max=1[WaitSema:block] tid=1 sid=24 pc=0x10eca0 ra=0x11c530
[CreateSema] id=25 init=0 max=1[WaitSema:block] tid=1 sid=25 pc=0x10eca0 ra=0x11c530
[CreateSema] id=26 init=0 max=1[WaitSema:block] tid=1 sid=26 pc=0x10eca0 ra=0x11c530
[CreateSema] id=27 init=0 max=1[WaitSema:block] tid=1 sid=27 pc=0x10eca0 ra=0x11c530
[CreateSema] id=28 init=0 max=1[WaitSema:block] tid=1 sid=28 pc=0x10eca0 ra=0x11c530
[p4:new2] size=0x0019f000 ra=0x00100540
[p4:new2] size=0x00000008 ra=0x00162fcc
[p4:new2] size=0x00000008 ra=0x00162fcc
[p4:new2] size=0x00000008 ra=0x00162fcc
[p4:new2] size=0x00000008 ra=0x00162fcc
[p4:new2] size=0x00000008 ra=0x00162fcc
[p4:new2] size=0x00000008 ra=0x00162fcc
[p4:new2] size=0x00000008 ra=0x00162fcc
[p4:new2] size=0x00000008 ra=0x00162fcc
[p4:new2] size=0x00000008 ra=0x00162fcc
[p4:new2] size=0x00000008 ra=0x00162fcc
[p4:new2] size=0x00000008 ra=0x00162fcc
[p4:new2] size=0x00000008 ra=0x00162fcc
[p4:new2] size=0x00000008 ra=0x00162fcc
[p4:new2] size=0x00000008 ra=0x00162fcc
[p4:new2] size=0x00000008 ra=0x00162fcc
[p4:new2] size=0x00000008 ra=0x00162fcc
[p4:new2] size=0x00000008 ra=0x00162fcc
[p4:new2] size=0x00000008 ra=0x00162fcc
[p4:alias] target=0x001548d4 owner=0x001548b0 (unexported inner call)
[p4:wake-pre] sid=9 consumed=1
[p4:wake-pre] sid=9 consumed=1
[CreateThread] id=4 entry=0x14a9c0 stack=0x100e740 size=0x10000 gp=0x22c0f0 prio=32
[StartThread] id=4 entry=0x14a9c0 sp=0x101e740 gp=0x22c0f0 arg=0x0
[WaitSema:block] tid=4 sid=9 pc=0x10eca0 ra=0x14a9d0
[WaitSema:block] tid=4 sid=9 pc=0x10eca0 ra=0x14a9d0
[WaitSema:block] [p4:isig] sid=10
[p4:wake-pre] sid=9 consumed=1
[p4:wake-pre] sid=9 consumed=1
[p4:wake-pre] sid=9 consumed=1
tid=4 sid=9 pc=0x10eca0 ra=0x14a9d0
[WaitSema:block] tid=4 sid=9 pc=0x10eca0 ra=0x14a9d0
[WaitSema:block] tid=4 sid=9 pc=0x10eca0 ra=0x14a9d0
[p4:wake-pre] sid=9 consumed=1
[p4:wake-pre] sid=9 consumed=1
[p4:wake-pre] sid=9 consumed=1
[p4:wake-pre] sid=9 consumed=1
[p4:wake-pre] sid=9 consumed=1
[p4:wake-pre] sid=9 consumed=1
[p4:wake-pre] sid=9 consumed=1
[p4:wake-pre] sid=9 consumed=1
[p4:wake-pre] sid=9 consumed=1
[WaitSema:block] tid=4 sid=9 pc=0x10eca0 ra=0x14a9d0
[WaitSema:block] tid=4 sid=9 pc=0x10eca0 ra=0x14a9d0
[WaitSema:block] tid=4 sid=9 pc=0x10eca0 ra=0x14a9d0
[WaitSema:block] tid=4 sid=9 pc=0x10eca0 ra=0x14a9d0
[WaitSema:block] tid=4 sid=9 pc=0x10eca0 ra=0x14a9d0
[WaitSema:block] tid=4 sid=9 pc=0x10eca0 ra=0x14a9d0
[WaitSema:block] tid=4 sid=9 pc=0x10eca0 ra=0x14a9d0
[WaitSema:block] tid=4 sid=9 pc=0x10eca0 ra=0x14a9d0
[WaitSema:block] tid=4 sid=9 pc=0x10eca0 ra=0x14a9d0
[WaitSema:block] tid=4 sid=9 pc=0x10eca0 ra=0x14a9d0
[mc] Init enter
[mc] Init exit
[mc] Init enter
[mc] Init exit
[p4:wake-pre] sid=9 consumed=1
[mc] Init enter
[mc] Init exit
[dispatch:hle-leaf-ret] pc=0x[WaitSema:wake] tid=4 sid=9 ret=9 count=0
11a720[WaitSema:block] tid=4 sid=9 pc=0x10eca0 ra=0x14a9d0
 -> ra=0x1ce130
[p4:alias] target=0x0014ebb4 owner=0x0014eba0 (unexported inner call)
[p4:wake-pre] sid=9 consumed=1
[p4:alias] target=0x001517e4 owner=0x00151720 (unexported inner call)
[mc] Sync idle -> -1
[mc] GetInfo port=0 slot=0 type=2 free=8192 fmt=1 result=0 fmtPtr=0x01033670
[mc] GetInfo port=0 slot=0 type=2 free=8192 fmt=1 result=0 fmtPtr=0x01033670
[WaitSema:block] tid=4 sid=9 pc=0x10eca0 ra=0x14a9d0
[p4:wake-pre] sid=9 consumed=1
[p4:alias] target=0x00151910 owner=0x00151720 (unexported inner call)
[mc] GetDir port=0 slot=0 path='/BASLUS-20407/BASLUS-20407' maxent=8 table=0x01033430 result=-4 entries=0
[p4:wake-pre] sid=9 consumed=1
[p4:wake-pre] sid=9 consumed=1
[mc] Sync idle -> -1
[mc] GetInfo port=0 slot=0 type=2 free=8192 fmt=1 result=0 fmtPtr=0x01033670
[p4:alias] target=0x00151808 owner=0x00151720 (unexported inner call)
[p4:wake-pre] sid=9 consumed=1
[mc] Sync idle -> -1
[mc] GetInfo port=0 slot=0 type=2 free=8192 fmt=1 result=0 fmtPtr=0x01033670
[p4:wake-pre] sid=9 consumed=1
[p4:wake-pre] sid=9 consumed=1
[p4:wake-pre] sid=9 consumed=1
[mc] Sync idle -> -1
[mc] GetInfo port=0 slot=0 type=2 free=8192 fmt=1 result=0 fmtPtr=0x01033670
[p4:wake-pre] sid=9 consumed=1
[p4:wake-pre] sid=9 consumed=1
[p4:wake-pre] sid=9 consumed=1
[mc] Sync idle -> -1
[mc] GetInfo port=0 slot=0 type=2 free=8192 fmt=1 result=0 fmtPtr=0x01033670
[p4:wake-pre] sid=9 consumed=1
[p4:wake-pre] sid=9 consumed=1
[p4:wake-pre] sid=9 consumed=1
[p4:wake-pre] sid=9 consumed=1
[mc] Sync idle -> -1
[mc] GetInfo port=0 slot=0 type=2 free=8192 fmt=1 result=0 fmtPtr=0x01033670
[p4:wake-pre] sid=9 consumed=1
[p4:wake-pre] sid=9 consumed=1
[mc] Sync idle -> -1
[mc] GetInfo port=0 slot=0 type=2 free=8192 fmt=1 result=0 fmtPtr=0x01033670
[p4:wake-pre] sid=9 consumed=1
[mc] GetInfo port=0 slot=0 type=2 free=8192 fmt=1 result=0 fmtPtr=0x01033670
[p4:wake-pre] sid=9 consumed=1
[p4:wake-pre] sid=9 consumed=1
[p4:wake-pre] sid=9 consumed=1
[WaitSema:block] tid=4 sid=9 pc=0x10eca0 ra=0x14a9d0
[WaitSema:block] tid=4 sid=9 pc=0x10eca0 ra=0x14a9d0
[WaitSema:block] tid=4 sid=9 pc=0x10eca0 ra=0x14a9d0
[WaitSema:block] tid=4 sid=9 pc=0x10eca0 ra=0x14a9d0
[WaitSema:block] tid=4 sid=9 pc=0x10eca0 ra=0x14a9d0
[WaitSema:block] tid=4 sid=9 pc=0x10eca0 ra=0x14a9d0
[WaitSema:block] tid=4 sid=9 pc=0x10eca0 ra=0x14a9d0
[WaitSema:block] tid=4 sid=9 pc=0x10eca0 ra=0x14a9d0
[WaitSema:block] tid=4 sid=9 pc=0x10eca0 ra=0x14a9d0
[WaitSema:block] tid=4 sid=9 pc=0x10eca0 ra=0x14a9d0
[WaitSema:block] tid=4 sid=9 pc=0x10eca0 ra=0x14a9d0
[WaitSema:block] tid=4 sid=9 pc=0x10eca0 ra=0x14a9d0
[WaitSema:block] tid=4 sid=9 pc=0x10eca0 ra=0x14a9d0
[WaitSema:block] tid=4 sid=9 pc=0x10eca0 ra=0x14a9d0
[WaitSema:block] tid=4 sid=9 pc=0x10eca0 ra=0x14a9d0
[WaitSema:block] tid=4 sid=9 pc=0x10eca0 ra=0x14a9d0
[WaitSema:block] tid=4 sid=9 pc=0x10eca0 ra=0x14a9d0
[WaitSema:block] tid=4 sid=9 pc=0x10eca0 ra=0x14a9d0
[WaitSema:block] tid=4 sid=9 pc=0x10eca0 ra=0x14a9d0
[p4:wake-pre] sid=9 consumed=1
[WaitSema:block] tid=4 sid=9 pc=0x10eca0 ra=0x14a9d0
[p4:wake-pre] sid=9 consumed=1
[mc] GetInfo port=0 slot=0 type=2 free=8192 fmt=1 result=0 fmtPtr=0x01033670
[WaitSema:block] tid=4 sid=9 pc=0x10eca0 ra=0x14a9d0
[WaitSema:block] tid=4 sid=9 pc=0x10eca0 ra=0x14a9d0
[p4:wake-pre] sid=9 consumed=1
[p4:wake-pre] sid=9 consumed=1
[p4:wake-pre] sid=9 consumed=1
[mc] GetInfo port=0 slot=0 type=2 free=8192 fmt=1 result=0 fmtPtr=0x01033670
[p4:wake-pre] sid=9 consumed=1
[p4:wake-pre] sid=9 consumed=1
[mc] GetInfo port=0 slot=0 type=2 free=8192 fmt=1 result=0 fmtPtr=0x01033670
        ... [1,761 more [p4:wake-pre] lines elided by export_logs.py] ...
[mc] GetInfo port=0 slot=0 type=2 free=8192 fmt=1 result=0 fmtPtr=0x01033670
[WaitSema:block] tid=4 sid=9 pc=0x10eca0 ra=0x14a9d0
[WaitSema:block] tid=4 sid=9 pc=0x10eca0 ra=0x14a9d0
[WaitSema:block] tid=4 sid=9 pc=0x10eca0 ra=0x14a9d0
[WaitSema:block] tid=4 sid=9 pc=0x10eca0 ra=0x14a9d0
[WaitSema:block] tid=4 sid=9 pc=0x10eca0 ra=0x14a9d0
[WaitSema:block] tid=4 sid=9 pc=0x10eca0 ra=0x14a9d0
[WaitSema:block] tid=4 sid=9 pc=0x10eca0 ra=0x14a9d0
[mc] GetInfo port=0 slot=0 type=2 free=8192 fmt=1 result=0 fmtPtr=0x01033670
[mc] GetInfo port=0 slot=0 type=2 free=8192 fmt=1 result=0 fmtPtr=0x01033670
[mc] GetInfo port=0 slot=0 type=2 free=8192 fmt=1 result=0 fmtPtr=0x01033670
[mc] GetInfo port=0 slot=0 type=2 free=8192 fmt=1 result=0 fmtPtr=0x01033670
[p4:vbl] ticks=1500\n[p4:isig] sid=9
[p4:alias] target=0x001517d4 owner=0x00151720 (unexported inner call)
[mc] GetInfo port=0 slot=0 type=2 free=8192 fmt=1 result=0 fmtPtr=0x01033670
[mc] GetInfo port=0 slot=0 type=2 free=8192 fmt=1 result=0 fmtPtr=0x01033670
[mc] GetInfo port=0 slot=0 type=2 free=8192 fmt=1 result=0 fmtPtr=0x01033670
[mc] GetInfo port=0 slot=0 type=2 free=8192 fmt=1 result=0 fmtPtr=0x01033670
[mc] GetInfo port=0 slot=0 type=2 free=8192 fmt=1 result=0 fmtPtr=0x01033670
[WaitSema:block] tid=4 sid=9 pc=0x10eca0 ra=0x14a9d0
[WaitSema:block] tid=4 sid=9 pc=0x10eca0 ra=0x14a9d0
[WaitSema:block] tid=4 sid=9 pc=0x10eca0 ra=0x14a9d0
[WaitSema:block] tid=4 sid=9 pc=0x10eca0 ra=0x14a9d0
[WaitSema:block] tid=4 sid=9 pc=0x10eca0 ra=0x14a9d0
[WaitSema:block] tid=4 sid=9 pc=0x10eca0 ra=0x14a9d0
[WaitSema:block] tid=4 sid=9 pc=0x10eca0 ra=0x14a9d0
[WaitSema:block] tid=4 sid=9 pc=0x10eca0 ra=0x14a9d0
        ... [465 more [WaitSema:block] lines elided by export_logs.py] ...
[run:tick] tick=2280 pc=0x151910 ra=0x151910 sp=0x1ff7f60 gp=0x22c0f0 dispfb1=0x1400 display1=0x1bf27f00000000 activeThreads=4 dma=37376 gif=1077 gsw=0 vif=18
[WaitSe[p4:isig] sid=9
ma:block] tid=4 sid=9 pc=0x10eca0 ra=0x14a9d0
[run:tick] tick=2400 pc=0x151910 ra=0x151910 sp=0x1ff7f60 gp=0x22c0f0 dispfb1=0x1400 display1=0x1bf27f00000000 activeThreads=4 dma=52805 gif=1188 gsw=0 vif=18
[p4:alias] target=0x001517f4 owner=0x00151720 (unexported inner call)
[p4:vbl] ticks=1800\n[p4:isig] sid=9
[run:tick] tick=2520 pc=0x10f1d0 ra=0x10f1c4 sp=0x1ff7ef0 gp=0x22c0f0 dispfb1=0x1400 display1=0x1bf27f00000000 activeThreads=4 dma=67675 gif=1294 gsw=0 vif=18
[p4:vbl] ticks=2100\n[p4:isig] sid=9
[run:tick] tick=2640 pc=0x1517d4 ra=0x151944 sp=0x1ff7f60 gp=0x22c0f0 dispfb1=0x1400 display1=0x1bf27f00000000 activeThreads=4 dma=82134 gif=1399 gsw=0 vif=18
[run:tick] tick=2760 pc=0x151910 ra=0x151910 sp=0x1ff7f60 gp=0x22c0f0 dispfb1=0x1400 display1=0x1bf27f00000000 activeThreads=4 dma=95895 gif=1498 gsw=0 vif=18
[p4:vbl] ticks=2400\n[p4:isig] sid=9
[p4:alias] target=0x001517ec owner=0x00151720 (unexported inner call)
[run:tick] tick=2880 pc=0x151910 ra=0x151910 sp=0x1ff7f60 gp=0x22c0f0 dispfb1=0x1400 display1=0x1bf27f00000000 activeThreads=4 dma=109656 gif=1597 gsw=0 vif=18
[p4:vbl] ticks=2700\n[p4:isig] sid=9
[run:tick] tick=3000 pc=0x151910 ra=0x151910 sp=0x1ff7f60 gp=0x22c0f0 dispfb1=0x1400 display1=0x1bf27f00000000 activeThreads=4 dma=124112 gif=1701 gsw=0 vif=18
[p4:vbl] ticks=3000\n[p4:isig] sid=9
[run:tick] tick=3120 pc=0x1e0b3c ra=0x1e01c4 sp=0x1ff7a80 gp=0x22c0f0 dispfb1=0x1400 display1=0x1bf27f00000000 activeThreads=4 dma=138432 gif=1804 gsw=0 vif=18
[run:tick] tick=3240 pc=0x151910 ra=0x151910 sp=0x1ff7f60 gp=0x22c0f0 dispfb1=0x1400 display1=0x1bf27f00000000 activeThreads=4 dma=152607 gif=1906 gsw=0 vif=18
[p4:vbl] ticks=3300\n[p4:isig] sid=9
[p4:alias] target=0x001517dc owner=0x00151720 (unexported inner call)
[run:tick] tick=3360 pc=0x151910 ra=0x151910 sp=0x1ff7f60 gp=0x22c0f0 dispfb1=0x1400 display1=0x1bf27f00000000 activeThreads=4 dma=165951 gif=2002 gsw=0 vif=18
[run:tick] tick=3480 pc=0x151910 ra=0x151910 sp=0x1ff7f60 gp=0x22c0f0 dispfb1=0x1400 display1=0x1bf27f00000000 activeThreads=4 dma=178878 gif=2095 gsw=0 vif=18
[p4:vbl] ticks=3600\n[p4:isig] sid=9
[run:tick] tick=3600 pc=0x151910 ra=0x151910 sp=0x1ff7f60 gp=0x22c0f0 dispfb1=0x1400 display1=0x1bf27f00000000 activeThreads=4 dma=191666 gif=2187 gsw=0 vif=18
[run:tick] tick=3720 pc=0x151910 ra=0x151910 sp=0x1ff7f60 gp=0x22c0f0 dispfb1=0x1400 display1=0x1bf27f00000000 activeThreads=4 dma=204871 gif=2282 gsw=0 vif=18
[run:tick] tick=3840 pc=0x151910 ra=0x151910 sp=0x1ff7f60 gp=0x22c0f0 dispfb1=0x1400 display1=0x1bf27f00000000 activeThreads=4 dma=217520 gif=2373 gsw=0 vif=18
[p4:vbl] ticks=3900\n[p4:isig] sid=9
[run:tick] tick=3960 pc=0x1517d4 ra=0x151944 sp=0x1ff7f60 gp=0x22c0f0 dispfb1=0x1400 display1=0x1bf27f00000000 activeThreads=4 dma=230864 gif=2469 gsw=0 vif=18
[run:tick] tick=4080 pc=0x10f1d0 ra=0x10f1c4 sp=0x1ff7ef0 gp=0x22c0f0 dispfb1=0x1400 display1=0x1bf27f00000000 activeThreads=4 dma=243927 gif=2562 gsw=0 vif=18
[p4:vbl] ticks=4200\n[p4:isig] sid=9
[run:tick] tick=4200 pc=0x151910 ra=0x151910 sp=0x1ff7f60 gp=0x22c0f0 dispfb1=0x1400 display1=0x1bf27f00000000 activeThreads=4 dma=256301 gif=2652 gsw=0 vif=18
[run:tick] tick=4320 pc=0x151910 ra=0x151910 sp=0x1ff7f60 gp=0x22c0f0 dispfb1=0x1400 display1=0x1bf27f00000000 activeThreads=4 dma=269228 gif=2745 gsw=0 vif=18
[run:tick] tick=4440 pc=0x151910 ra=0x151910 sp=0x1ff7f60 gp=0x22c0f0 dispfb1=0x1400 display1=0x1bf27f00000000 activeThreads=4 dma=281738 gif=2835 gsw=0 vif=18
[p4:vbl] ticks=4500\n[p4:isig] sid=9
[run:tick] tick=4560 pc=0x151910 ra=0x151910 sp=0x1ff7f60 gp=0x22c0f0 dispfb1=0x1400 display1=0x1bf27f00000000 activeThreads=4 dma=294804 gif=2929 gsw=0 vif=18
[run:tick] tick=4680 pc=0x10f1d0 ra=0x10f1c4 sp=0x1ff7ef0 gp=0x22c0f0 dispfb1=0x1400 display1=0x1bf27f00000000 activeThreads=4 dma=308006 gif=3023 gsw=0 vif=18
[p4:vbl] ticks=4800\n[p4:isig] sid=9
[run:tick] tick=4800 pc=0x151910 ra=0x151910 sp=0x1ff7f60 gp=0x22c0f0 dispfb1=0x1400 display1=0x1bf27f00000000 activeThreads=4 dma=321353 gif=3120 gsw=0 vif=18
[run:tick] tick=4920 pc=0x10f1d0 ra=0x10f1c4 sp=0x1ff7ef0 gp=0x22c0f0 dispfb1=0x1400 display1=0x1bf27f00000000 activeThreads=4 dma=334138 gif=3211 gsw=0 vif=18
[run:tick] tick=5040 pc=0x151910 ra=0x151910 sp=0x1ff7f60 gp=0x22c0f0 dispfb1=0x1400 display1=0x1bf27f00000000 activeThreads=4 dma=346790 gif=3303 gsw=0 vif=18
[p4:vbl] ticks=5100\n[p4:isig] sid=9
Warning: Function at address 0x1 nextStart=0x100008 not found[p4:isig] sid=10

[dispatch:first-bad-pc] bad=0x1 ra=0x1 sp=0x1ff7f00 gp=0x22c0f0 v0=0x0 v1=0x183227c a0=0x120000e0 a1=0x120000a0 trace=0x10f1d0 -> 0x10f1d0 -> 0x10f1d0 -> 0x10f1d0 -> 0x10f1d0 -> 0x10f1d0 -> 0x10f1d0 -> 0x10f1d0 -> 0x10f1d0 -> 0x10f1d0 -> 0x10f1d0 -> 0x10f1d0 -> 0x10f1d0 -> 0x10f1d0 -> 0x10f1d0 -> 0x10f1d0 -> 0x10f1d0 -> 0x10f1d0 -> 0x10f1d0 -> 0x10f1d0 -> 0x10f1d0 -> 0x10f1d0 -> 0x10f1d0 -> 0x10f1d0 -> 0x10f1d0 -> 0x10f1d0 -> 0x10f1d0 -> 0x10f1d0 -> 0x10f1d0 -> 0x10f1d0 -> 0x10f1d0 -> 0x10f1d0 -> 0x10f1d0 -> 0x10f1d0 -> 0x10f1d0 -> 0x10f1d0 -> 0x10f1d0 -> 0x10f1d0 -> 0x10f1d0 -> 0x10f1d0 -> 0x10f1d0 -> 0x10f1d0 -> 0x10f1d0 -> 0x10f1d0 -> 0x10f1d0 -> 0x10f1d0 -> 0x10f1d0 -> 0x10f1d0 -> 0x10f1d0 -> 0x10f1d0 -> 0x10f1d0 -> 0x10f1d0 -> 0x10f1d0 -> 0x10f1d0 -> 0x10f1d0 -> 0x10f1d0 -> 0x117760 -> 0x1177a8 -> 0x1033c8 -> 0x13a378 -> 0x103300 -> 0x102b08 -> 0x102820 -> 0x1 [stack] +0=0x0 +4=0x0 +8=0x0 +c=0x0 +10=0xc53450 +14=0x0 +18=0x0 +1c=0x0 +20=0x13a3a0 +24=0x0 +28=0x0 +2c=0x0 +30=0x0 +34=0x0 +38=0x0 +3c=0x0
[dispatch:recover-pc] bad=0x1 ra=0x1 fallback=0x13a3a0 sp=0x1ff7f00
[run:tick] tick=5160 pc=0x151910 ra=0x151910 sp=0x1ff7f60 gp=0x22c0f0 dispfb1=0x1400 display1=0x1bf27f00000000 activeThreads=4 dma=359299 gif=3392 gsw=0 vif=18
[run:tick] tick=5280 pc=0x151910 ra=0x151910 sp=0x1ff7f60 gp=0x22c0f0 dispfb1=0x1400 display1=0x1bf27f00000000 activeThreads=4 dma=372782 gif=3489 gsw=0 vif=18
[p4:vbl] ticks=5400\n[p4:isig] sid=9
[run:tick] tick=5400 pc=0x10f1d0 ra=0x10f1c4 sp=0x1ff7ef0 gp=0x22c0f0 dispfb1=0x1400 display1=0x1bf27f00000000 activeThreads=4 dma=385845 gif=3582 gsw=0 vif=18
[run:tick] tick=5520 pc=0x151910 ra=0x151910 sp=0x1ff7f60 gp=0x22c0f0 dispfb1=0x1400 display1=0x1bf27f00000000 activeThreads=4 dma=399053 gif=3678 gsw=0 vif=18
[run:tick] tick=5640 pc=0x10f1d0 ra=0x10f1c4 sp=0x1ff7ef0 gp=0x22c0f0 dispfb1=0x1400 display1=0x1bf27f00000000 activeThreads=4 dma=413228 gif=3779 gsw=0 vif=18
[p4:vbl] ticks=5700\n[p4:isig] sid=9
[run:tick] tick=5760 pc=0x1517d4 ra=0x151944 sp=0x1ff7f60 gp=0x22c0f0 dispfb1=0x1400 display1=0x1bf27f00000000 activeThreads=4 dma=426436 gif=3875 gsw=0 vif=18
[run:tick] tick=5880 pc=0x1517d4 ra=0x151944 sp=0x1ff7f60 gp=0x22c0f0 dispfb1=0x1400 display1=0x1bf27f00000000 activeThreads=4 dma=438807 gif=3964 gsw=0 vif=18
[p4:vbl] ticks=6000\n[p4:isig] sid=9
[run:tick] tick=6000 pc=0x151910 ra=0x151910 sp=0x1ff7f60 gp=0x22c0f0 dispfb1=0x1400 display1=0x1bf27f00000000 activeThreads=4 dma=451873 gif=4058 gsw=0 vif=18
[run:tick] tick=6120 pc=0x151910 ra=0x151910 sp=0x1ff7f60 gp=0x22c0f0 dispfb1=0x1400 display1=0x1bf27f00000000 activeThreads=4 dma=463966 gif=4145 gsw=0 vif=18
[run:tick] tick=6240 pc=0x151910 ra=0x151910 sp=0x1ff7f60 gp=0x22c0f0 dispfb1=0x1400 display1=0x1bf27f00000000 activeThreads=4 dma=476893 gif=4238 gsw=0 vif=18
[p4:vbl] ticks=6300\n[p4:isig] sid=9
[run:tick] tick=6360 pc=0x151910 ra=0x151910 sp=0x1ff7f60 gp=0x22c0f0 dispfb1=0x1400 display1=0x1bf27f00000000 activeThreads=4 dma=489820 gif=4331 gsw=0 vif=18
[run:tick] tick=6480 pc=0x151910 ra=0x151910 sp=0x1ff7f60 gp=0x22c0f0 dispfb1=0x1400 display1=0x1bf27f00000000 activeThreads=4 dma=502886 gif=4425 gsw=0 vif=18
[p4:vbl] ticks=6600\n[p4:isig] sid=9
[run:tick] tick=6600 pc=0x151910 ra=0x151910 sp=0x1ff7f60 gp=0x22c0f0 dispfb1=0x1400 display1=0x1bf27f00000000 activeThreads=4 dma=516091 gif=4520 gsw=0 vif=18
[run:tick] tick=6720 pc=0x151910 ra=0x151910 sp=0x1ff7f60 gp=0x22c0f0 dispfb1=0x1400 display1=0x1bf27f00000000 activeThreads=4 dma=529157 gif=4614 gsw=0 vif=18
[run:tick] tick=6840 pc=0x151910 ra=0x151910 sp=0x1ff7f60 gp=0x22c0f0 dispfb1=0x1400 display1=0x1bf27f00000000 activeThreads=4 dma=542223 gif=4708 gsw=0 vif=18
[p4:vbl] ticks=6900\n[p4:isig] sid=9
[run:tick] tick=6960 pc=0x151910 ra=0x151910 sp=0x1ff7f60 gp=0x22c0f0 dispfb1=0x1400 display1=0x1bf27f00000000 activeThreads=4 dma=555428 gif=4803 gsw=0 vif=18
[run:tick] tick=7080 pc=0x1517d4 ra=0x151944 sp=0x1ff7f60 gp=0x22c0f0 dispfb1=0x1400 display1=0x1bf27f00000000 activeThreads=4 dma=568494 gif=4897 gsw=0 vif=18
Warning: Function at address 0x1 nextStart=0x100008 not found[p4:isig] sid=10

[dispatch:recover-pc] bad=0x1 ra=0x1 fallback=0x13a3a0 sp=0x1ff7f00
[p4:vbl] ticks=7200\n[p4:isig] sid=9
[run:tick] tick=7200 pc=0x10f1d0 ra=0x10f1c4 sp=0x1ff7ef0 gp=0x22c0f0 dispfb1=0x1400 display1=0x1bf27f00000000 activeThreads=4 dma=582113 gif=4994 gsw=0 vif=18
        ... [502 more [run:tick] lines elided by export_logs.py] ...
[p4:vbl] ticks=7500\n[p4:isig] sid=9
[p4:vbl] ticks=7800\n[p4:isig] sid=9
[p4:vbl] ticks=8100\n[p4:isig] sid=9
[p4:vbl] ticks=8400\n[p4:isig] sid=9
[p4:vbl] ticks=8700\n[p4:isig] sid=9
[p4:vbl] ticks=9000\n[p4:isig] sid=9
[p4:vbl] ticks=9300\n[p4:isig] sid=9
[p4:vbl] ticks=9600\n[p4:isig] sid=9
[p4:vbl] ticks=9900\n[p4:isig] sid=9
[p4:vbl] ticks=10200\n[p4:isig] sid=9
[p4:vbl] ticks=10500\n[p4:isig] sid=9
[p4:vbl] ticks=10800\n[p4:isig] sid=9
[p4:vbl] ticks=11100\n[p4:isig] sid=9
[p4:vbl] ticks=11400\n[p4:isig] sid=9
[p4:vbl] ticks=11700\n[p4:isig] sid=9
[p4:vbl] ticks=12000\n[p4:isig] sid=9
[p4:vbl] ticks=12300\n[p4:isig] sid=9
[p4:vbl] ticks=12600\n[p4:isig] sid=9
[p4:vbl] ticks=12900\n[p4:isig] sid=9
[p4:vbl] ticks=13200\n[p4:isig] sid=9
[p4:vbl] ticks=13500\n[p4:isig] sid=9
[p4:vbl] ticks=13800\n[p4:isig] sid=9
[p4:vbl] ticks=14100\n[p4:isig] sid=9
[p4:vbl] ticks=14400\n[p4:isig] sid=9
[p4:vbl] ticks=14700\n[p4:isig] sid=9
[p4:vbl] ticks=15000\n[p4:isig] sid=9
[p4:vbl] ticks=15300\n[p4:isig] sid=9
[p4:vbl] ticks=15600\n[p4:isig] sid=9
[p4:vbl] ticks=15900\n[p4:isig] sid=9
[p4:vbl] ticks=16200\n[p4:isig] sid=9
[p4:vbl] ticks=16500\n[p4:isig] sid=9
[p4:vbl] ticks=16800\n[p4:isig] sid=9
[p4:vbl] ticks=17100\n[p4:isig] sid=9
[p4:vbl] ticks=17400\n[p4:isig] sid=9
[p4:vbl] ticks=17700\n[p4:isig] sid=9
[p4:vbl] ticks=18000\n[p4:isig] sid=9
        ... [129 more [p4:vbl] lines elided by export_logs.py] ...
Warning: Function at address 0x1 nextStart=0x100008 not found[p4:isig] sid=10

[dispatch:recover-pc] bad=0x1 ra=0x1 fallback=0x13a3a0 sp=0x1ff7f00
Warning: Function at address 0x1 nextStart=0x100008 not found
[dispatch:recover-pc] bad=0x1 ra=0x1 fallback=0x13a3a0 sp=0x1ff7f00
Warning: Function at address 0x1 nextStart=0x100008 not found
[dispatch:recover-pc] bad=0x1 ra=0x1 fallback=0x13a3a0 sp=0x1ff7f00
Warning: Function at address 0x1 nextStart=0x100008 not found
[dispatch:recover-pc] bad=0x1 ra=0x1 fallback=0x13a3a0 sp=0x1ff7f00
Warning: Function at address 0x1 nextStart=0x100008 not found
[dispatch:recover-pc] bad=0x1 ra=0x1 fallback=0x13a3a0 sp=0x1ff7f00
Warning: Function at address 0x1 nextStart=0x100008 not found
[dispatch:recover-pc] bad=0x1 ra=0x1 fallback=0x13a3a0 sp=0x1ff7f00
[p4:vbl] ticks=57000\n[p4:isig] sid=9
[p4:vbl] ticks=57300\n[p4:isig] sid=9
[p4:vbl] ticks=57600\n[p4:isig] sid=9
[p4:vbl] ticks=57900\n[p4:isig] sid=9
[p4:vbl] ticks=58200\n[p4:isig] sid=9
[p4:vbl] ticks=58500\n[p4:isig] sid=9
[p4:vbl] ticks=58800\n[p4:isig] sid=9
[p4:vbl] ticks=59100\n[p4:isig] sid=9
Warning: Function at address 0x1 nextStart=0x100008 not found
[dispatch:recover-pc] bad=0x1 ra=0x1 fallback=0x13a3a0 sp=0x1ff7f00
[p4:vbl] ticks=59400\n[p4:isig] sid=9
[p4:vbl] ticks=59700\n[p4:isig] sid=9
[p4:vbl] ticks=60000\n[p4:isig] sid=9
[p4:vbl] ticks=60300\n[p4:isig] sid=9
[p4:vbl] ticks=60600\n[p4:isig] sid=9
[p4:vbl] ticks=60900\n[p4:isig] sid=9
[p4:vbl] ticks=61200\n[p4:isig] sid=9
[p4:vbl] ticks=61500\n[p4:isig] sid=9
[p4:vbl] ticks=61800\n[p4:isig] sid=9
[p4:vbl] ticks=62100\n[p4:isig] sid=9
[WaitSema:block] tid=4 sid=9 pc=0x10eca0 ra=0x14a9d0
[WaitSema:block] tid=4 sid=9 pc=0x10eca0 ra=0x14a9d0
[p4:vbl] ticks=62400\n[p4:isig] sid=9
[WaitSema:block] tid=4 sid=9 pc=0x10eca0 ra=0x14a9d0
[p4:vbl] ticks=62700\n[p4:isig] sid=9
[WaitSema:block] tid=4 sid=9 pc=0x10eca0 ra=0x14a9d0
[WaitSema:block] tid=4 sid=9 pc=0x10eca0 ra=0x14a9d0
[p4:vbl] ticks=63000\n[p4:isig] sid=9
[WaitSema:block] tid=4 sid=9 pc=0x10eca0 ra=0x14a9d0
[p4:vbl] ticks=63300\n[p4:isig] sid=9
[WaitSema:block] tid=4 sid=9 pc=0x10eca0 ra=0x14a9d0
[WaitSema:block] tid=4 sid=9 pc=0x10eca0 ra=0x14a9d0
[p4:vbl] ticks=63600\n[p4:isig] sid=9
[WaitSema:block] tid=4 sid=9 pc=0x10eca0 ra=0x14a9d0
[p4:vbl] ticks=63900\n[p4:isig] sid=9
[WaitSema:block] tid=4 sid=9 pc=0x10eca0 ra=0x14a9d0
[p4:vbl] ticks=64200\n[p4:isig] sid=9
[WaitSema:block] tid=4 sid=9 pc=0x10eca0 ra=0x14a9d0
[WaitSema:block] tid=4 sid=9 pc=0x10eca0 ra=0x14a9d0
[p4:vbl] ticks=64500\n[p4:isig] sid=9
[WaitSema:block] tid=4 sid=9 pc=0x10eca0 ra=0x14a9d0
[p4:vbl] ticks=64800\n[p4:isig] sid=9
[WaitSema:block] tid=4 sid=9 pc=0x10eca0 ra=0x14a9d0
[WaitSema:block] tid=4 sid=9 pc=0x10eca0 ra=0x14a9d0
[p4:vbl] ticks=65100\n[p4:isig] sid=9
[WaitSema:block] tid=4 sid=9 pc=0x10eca0 ra=0x14a9d0
[p4:vbl] ticks=65400\n[p4:isig] sid=9
[WaitSema:block] tid=4 sid=9 pc=0x10eca0 ra=0x14a9d0
[WaitSema:block] tid=4 sid=9 pc=0x10eca0 ra=0x14a9d0
[p4:vbl] ticks=65700\n[p4:isig] sid=9
[WaitSema:block] tid=4 sid=9 pc=0x10eca0 ra=0x14a9d0
[p4:vbl] ticks=66000\n[p4:isig] sid=9
[WaitSema:block] tid=4 sid=9 pc=0x10eca0 ra=0x14a9d0
[p4:vbl] ticks=66300\n[p4:isig] sid=9
[WaitSema:block] tid=4 sid=9 pc=0x10eca0 ra=0x14a9d0
[WaitSema:block] tid=4 sid=9 pc=0x10eca0 ra=0x14a9d0
[p4:vbl] ticks=66600\n[p4:isig] sid=9
[WaitSema:block] tid=4 sid=9 pc=0x10eca0 ra=0x14a9d0
[p4:vbl] ticks=66900\n[p4:isig] sid=9
[WaitSema:block] tid=4 sid=9 pc=0x10eca0 ra=0x14a9d0
[p4:vbl] ticks=67200\n[p4:isig] sid=9
[WaitSema:block] tid=4 sid=9 pc=0x10eca0 ra=0x14a9d0
[WaitSema:block] tid=4 sid=9 pc=0x10eca0 ra=0x14a9d0
[p4:vbl] ticks=67500\n[p4:isig] sid=9
[run:tick] tick=67560 pc=0x151910 ra=0x151910 sp=0x1ff7f60 gp=0x22c0f0 dispfb1=0x1400 display1=0x1bf27f00000000 activeThreads=4 dma=7160149 gif=52316 gsw=0 vif=18
[WaitSema:block] tid=4 sid=9 pc=0x10eca0 ra=0x14a9d0
[run:tick] tick=67680 pc=0x1517d4 ra=0x151944 sp=0x1ff7f60 gp=0x22c0f0 dispfb1=0x1400 display1=0x1bf27f00000000 activeThreads=4 dma=7173354 gif=52411 gsw=0 vif=18
[p4:vbl] ticks=67800\n[p4:isig] sid=9
[run:tick] tick=67800 pc=0x151910 ra=0x151910 sp=0x1ff7f60 gp=0x22c0f0 dispfb1=0x1400 display1=0x1bf27f00000000 activeThreads=4 dma=7186420 gif=52505 gsw=0 vif=18
[WaitSema:block] tid=4 sid=9 pc=0x10eca0 ra=0x14a9d0
[run:tick] tick=67920 pc=0x151910 ra=0x151910 sp=0x1ff7f60 gp=0x22c0f0 dispfb1=0x1400 display1=0x1bf27f00000000 activeThreads=4 dma=7200320 gif=52605 gsw=0 vif=18
[WaitSema:block] tid=4 sid=9 pc=0x10eca0 ra=0x14a9d0
[run:tick] tick=68040 pc=0x151910 ra=0x151910 sp=0x1ff7f60 gp=0x22c0f0 dispfb1=0x1400 display1=0x1bf27f00000000 activeThreads=4 dma=7213525 gif=52700 gsw=0 vif=18
[p4:vbl] ticks=68100\n[p4:isig] sid=9
[run:tick] tick=68160 pc=0x1517d4 ra=0x151944 sp=0x1ff7f60 gp=0x22c0f0 dispfb1=0x1400 display1=0x1bf27f00000000 activeThreads=4 dma=7227425 gif=52800 gsw=0 vif=18
[WaitSema:block] tid=4 sid=9 pc=0x10eca0 ra=0x14a9d0
[run:tick] tick=68280 pc=0x151910 ra=0x151910 sp=0x1ff7f60 gp=0x22c0f0 dispfb1=0x1400 display1=0x1bf27f00000000 activeThreads=4 dma=7241186 gif=52899 gsw=0 vif=18
[p4:vbl] ticks=68400\n[p4:isig] sid=9
[run:tick] tick=68400 pc=0x10f1d0 ra=0x10f1c4 sp=0x1ff7ef0 gp=0x22c0f0 dispfb1=0x1400 display1=0x1bf27f00000000 activeThreads=4 dma=7255083 gif=52998 gsw=0 vif=18
[WaitSema:block] tid=4 sid=9 pc=0x10eca0 ra=0x14a9d0
[run:tick] tick=68520 pc=0x151910 ra=0x151910 sp=0x1ff7f60 gp=0x22c0f0 dispfb1=0x1400 display1=0x1bf27f00000000 activeThreads=4 dma=7268708 gif=53097 gsw=0 vif=18
[run:tick] tick=68640 pc=0x151910 ra=0x151910 sp=0x1ff7f60 gp=0x22c0f0 dispfb1=0x1400 display1=0x1bf27f00000000 activeThreads=4 dma=7282747 gif=53198 gsw=0 vif=18
[WaitSema:block] tid=4 sid=9 pc=0x10eca0 ra=0x14a9d0
[p4:vbl] ticks=68700\n[p4:isig] sid=9
[run:tick] tick=68760 pc=0x151910 ra=0x151910 sp=0x1ff7f60 gp=0x22c0f0 dispfb1=0x1400 display1=0x1bf27f00000000 activeThreads=4 dma=7295813 gif=53292 gsw=0 vif=18
[WaitSema:block] tid=4 sid=9 pc=0x10eca0 ra=0x14a9d0
[run:tick] tick=68880 pc=0x151910 ra=0x151910 sp=0x1ff7f60 gp=0x22c0f0 dispfb1=0x1400 display1=0x1bf27f00000000 activeThreads=4 dma=7308740 gif=53385 gsw=0 vif=18
[p4:vbl] ticks=69000\n[p4:isig] sid=9
[run:tick] tick=69000 pc=0x10f1d0 ra=0x10f1c4 sp=0x1ff7ef0 gp=0x22c0f0 dispfb1=0x1400 display1=0x1bf27f00000000 activeThreads=4 dma=7322081 gif=53480 gsw=0 vif=18
[WaitSema:block] tid=4 sid=9 pc=0x10eca0 ra=0x14a9d0
[run:tick] tick=69120 pc=0x151910 ra=0x151910 sp=0x1ff7f60 gp=0x22c0f0 dispfb1=0x1400 display1=0x1bf27f00000000 activeThreads=4 dma=7335428 gif=53577 gsw=0 vif=18
[run:tick] tick=69240 pc=0x1517d4 ra=0x151944 sp=0x1ff7f60 gp=0x22c0f0 dispfb1=0x1400 display1=0x1bf27f00000000 activeThreads=4 dma=7348911 gif=53674 gsw=0 vif=18
[p4:vbl] ticks=69300\n[p4:isig] sid=9
[WaitSema:block] tid=4 sid=9 pc=0x10eca0 ra=0x14a9d0
[run:tick] tick=69360 pc=0x151910 ra=0x151910 sp=0x1ff7f60 gp=0x22c0f0 dispfb1=0x1400 display1=0x1bf27f00000000 activeThreads=4 dma=7362116 gif=53769 gsw=0 vif=18
[run:tick] tick=69480 pc=0x151910 ra=0x151910 sp=0x1ff7f60 gp=0x22c0f0 dispfb1=0x1400 display1=0x1bf27f00000000 activeThreads=4 dma=7375182 gif=53863 gsw=0 vif=18
[WaitSema:block] tid=4 sid=9 pc=0x10eca0 ra=0x14a9d0
[p4:vbl] ticks=69600\n[p4:isig] sid=9
[run:tick] tick=69600 pc=0x151910 ra=0x151910 sp=0x1ff7f60 gp=0x22c0f0 dispfb1=0x1400 display1=0x1bf27f00000000 activeThreads=4 dma=7388248 gif=53957 gsw=0 vif=18
[WaitSema:block] tid=4 sid=9 pc=0x10eca0 ra=0x14a9d0
[run:tick] tick=69720 pc=0x151910 ra=0x151910 sp=0x1ff7f60 gp=0x22c0f0 dispfb1=0x1400 display1=0x1bf27f00000000 activeThreads=4 dma=7401731 gif=54054 gsw=0 vif=18
Warning: Function at address 0x[p4:isig] sid=10
1 nextStart=0x100008 not found
[dispatch:recover-pc] bad=0x1 ra=0x1 fallback=0x13a3a0 sp=0x1ff7f00
[run:tick] tick=69840 pc=0x1517d4 ra=0x151944 sp=0x1ff7f60 gp=0x22c0f0 dispfb1=0x1400 display1=0x1bf27f00000000 activeThreads=4 dma=7414796 gif=54147 gsw=0 vif=18
[p4:vbl] ticks=69900\n[p4:isig] sid=9
[WaitSema:block] tid=4 sid=9 pc=0x10eca0 ra=0x14a9d0
[run:tick] tick=69960 pc=0x10f1d0 ra=0x10f1c4 sp=0x1ff7ef0 gp=0x22c0f0 dispfb1=0x1400 display1=0x1bf27f00000000 activeThreads=4 dma=7427164 gif=54235 gsw=0 vif=18
[run:tick] tick=70080 pc=0x10f1d0 ra=0x10f1c4 sp=0x1ff7ef0 gp=0x22c0f0 dispfb1=0x1400 display1=0x1bf27f00000000 activeThreads=4 dma=7440786 gif=54333 gsw=0 vif=18
[WaitSema:block] tid=4 sid=9 pc=0x10eca0 ra=0x14a9d0
[p4:vbl] ticks=70200\n[p4:isig] sid=9
[run:tick] tick=70200 pc=0x1517d4 ra=0x151944 sp=0x1ff7f60 gp=0x22c0f0 dispfb1=0x1400 display1=0x1bf27f00000000 activeThreads=4 dma=7454272 gif=54431 gsw=0 vif=18
[run:tick] tick=70320 pc=0x151910 ra=0x151910 sp=0x1ff7f60 gp=0x22c0f0 dispfb1=0x1400 display1=0x1bf27f00000000 activeThreads=4 dma=7467894 gif=54529 gsw=0 vif=18
[WaitSema:block] tid=4 sid=9 pc=0x10eca0 ra=0x14a9d0
[run:tick] tick=70440 pc=0x10f1d0 ra=0x10f1c4 sp=0x1ff7ef0 gp=0x22c0f0 dispfb1=0x1400 display1=0x1bf27f00000000 activeThreads=4 dma=7481096 gif=54623 gsw=0 vif=18
[p4:vbl] ticks=70500\n[p4:isig] sid=9
[run:tick] tick=70560 pc=0x15fb10 ra=0x15fb10 sp=0x1ff7f00 gp=0x22c0f0 dispfb1=0x1400 display1=0x1bf27f00000000 activeThreads=4 dma=7494026 gif=54717 gsw=0 vif=18
[WaitSema:block] tid=4 sid=9 pc=0x10eca0 ra=0x14a9d0
[run:tick] tick=70680 pc=0x151910 ra=0x151910 sp=0x1ff7f60 gp=0x22c0f0 dispfb1=0x1400 display1=0x1bf27f00000000 activeThreads=4 dma=7507509 gif=54814 gsw=0 vif=18
[WaitSema:block] tid=4 sid=9 pc=0x10eca0 ra=0x14a9d0
[p4:vbl] ticks=70800\n[p4:isig] sid=9
[run:tick] tick=70800 pc=0x1517d4 ra=0x151944 sp=0x1ff7f60 gp=0x22c0f0 dispfb1=0x1400 display1=0x1bf27f00000000 activeThreads=4 dma=7520575 gif=54908 gsw=0 vif=18
[run:tick] tick=70920 pc=0x151910 ra=0x151910 sp=0x1ff7f60 gp=0x22c0f0 dispfb1=0x1400 display1=0x1bf27f00000000 activeThreads=4 dma=7534475 gif=55008 gsw=0 vif=18
[WaitSema:block] tid=4 sid=9 pc=0x10eca0 ra=0x14a9d0
[run:tick] tick=71040 pc=0x10f1d0 ra=0x10f1c4 sp=0x1ff7ef0 gp=0x22c0f0 dispfb1=0x1400 display1=0x1bf27f00000000 activeThreads=4 dma=7547955 gif=55104 gsw=0 vif=18
[p4:vbl] ticks=71100\n[p4:isig] sid=9
[run:tick] tick=71160 pc=0x151910 ra=0x151910 sp=0x1ff7f60 gp=0x22c0f0 dispfb1=0x1400 display1=0x1bf27f00000000 activeThreads=4 dma=7561024 gif=55199 gsw=0 vif=18
[WaitSema:block] tid=4 sid=9 pc=0x10eca0 ra=0x14a9d0
[run:tick] tick=71280 pc=0x151910 ra=0x151910 sp=0x1ff7f60 gp=0x22c0f0 dispfb1=0x1400 display1=0x1bf27f00000000 activeThreads=4 dma=7574229 gif=55294 gsw=0 vif=18
[p4:vbl] ticks=71400\n[p4:isig] sid=9
[run:tick] tick=71400 pc=0x151910 ra=0x151910 sp=0x1ff7f60 gp=0x22c0f0 dispfb1=0x1400 display1=0x1bf27f00000000 activeThreads=4 dma=7587990 gif=55393 gsw=0 vif=18
[WaitSema:block] tid=4 sid=9 pc=0x10eca0 ra=0x14a9d0
[run:tick] tick=71520 pc=0x151910 ra=0x151910 sp=0x1ff7f60 gp=0x22c0f0 dispfb1=0x1400 display1=0x1bf27f00000000 activeThreads=4 dma=7601751 gif=55492 gsw=0 vif=18
[WaitSema:block] tid=4 sid=9 pc=0x10eca0 ra=0x14a9d0
[p4:wake-pre] sid=9 consumed=1
[run:tick] tick=71640 pc=0x151910 ra=0x151910 sp=0x1ff7f60 gp=0x22c0f0 dispfb1=0x1400 display1=0x1bf27f00000000 activeThreads=4 dma=7615512 gif=55591 gsw=0 vif=18
[p4:wake-pre] sid=9 consumed=1
[p4:vbl] ticks=71700\n[p4:isig] sid=9
[WaitSema:wake] tid=4 sid=9 ret=9 count=0
[p4:wake-pre] sid=9 consumed=1
[run:tick] tick=71760 pc=0x10f1d0 ra=0x10f1c4 sp=0x1ff7ef0 gp=0x22c0f0 dispfb1=0x1400 display1=0x1bf27f00000000 activeThreads=4 dma=7629409 gif=55690 gsw=0 vif=18
[WaitSema:wake] tid=4 sid=9 ret=9 count=0
[p4:wake-pre] sid=9 consumed=1
[WaitSema:wake] tid=4 sid=9 ret=9 count=0
[p4:wake-pre] sid=9 consumed=1
[WaitSema:block] tid=4 sid=9 pc=0x10eca0 ra=0x14a9d0
[WaitSema:wake] tid=4 sid=9 ret=9 count=0
[run:tick] tick=71880 pc=0x151910 ra=0x151910 sp=0x1ff7f60 gp=0x22c0f0 dispfb1=0x1400 display1=0x1bf27f00000000 activeThreads=4 dma=7642895 gif=55788 gsw=0 vif=18
[p4:wake-pre] sid=9 consumed=1
[WaitSema:wake] tid=4 sid=9 ret=9 count=0
[p4:wake-pre] sid=9 consumed=1
[WaitSema:wake] tid=4 sid=9 ret=9 count=0
[p4:vbl] ticks=72000\n[p4:isig] sid=9
[p4:wake-pre] sid=9 consumed=1
[run:tick] tick=72000 pc=0x1517d4 ra=0x151944 sp=0x1ff7f60 gp=0x22c0f0 dispfb1=0x1400 display1=0x1bf27f00000000 activeThreads=4 dma=7656239 gif=55884 gsw=0 vif=18
[WaitSema:wake] tid=4 sid=9 ret=9 count=0
[p4:wake-pre] sid=9 consumed=1
[WaitSema:block] tid=4 sid=9 pc=0x10eca0 ra=0x14a9d0
[WaitSema:wake] tid=4 sid=9 ret=9 count=0
[p4:wake-pre] sid=9 consumed=1
[run:tick] tick=72120 pc=0x151910 ra=0x151910 sp=0x1ff7f60 gp=0x22c0f0 dispfb1=0x1400 display1=0x1bf27f00000000 activeThreads=4 dma=7670417 gif=55986 gsw=0 vif=18
[WaitSema:wake] tid=4 sid=9 ret=9 count=0
[p4:wake-pre] sid=9 consumed=1
[WaitSema:wake] tid=4 sid=9 ret=9 count=0
[p4:wake-pre] sid=9 consumed=1
[WaitSema:wake] tid=4 sid=9 ret=9 count=0
[run:tick] tick=72240 pc=0x151910 ra=0x151910 sp=0x1ff7f60 gp=0x22c0f0 dispfb1=0x1400 display1=0x1bf27f00000000 activeThreads=4 dma=7683900 gif=56083 gsw=0 vif=18
[p4:wake-pre] sid=9 consumed=1
[WaitSema:block] tid=4 sid=9 pc=0x10eca0 ra=0x14a9d0
[WaitSema:wake] tid=4 sid=9 ret=9 count=0
[p4:vbl] ticks=72300\n[p4:isig] sid=9
[p4:wake-pre] sid=9 consumed=1
[WaitSema:wake] tid=4 sid=9 ret=9 count=0
[p4:wake-pre] sid=9 consumed=1
[run:tick] tick=72360 pc=0x151910 ra=0x151910 sp=0x1ff7f60 gp=0x22c0f0 dispfb1=0x1400 display1=0x1bf27f00000000 activeThreads=4 dma=7697105 gif=56178 gsw=0 vif=18
[WaitSema:wake] tid=4 sid=9 ret=9 count=0
[p4:wake-pre] sid=9 consumed=1
[WaitSema:wake] tid=4 sid=9 ret=9 count=0
[WaitSema:block] tid=4 sid=9 pc=0x10eca0 ra=0x14a9d0
[p4:wake-pre] sid=9 consumed=1
[WaitSema:wake] tid=4 sid=9 ret=9 count=0
[run:tick] tick=72480 pc=0x151910 ra=0x151910 sp=0x1ff7f60 gp=0x22c0f0 dispfb1=0x1400 display1=0x1bf27f00000000 activeThreads=4 dma=7710310 gif=56273 gsw=0 vif=18
[p4:wake-pre] sid=9 consumed=1
[WaitSema:wake] tid=4 sid=9 ret=9 count=0
[p4:wake-pre] sid=9 consumed=1
[WaitSema:wake] tid=4 sid=9 ret=9 count=0
[p4:vbl] ticks=72600\n[p4:isig] sid=9
[run:tick] tick=72600 pc=0x10f1d0 ra=0x10f1c4 sp=0x1ff7ef0 gp=0x22c0f0 dispfb1=0x1400 display1=0x1bf27f00000000 activeThreads=4 dma=7722956 gif=56363 gsw=0 vif=18
[p4:wake-pre] sid=9 consumed=1
[WaitSema:wake] tid=4 sid=9 ret=9 count=0
[p4:wake-pre] sid=9 consumed=1
[WaitSema:block] tid=4 sid=9 pc=0x10eca0 ra=0x14a9d0
[WaitSema:wake] tid=4 sid=9 ret=9 count=0
[p4:wake-pre] sid=9 consumed=1
[run:tick] tick=72720 pc=0x10f1d0 ra=0x10f1c4 sp=0x1ff7ef0 gp=0x22c0f0 dispfb1=0x1400 display1=0x1bf27f00000000 activeThreads=4 dma=7736578 gif=56461 gsw=0 vif=18
[WaitSema:wake] tid=4 sid=9 ret=9 count=0
[WaitSema:wake] tid=4 sid=9 ret=9 count=0
[p4:wake-pre] sid=9 consumed=1
[p4:wake-pre] sid=9 consumed=1
[WaitSema:wake] tid=4 sid=9 ret=9 count=0
[run:tick] tick=72840 pc=0x151910 ra=0x151910 sp=0x1ff7f60 gp=0x22c0f0 dispfb1=0x1400 display1=0x1bf27f00000000 activeThreads=4 dma=7750203 gif=56560 gsw=0 vif=18
[WaitSema:wake] tid=4 sid=9 ret=9 count=0
[p4:wake-pre] sid=9 consumed=1
[WaitSema:block] tid=4 sid=9 pc=0x10eca0 ra=0x14a9d0
[p4:vbl] ticks=72900\n[p4:isig] sid=9
[p4:wake-pre] sid=9 consumed=1
[WaitSema:wake] tid=4 sid=9 ret=9 count=0
[run:tick] tick=72960 pc=0x10f1d0 ra=0x10f1c4 sp=0x1ff7ef0 gp=0x22c0f0 dispfb1=0x1400 display1=0x1bf27f00000000 activeThreads=4 dma=7764239 gif=56660 gsw=0 vif=18
[WaitSema:wake] tid=4 sid=9 ret=9 count=0
[p4:wake-pre] sid=9 consumed=1
[WaitSema:wake] tid=4 sid=9 ret=9 count=0
[p4:wake-pre] sid=9 consumed=1
[WaitSema:wake] tid=4 sid=9 ret=9 count=0
[run:tick] tick=73080 pc=0x151910 ra=0x151910 sp=0x1ff7f60 gp=0x22c0f0 dispfb1=0x1400 display1=0x1bf27f00000000 activeThreads=4 dma=7777447 gif=56756 gsw=0 vif=18
[WaitSema:block] tid=4 sid=9 pc=0x10eca0 ra=0x14a9d0
[p4:wake-pre] sid=9 consumed=1
[WaitSema:wake] tid=4 sid=9 ret=9 count=0
[p4:wake-pre] sid=9 consumed=1
[WaitSema:wake] tid=4 sid=9 ret=9 count=0
[p4:vbl] ticks=73200\n[p4:isig] sid=9
[p4:wake-pre] sid=9 consumed=1
[run:tick] tick=73200 pc=0x151910 ra=0x151910 sp=0x1ff7f60 gp=0x22c0f0 dispfb1=0x1400 display1=0x1bf27f00000000 activeThreads=4 dma=7790235 gif=56848 gsw=0 vif=18
[WaitSema:wake] tid=4 sid=9 ret=9 count=0
[SignalSema] tid=-1 sid=10 count=0->1 ret=10
[p4:wake-pre] sid=9 consumed=1
[SignalSema] tid=-1 sid=10 count=0->1 ret=10
[WaitSema:wake] tid=4 sid=9 ret=9 count=0
[SignalSema] tid=-1 sid=10 count=0->1 ret=10
[p4:wake-pre] sid=9 consumed=1
[WaitSema:block] tid=4 sid=9 pc=0x10eca0 ra=0x14a9d0
[SignalSema] tid=-1 sid=10 count=0->1 ret=10
[run:tick] tick=73320 pc=0x10f1d0 ra=0x10f1c4 sp=0x1ff7ef0 gp=0x22c0f0 dispfb1=0x1400 display1=0x1bf27f00000000 activeThreads=4 dma=7803715 gif=56944 gsw=0 vif=18
[WaitSema:wake] tid=4 sid=9 ret=9 count=0
[SignalSema] tid=-1 sid=10 count=0->1 ret=10
[SignalSema] tid=-1 sid=10 count=0->1 ret=10
[p4:wake-pre] sid=9 consumed=1
[WaitSema:wake] tid=4 sid=9 ret=9 count=0
[SignalSema] tid=-1 sid=10 count=0->1 ret=10
[p4:wake-pre] sid=9 consumed=1
[SignalSema] tid=-1 sid=10 count=0->1 ret=10
[WaitSema:wake] tid=4 sid=9 ret=9 count=0
[SignalSema] tid=-1 sid=10 count=0->1 ret=10
[run:tick] tick=73440 pc=0x151910 ra=0x151910 sp=0x1ff7f60 gp=0x22c0f0 dispfb1=0x1400 display1=0x1bf27f00000000 activeThreads=4 dma=7816923 gif=57040 gsw=0 vif=18
[p4:wake-pre] sid=9 consumed=1
[SignalSema] tid=-1 sid=10 count=0->1 ret=10
[WaitSema:wake] tid=4 sid=9 ret=9 count=0
[SignalSema] tid=-1 sid=10 count=0->1 ret=10
[p4:vbl] ticks=73500\n[p4:isig] sid=9
[p4:wake-pre] sid=9 consumed=1
[SignalSema] tid=-1 sid=10 count=0->1 ret=10
[WaitSema:block] tid=4 sid=9 pc=0x10eca0 ra=0x14a9d0
[WaitSema:wake] tid=4 sid=9 ret=9 count=0
[SignalSema] tid=-1 sid=10 count=0->1 ret=10
[SignalSema] tid=-1 sid=10 count=0->1 ret=10
[run:tick] tick=73560 pc=0x151910 ra=0x151910 sp=0x1ff7f60 gp=0x22c0f0 dispfb1=0x1400 display1=0x1bf27f00000000 activeThreads=4 dma=7831240 gif=57143 gsw=0 vif=18
[p4:wake-pre] sid=9 consumed=1
[WaitSema:wake] tid=4 sid=9 ret=9 count=0
[SignalSema] tid=-1 sid=10 count=0->1 ret=10
[SignalSema] tid=-1 sid=10 count=0->1 ret=10
[p4:wake-pre] sid=9 consumed=1
[WaitSema:wake] tid=4 sid=9 ret=9 count=0
[SignalSema] tid=-1 sid=10 count=0->1 ret=10
[SignalSema] tid=-1 sid=10 count=0->1 ret=10
[p4:wake-pre] sid=9 consumed=1
[WaitSema:wake] tid=4 sid=9 ret=9 count=0
[SignalSema] tid=-1 sid=10 count=0->1 ret=10
[run:tick] tick=73680 pc=0x1517d4 ra=0x151944 sp=0x1ff7f60 gp=0x22c0f0 dispfb1=0x1400 display1=0x1bf27f00000000 activeThreads=4 dma=7845001 gif=57242 gsw=0 vif=18
[SignalSema] tid=-1 sid=10 count=0->1 ret=10
[WaitSema:block] tid=4 sid=9 pc=0x10eca0 ra=0x14a9d0
[p4:wake-pre] sid=9 consumed=1
[WaitSema:wake] tid=4 sid=9 ret=9 count=0
[SignalSema] tid=-1 sid=10 count=0->1 ret=10
[SignalSema] tid=-1 sid=10 count=0->1 ret=10
[p4:wake-pre] sid=9 consumed=1
[WaitSema:wake] tid=4 sid=9 ret=9 count=0
[SignalSema] tid=-1 sid=10 count=0->1 ret=10
[p4:vbl] ticks=73800\n[p4:isig] sid=9
[run:tick] tick=73800 pc=0x151910 ra=0x151910 sp=0x1ff7f60 gp=0x22c0f0 dispfb1=0x1400 display1=0x1bf27f00000000 activeThreads=4 dma=7858345 gif=57338 gsw=0 vif=18
[SignalSema] tid=-1 sid=10 count=0->1 ret=10
[WaitSema:wake] tid=4 sid=9 ret=9 count=0
[p4:wake-pre] sid=9 consumed=1
[SignalSema] tid=-1 sid=10 count=0->1 ret=10
[SignalSema] tid=-1 sid=10 count=0->1 ret=10
[p4:wake-pre] sid=9 consumed=1
[WaitSema:wake] tid=4 sid=9 ret=9 count=0
[SignalSema] tid=-1 sid=10 count=0->1 ret=10
[SignalSema] tid=-1 sid=10 count=0->1 ret=10
[run:tick] tick=73920 pc=0x151910 ra=0x151910 sp=0x1ff7f60 gp=0x22c0f0 dispfb1=0x1400 display1=0x1bf27f00000000 activeThreads=4 dma=7871967 gif=57436 gsw=0 vif=18
[WaitSema:wake] tid=4 sid=9 ret=9 count=0
[p4:wake-pre] sid=9 consumed=1
[WaitSema:block] tid=4 sid=9 pc=0x10eca0 ra=0x14a9d0
[SignalSema] tid=-1 sid=10 count=0->1 ret=10
[SignalSema] tid=-1 sid=10 count=0->1 ret=10
[WaitSema:wake] tid=4 sid=9 ret=9 count=0
[SignalSema] tid=-1 sid=10 count=0->1 ret=10
[p4:wake-pre] sid=9 consumed=1
[SignalSema] tid=-1 sid=10 count=0->1 ret=10
[WaitSema:wake] tid=4 sid=9 ret=9 count=0
[p4:wake-pre] sid=9 consumed=1
[SignalSema] tid=-1 sid=10 count=0->1 ret=10
[run:tick] tick=74040 pc=0x151910 ra=0x151910 sp=0x1ff7f60 gp=0x22c0f0 dispfb1=0x1400 display1=0x1bf27f00000000 activeThreads=4 dma=7885450 gif=57533 gsw=0 vif=18
[SignalSema] tid=-1 sid=10 count=0->1 ret=10
[WaitSema:wake] tid=4 sid=9 ret=9 count=0
[SignalSema] tid=-1 sid=10 count=0->1 ret=10
[p4:vbl] ticks=74100\n[p4:isig] sid=9
[p4:wake-pre] sid=9 consumed=1
[SignalSema] tid=-1 sid=10 count=0->1 ret=10
[WaitSema:wake] tid=4 sid=9 ret=9 count=0
[SignalSema] tid=-1 sid=10 count=0->1 ret=10
[p4:wake-pre] sid=9 consumed=1
[WaitSema:block] tid=4 sid=9 pc=0x10eca0 ra=0x14a9d0
[SignalSema] tid=-1 sid=10 count=0->1 ret=10
[run:tick] tick=74160 pc=0x10f1d0 ra=0x10f1c4 sp=0x1ff7ef0 gp=0x22c0f0 dispfb1=0x1400 display1=0x1bf27f00000000 activeThreads=4 dma=7897957 gif=57622 gsw=0 vif=18
[WaitSema:wake] tid=4 sid=9 ret=9 count=0
[SignalSema] tid=-1 sid=10 count=0->1 ret=10
[p4:wake-pre] sid=9 consumed=1
[SignalSema] tid=-1 sid=10 count=0->1 ret=10
[WaitSema:wake] tid=4 sid=9 ret=9 count=0
[SignalSema] tid=-1 sid=10 count=0->1 ret=10
[p4:wake-pre] sid=9 consumed=1
[SignalSema] tid=-1 sid=10 count=0->1 ret=10
[WaitSema:wake] tid=4 sid=9 ret=9 count=0
[SignalSema] tid=-1 sid=10 count=0->1 ret=10
[run:tick] tick=74280 pc=0x151910 ra=0x151910 sp=0x1ff7f60 gp=0x22c0f0 dispfb1=0x1400 display1=0x1bf27f00000000 activeThreads=4 dma=7911582 gif=57721 gsw=0 vif=18
[p4:wake-pre] sid=9 consumed=1
[SignalSema] tid=-1 sid=10 count=0->1 ret=10
[WaitSema:wake] tid=4 sid=9 ret=9 count=0
[SignalSema] tid=-1 sid=10 count=0->1 ret=10
[p4:wake-pre] sid=9 consumed=1
[WaitSema:block] tid=4 sid=9 pc=0x10eca0 ra=0x14a9d0
[SignalSema] tid=-1 sid=10 count=0->1 ret=10
[WaitSema:wake] tid=4 sid=9 ret=9 count=0
[SignalSema] tid=-1 sid=10 count=0->1 ret=10
[p4:vbl] ticks=74400\n[p4:isig] sid=9
[run:tick] tick=74400 pc=0x151910 ra=0x151910 sp=0x1ff7f60 gp=0x22c0f0 dispfb1=0x1400 display1=0x1bf27f00000000 activeThreads=4 dma=7924790 gif=57816 gsw=0 vif=18
[SignalSema] tid=-1 sid=10 count=0->1 ret=10
[p4:wake-pre] sid=9 consumed=1
[WaitSema:wake] tid=4 sid=9 ret=9 count=0
[SignalSema] tid=-1 sid=10 count=0->1 ret=10
[p4:wake-pre] sid=9 consumed=1
[SignalSema] tid=-1 sid=10 count=0->1 ret=10
[WaitSema:wake] tid=4 sid=9 ret=9 count=0
[SignalSema] tid=-1 sid=10 count=0->1 ret=10
[frame:upload] idx=21661 tick=74493 displayFbp=70 sourceFbp=70 size=640x448 preferred=0
[frame:upload] idx=21662 tick=74494 displayFbp=0 sourceFbp=0 size=640x448 preferred=0
[frame:upload] idx=21663 tick=74495 displayFbp=70 sourceFbp=70 size=640x448 preferred=0
[frame:upload] idx=21664 tick=74500 displayFbp=0 sourceFbp=0 size=640x448 preferred=0
[frame:upload] idx=21666 tick=74507 displayFbp=70 sourceFbp=70 size=640x448 preferred=0
[frame:upload] idx=21668 tick=74511 displayFbp=0 sourceFbp=0 size=640x448 preferred=0
[frame:upload] idx=21669 tick=74512 displayFbp=70 sourceFbp=70 size=640x448 preferred=0
[SignalSema] tid=-1 sid=10 count=0->1 ret=10
[frame:upload] idx=21671 tick=74520 displayFbp=0 sourceFbp=0 size=640x448 preferred=0
[p4:wake-pre] sid=9 consumed=1
[frame:upload] idx=21672 tick=74521 displayFbp=70 sourceFbp=70 size=640x448 preferred=0
[frame:upload] idx=21673 tick=74522 displayFbp=0 sourceFbp=0 size=640x448 preferred=0
[frame:upload] idx=21675 tick=74526 displayFbp=70 sourceFbp=70 size=640x448 preferred=0
[frame:upload] idx=21678 tick=74530 displayFbp=0 sourceFbp=0 size=640x448 preferred=0
[frame:upload] idx=21679 tick=74532 displayFbp=70 sourceFbp=70 size=640x448 preferred=0
[run:tick] tick=74520 pc=0x1517d4 ra=0x151944 sp=0x1ff7f60 gp=0x22c0f0 dispfb1=0x1400 display1=0x1bf27f00000000 activeThreads=4 dma=7938270 gif=57913 gsw=0 vif=18
[WaitSema:wake] tid=4 sid=9 ret=9 count=0
[frame:upload] idx=21682 tick=74537 displayFbp=0 sourceFbp=0 size=640x448 preferred=0
[SignalSema] tid=-1 sid=10 count=0->1 ret=10
[frame:upload] idx=21684 tick=74551 displayFbp=70 sourceFbp=70 size=640x448 preferred=0
[frame:upload] idx=21685 tick=74553 displayFbp=0 sourceFbp=0 size=640x448 preferred=0
[frame:upload] idx=21686 tick=74554 displayFbp=70 sourceFbp=70 size=640x448 preferred=0
[frame:upload] idx=21687 tick=74556 displayFbp=0 sourceFbp=0 size=640x448 preferred=0
[frame:upload] idx=21688 tick=74557 displayFbp=70 sourceFbp=70 size=640x448 preferred=0
[frame:upload] idx=21690 tick=74563 displayFbp=0 sourceFbp=0 size=640x448 preferred=0
[SignalSema] tid=-1 sid=10 count=0->1 ret=10
[frame:upload] idx=21691 tick=74568 displayFbp=70 sourceFbp=70 size=640x448 preferred=0
[WaitSema:block] tid=4 sid=9 pc=0x10eca0 ra=0x14a9d0
[frame:upload] idx=21693 tick=74572 displayFbp=0 sourceFbp=0 size=640x448 preferred=0
[frame:upload] idx=21694 tick=74573 displayFbp=70 sourceFbp=70 size=640x448 preferred=0
[p4:wake-pre] sid=9 consumed=1
[frame:upload] idx=21696 tick=74577 displayFbp=0 sourceFbp=0 size=640x448 preferred=0
[frame:upload] idx=21697 tick=74578 displayFbp=70 sourceFbp=70 size=640x448 preferred=0
[WaitSema:wake] tid=4 sid=9 ret=9 count=0
[SignalSema] tid=-1 sid=10 count=0->1 ret=10
[frame:upload] idx=21702 tick=74593 displayFbp=0 sourceFbp=0 size=640x448 preferred=0
[frame:upload] idx=21704 tick=74595 displayFbp=70 sourceFbp=70 size=640x448 preferred=0
[frame:upload] idx=21705 tick=74601 displayFbp=0 sourceFbp=0 size=640x448 preferred=0
[frame:upload] idx=21706 tick=74602 displayFbp=70 sourceFbp=70 size=640x448 preferred=0
[frame:upload] idx=21707 tick=74604 displayFbp=0 sourceFbp=0 size=640x448 preferred=0
[frame:upload] idx=21709 tick=74608 displayFbp=70 sourceFbp=70 size=640x448 preferred=0
[frame:upload] idx=21710 tick=74613 displayFbp=0 sourceFbp=0 size=640x448 preferred=0
[SignalSema] tid=-1 sid=10 count=0->1 ret=10
[frame:upload] idx=21712 tick=74618 displayFbp=70 sourceFbp=70 size=640x448 preferred=0
[frame:upload] idx=21713 tick=74619 displayFbp=0 sourceFbp=0 size=640x448 preferred=0
[p4:wake-pre] sid=9 consumed=1
[frame:upload] idx=21717 tick=74630 displayFbp=70 sourceFbp=70 size=640x448 preferred=0
[frame:upload] idx=21718 tick=74633 displayFbp=0 sourceFbp=0 size=640x448 preferred=0
[WaitSema:wake] tid=4 sid=9 ret=9 count=0
[SignalSema] tid=-1 sid=10 count=0->1 ret=10
[frame:upload] idx=21720 tick=74639 displayFbp=70 sourceFbp=70 size=640x448 preferred=0
[frame:upload] idx=21721 tick=74643 displayFbp=0 sourceFbp=0 size=640x448 preferred=0
[frame:upload] idx=21722 tick=74645 displayFbp=70 sourceFbp=70 size=640x448 preferred=0
[frame:upload] idx=21724 tick=74651 displayFbp=0 sourceFbp=0 size=640x448 preferred=0
[frame:upload] idx=21725 tick=74652 displayFbp=70 sourceFbp=70 size=640x448 preferred=0
[run:tick] tick=74640 pc=0x151910 ra=0x151910 sp=0x1ff7f60 gp=0x22c0f0 dispfb1=0x1400 display1=0x1bf27f00000000 activeThreads=4 dma=7951892 gif=58011 gsw=0 vif=18
[SignalSema] tid=-1 sid=10 count=0->1 ret=10
[frame:upload] idx=21728 tick=74664 displayFbp=0 sourceFbp=0 size=640x448 preferred=0
[frame:upload] idx=21730 tick=74666 displayFbp=70 sourceFbp=70 size=640x448 preferred=0
[frame:upload] idx=21731 tick=74670 displayFbp=0 sourceFbp=0 size=640x448 preferred=0
[frame:upload] idx=21732 tick=74673 displayFbp=70 sourceFbp=70 size=640x448 preferred=0
[p4:wake-pre] sid=9 consumed=1
[WaitSema:wake] tid=4 sid=9 ret=9 count=0
[frame:upload] idx=21737 tick=74685 displayFbp=0 sourceFbp=0 size=640x448 preferred=0
[frame:upload] idx=21738 tick=74686 displayFbp=70 sourceFbp=70 size=640x448 preferred=0
[SignalSema] tid=-1 sid=10 count=0->1 ret=10
[frame:upload] idx=21741 tick=74692 displayFbp=0 sourceFbp=0 size=640x448 preferred=0
[frame:upload] idx=21742 tick=74694 displayFbp=70 sourceFbp=70 size=640x448 preferred=0
[frame:upload] idx=21743 tick=74695 displayFbp=0 sourceFbp=0 size=640x448 preferred=0
[frame:upload] idx=21744 tick=74697 displayFbp=70 sourceFbp=70 size=640x448 preferred=0
[frame:upload] idx=21745 tick=74698 displayFbp=0 sourceFbp=0 size=640x448 preferred=0
[p4:vbl] ticks=74700\n[p4:isig] sid=9
[frame:upload] idx=21747 tick=74701 displayFbp=70 sourceFbp=70 size=640x448 preferred=0
[p4:isig] sid=10
[frame:upload] idx=21748 tick=74702 displayFbp=0 sourceFbp=0 size=640x448 preferred=0
[p4:isig] sid=9
[p4:isig] sid=10
[p4:isig] sid=9
[p4:isig] sid=10
[p4:isig] sid=9
[p4:isig] sid=10
[p4:isig] sid=9
[p4:isig] sid=10
[frame:upload] idx=21749 tick=74706 displayFbp=70 sourceFbp=70 size=640x448 preferred=0
[p4:isig] sid=9
[p4:isig] sid=10
[p4:isig] sid=9
[p4:isig] sid=10
[p4:isig] sid=9
[p4:isig] sid=10
[p4:isig] sid=9
[p4:isig] sid=10
[frame:upload] idx=21750 tick=74710 displayFbp=0 sourceFbp=0 size=640x448 preferred=0
[p4:isig] sid=9
[p4:isig] sid=10
[frame:upload] idx=21751 tick=74711 displayFbp=70 sourceFbp=70 size=640x448 preferred=0
[p4:isig] sid=9
[p4:isig] sid=10
[p4:isig] sid=9
[p4:isig] sid=10
[p4:isig] sid=9
[p4:isig] sid=10
[SignalSema] tid=-1 sid=10 count=0->1 ret=10
[frame:upload] idx=21753 tick=74714 displayFbp=0 sourceFbp=0 size=640x448 preferred=0
[p4:isig] sid=9
[p4:isig] sid=10
[p4:isig] sid=9
[p4:isig] sid=10
[p4:isig] sid=9
[p4:isig] sid=10
[p4:isig] sid=9
[p4:isig] sid=10
[p4:isig] sid=9
[p4:isig] sid=10
[p4:isig] sid=9
[p4:isig] sid=10
[p4:isig] sid=9
[p4:isig] sid=10
[p4:isig] sid=9
[p4:isig] sid=10
[p4:isig] sid=9
[p4:isig] sid=10
[p4:isig] sid=9
[p4:isig] sid=10
[p4:isig] sid=9
[p4:isig] sid=10
[p4:isig] sid=9
[p4:wake-pre] sid=9 consumed=1
[p4:isig] sid=10
[frame:upload] idx=21754 tick=74726 displayFbp=70 sourceFbp=70 size=640x448 preferred=0
[p4:isig] sid=9
[p4:isig] sid=10
[p4:isig] sid=9
[p4:isig] sid=10
[p4:isig] sid=9
[frame:upload] idx=21755 tick=74729 displayFbp=0 sourceFbp=0 size=640x448 preferred=0
[p4:isig] sid=10
[p4:isig] sid=9
[p4:isig] sid=10
[p4:isig] sid=9
[p4:isig] sid=10
[p4:isig] sid=9
