# ---------------------------------------------------------------
# Trimmed for publication by tools/export_logs.py.
# Per-tag census of the ORIGINAL file (kept / total):
#   [p4:isig]                  120 /   9,412
#   [p4:px]                    120 /   2,559
#   [p4:inner-dispatch]        120 /     512
#   [p4:gzmfs-stomp]           120 /     128
#   [p4:malloc]                 64 /      64
#   [p4:new2]                   64 /      64
#   [gzmfs]                     54 /      54
#   [p4:gs-sprite]              51 /      51
#   [p4:EndOfHeap]              36 /      36
#   [sceSifSetDma:CALL]         23 /      23
#   [sceSifSetDma:DESC]         23 /      23
#   [Deci2:call]                20 /      20
#   [p4:sm]                     20 /      20
#   [p4:wake-pre]               17 /      17
#   [p4:alarm]                  16 /      16
#   [p4:hdl]                    16 /      16
#   [p4:vbl]                    15 /      15
#   [Deci2Call:kputs]           13 /      13
#   [SyscallOverride:fallback]      11 /      11
#   [p4:gs-trx]                  8 /       8
#   [p4:rd1]                     6 /       6
#   [mc]                         6 /       6
#   (untagged)                   5 /       5
#   [p4:ld]                      4 /       4
#   [Deci2Call:send]             3 /       3
#   [p4:alias]                   3 /       3
#   [p4:guestMalloc]             2 /       2
#   [SetupHeap]                  1 /       1
#   [Syscall83:override]         1 /       1
#   [p4:alloc-trap]              1 /       1
#   [dispatch:pc-zero]           1 /       1
#   [p4:deathstack]              1 /       1
#   [dispatch:null-ra-recover]       1 /       1
#   [p4:gzmfs-badctx]            1 /       1
# Nothing is silently removed; every elision is marked inline.
# ---------------------------------------------------------------

[p4:gzmfs-stomp] addr=0x00c25000 val=0x00000000 sz=16 pc=0x00100018 ra=0x00000000
[p4:gzmfs-stomp] addr=0x00c25010 val=0x00000000 sz=16 pc=0x00100018 ra=0x00000000
[p4:gzmfs-stomp] addr=0x00c25020 val=0x00000000 sz=16 pc=0x00100018 ra=0x00000000
[p4:gzmfs-stomp] addr=0x00c25030 val=0x00000000 sz=16 pc=0x00100018 ra=0x00000000
[p4:gzmfs-stomp] addr=0x00c25040 val=0x00000000 sz=16 pc=0x00100018 ra=0x00000000
[p4:gzmfs-stomp] addr=0x00c25050 val=0x00000000 sz=16 pc=0x00100018 ra=0x00000000
[p4:gzmfs-stomp] addr=0x00c25060 val=0x00000000 sz=16 pc=0x00100018 ra=0x00000000
[p4:gzmfs-stomp] addr=0x00c25070 val=0x00000000 sz=16 pc=0x00100018 ra=0x00000000
[p4:gzmfs-stomp] addr=0x00c25080 val=0x00000000 sz=16 pc=0x00100018 ra=0x00000000
[p4:gzmfs-stomp] addr=0x00c25090 val=0x00000000 sz=16 pc=0x00100018 ra=0x00000000
[p4:gzmfs-stomp] addr=0x00c250a0 val=0x00000000 sz=16 pc=0x00100018 ra=0x00000000
[p4:gzmfs-stomp] addr=0x00c250b0 val=0x00000000 sz=16 pc=0x00100018 ra=0x00000000
[p4:gzmfs-stomp] addr=0x00c250c0 val=0x00000000 sz=16 pc=0x00100018 ra=0x00000000
[p4:gzmfs-stomp] addr=0x00c250d0 val=0x00000000 sz=16 pc=0x00100018 ra=0x00000000
[p4:gzmfs-stomp] addr=0x00c250e0 val=0x00000000 sz=16 pc=0x00100018 ra=0x00000000
[p4:gzmfs-stomp] addr=0x00c250f0 val=0x00000000 sz=16 pc=0x00100018 ra=0x00000000
[p4:gzmfs-stomp] addr=0x00c25100 val=0x00000000 sz=16 pc=0x00100018 ra=0x00000000
[p4:gzmfs-stomp] addr=0x00c25110 val=0x00000000 sz=16 pc=0x00100018 ra=0x00000000
[p4:gzmfs-stomp] addr=0x00c25120 val=0x00000000 sz=16 pc=0x00100018 ra=0x00000000
[p4:gzmfs-stomp] addr=0x00c25130 val=0x00000000 sz=16 pc=0x00100018 ra=0x00000000
[p4:gzmfs-stomp] addr=0x00c25140 val=0x00000000 sz=16 pc=0x00100018 ra=0x00000000
[p4:gzmfs-stomp] addr=0x00c25150 val=0x00000000 sz=16 pc=0x00100018 ra=0x00000000
[p4:gzmfs-stomp] addr=0x00c25160 val=0x00000000 sz=16 pc=0x00100018 ra=0x00000000
[p4:gzmfs-stomp] addr=0x00c25170 val=0x00000000 sz=16 pc=0x00100018 ra=0x00000000
[p4:gzmfs-stomp] addr=0x00c25180 val=0x00000000 sz=16 pc=0x00100018 ra=0x00000000
[p4:gzmfs-stomp] addr=0x00c25190 val=0x00000000 sz=16 pc=0x00100018 ra=0x00000000
[p4:gzmfs-stomp] addr=0x00c251a0 val=0x00000000 sz=16 pc=0x00100018 ra=0x00000000
[p4:gzmfs-stomp] addr=0x00c251b0 val=0x00000000 sz=16 pc=0x00100018 ra=0x00000000
[p4:gzmfs-stomp] addr=0x00c251c0 val=0x00000000 sz=16 pc=0x00100018 ra=0x00000000
[p4:gzmfs-stomp] addr=0x00c251d0 val=0x00000000 sz=16 pc=0x00100018 ra=0x00000000
[p4:gzmfs-stomp] addr=0x00c251e0 val=0x00000000 sz=16 pc=0x00100018 ra=0x00000000
[p4:gzmfs-stomp] addr=0x00c251f0 val=0x00000000 sz=16 pc=0x00100018 ra=0x00000000
[p4:gzmfs-stomp] addr=0x00c25200 val=0x00000000 sz=16 pc=0x00100018 ra=0x00000000
[p4:gzmfs-stomp] addr=0x00c25210 val=0x00000000 sz=16 pc=0x00100018 ra=0x00000000
[p4:gzmfs-stomp] addr=0x00c25220 val=0x00000000 sz=16 pc=0x00100018 ra=0x00000000
[p4:gzmfs-stomp] addr=0x00c25230 val=0x00000000 sz=16 pc=0x00100018 ra=0x00000000
[p4:gzmfs-stomp] addr=0x00c25240 val=0x00000000 sz=16 pc=0x00100018 ra=0x00000000
[p4:gzmfs-stomp] addr=0x00c25250 val=0x00000000 sz=16 pc=0x00100018 ra=0x00000000
[p4:gzmfs-stomp] addr=0x00c25260 val=0x00000000 sz=16 pc=0x00100018 ra=0x00000000
[p4:gzmfs-stomp] addr=0x00c25270 val=0x00000000 sz=16 pc=0x00100018 ra=0x00000000
[p4:gzmfs-stomp] addr=0x00c25280 val=0x00000000 sz=16 pc=0x00100018 ra=0x00000000
[p4:gzmfs-stomp] addr=0x00c25290 val=0x00000000 sz=16 pc=0x00100018 ra=0x00000000
[p4:gzmfs-stomp] addr=0x00c252a0 val=0x00000000 sz=16 pc=0x00100018 ra=0x00000000
[p4:gzmfs-stomp] addr=0x00c252b0 val=0x00000000 sz=16 pc=0x00100018 ra=0x00000000
[p4:gzmfs-stomp] addr=0x00c252c0 val=0x00000000 sz=16 pc=0x00100018 ra=0x00000000
[p4:gzmfs-stomp] addr=0x00c252d0 val=0x00000000 sz=16 pc=0x00100018 ra=0x00000000
[p4:gzmfs-stomp] addr=0x00c252e0 val=0x00000000 sz=16 pc=0x00100018 ra=0x00000000
[p4:gzmfs-stomp] addr=0x00c252f0 val=0x00000000 sz=16 pc=0x00100018 ra=0x00000000
[p4:gzmfs-stomp] addr=0x00c25300 val=0x00000000 sz=16 pc=0x00100018 ra=0x00000000
[p4:gzmfs-stomp] addr=0x00c25310 val=0x00000000 sz=16 pc=0x00100018 ra=0x00000000
[p4:gzmfs-stomp] addr=0x00c25320 val=0x00000000 sz=16 pc=0x00100018 ra=0x00000000
[p4:gzmfs-stomp] addr=0x00c25330 val=0x00000000 sz=16 pc=0x00100018 ra=0x00000000
[p4:gzmfs-stomp] addr=0x00c25340 val=0x00000000 sz=16 pc=0x00100018 ra=0x00000000
[p4:gzmfs-stomp] addr=0x00c25350 val=0x00000000 sz=16 pc=0x00100018 ra=0x00000000
[p4:gzmfs-stomp] addr=0x00c25360 val=0x00000000 sz=16 pc=0x00100018 ra=0x00000000
[p4:gzmfs-stomp] addr=0x00c25370 val=0x00000000 sz=16 pc=0x00100018 ra=0x00000000
[p4:gzmfs-stomp] addr=0x00c25380 val=0x00000000 sz=16 pc=0x00100018 ra=0x00000000
[p4:gzmfs-stomp] addr=0x00c25390 val=0x00000000 sz=16 pc=0x00100018 ra=0x00000000
[p4:gzmfs-stomp] addr=0x00c253a0 val=0x00000000 sz=16 pc=0x00100018 ra=0x00000000
[p4:gzmfs-stomp] addr=0x00c253b0 val=0x00000000 sz=16 pc=0x00100018 ra=0x00000000
        ... [8 more [p4:gzmfs-stomp] lines elided by export_logs.py] ...
[p4:gzmfs-stomp] addr=0x00c25440 val=0x00000000 sz=16 pc=0x00100018 ra=0x00000000
[p4:gzmfs-stomp] addr=0x00c25450 val=0x00000000 sz=16 pc=0x00100018 ra=0x00000000
[p4:gzmfs-stomp] addr=0x00c25460 val=0x00000000 sz=16 pc=0x00100018 ra=0x00000000
[p4:gzmfs-stomp] addr=0x00c25470 val=0x00000000 sz=16 pc=0x00100018 ra=0x00000000
[p4:gzmfs-stomp] addr=0x00c25480 val=0x00000000 sz=16 pc=0x00100018 ra=0x00000000
[p4:gzmfs-stomp] addr=0x00c25490 val=0x00000000 sz=16 pc=0x00100018 ra=0x00000000
[p4:gzmfs-stomp] addr=0x00c254a0 val=0x00000000 sz=16 pc=0x00100018 ra=0x00000000
[p4:gzmfs-stomp] addr=0x00c254b0 val=0x00000000 sz=16 pc=0x00100018 ra=0x00000000
[p4:gzmfs-stomp] addr=0x00c254c0 val=0x00000000 sz=16 pc=0x00100018 ra=0x00000000
[p4:gzmfs-stomp] addr=0x00c254d0 val=0x00000000 sz=16 pc=0x00100018 ra=0x00000000
[p4:gzmfs-stomp] addr=0x00c254e0 val=0x00000000 sz=16 pc=0x00100018 ra=0x00000000
[p4:gzmfs-stomp] addr=0x00c254f0 val=0x00000000 sz=16 pc=0x00100018 ra=0x00000000
[p4:gzmfs-stomp] addr=0x00c25500 val=0x00000000 sz=16 pc=0x00100018 ra=0x00000000
[p4:gzmfs-stomp] addr=0x00c25510 val=0x00000000 sz=16 pc=0x00100018 ra=0x00000000
[p4:gzmfs-stomp] addr=0x00c25520 val=0x00000000 sz=16 pc=0x00100018 ra=0x00000000
[p4:gzmfs-stomp] addr=0x00c25530 val=0x00000000 sz=16 pc=0x00100018 ra=0x00000000
[p4:gzmfs-stomp] addr=0x00c25540 val=0x00000000 sz=16 pc=0x00100018 ra=0x00000000
[p4:gzmfs-stomp] addr=0x00c25550 val=0x00000000 sz=16 pc=0x00100018 ra=0x00000000
[p4:gzmfs-stomp] addr=0x00c25560 val=0x00000000 sz=16 pc=0x00100018 ra=0x00000000
[p4:gzmfs-stomp] addr=0x00c25570 val=0x00000000 sz=16 pc=0x00100018 ra=0x00000000
[p4:gzmfs-stomp] addr=0x00c25580 val=0x00000000 sz=16 pc=0x00100018 ra=0x00000000
[p4:gzmfs-stomp] addr=0x00c25590 val=0x00000000 sz=16 pc=0x00100018 ra=0x00000000
[p4:gzmfs-stomp] addr=0x00c255a0 val=0x00000000 sz=16 pc=0x00100018 ra=0x00000000
[p4:gzmfs-stomp] addr=0x00c255b0 val=0x00000000 sz=16 pc=0x00100018 ra=0x00000000
[p4:gzmfs-stomp] addr=0x00c255c0 val=0x00000000 sz=16 pc=0x00100018 ra=0x00000000
[p4:gzmfs-stomp] addr=0x00c255d0 val=0x00000000 sz=16 pc=0x00100018 ra=0x00000000
[p4:gzmfs-stomp] addr=0x00c255e0 val=0x00000000 sz=16 pc=0x00100018 ra=0x00000000
[p4:gzmfs-stomp] addr=0x00c255f0 val=0x00000000 sz=16 pc=0x00100018 ra=0x00000000
[p4:gzmfs-stomp] addr=0x00c25600 val=0x00000000 sz=16 pc=0x00100018 ra=0x00000000
[p4:gzmfs-stomp] addr=0x00c25610 val=0x00000000 sz=16 pc=0x00100018 ra=0x00000000
[p4:gzmfs-stomp] addr=0x00c25620 val=0x00000000 sz=16 pc=0x00100018 ra=0x00000000
[p4:gzmfs-stomp] addr=0x00c25630 val=0x00000000 sz=16 pc=0x00100018 ra=0x00000000
[p4:gzmfs-stomp] addr=0x00c25640 val=0x00000000 sz=16 pc=0x00100018 ra=0x00000000
[p4:gzmfs-stomp] addr=0x00c25650 val=0x00000000 sz=16 pc=0x00100018 ra=0x00000000
[p4:gzmfs-stomp] addr=0x00c25660 val=0x00000000 sz=16 pc=0x00100018 ra=0x00000000
[p4:gzmfs-stomp] addr=0x00c25670 val=0x00000000 sz=16 pc=0x00100018 ra=0x00000000
[p4:gzmfs-stomp] addr=0x00c25680 val=0x00000000 sz=16 pc=0x00100018 ra=0x00000000
[p4:gzmfs-stomp] addr=0x00c25690 val=0x00000000 sz=16 pc=0x00100018 ra=0x00000000
[p4:gzmfs-stomp] addr=0x00c256a0 val=0x00000000 sz=16 pc=0x00100018 ra=0x00000000
[p4:gzmfs-stomp] addr=0x00c256b0 val=0x00000000 sz=16 pc=0x00100018 ra=0x00000000
[p4:gzmfs-stomp] addr=0x00c256c0 val=0x00000000 sz=16 pc=0x00100018 ra=0x00000000
[p4:gzmfs-stomp] addr=0x00c256d0 val=0x00000000 sz=16 pc=0x00100018 ra=0x00000000
[p4:gzmfs-stomp] addr=0x00c256e0 val=0x00000000 sz=16 pc=0x00100018 ra=0x00000000
[p4:gzmfs-stomp] addr=0x00c256f0 val=0x00000000 sz=16 pc=0x00100018 ra=0x00000000
[p4:gzmfs-stomp] addr=0x00c25700 val=0x00000000 sz=16 pc=0x00100018 ra=0x00000000
[p4:gzmfs-stomp] addr=0x00c25710 val=0x00000000 sz=16 pc=0x00100018 ra=0x00000000
[p4:gzmfs-stomp] addr=0x00c25720 val=0x00000000 sz=16 pc=0x00100018 ra=0x00000000
[p4:gzmfs-stomp] addr=0x00c25730 val=0x00000000 sz=16 pc=0x00100018 ra=0x00000000
[p4:gzmfs-stomp] addr=0x00c25740 val=0x00000000 sz=16 pc=0x00100018 ra=0x00000000
[p4:gzmfs-stomp] addr=0x00c25750 val=0x00000000 sz=16 pc=0x00100018 ra=0x00000000
[p4:gzmfs-stomp] addr=0x00c25760 val=0x00000000 sz=16 pc=0x00100018 ra=0x00000000
[p4:gzmfs-stomp] addr=0x00c25770 val=0x00000000 sz=16 pc=0x00100018 ra=0x00000000
[p4:gzmfs-stomp] addr=0x00c25780 val=0x00000000 sz=16 pc=0x00100018 ra=0x00000000
[p4:gzmfs-stomp] addr=0x00c25790 val=0x00000000 sz=16 pc=0x00100018 ra=0x00000000
[p4:gzmfs-stomp] addr=0x00c257a0 val=0x00000000 sz=16 pc=0x00100018 ra=0x00000000
[p4:gzmfs-stomp] addr=0x00c257b0 val=0x00000000 sz=16 pc=0x00100018 ra=0x00000000
[p4:gzmfs-stomp] addr=0x00c257c0 val=0x00000000 sz=16 pc=0x00100018 ra=0x00000000
[p4:gzmfs-stomp] addr=0x00c257d0 val=0x00000000 sz=16 pc=0x00100018 ra=0x00000000
[p4:gzmfs-stomp] addr=0x00c257e0 val=0x00000000 sz=16 pc=0x00100018 ra=0x00000000
[p4:gzmfs-stomp] addr=0x00c257f0 val=0x00000000 sz=16 pc=0x00100018 ra=0x00000000
[SetupHeap] base=0xc29100 alignedBase=0xc29100 size=0xffffffff runtimeBase=0xc29100 runtimeEnd=0xc29100
[p4:guestMalloc] addr=0x01f00000 size=0x4000 (runtime scratch band)
[Syscall83:override] handler=0x117808 invoked=true pc=0x117844 ra=0x11787c a0=0x117808 a1=0x117808 a2=0x100000 a3=0x224b00 guestRet=0x8001218c builtinRet=0x0 guest-20c=0x80011f80 builtin-20c=0x0 guest-168=0x80012024 builtin-168=0x0 match=false
[SyscallOverride:fallback] syscall=0x5b handler=0x80076000 pc=0x10f9bc ra=0x10fa68
[SyscallOverride:fallback] syscall=0x5b handler=0x80076000 pc=0x10f9bc ra=0x10fa68
[SyscallOverride:fallback] syscall=0x5b handler=0x80076000 pc=0x10f9bc ra=0x10fa68
[SyscallOverride:fallback] syscall=0x5b handler=0x80076000 pc=0x10f9bc ra=0x10fa68
[SyscallOverride:fallback] syscall=0x5b handler=0x80076000 pc=0x10f9bc ra=0x10fa68
[SyscallOverride:fallback] syscall=0x5b handler=0x80076000 pc=0x10f9bc ra=0x10fa68
[SyscallOverride:fallback] syscall=0x5b handler=0x80075000 pc=0x116ffc ra=0x117098
[SyscallOverride:fallback] syscall=0x5b handler=0x80075000 pc=0x116ffc ra=0x117098
[SyscallOverride:fallback] syscall=0x5b handler=0x80075000 pc=0x116ffc ra=0x117098
[SyscallOverride:fallback] syscall=0x5b handler=0x80075000 pc=0x116ffc ra=0x117098
[SyscallOverride:fallback] syscall=0x5b handler=0x80075000 pc=0x116ffc ra=0x117098
[p4:malloc] size=0x072d4ef0 ra=0x00133618
[p4:EndOfHeap] ret=0x01f00000 brk=0x00c29100 a0=0x072d4f10 ra=0x0010f3b8
[p4:malloc] size=0x012d4ef0 ra=0x00133630
[p4:EndOfHeap] ret=0x01f00000 brk=0x00c29100 a0=0x012d4f10 ra=0x0010f3b8
[p4:EndOfHeap] ret=0x01f00000 brk=0x01efe010 a0=0x00000ff0 ra=0x0010f3b8
[p4:EndOfHeap] ret=0x01f00000 brk=0x01eff000 a0=0x00000000 ra=0x0010f3b8
[p4:EndOfHeap] ret=0x01f00000 brk=0x01eff000 a0=0xfed2b000 ra=0x0010f3b8
[Deci2:call] code=1 argsAddr=0x01ff7b50 a0=0x00000210 a1=0x002257d0 a2=0x00110088 sessions=0
[Deci2:call] code=3 argsAddr=0x01ff7b10 a0=0x00000001 a1=0x00000048 a2=0x00000002 sessions=1
[p4:guestMalloc] addr=0x01f04000 size=0x4000 (runtime scratch band)
[Deci2:call] code=-6 argsAddr=0x01f07fa0 a0=0x00000001 a1=0x20225800 a2=0x0000001b sessions=1
[Deci2Call:send] ......EH....InitHeap Done

[p4:alias] target=0x001548c0 owner=0x001548b0 (unexported inner call)
[p4:alias] target=0x001548c8 owner=0x001548b0 (unexported inner call)
[Deci2:call] code=16 argsAddr=0x01ff7d80 a0=0x00225a80 a1=0x00000000 a2=0x00000000 sessions=1
[Deci2Call:kputs] CdVdInit----------
[Deci2:call] code=16 argsAddr=0x01ff7d80 a0=0x00225a80 a1=0x00000000 a2=0x00000000 sessions=1
[Deci2Call:kputs]   DEV:[CD-ROM]
[Deci2:call] code=16 argsAddr=0x01ff7d80 a0=0x00225a80 a1=0x00000000 a2=0x00000000 sessions=1
[Deci2Call:kputs]   PATH:[\]
[Deci2:call] code=16 argsAddr=0x01ff7d80 a0=0x00225a80 a1=0x00000000 a2=0x00000000 sessions=1
[Deci2Call:kputs] IOP Replace:cdrom0:\IOP\MODULES\IOPRP243.IMG;1
[Deci2:call] code=16 argsAddr=0x01ff7c60 a0=0x00225a80 a1=0x00000000 a2=0x00000000 sessions=1
[Deci2Call:kputs] loading module [cdrom0:\IOP\MODULES\SIO2MAN.IRX;1]...done[1]
[Deci2:call] code=16 argsAddr=0x01ff7c60 a0=0x00225a80 a1=0x00000000 a2=0x00000000 sessions=1
[Deci2Call:kputs] loading module [cdrom0:\IOP\MODULES\PADMAN.IRX;1]...done[2]
[Deci2:call] code=16 argsAddr=0x01ff7c60 a0=0x00225a80 a1=0x00000000 a2=0x00000000 sessions=1
[Deci2Call:kputs] loading module [cdrom0:\IOP\MODULES\MCMAN.IRX;1]...done[3]
[Deci2:call] code=16 argsAddr=0x01ff7c60 a0=0x00225a80 a1=0x00000000 a2=0x00000000 sessions=1
[Deci2Call:kputs] loading module [cdrom0:\IOP\MODULES\MCSERV.IRX;1]...done[4]
[Deci2:call] code=16 argsAddr=0x01ff7c60 a0=0x00225a80 a1=0x00000000 a2=0x00000000 sessions=1
[Deci2Call:kputs] loading module [cdrom0:\IOP\MODULES\LIBSD.IRX;1]...done[5]
[Deci2:call] code=16 argsAddr=0x01ff7c60 a0=0x00225a80 a1=0x00000000 a2=0x00000000 sessions=1
[Deci2Call:kputs] loading module [cdrom0:\IOP\MODULES\SDRDRV.IRX;1]...done[6]
[Deci2:call] code=16 argsAddr=0x01ff7c60 a0=0x00225a80 a1=0x00000000 a2=0x00000000 sessions=1
[Deci2Call:kputs] loading module [cdrom0:\IOP\MODULES\GZMFS.IRX;1]...done[7]
[p4:EndOfHeap] ret=0x01f00000 brk=0x00c2a000 a0=0x00005000 ra=0x0010f3b8
[p4:new2] size=0x00000040 ra=0x00100540
[p4:malloc] size=0x00000040 ra=0x001006bc
[p4:alloc-trap] live call#1 size=64 -> 0x00C2D6B0 ra=0x00100540
[p4:new2] size=0x00000018 ra=0x001b53e8
[p4:malloc] size=0x00000018 ra=0x001006bc
[p4:new2] size=0x00000018 ra=0x001b53e8
[p4:malloc] size=0x00000018 ra=0x001006bc
[p4:new2] size=0x00000070 ra=0x00100540
[p4:malloc] size=0x00000070 ra=0x001006bc
[Deci2:call] code=16 argsAddr=0x01ff7e50 a0=0x00225a80 a1=0x00000000 a2=0x001d0948 sessions=1
[Deci2Call:kputs] Init File System Begin
[p4:new2] size=0x00000160 ra=0x001b5df4
[p4:malloc] size=0x00000160 ra=0x001006bc
[gzmfs] OPEN fd=0 '\VOLUME.DAT;1' -> '<path>' size=132314355
[p4:sm] poll n=1 obj=0x00c253e8 ra=0x001b5e54
[p4:EndOfHeap] ret=0x01f00000 brk=0x00c2f000 a0=0x00021000 ra=0x0010f3b8
[p4:rd1] FUN_001b5ca0 obj=0x00c253e8 dst=0x00c2d930 len=0x00020000 ra=0x0019a168
[p4:sm] poll n=2 obj=0x00c253e8 ra=0x001b5cfc
[gzmfs] READ fd=0 pos=0 len=131072 -> 131072 dst=0x00C2D930
[p4:alarm] n=1 id=1 handler=0x0011c570 arg=0x01ff7e48 *arg=8
[p4:hdl] 11c570 entry a2=0x01ff7e48
[p4:isig] sid=8
[p4:wake-pre] sid=8 consumed=1
[p4:sm] poll n=3 obj=0x00c253e8 ra=0x001b5d14
[p4:EndOfHeap] ret=0x01f00000 brk=0x00c50000 a0=0x00006000 ra=0x0010f3b8
[p4:EndOfHeap] ret=0x01f00000 brk=0x00c56000 a0=0x00006000 ra=0x0010f3b8
[Deci2:call] code=16 argsAddr=0x01ff7e50 a0=0x00225a80 a1=0x00000000 a2=0x00000000 sessions=1
[Deci2Call:kputs] Init File System Done
[p4:new2] size=0x00000520 ra=0x00152efc
[p4:malloc] size=0x00000520 ra=0x001006bc
[p4:new2] size=0x00000048 ra=0x0013a61c
[p4:malloc] size=0x00000048 ra=0x001006bc
[p4:new2] size=0x0000002c ra=0x0013a638
[p4:malloc] size=0x0000002c ra=0x001006bc
[p4:new2] size=0x00010000 ra=0x00100540
[p4:malloc] size=0x00010000 ra=0x001006bc
[p4:EndOfHeap] ret=0x01f00000 brk=0x00c5c000 a0=0x00011000 ra=0x0010f3b8
[p4:new2] size=0x00001400 ra=0x0013a654
[p4:malloc] size=0x00001400 ra=0x001006bc
[p4:new2] size=0x0000002c ra=0x0013a7cc
[p4:malloc] size=0x0000002c ra=0x001006bc
[p4:gs-sprite] #1 ctx=0 tme=0 abe=1 FRAME fbp=0x0 fbw=10 psm=0x1 msk=0x00000000 | SCISSOR 0,0..639,223 | TEST=0x0000000000030003 | TEX0 tbp=0x0 tbw=0 psm=0x0 tw=1 th=1 tfx=0 | V0(1728.0,1936.0) V1(2368.0,2160.0) uv0(0,0) uv1(0,0) | XYOFFSET ofx=1728 ofy=1936 -> screen (0,0)..(640,224)
[p4:px] #1 WriteVram fbp_block=0x0 fbw=10 (x=0,y=0) psm=0x1 pixel=0x80000000
[p4:px] #2 WriteVram fbp_block=0x0 fbw=10 (x=1,y=0) psm=0x1 pixel=0x80000000
[p4:px] #3 WriteVram fbp_block=0x0 fbw=10 (x=2,y=0) psm=0x1 pixel=0x80000000
[p4:px] #4 WriteVram fbp_block=0x0 fbw=10 (x=3,y=0) psm=0x1 pixel=0x80000000
[p4:px] #5 WriteVram fbp_block=0x0 fbw=10 (x=4,y=0) psm=0x1 pixel=0x80000000
[p4:px] #6 WriteVram fbp_block=0x0 fbw=10 (x=5,y=0) psm=0x1 pixel=0x80000000
[p4:px] #7 WriteVram fbp_block=0x0 fbw=10 (x=6,y=0) psm=0x1 pixel=0x80000000
[p4:px] #8 WriteVram fbp_block=0x0 fbw=10 (x=7,y=0) psm=0x1 pixel=0x80000000
[p4:px] #100000 WriteVram fbp_block=0x0 fbw=10 (x=159,y=156) psm=0x1 pixel=0x80000000
[p4:isig] sid=9
[p4:isig] sid=10
[p4:isig] sid=9
[p4:isig] sid=10
[p4:gs-sprite] #2 ctx=0 tme=0 abe=1 FRAME fbp=0x8C0 fbw=10 psm=0x1 msk=0x00000000 | SCISSOR 0,0..639,223 | TEST=0x0000000000030003 | TEX0 tbp=0x0 tbw=0 psm=0x0 tw=1 th=1 tfx=0 | V0(1728.0,1936.0) V1(2368.0,2160.0) uv0(1,0) uv1(0,0) | XYOFFSET ofx=1728 ofy=1936 -> screen (0,0)..(640,224)
[p4:px] #200000 WriteVram fbp_block=0x8C0 fbw=10 (x=319,y=88) psm=0x1 pixel=0x80000000
[p4:isig] sid=9
[p4:isig] sid=10
[p4:gs-sprite] #3 ctx=0 tme=0 abe=1 FRAME fbp=0x0 fbw=10 psm=0x1 msk=0x00000000 | SCISSOR 0,0..639,223 | TEST=0x0000000000030003 | TEX0 tbp=0x0 tbw=0 psm=0x0 tw=1 th=1 tfx=0 | V0(1728.0,1936.0) V1(2368.0,2160.0) uv0(2,0) uv1(0,0) | XYOFFSET ofx=1728 ofy=1936 -> screen (0,0)..(640,224)
[p4:px] #300000 WriteVram fbp_block=0x0 fbw=10 (x=479,y=20) psm=0x1 pixel=0x80000000
[p4:px] #400000 WriteVram fbp_block=0x0 fbw=10 (x=639,y=176) psm=0x1 pixel=0x80000000
[p4:isig] sid=9
[p4:isig] sid=10
[p4:gs-sprite] #4 ctx=0 tme=0 abe=1 FRAME fbp=0x8C0 fbw=10 psm=0x1 msk=0x00000000 | SCISSOR 0,0..639,223 | TEST=0x0000000000030003 | TEX0 tbp=0x0 tbw=0 psm=0x0 tw=1 th=1 tfx=0 | V0(1728.0,1936.0) V1(2368.0,2160.0) uv0(3,0) uv1(0,0) | XYOFFSET ofx=1728 ofy=1936 -> screen (0,0)..(640,224)
[p4:px] #500000 WriteVram fbp_block=0x8C0 fbw=10 (x=159,y=109) psm=0x1 pixel=0x80000000
[p4:isig] sid=9
[p4:isig] sid=10
[p4:gs-sprite] #5 ctx=0 tme=0 abe=1 FRAME fbp=0x0 fbw=10 psm=0x1 msk=0x00000000 | SCISSOR 0,0..639,223 | TEST=0x0000000000030003 | TEX0 tbp=0x0 tbw=0 psm=0x0 tw=1 th=1 tfx=0 | V0(1728.0,1936.0) V1(2368.0,2160.0) uv0(4,0) uv1(0,0) | XYOFFSET ofx=1728 ofy=1936 -> screen (0,0)..(640,224)
[p4:px] #600000 WriteVram fbp_block=0x0 fbw=10 (x=319,y=41) psm=0x1 pixel=0x80000000
[p4:px] #700000 WriteVram fbp_block=0x0 fbw=10 (x=479,y=197) psm=0x1 pixel=0x80000000
[p4:isig] sid=9
[p4:isig] sid=10
[p4:gs-sprite] #6 ctx=0 tme=0 abe=1 FRAME fbp=0x8C0 fbw=10 psm=0x1 msk=0x00000000 | SCISSOR 0,0..639,223 | TEST=0x0000000000030003 | TEX0 tbp=0x0 tbw=0 psm=0x0 tw=1 th=1 tfx=0 | V0(1728.0,1936.0) V1(2368.0,2160.0) uv0(5,0) uv1(0,0) | XYOFFSET ofx=1728 ofy=1936 -> screen (0,0)..(640,224)
[p4:px] #800000 WriteVram fbp_block=0x8C0 fbw=10 (x=639,y=129) psm=0x1 pixel=0x80000000
[p4:isig] sid=9
[p4:isig] sid=10
[p4:gs-sprite] #7 ctx=0 tme=0 abe=1 FRAME fbp=0x0 fbw=10 psm=0x1 msk=0x00000000 | SCISSOR 0,0..639,223 | TEST=0x0000000000030003 | TEX0 tbp=0x0 tbw=0 psm=0x0 tw=1 th=1 tfx=0 | V0(1728.0,1936.0) V1(2368.0,2160.0) uv0(6,0) uv1(0,0) | XYOFFSET ofx=1728 ofy=1936 -> screen (0,0)..(640,224)
[p4:px] #900000 WriteVram fbp_block=0x0 fbw=10 (x=159,y=62) psm=0x1 pixel=0x80000000
[p4:px] #1000000 WriteVram fbp_block=0x0 fbw=10 (x=319,y=218) psm=0x1 pixel=0x80000000
[p4:isig] sid=9
[p4:isig] sid=10
[p4:new2] size=0x0000002c ra=0x00149e80
[p4:malloc] size=0x0000002c ra=0x001006bc
[p4:isig] sid=9
[p4:isig] sid=10
[p4:ld] load obj=0x00c64e50 size=0x00000000 ra=0x00149ed4
[p4:new2] size=0x000200e0 ra=0x00100540
[p4:malloc] size=0x000200e0 ra=0x001006bc
[p4:EndOfHeap] ret=0x01f00000 brk=0x00c6d000 a0=0x00021000 ra=0x0010f3b8
[p4:rd1] FUN_001b5ca0 obj=0x00c253e8 dst=0x00c64e80 len=0x000200e0 ra=0x0019a1d4
[p4:sm] poll n=4 obj=0x00c253e8 ra=0x001b5cfc
[gzmfs] SEEK fd=0 off=49723392 whence=0 -> pos=49723392
[p4:alarm] n=2 id=2 handler=0x0011c570 arg=0x01ff7e18 *arg=11
[p4:hdl] 11c570 entry a2=0x01ff7e18
[p4:isig] sid=11
[p4:wake-pre] sid=11 consumed=1
[p4:sm] poll n=5 obj=0x00c253e8 ra=0x001b5d14
[p4:isig] sid=9
[p4:isig] sid=10
[p4:alarm] n=3 id=3 handler=0x0011c570 arg=0x01ff7e18 *arg=12
[p4:hdl] 11c570 entry a2=0x01ff7e18
[p4:isig] sid=12
[p4:wake-pre] sid=12 consumed=1
[p4:sm] poll n=6 obj=0x00c253e8 ra=0x001b5d14
[gzmfs] READ fd=0 pos=49723392 len=131296 -> 131296 dst=0x00C64E80
[p4:isig] sid=9
[p4:isig] sid=10
[p4:alarm] n=4 id=4 handler=0x0011c570 arg=0x01ff7e18 *arg=13
[p4:hdl] 11c570 entry a2=0x01ff7e18
[p4:isig] sid=13
[p4:wake-pre] sid=13 consumed=1
[p4:sm] poll n=7 obj=0x00c253e8 ra=0x001b5d14
[p4:new2] size=0x00000060 ra=0x00100540
[p4:malloc] size=0x00000060 ra=0x001006bc
[p4:new2] size=0x0000002c ra=0x00149f48
[p4:malloc] size=0x0000002c ra=0x001006bc
[p4:ld] load obj=0x00c64e50 size=0x00000000 ra=0x00149f9c
[p4:new2] size=0x00001a5c ra=0x00100540
[p4:malloc] size=0x00001a5c ra=0x001006bc
[p4:rd1] FUN_001b5ca0 obj=0x00c253e8 dst=0x00c2d930 len=0x00020000 ra=0x0019a168
[p4:sm] poll n=8 obj=0x00c253e8 ra=0x001b5cfc
[gzmfs] SEEK fd=0 off=49715200 whence=0 -> pos=49715200
[p4:alarm] n=5 id=5 handler=0x0011c570 arg=0x01ff7e18 *arg=14
[p4:hdl] 11c570 entry a2=0x01ff7e18
[p4:isig] sid=14
[p4:wake-pre] sid=14 consumed=1
[p4:sm] poll n=9 obj=0x00c253e8 ra=0x001b5d14
[p4:alarm] n=6 id=6 handler=0x0011c570 arg=0x01ff7e18 *arg=15
[p4:hdl] 11c570 entry a2=0x01ff7e18
[p4:isig] sid=15
[p4:wake-pre] sid=15 consumed=1
[p4:sm] poll n=10 obj=0x00c253e8 ra=0x001b5d14
[gzmfs] READ fd=0 pos=49715200 len=131072 -> 131072 dst=0x00C2D930
[p4:isig] sid=9
[p4:isig] sid=10
[p4:alarm] n=7 id=7 handler=0x0011c570 arg=0x01ff7e18 *arg=16
[p4:hdl] 11c570 entry a2=0x01ff7e18
[p4:isig] sid=16
[p4:wake-pre] sid=16 consumed=1
[p4:sm] poll n=11 obj=0x00c253e8 ra=0x001b5d14
[p4:gs-sprite] #8 ctx=0 tme=0 abe=1 FRAME fbp=0x8C0 fbw=10 psm=0x1 msk=0x00000000 | SCISSOR 0,0..639,223 | TEST=0x0000000000030003 | TEX0 tbp=0x0 tbw=0 psm=0x0 tw=1 th=1 tfx=0 | V0(1728.0,1936.0) V1(2368.0,2160.0) uv0(7,0) uv1(0,0) | XYOFFSET ofx=1728 ofy=1936 -> screen (0,0)..(640,224)
[p4:px] #1100000 WriteVram fbp_block=0x8C0 fbw=10 (x=479,y=150) psm=0x1 pixel=0x80000000
[p4:gs-trx] #1 dir=0 dst=0x0 dbw=8 dpsm=0x2C rrw=512 rrh=512 pixels=262144
[p4:gs-trx] #2 dir=0 dst=0xED000 dbw=0 dpsm=0x0 rrw=8 rrh=2 pixels=16
[p4:gs-trx] #3 dir=0 dst=0xED040 dbw=0 dpsm=0x0 rrw=8 rrh=2 pixels=16
[p4:gs-trx] #4 dir=0 dst=0x0 dbw=0 dpsm=0x24 rrw=0 rrh=512 pixels=0
[p4:gs-trx] #5 dir=0 dst=0xED080 dbw=0 dpsm=0x0 rrw=8 rrh=2 pixels=16
[p4:gs-trx] #6 dir=0 dst=0xED0C0 dbw=0 dpsm=0x0 rrw=8 rrh=2 pixels=16
[p4:isig] sid=9
[p4:isig] sid=10
[p4:isig] sid=9
[p4:isig] sid=10
[p4:new2] size=0x00014700 ra=0x00100540
[p4:malloc] size=0x00014700 ra=0x001006bc
[p4:new2] size=0x00000030 ra=0x0014b994
[p4:malloc] size=0x00000030 ra=0x001006bc
[p4:new2] size=0x000002c0 ra=0x001e2548
[p4:malloc] size=0x000002c0 ra=0x001006bc
[mc] Init enter
[mc] Init exit
[mc] Sync idle -> -1
[mc] GetInfo port=0 slot=0 type=2 free=8192 fmt=1 result=0 fmtPtr=0x00C79820
[mc] GetInfo port=0 slot=0 type=2 free=8192 fmt=1 result=0 fmtPtr=0x00C79820
[p4:isig] sid=9
[p4:isig] sid=10
[p4:gs-sprite] #9 ctx=0 tme=0 abe=1 FRAME fbp=0x0 fbw=10 psm=0x1 msk=0x00000000 | SCISSOR 0,0..639,223 | TEST=0x0000000000030003 | TEX0 tbp=0x0 tbw=0 psm=0x0 tw=1 th=1 tfx=0 | V0(1728.0,1936.0) V1(2368.0,2160.0) uv0(1,0) uv1(0,0) | XYOFFSET ofx=1728 ofy=1936 -> screen (0,0)..(640,224)
[p4:px] #1200000 WriteVram fbp_block=0x0 fbw=10 (x=639,y=82) psm=0x1 pixel=0x80000000
[mc] GetDir port=0 slot=0 path='/BASLUS-20407/BASLUS-20407' maxent=8 table=0x00C795E0 result=-4 entries=0
[p4:isig] sid=9
[p4:isig] sid=10
[p4:gs-sprite] #10 ctx=0 tme=0 abe=1 FRAME fbp=0x8C0 fbw=10 psm=0x1 msk=0x00000000 | SCISSOR 0,0..639,223 | TEST=0x0000000000030003 | TEX0 tbp=0x0 tbw=0 psm=0x0 tw=1 th=1 tfx=0 | V0(1728.0,1936.0) V1(2368.0,2160.0) uv0(2816,141) uv1(0,0) | XYOFFSET ofx=1728 ofy=1936 -> screen (0,0)..(640,224)
[p4:px] #1300000 WriteVram fbp_block=0x8C0 fbw=10 (x=159,y=15) psm=0x1 pixel=0x80000000
[p4:px] #1400000 WriteVram fbp_block=0x8C0 fbw=10 (x=319,y=171) psm=0x1 pixel=0x80000000
[p4:isig] sid=9
[p4:isig] sid=10
[p4:gs-sprite] #11 ctx=0 tme=0 abe=1 FRAME fbp=0x0 fbw=10 psm=0x1 msk=0x00000000 | SCISSOR 0,0..639,223 | TEST=0x0000000000030003 | TEX0 tbp=0x0 tbw=0 psm=0x0 tw=1 th=1 tfx=0 | V0(1728.0,1936.0) V1(2368.0,2160.0) uv0(0,0) uv1(0,0) | XYOFFSET ofx=1728 ofy=1936 -> screen (0,0)..(640,224)
[p4:px] #1500000 WriteVram fbp_block=0x0 fbw=10 (x=479,y=103) psm=0x1 pixel=0x80000000
[p4:isig] sid=9
[p4:isig] sid=10
[p4:gs-sprite] #12 ctx=0 tme=0 abe=1 FRAME fbp=0x8C0 fbw=10 psm=0x1 msk=0x00000000 | SCISSOR 0,0..639,223 | TEST=0x0000000000030003 | TEX0 tbp=0x0 tbw=0 psm=0x0 tw=1 th=1 tfx=0 | V0(1728.0,1936.0) V1(2368.0,2160.0) uv0(5472,199) uv1(0,0) | XYOFFSET ofx=1728 ofy=1936 -> screen (0,0)..(640,224)
[p4:px] #1600000 WriteVram fbp_block=0x8C0 fbw=10 (x=639,y=35) psm=0x1 pixel=0x80000000
[p4:px] #1700000 WriteVram fbp_block=0x8C0 fbw=10 (x=159,y=192) psm=0x1 pixel=0x80000000
[p4:isig] sid=9
[p4:isig] sid=10
[p4:px] #1800000 WriteVram fbp_block=0x0 fbw=10 (x=319,y=124) psm=0x1 pixel=0x80000000
[p4:isig] sid=9
[p4:isig] sid=10
[p4:px] #1900000 WriteVram fbp_block=0x8C0 fbw=10 (x=479,y=56) psm=0x1 pixel=0x80000000
[p4:px] #2000000 WriteVram fbp_block=0x8C0 fbw=10 (x=639,y=212) psm=0x1 pixel=0x80000000
[p4:isig] sid=9
[p4:isig] sid=10
[p4:px] #2100000 WriteVram fbp_block=0x0 fbw=10 (x=159,y=145) psm=0x1 pixel=0x80000000
[p4:isig] sid=9
[p4:isig] sid=10
[p4:px] #2200000 WriteVram fbp_block=0x8C0 fbw=10 (x=319,y=77) psm=0x1 pixel=0x80000000
[p4:isig] sid=9
[p4:isig] sid=10
[p4:px] #2300000 WriteVram fbp_block=0x0 fbw=10 (x=479,y=9) psm=0x1 pixel=0x80000000
[p4:px] #2400000 WriteVram fbp_block=0x0 fbw=10 (x=639,y=165) psm=0x1 pixel=0x80000000
[p4:isig] sid=9
[p4:isig] sid=10
[p4:px] #2500000 WriteVram fbp_block=0x8C0 fbw=10 (x=159,y=98) psm=0x1 pixel=0x80000000
[p4:isig] sid=9
[p4:isig] sid=10
[p4:new2] size=0x0000002c ra=0x0014a3c4
[p4:malloc] size=0x0000002c ra=0x001006bc
[p4:ld] load obj=0x00c64e50 size=0x00000000 ra=0x0014a418
[p4:new2] size=0x00020430 ra=0x00100540
[p4:malloc] size=0x00020430 ra=0x001006bc
[p4:EndOfHeap] ret=0x01f00000 brk=0x00c8e000 a0=0x00021000 ra=0x0010f3b8
[p4:isig] sid=9
[p4:isig] sid=10
[p4:rd1] FUN_001b5ca0 obj=0x00c253e8 dst=0x00c86a40 len=0x00020430 ra=0x0019a1d4
[p4:sm] poll n=12 obj=0x00c253e8 ra=0x001b5cfc
[gzmfs] SEEK fd=0 off=90687488 whence=0 -> pos=90687488
[p4:alarm] n=8 id=8 handler=0x0011c570 arg=0x01ff7da8 *arg=17
[p4:hdl] 11c570 entry a2=0x01ff7da8
[p4:isig] sid=17
[p4:wake-pre] sid=17 consumed=1
[p4:sm] poll n=13 obj=0x00c253e8 ra=0x001b5d14
        ... [9,292 more [p4:isig] lines elided by export_logs.py] ...
[p4:alarm] n=9 id=9 handler=0x0011c570 arg=0x01ff7da8 *arg=18
[p4:hdl] 11c570 entry a2=0x01ff7da8
[p4:wake-pre] sid=18 consumed=1
[p4:sm] poll n=14 obj=0x00c253e8 ra=0x001b5d14
[gzmfs] READ fd=0 pos=90687488 len=132144 -> 132144 dst=0x00C86A40
[p4:alarm] n=10 id=10 handler=0x0011c570 arg=0x01ff7da8 *arg=19
[p4:hdl] 11c570 entry a2=0x01ff7da8
[p4:wake-pre] sid=19 consumed=1
[p4:sm] poll n=15 obj=0x00c253e8 ra=0x001b5d14
[p4:px] #2600000 WriteVram fbp_block=0x0 fbw=10 (x=319,y=30) psm=0x1 pixel=0x80000000
[p4:px] #2700000 WriteVram fbp_block=0x0 fbw=10 (x=479,y=186) psm=0x1 pixel=0x80000000
[p4:gs-trx] #7 dir=0 dst=0x69000 dbw=4 dpsm=0x0 rrw=256 rrh=128 pixels=32768
[p4:gs-trx] #8 dir=0 dst=0xED100 dbw=0 dpsm=0x0 rrw=16 rrh=16 pixels=256
[p4:malloc] size=0x00011ee0 ra=0x0014a818
[p4:sm] poll n=16 obj=0x00c253e8 ra=0x0014a8f0
[gzmfs] SEEK fd=0 off=131764224 whence=0 -> pos=131764224
[p4:px] #2800000 WriteVram fbp_block=0x8C0 fbw=10 (x=639,y=118) psm=0x1 pixel=0x80000000
[p4:px] #2900000 WriteVram fbp_block=0x8C0 fbw=10 (x=239,y=116) psm=0x1 pixel=0x80000000
[p4:sm] poll n=17 obj=0x00c253e8 ra=0x0014a8f0
[p4:px] #3000000 WriteVram fbp_block=0x0 fbw=10 (x=319,y=111) psm=0x1 pixel=0x80000000
[p4:px] #3100000 WriteVram fbp_block=0x0 fbw=10 (x=239,y=106) psm=0x1 pixel=0x80000007
[p4:sm] poll n=18 obj=0x00c253e8 ra=0x0014a8f0
[gzmfs] READ fd=0 pos=131764224 len=73440 -> 73440 dst=0x00C64E50
[p4:px] #3200000 WriteVram fbp_block=0x8C0 fbw=10 (x=639,y=103) psm=0x1 pixel=0x80000000
[p4:px] #3300000 WriteVram fbp_block=0x8C0 fbw=10 (x=239,y=96) psm=0x1 pixel=0x80000000
[p4:sm] poll n=19 obj=0x00c253e8 ra=0x0014a8f0
[p4:px] #3400000 WriteVram fbp_block=0x0 fbw=10 (x=319,y=96) psm=0x1 pixel=0x80000000
[p4:px] #3500000 WriteVram fbp_block=0x0 fbw=10 (x=239,y=86) psm=0x1 pixel=0x80000000
[p4:malloc] size=0x00000140 ra=0x0014a8a4
[p4:px] #3600000 WriteVram fbp_block=0x8C0 fbw=10 (x=639,y=88) psm=0x1 pixel=0x80000000
[p4:px] #3700000 WriteVram fbp_block=0x8C0 fbw=10 (x=239,y=76) psm=0x1 pixel=0x80000000
[p4:sm] poll n=20 obj=0x00c253e8 ra=0x0014a8f0
[gzmfs] SEEK fd=0 off=131837952 whence=0 -> pos=131837952
[p4:px] #3800000 WriteVram fbp_block=0x0 fbw=10 (x=319,y=81) psm=0x1 pixel=0x80000000
[p4:px] #3900000 WriteVram fbp_block=0x0 fbw=10 (x=239,y=66) psm=0x1 pixel=0x80000000
[p4:px] #4000000 WriteVram fbp_block=0x8C0 fbw=10 (x=639,y=73) psm=0x1 pixel=0x80000000
[p4:px] #4100000 WriteVram fbp_block=0x8C0 fbw=10 (x=239,y=56) psm=0x1 pixel=0x80000000
[gzmfs] READ fd=0 pos=131837952 len=320 -> 320 dst=0x00C76D40
[p4:px] #4200000 WriteVram fbp_block=0x0 fbw=10 (x=319,y=66) psm=0x1 pixel=0x80000000
[p4:px] #4300000 WriteVram fbp_block=0x0 fbw=10 (x=479,y=222) psm=0x1 pixel=0x80000000
[p4:new2] size=0x00000048 ra=0x0014a924
[p4:malloc] size=0x00000048 ra=0x001006bc
[p4:new2] size=0x00000b8c ra=0x0015f594
[p4:malloc] size=0x00000b8c ra=0x001006bc
[p4:new2] size=0x00000060 ra=0x00100540
[p4:malloc] size=0x00000060 ra=0x001006bc
[p4:px] #4400000 WriteVram fbp_block=0x8C0 fbw=10 (x=639,y=58) psm=0x1 pixel=0x80000000
[p4:px] #4500000 WriteVram fbp_block=0x8C0 fbw=10 (x=159,y=215) psm=0x1 pixel=0x80000000
[p4:new2] size=0x00000140 ra=0x00100540
[p4:malloc] size=0x00000140 ra=0x001006bc
[p4:px] #4600000 WriteVram fbp_block=0x0 fbw=10 (x=319,y=51) psm=0x1 pixel=0x80000000
[p4:px] #4700000 WriteVram fbp_block=0x0 fbw=10 (x=479,y=207) psm=0x1 pixel=0x80000000
[p4:px] #4800000 WriteVram fbp_block=0x8C0 fbw=10 (x=639,y=43) psm=0x1 pixel=0x80000000
[p4:px] #4900000 WriteVram fbp_block=0x8C0 fbw=10 (x=159,y=200) psm=0x1 pixel=0x80000000
[p4:px] #5000000 WriteVram fbp_block=0x0 fbw=10 (x=319,y=36) psm=0x1 pixel=0x80000000
[p4:px] #5100000 WriteVram fbp_block=0x0 fbw=10 (x=479,y=192) psm=0x1 pixel=0x80000000
[p4:px] #5200000 WriteVram fbp_block=0x8C0 fbw=10 (x=639,y=28) psm=0x1 pixel=0x80000000
        ... [2,439 more [p4:px] lines elided by export_logs.py] ...
[p4:vbl] ticks=300
[p4:gs-sprite] #500 ctx=0 tme=0 abe=1 FRAME fbp=0x8C0 fbw=10 psm=0x1 msk=0x00000000 | SCISSOR 0,0..639,223 | TEST=0x0000000000030003 | TEX0 tbp=0x0 tbw=0 psm=0x0 tw=1 th=1 tfx=0 | V0(1728.0,1936.0) V1(2368.0,2160.0) uv0(10816,200) uv1(0,0) | XYOFFSET ofx=1728 ofy=1936 -> screen (0,0)..(640,224)
[p4:EndOfHeap] ret=0x01f00000 brk=0x00caf000 a0=0x00000000 ra=0x0010f3b8
[p4:EndOfHeap] ret=0x01f00000 brk=0x00caf000 a0=0xfffd8000 ra=0x0010f3b8
[p4:malloc] size=0x000ca800 ra=0x001eefac
[p4:EndOfHeap] ret=0x01f00000 brk=0x00c87000 a0=0x000cb000 ra=0x0010f3b8
[p4:malloc] size=0x00003068 ra=0x001ebaec
[p4:EndOfHeap] ret=0x01f00000 brk=0x00d52000 a0=0x0032b000 ra=0x0010f3b8
[p4:EndOfHeap] ret=0x01f00000 brk=0x0107d000 a0=0x0009a000 ra=0x0010f3b8
[p4:EndOfHeap] ret=0x01f00000 brk=0x01117000 a0=0x001ca000 ra=0x0010f3b8
[p4:EndOfHeap] ret=0x01f00000 brk=0x012e1000 a0=0x00081000 ra=0x0010f3b8
[p4:EndOfHeap] ret=0x01f00000 brk=0x01362000 a0=0x00051000 ra=0x0010f3b8
[p4:EndOfHeap] ret=0x01f00000 brk=0x013b3000 a0=0x00000000 ra=0x0010f3b8
[p4:EndOfHeap] ret=0x01f00000 brk=0x013b3000 a0=0xff99f000 ra=0x0010f3b8
[Deci2:call] code=3 argsAddr=0x01ff7910 a0=0x00000001 a1=0x00000048 a2=0x00000073 sessions=1
[Deci2:call] code=-6 argsAddr=0x01f07fa0 a0=0x00000001 a1=0x20225800 a2=0x00000037 sessions=1
[Deci2Call:send] 7.....EH....Can't Open file cdrom0:/MOVIE/SPIKE.PSS;1

[p4:EndOfHeap] ret=0x01f00000 brk=0x00d52000 a0=0x00000000 ra=0x0010f3b8
[p4:EndOfHeap] ret=0x01f00000 brk=0x00d52000 a0=0xfff35000 ra=0x0010f3b8
[p4:malloc] size=0x000ca800 ra=0x001eefac
[p4:EndOfHeap] ret=0x01f00000 brk=0x00c87000 a0=0x000cb000 ra=0x0010f3b8
[p4:malloc] size=0x00003068 ra=0x001ebaec
[p4:EndOfHeap] ret=0x01f00000 brk=0x00d52000 a0=0x0032b000 ra=0x0010f3b8
[p4:EndOfHeap] ret=0x01f00000 brk=0x0107d000 a0=0x0009a000 ra=0x0010f3b8
[p4:EndOfHeap] ret=0x01f00000 brk=0x01117000 a0=0x001ca000 ra=0x0010f3b8
[p4:EndOfHeap] ret=0x01f00000 brk=0x012e1000 a0=0x00081000 ra=0x0010f3b8
[p4:EndOfHeap] ret=0x01f00000 brk=0x01362000 a0=0x00051000 ra=0x0010f3b8
[p4:EndOfHeap] ret=0x01f00000 brk=0x013b3000 a0=0x00000000 ra=0x0010f3b8
[p4:EndOfHeap] ret=0x01f00000 brk=0x013b3000 a0=0xff99f000 ra=0x0010f3b8
[Deci2:call] code=3 argsAddr=0x01ff7910 a0=0x00000001 a1=0x00000048 a2=0x00000073 sessions=1
[Deci2:call] code=-6 argsAddr=0x01f07fa0 a0=0x00000001 a1=0x20225800 a2=0x00000039 sessions=1
[Deci2Call:send] 9.....EH....Can't Open file cdrom0:/MOVIE/ACQUIRE.PSS;1

[p4:EndOfHeap] ret=0x01f00000 brk=0x00d52000 a0=0x00000000 ra=0x0010f3b8
[p4:EndOfHeap] ret=0x01f00000 brk=0x00d52000 a0=0xfff35000 ra=0x0010f3b8
[p4:new2] size=0x00002bc0 ra=0x00152c5c
[p4:malloc] size=0x00002bc0 ra=0x001006bc
[p4:malloc] size=0x004958c0 ra=0x0014bec8
[p4:EndOfHeap] ret=0x01f00000 brk=0x00c87000 a0=0x00496000 ra=0x0010f3b8
[gzmfs] SEEK fd=0 off=2007040 whence=0 -> pos=2007040
[gzmfs] READ fd=0 pos=2007040 len=4806848 -> 4806848 dst=0x00C86A40
[p4:malloc] size=0x0075e000 ra=0x00157d68
[p4:EndOfHeap] ret=0x01f00000 brk=0x0111d000 a0=0x0075f000 ra=0x0010f3b8
[p4:vbl] ticks=600
[p4:malloc] size=0x0000000c ra=0x00157da0
[p4:malloc] size=0x00001390 ra=0x00157dc0
[p4:new2] size=0x0016f241 ra=0x00100540
[p4:malloc] size=0x0016f241 ra=0x001006bc
[gzmfs] SEEK fd=0 off=104867840 whence=0 -> pos=104867840
[gzmfs] READ fd=0 pos=104867840 len=1503809 -> 1503809 dst=0x00C86A40
[p4:new2] size=0x00000040 ra=0x0019ce38
[p4:malloc] size=0x00000040 ra=0x001006bc
[p4:malloc] size=0x00000ad8 ra=0x001b4208
[p4:new2] size=0x00000018 ra=0x001b4274
[p4:malloc] size=0x00000018 ra=0x001006bc
[p4:wake-pre] sid=7 consumed=1
[sceSifSetDma:CALL] pc=0x10f020 ra=0x11c070 list=0x22bbc0 count=1
[sceSifSetDma:DESC] i=0 src=0xc87540 dst=0x10000 size=0x10000 attr=0x0 pc=0x10f020 ra=0x11c070
[sceSifSetDma:CALL] pc=0x10f020 ra=0x11c070 list=0x22bbc0 count=1
[sceSifSetDma:DESC] i=0 src=0xc97540 dst=0x10000 size=0x10000 attr=0x0 pc=0x10f020 ra=0x11c070
[sceSifSetDma:CALL] pc=0x10f020 ra=0x11c070 list=0x22bbc0 count=1
[sceSifSetDma:DESC] i=0 src=0xca7540 dst=0x10000 size=0x10000 attr=0x0 pc=0x10f020 ra=0x11c070
[sceSifSetDma:CALL] pc=0x10f020 ra=0x11c070 list=0x22bbc0 count=1
[sceSifSetDma:DESC] i=0 src=0xcb7540 dst=0x10000 size=0x10000 attr=0x0 pc=0x10f020 ra=0x11c070
[sceSifSetDma:CALL] pc=0x10f020 ra=0x11c070 list=0x22bbc0 count=1
[sceSifSetDma:DESC] i=0 src=0xcc7540 dst=0x10000 size=0x10000 attr=0x0 pc=0x10f020 ra=0x11c070
[sceSifSetDma:CALL] pc=0x10f020 ra=0x11c070 list=0x22bbc0 count=1
[sceSifSetDma:DESC] i=0 src=0xcd7540 dst=0x10000 size=0x10000 attr=0x0 pc=0x10f020 ra=0x11c070
[sceSifSetDma:CALL] pc=0x10f020 ra=0x11c070 list=0x22bbc0 count=1
[sceSifSetDma:DESC] i=0 src=0xce7540 dst=0x10000 size=0x10000 attr=0x0 pc=0x10f020 ra=0x11c070
[sceSifSetDma:CALL] pc=0x10f020 ra=0x11c070 list=0x22bbc0 count=1
[sceSifSetDma:DESC] i=0 src=0xcf7540 dst=0x10000 size=0x10000 attr=0x0 pc=0x10f020 ra=0x11c070
[sceSifSetDma:CALL] pc=0x10f020 ra=0x11c070 list=0x22bbc0 count=1
[sceSifSetDma:DESC] i=0 src=0xd07540 dst=0x10000 size=0x10000 attr=0x0 pc=0x10f020 ra=0x11c070
[sceSifSetDma:CALL] pc=0x10f020 ra=0x11c070 list=0x22bbc0 count=1
[sceSifSetDma:DESC] i=0 src=0xd17540 dst=0x10000 size=0x10000 attr=0x0 pc=0x10f020 ra=0x11c070
[sceSifSetDma:CALL] pc=0x10f020 ra=0x11c070 list=0x22bbc0 count=1
[sceSifSetDma:DESC] i=0 src=0xd27540 dst=0x10000 size=0x10000 attr=0x0 pc=0x10f020 ra=0x11c070
[sceSifSetDma:CALL] pc=0x10f020 ra=0x11c070 list=0x22bbc0 count=1
[sceSifSetDma:DESC] i=0 src=0xd37540 dst=0x10000 size=0x10000 attr=0x0 pc=0x10f020 ra=0x11c070
[p4:malloc] size=0x000002f0 ra=0x0014bfc8
[sceSifSetDma:CALL] pc=0x10f020 ra=0x11c070 list=0x22bbc0 count=1
[sceSifSetDma:DESC] i=0 src=0xd47540 dst=0x10000 size=0x10000 attr=0x0 pc=0x10f020 ra=0x11c070
[sceSifSetDma:CALL] pc=0x10f020 ra=0x11c070 list=0x22bbc0 count=1
[sceSifSetDma:DESC] i=0 src=0xd57540 dst=0x10000 size=0x10000 attr=0x0 pc=0x10f020 ra=0x11c070
[sceSifSetDma:CALL] pc=0x10f020 ra=0x11c070 list=0x22bbc0 count=1
[sceSifSetDma:DESC] i=0 src=0xd67540 dst=0x10000 size=0x10000 attr=0x0 pc=0x10f020 ra=0x11c070
[sceSifSetDma:CALL] pc=0x10f020 ra=0x11c070 list=0x22bbc0 count=1
[sceSifSetDma:DESC] i=0 src=0xd77540 dst=0x10000 size=0x10000 attr=0x0 pc=0x10f020 ra=0x11c070
[sceSifSetDma:CALL] pc=0x10f020 ra=0x11c070 list=0x22bbc0 count=1
[sceSifSetDma:DESC] i=0 src=0xd87540 dst=0x10000 size=0x10000 attr=0x0 pc=0x10f020 ra=0x11c070
[sceSifSetDma:CALL] pc=0x10f020 ra=0x11c070 list=0x22bbc0 count=1
[sceSifSetDma:DESC] i=0 src=0xd97540 dst=0x10000 size=0x10000 attr=0x0 pc=0x10f020 ra=0x11c070
[sceSifSetDma:CALL] pc=0x10f020 ra=0x11c070 list=0x22bbc0 count=1
[sceSifSetDma:DESC] i=0 src=0xda7540 dst=0x10000 size=0x10000 attr=0x0 pc=0x10f020 ra=0x11c070
[sceSifSetDma:CALL] pc=0x10f020 ra=0x11c070 list=0x22bbc0 count=1
[sceSifSetDma:DESC] i=0 src=0xdb7540 dst=0x10000 size=0x10000 attr=0x0 pc=0x10f020 ra=0x11c070
[sceSifSetDma:CALL] pc=0x10f020 ra=0x11c070 list=0x22bbc0 count=1
[sceSifSetDma:DESC] i=0 src=0xdc7540 dst=0x10000 size=0x10000 attr=0x0 pc=0x10f020 ra=0x11c070
[sceSifSetDma:CALL] pc=0x10f020 ra=0x11c070 list=0x22bbc0 count=1
[sceSifSetDma:DESC] i=0 src=0xdd7540 dst=0x10000 size=0x10000 attr=0x0 pc=0x10f020 ra=0x11c070
[sceSifSetDma:CALL] pc=0x10f020 ra=0x11c070 list=0x22bbc0 count=1
[sceSifSetDma:DESC] i=0 src=0xde7540 dst=0x10000 size=0xe740 attr=0x0 pc=0x10f020 ra=0x11c070
[gzmfs] SEEK fd=0 off=43862016 whence=0 -> pos=43862016
[gzmfs] READ fd=0 pos=43862016 len=752 -> 752 dst=0x00DF67E0
[p4:malloc] size=0x00001800 ra=0x00157d68
[p4:malloc] size=0x0000000c ra=0x00157da0
[p4:malloc] size=0x00001390 ra=0x00157dc0
[p4:malloc] size=0x000008c4 ra=0x0014c040
[gzmfs] SEEK fd=0 off=49186816 whence=0 -> pos=49186816
[gzmfs] READ fd=0 pos=49186816 len=2244 -> 2244 dst=0x00DF96A0
[p4:malloc] size=0x000093e0 ra=0x0014c0c8
[gzmfs] SEEK fd=0 off=96229376 whence=0 -> pos=96229376
[gzmfs] READ fd=0 pos=96229376 len=37856 -> 37856 dst=0x00DF9F70
[p4:malloc] size=0x00006bd0 ra=0x0014c144
[gzmfs] SEEK fd=0 off=96200704 whence=0 -> pos=96200704
[gzmfs] READ fd=0 pos=96200704 len=27600 -> 27600 dst=0x00E03360
[p4:malloc] size=0x00000134 ra=0x0014c1c0
[gzmfs] SEEK fd=0 off=96198656 whence=0 -> pos=96198656
[gzmfs] READ fd=0 pos=96198656 len=308 -> 308 dst=0x00E09F40
[p4:malloc] size=0x0002fb90 ra=0x001337cc
[gzmfs] SEEK fd=0 off=47202304 whence=0 -> pos=47202304
[gzmfs] READ fd=0 pos=47202304 len=195472 -> 195472 dst=0x00E0A080
[p4:new2] size=0x00000008 ra=0x00135764
[p4:malloc] size=0x00000008 ra=0x001006bc
[p4:new2] size=0x00000008 ra=0x00135764
[p4:malloc] size=0x00000008 ra=0x001006bc
[p4:new2] size=0x00000008 ra=0x00135764
[p4:malloc] size=0x00000008 ra=0x001006bc
[p4:new2] size=0x00000008 ra=0x00135764
[p4:malloc] size=0x00000008 ra=0x001006bc
[p4:malloc] size=0x0002c790 ra=0x001337cc
[gzmfs] SEEK fd=0 off=415744 whence=0 -> pos=415744
[gzmfs] READ fd=0 pos=415744 len=182160 -> 182160 dst=0x00E0A0C0
[p4:new2] size=0x00000008 ra=0x00135764
[p4:malloc] size=0x00000008 ra=0x001006bc
[p4:new2] size=0x00000008 ra=0x00135764
[p4:malloc] size=0x00000008 ra=0x001006bc
[p4:new2] size=0x00000008 ra=0x00135764
[p4:malloc] size=0x00000008 ra=0x001006bc
[p4:new2] size=0x00000008 ra=0x00135764
[p4:malloc] size=0x00000008 ra=0x001006bc
[p4:vbl] ticks=900
[p4:gs-sprite] #1000 ctx=0 tme=1 abe=1 FRAME fbp=0x0 fbw=10 psm=0x1 msk=0x00000000 | SCISSOR 0,0..639,223 | TEST=0x000000000005001B | TEX0 tbp=0x71000 tbw=2 psm=0x13 tw=128 th=512 tfx=0 | V0(2203.0,2086.0) V1(2331.0,2150.0) uv0(16,16) uv1(2032,2032) | XYOFFSET ofx=1728 ofy=1936 -> screen (475,150)..(603,214)
[p4:gs-sprite] #1500 ctx=0 tme=1 abe=1 FRAME fbp=0x0 fbw=10 psm=0x1 msk=0x00000000 | SCISSOR 0,0..639,223 | TEST=0x000000000005001B | TEX0 tbp=0x71000 tbw=2 psm=0x13 tw=128 th=512 tfx=0 | V0(2212.0,2092.5) V1(2340.0,2156.5) uv0(16,16) uv1(2032,2032) | XYOFFSET ofx=1728 ofy=1936 -> screen (484,156)..(612,220)
[p4:gs-sprite] #2000 ctx=0 tme=1 abe=1 FRAME fbp=0x0 fbw=10 psm=0x1 msk=0x00000000 | SCISSOR 0,0..639,223 | TEST=0x000000000005001B | TEX0 tbp=0x71000 tbw=2 psm=0x13 tw=128 th=512 tfx=0 | V0(2210.0,2089.5) V1(2338.0,2153.5) uv0(16,16) uv1(2032,2032) | XYOFFSET ofx=1728 ofy=1936 -> screen (482,153)..(610,217)
[p4:gs-sprite] #2500 ctx=0 tme=1 abe=1 FRAME fbp=0x0 fbw=10 psm=0x1 msk=0x00000000 | SCISSOR 0,0..639,223 | TEST=0x000000000005001B | TEX0 tbp=0x71000 tbw=2 psm=0x13 tw=128 th=512 tfx=0 | V0(2208.0,2086.5) V1(2336.0,2150.5) uv0(16,16) uv1(2032,2032) | XYOFFSET ofx=1728 ofy=1936 -> screen (480,150)..(608,214)
[p4:gs-sprite] #3000 ctx=0 tme=1 abe=1 FRAME fbp=0x0 fbw=10 psm=0x1 msk=0x00000000 | SCISSOR 0,0..639,223 | TEST=0x000000000005001B | TEX0 tbp=0x71000 tbw=2 psm=0x13 tw=128 th=512 tfx=0 | V0(2204.0,2090.5) V1(2332.0,2154.5) uv0(16,16) uv1(2032,2032) | XYOFFSET ofx=1728 ofy=1936 -> screen (476,154)..(604,218)
[p4:vbl] ticks=1200
[p4:gs-sprite] #3500 ctx=0 tme=1 abe=1 FRAME fbp=0x0 fbw=10 psm=0x1 msk=0x00000000 | SCISSOR 0,0..639,223 | TEST=0x000000000005001B | TEX0 tbp=0x71000 tbw=2 psm=0x13 tw=128 th=512 tfx=0 | V0(2216.0,2089.5) V1(2344.0,2153.5) uv0(16,16) uv1(2032,2032) | XYOFFSET ofx=1728 ofy=1936 -> screen (488,153)..(616,217)
[p4:gs-sprite] #4000 ctx=0 tme=1 abe=1 FRAME fbp=0x0 fbw=10 psm=0x1 msk=0x00000000 | SCISSOR 0,0..639,223 | TEST=0x000000000005001B | TEX0 tbp=0x71000 tbw=2 psm=0x13 tw=128 th=512 tfx=0 | V0(2214.0,2086.5) V1(2342.0,2150.5) uv0(16,16) uv1(2032,2032) | XYOFFSET ofx=1728 ofy=1936 -> screen (486,150)..(614,214)
[p4:gs-sprite] #4500 ctx=0 tme=1 abe=1 FRAME fbp=0x0 fbw=10 psm=0x1 msk=0x00000000 | SCISSOR 0,0..639,223 | TEST=0x000000000005001B | TEX0 tbp=0x71000 tbw=2 psm=0x13 tw=128 th=512 tfx=0 | V0(2210.0,2090.5) V1(2338.0,2154.5) uv0(16,16) uv1(2032,2032) | XYOFFSET ofx=1728 ofy=1936 -> screen (482,154)..(610,218)
[p4:gs-sprite] #5000 ctx=0 tme=1 abe=1 FRAME fbp=0x0 fbw=10 psm=0x1 msk=0x00000000 | SCISSOR 0,0..639,223 | TEST=0x000000000005001B | TEX0 tbp=0x71000 tbw=2 psm=0x13 tw=128 th=512 tfx=0 | V0(2208.0,2087.5) V1(2336.0,2151.5) uv0(16,16) uv1(2032,2032) | XYOFFSET ofx=1728 ofy=1936 -> screen (480,151)..(608,215)
[p4:gs-sprite] #5500 ctx=0 tme=1 abe=1 FRAME fbp=0x0 fbw=10 psm=0x1 msk=0x00000000 | SCISSOR 0,0..639,223 | TEST=0x000000000005001B | TEX0 tbp=0x71000 tbw=2 psm=0x13 tw=128 th=512 tfx=0 | V0(2204.0,2091.5) V1(2332.0,2155.5) uv0(16,16) uv1(2032,2032) | XYOFFSET ofx=1728 ofy=1936 -> screen (476,155)..(604,219)
[p4:gs-sprite] #6000 ctx=0 tme=1 abe=1 FRAME fbp=0x0 fbw=10 psm=0x1 msk=0x00000000 | SCISSOR 0,0..639,223 | TEST=0x000000000005001B | TEX0 tbp=0x71000 tbw=2 psm=0x13 tw=128 th=512 tfx=0 | V0(2216.0,2090.5) V1(2344.0,2154.5) uv0(16,16) uv1(2032,2032) | XYOFFSET ofx=1728 ofy=1936 -> screen (488,154)..(616,218)
[p4:gs-sprite] #6500 ctx=0 tme=1 abe=1 FRAME fbp=0x0 fbw=10 psm=0x1 msk=0x00000000 | SCISSOR 0,0..639,223 | TEST=0x000000000005001B | TEX0 tbp=0x71000 tbw=2 psm=0x13 tw=128 th=512 tfx=0 | V0(2214.0,2087.5) V1(2342.0,2151.5) uv0(16,16) uv1(2032,2032) | XYOFFSET ofx=1728 ofy=1936 -> screen (486,151)..(614,215)
[p4:gs-sprite] #7000 ctx=0 tme=1 abe=1 FRAME fbp=0x0 fbw=10 psm=0x1 msk=0x00000000 | SCISSOR 0,0..639,223 | TEST=0x000000000005001B | TEX0 tbp=0x71000 tbw=2 psm=0x13 tw=128 th=512 tfx=0 | V0(2210.0,2091.5) V1(2338.0,2155.5) uv0(16,16) uv1(2032,2032) | XYOFFSET ofx=1728 ofy=1936 -> screen (482,155)..(610,219)
[p4:gs-sprite] #7500 ctx=0 tme=1 abe=1 FRAME fbp=0x0 fbw=10 psm=0x1 msk=0x00000000 | SCISSOR 0,0..639,223 | TEST=0x000000000005001B | TEX0 tbp=0x71000 tbw=2 psm=0x13 tw=128 th=512 tfx=0 | V0(2208.0,2088.5) V1(2336.0,2152.5) uv0(16,16) uv1(2032,2032) | XYOFFSET ofx=1728 ofy=1936 -> screen (480,152)..(608,216)
[p4:gs-sprite] #8000 ctx=0 tme=1 abe=1 FRAME fbp=0x0 fbw=10 psm=0x1 msk=0x00000000 | SCISSOR 0,0..639,223 | TEST=0x000000000005001B | TEX0 tbp=0x71000 tbw=2 psm=0x13 tw=128 th=512 tfx=0 | V0(2204.0,2092.5) V1(2332.0,2156.5) uv0(16,16) uv1(2032,2032) | XYOFFSET ofx=1728 ofy=1936 -> screen (476,156)..(604,220)
[p4:gs-sprite] #8500 ctx=0 tme=1 abe=1 FRAME fbp=0x0 fbw=10 psm=0x1 msk=0x00000000 | SCISSOR 0,0..639,223 | TEST=0x000000000005001B | TEX0 tbp=0x71000 tbw=2 psm=0x13 tw=128 th=512 tfx=0 | V0(2216.0,2091.5) V1(2344.0,2155.5) uv0(16,16) uv1(2032,2032) | XYOFFSET ofx=1728 ofy=1936 -> screen (488,155)..(616,219)
[p4:gs-sprite] #9000 ctx=0 tme=1 abe=1 FRAME fbp=0x0 fbw=10 psm=0x1 msk=0x00000000 | SCISSOR 0,0..639,223 | TEST=0x000000000005001B | TEX0 tbp=0x71000 tbw=2 psm=0x13 tw=128 th=512 tfx=0 | V0(2214.0,2088.5) V1(2342.0,2152.5) uv0(16,16) uv1(2032,2032) | XYOFFSET ofx=1728 ofy=1936 -> screen (486,152)..(614,216)
[p4:gs-sprite] #9500 ctx=0 tme=1 abe=1 FRAME fbp=0x0 fbw=10 psm=0x1 msk=0x00000000 | SCISSOR 0,0..639,223 | TEST=0x000000000005001B | TEX0 tbp=0x71000 tbw=2 psm=0x13 tw=128 th=512 tfx=0 | V0(2210.0,2092.5) V1(2338.0,2156.5) uv0(16,16) uv1(2032,2032) | XYOFFSET ofx=1728 ofy=1936 -> screen (482,156)..(610,220)
[p4:gs-sprite] #10000 ctx=0 tme=1 abe=1 FRAME fbp=0x0 fbw=10 psm=0x1 msk=0x00000000 | SCISSOR 0,0..639,223 | TEST=0x000000000005001B | TEX0 tbp=0x71000 tbw=2 psm=0x13 tw=128 th=512 tfx=0 | V0(2208.0,2089.5) V1(2336.0,2153.5) uv0(16,16) uv1(2032,2032) | XYOFFSET ofx=1728 ofy=1936 -> screen (480,153)..(608,217)
[p4:gs-sprite] #10500 ctx=0 tme=1 abe=1 FRAME fbp=0x0 fbw=10 psm=0x1 msk=0x00000000 | SCISSOR 0,0..639,223 | TEST=0x000000000005001B | TEX0 tbp=0x71000 tbw=2 psm=0x13 tw=128 th=512 tfx=0 | V0(2206.0,2086.5) V1(2334.0,2150.5) uv0(16,16) uv1(2032,2032) | XYOFFSET ofx=1728 ofy=1936 -> screen (478,150)..(606,214)
[p4:gs-sprite] #11000 ctx=0 tme=1 abe=1 FRAME fbp=0x0 fbw=10 psm=0x1 msk=0x00000000 | SCISSOR 0,0..639,223 | TEST=0x000000000005001B | TEX0 tbp=0x71000 tbw=2 psm=0x13 tw=128 th=512 tfx=0 | V0(2216.0,2092.5) V1(2344.0,2156.5) uv0(16,16) uv1(2032,2032) | XYOFFSET ofx=1728 ofy=1936 -> screen (488,156)..(616,220)
[p4:gs-sprite] #11500 ctx=0 tme=1 abe=1 FRAME fbp=0x0 fbw=10 psm=0x1 msk=0x00000000 | SCISSOR 0,0..639,223 | TEST=0x000000000005001B | TEX0 tbp=0x71000 tbw=2 psm=0x13 tw=128 th=512 tfx=0 | V0(2214.0,2089.5) V1(2342.0,2153.5) uv0(16,16) uv1(2032,2032) | XYOFFSET ofx=1728 ofy=1936 -> screen (486,153)..(614,217)
[p4:gs-sprite] #12000 ctx=0 tme=1 abe=1 FRAME fbp=0x0 fbw=10 psm=0x1 msk=0x00000000 | SCISSOR 0,0..639,223 | TEST=0x000000000005001B | TEX0 tbp=0x71000 tbw=2 psm=0x13 tw=128 th=512 tfx=0 | V0(2212.0,2086.5) V1(2340.0,2150.5) uv0(16,16) uv1(2032,2032) | XYOFFSET ofx=1728 ofy=1936 -> screen (484,150)..(612,214)
[p4:vbl] ticks=1500
[p4:gs-sprite] #12500 ctx=0 tme=1 abe=1 FRAME fbp=0x0 fbw=10 psm=0x1 msk=0x00000000 | SCISSOR 0,0..639,223 | TEST=0x000000000005001B | TEX0 tbp=0x71000 tbw=2 psm=0x13 tw=128 th=512 tfx=0 | V0(2208.0,2090.5) V1(2336.0,2154.5) uv0(16,16) uv1(2032,2032) | XYOFFSET ofx=1728 ofy=1936 -> screen (480,154)..(608,218)
[p4:gs-sprite] #13000 ctx=0 tme=1 abe=1 FRAME fbp=0x0 fbw=10 psm=0x1 msk=0x00000000 | SCISSOR 0,0..639,223 | TEST=0x000000000005001B | TEX0 tbp=0x71000 tbw=2 psm=0x13 tw=128 th=512 tfx=0 | V0(2206.0,2087.5) V1(2334.0,2151.5) uv0(16,16) uv1(2032,2032) | XYOFFSET ofx=1728 ofy=1936 -> screen (478,151)..(606,215)
[p4:gs-sprite] #13500 ctx=0 tme=1 abe=1 FRAME fbp=0x0 fbw=10 psm=0x1 msk=0x00000000 | SCISSOR 0,0..639,223 | TEST=0x000000000005001B | TEX0 tbp=0x71000 tbw=2 psm=0x13 tw=128 th=512 tfx=0 | V0(2203.0,2086.0) V1(2331.0,2150.0) uv0(16,16) uv1(2032,2032) | XYOFFSET ofx=1728 ofy=1936 -> screen (475,150)..(603,214)
[p4:gs-sprite] #14000 ctx=0 tme=1 abe=1 FRAME fbp=0x0 fbw=10 psm=0x1 msk=0x00000000 | SCISSOR 0,0..639,223 | TEST=0x000000000005001B | TEX0 tbp=0x71000 tbw=2 psm=0x13 tw=128 th=512 tfx=0 | V0(2214.0,2090.5) V1(2342.0,2154.5) uv0(16,16) uv1(2032,2032) | XYOFFSET ofx=1728 ofy=1936 -> screen (486,154)..(614,218)
[p4:gs-sprite] #14500 ctx=0 tme=1 abe=1 FRAME fbp=0x0 fbw=10 psm=0x1 msk=0x00000000 | SCISSOR 0,0..639,223 | TEST=0x000000000005001B | TEX0 tbp=0x71000 tbw=2 psm=0x13 tw=128 th=512 tfx=0 | V0(2212.0,2087.5) V1(2340.0,2151.5) uv0(16,16) uv1(2032,2032) | XYOFFSET ofx=1728 ofy=1936 -> screen (484,151)..(612,215)
[p4:gs-sprite] #15000 ctx=0 tme=1 abe=1 FRAME fbp=0x0 fbw=10 psm=0x1 msk=0x00000000 | SCISSOR 0,0..639,223 | TEST=0x000000000005001B | TEX0 tbp=0x71000 tbw=2 psm=0x13 tw=128 th=512 tfx=0 | V0(2208.0,2091.5) V1(2336.0,2155.5) uv0(16,16) uv1(2032,2032) | XYOFFSET ofx=1728 ofy=1936 -> screen (480,155)..(608,219)
[p4:gs-sprite] #15500 ctx=0 tme=1 abe=1 FRAME fbp=0x0 fbw=10 psm=0x1 msk=0x00000000 | SCISSOR 0,0..639,223 | TEST=0x000000000005001B | TEX0 tbp=0x71000 tbw=2 psm=0x13 tw=128 th=512 tfx=0 | V0(2206.0,2088.5) V1(2334.0,2152.5) uv0(16,16) uv1(2032,2032) | XYOFFSET ofx=1728 ofy=1936 -> screen (478,152)..(606,216)
[p4:gs-sprite] #16000 ctx=0 tme=0 abe=1 FRAME fbp=0x0 fbw=10 psm=0x1 msk=0x00000000 | SCISSOR 0,0..639,223 | TEST=0x0000000000030003 | TEX0 tbp=0x0 tbw=0 psm=0x0 tw=1 th=1 tfx=0 | V0(1728.0,1936.0) V1(2368.0,2160.0) uv0(0,0) uv1(0,0) | XYOFFSET ofx=1728 ofy=1936 -> screen (0,0)..(640,224)
[p4:gs-sprite] #16500 ctx=0 tme=1 abe=1 FRAME fbp=0x0 fbw=10 psm=0x1 msk=0x00000000 | SCISSOR 0,0..639,223 | TEST=0x000000000005001B | TEX0 tbp=0x71000 tbw=2 psm=0x13 tw=128 th=512 tfx=0 | V0(2214.0,2091.5) V1(2342.0,2155.5) uv0(16,16) uv1(2032,2032) | XYOFFSET ofx=1728 ofy=1936 -> screen (486,155)..(614,219)
[p4:gs-sprite] #17000 ctx=0 tme=1 abe=1 FRAME fbp=0x0 fbw=10 psm=0x1 msk=0x00000000 | SCISSOR 0,0..639,223 | TEST=0x000000000005001B | TEX0 tbp=0x71000 tbw=2 psm=0x13 tw=128 th=512 tfx=0 | V0(2212.0,2088.5) V1(2340.0,2152.5) uv0(16,16) uv1(2032,2032) | XYOFFSET ofx=1728 ofy=1936 -> screen (484,152)..(612,216)
[p4:gs-sprite] #17500 ctx=0 tme=1 abe=1 FRAME fbp=0x0 fbw=10 psm=0x1 msk=0x00000000 | SCISSOR 0,0..639,223 | TEST=0x000000000005001B | TEX0 tbp=0x71000 tbw=2 psm=0x13 tw=128 th=512 tfx=0 | V0(2208.0,2092.5) V1(2336.0,2156.5) uv0(16,16) uv1(2032,2032) | XYOFFSET ofx=1728 ofy=1936 -> screen (480,156)..(608,220)
[p4:gs-sprite] #18000 ctx=0 tme=1 abe=1 FRAME fbp=0x0 fbw=10 psm=0x1 msk=0x00000000 | SCISSOR 0,0..639,223 | TEST=0x000000000005001B | TEX0 tbp=0x71000 tbw=2 psm=0x13 tw=128 th=512 tfx=0 | V0(2206.0,2089.5) V1(2334.0,2153.5) uv0(16,16) uv1(2032,2032) | XYOFFSET ofx=1728 ofy=1936 -> screen (478,153)..(606,217)
[p4:gs-sprite] #18500 ctx=0 tme=1 abe=1 FRAME fbp=0x0 fbw=10 psm=0x1 msk=0x00000000 | SCISSOR 0,0..639,223 | TEST=0x000000000005001B | TEX0 tbp=0x71000 tbw=2 psm=0x13 tw=128 th=512 tfx=0 | V0(2204.0,2086.5) V1(2332.0,2150.5) uv0(16,16) uv1(2032,2032) | XYOFFSET ofx=1728 ofy=1936 -> screen (476,150)..(604,214)
[p4:px] #249200000 WriteVram fbp_block=0x0 fbw=10 (x=591,y=15) psm=0x1 pixel=0x80000000
[p4:px] #249300000 WriteVram fbp_block=0x0 fbw=10 (x=111,y=172) psm=0x1 pixel=0x80000000
[p4:px] #249400000 WriteVram fbp_block=0x0 fbw=10 (x=271,y=104) psm=0x1 pixel=0x80474747
[p4:px] #249500000 WriteVram fbp_block=0x0 fbw=10 (x=500,y=184) psm=0x1 pixel=0x026F6F6F
[p4:px] #249600000 WriteVram fbp_block=0x0 fbw=10 (x=547,y=199) psm=0x1 pixel=0x013C3C3C
[p4:px] #249700000 WriteVram fbp_block=0x0 fbw=10 (x=81,y=134) psm=0x1 pixel=0x80000000
[p4:px] #249800000 WriteVram fbp_block=0x0 fbw=10 (x=241,y=66) psm=0x1 pixel=0x80353535
[p4:px] #249900000 WriteVram fbp_block=0x0 fbw=10 (x=401,y=222) psm=0x1 pixel=0x80818181
[p4:px] #250000000 WriteVram fbp_block=0x0 fbw=10 (x=554,y=167) psm=0x1 pixel=0x023E3E3E
[p4:px] #250100000 WriteVram fbp_block=0x0 fbw=10 (x=51,y=96) psm=0x1 pixel=0x80000000
[p4:px] #250200000 WriteVram fbp_block=0x0 fbw=10 (x=211,y=28) psm=0x1 pixel=0x80242424
[p4:px] #250300000 WriteVram fbp_block=0x0 fbw=10 (x=371,y=184) psm=0x1 pixel=0x80707070
[p4:px] #250400000 WriteVram fbp_block=0x0 fbw=10 (x=500,y=178) psm=0x1 pixel=0x014C4C4C
[p4:px] #250500000 WriteVram fbp_block=0x0 fbw=10 (x=21,y=58) psm=0x1 pixel=0x80000000
[p4:px] #250600000 WriteVram fbp_block=0x0 fbw=10 (x=181,y=214) psm=0x1 pixel=0x80000000
[p4:px] #250700000 WriteVram fbp_block=0x0 fbw=10 (x=341,y=146) psm=0x1 pixel=0x7F5F5F5F
[p4:px] #250800000 WriteVram fbp_block=0x0 fbw=10 (x=537,y=180) psm=0x1 pixel=0x025C5C5C
[p4:gs-sprite] #19000 ctx=0 tme=1 abe=1 FRAME fbp=0x0 fbw=10 psm=0x1 msk=0x00000000 | SCISSOR 0,0..639,223 | TEST=0x000000000005001B | TEX0 tbp=0x71000 tbw=2 psm=0x13 tw=128 th=512 tfx=0 | V0(2214.0,2092.5) V1(2342.0,2156.5) uv0(16,16) uv1(2032,2032) | XYOFFSET ofx=1728 ofy=1936 -> screen (486,156)..(614,220)
[p4:px] #250900000 WriteVram fbp_block=0x0 fbw=10 (x=631,y=19) psm=0x1 pixel=0x80000000
[p4:px] #251000000 WriteVram fbp_block=0x0 fbw=10 (x=151,y=176) psm=0x1 pixel=0x80000000
[p4:px] #251100000 WriteVram fbp_block=0x0 fbw=10 (x=311,y=108) psm=0x1 pixel=0x804D4D4D
[p4:px] #251200000 WriteVram fbp_block=0x0 fbw=10 (x=513,y=183) psm=0x1 pixel=0x026D6D6D
[p4:px] #251300000 WriteVram fbp_block=0x0 fbw=10 (x=544,y=198) psm=0x1 pixel=0x023B3B3B
[p4:px] #251400000 WriteVram fbp_block=0x0 fbw=10 (x=121,y=138) psm=0x1 pixel=0x80000000
[p4:px] #251500000 WriteVram fbp_block=0x0 fbw=10 (x=281,y=70) psm=0x1 pixel=0x803C3C3C
[p4:px] #251600000 WriteVram fbp_block=0x0 fbw=10 (x=498,y=186) psm=0x1 pixel=0x027E7E7E
[p4:px] #251700000 WriteVram fbp_block=0x0 fbw=10 (x=569,y=161) psm=0x1 pixel=0x02767676
[p4:px] #251800000 WriteVram fbp_block=0x0 fbw=10 (x=91,y=100) psm=0x1 pixel=0x80000000
[p4:px] #251900000 WriteVram fbp_block=0x0 fbw=10 (x=251,y=32) psm=0x1 pixel=0x802B2B2B
[p4:px] #252000000 WriteVram fbp_block=0x0 fbw=10 (x=411,y=188) psm=0x1 pixel=0x7F767676
[p4:px] #252100000 WriteVram fbp_block=0x0 fbw=10 (x=503,y=170) psm=0x1 pixel=0x02555555
[p4:px] #252200000 WriteVram fbp_block=0x0 fbw=10 (x=61,y=62) psm=0x1 pixel=0x80000000
[p4:px] #252300000 WriteVram fbp_block=0x0 fbw=10 (x=221,y=218) psm=0x1 pixel=0x80000000
[p4:px] #252400000 WriteVram fbp_block=0x0 fbw=10 (x=381,y=150) psm=0x1 pixel=0x80656565
[p4:px] #252500000 WriteVram fbp_block=0x0 fbw=10 (x=561,y=179) psm=0x1 pixel=0x025C5C5C
[p4:px] #252600000 WriteVram fbp_block=0x0 fbw=10 (x=31,y=24) psm=0x1 pixel=0x80000000
[p4:px] #252700000 WriteVram fbp_block=0x0 fbw=10 (x=191,y=180) psm=0x1 pixel=0x80000000
[p4:px] #252800000 WriteVram fbp_block=0x0 fbw=10 (x=351,y=112) psm=0x1 pixel=0x7F545454
[p4:px] #252900000 WriteVram fbp_block=0x0 fbw=10 (x=521,y=182) psm=0x1 pixel=0x026B6B6B
[p4:px] #253000000 WriteVram fbp_block=0x0 fbw=10 (x=542,y=197) psm=0x1 pixel=0x02373737
[p4:px] #253100000 WriteVram fbp_block=0x0 fbw=10 (x=161,y=142) psm=0x1 pixel=0x80000000
[p4:px] #253200000 WriteVram fbp_block=0x0 fbw=10 (x=321,y=74) psm=0x1 pixel=0x80424242
[p4:px] #253300000 WriteVram fbp_block=0x0 fbw=10 (x=503,y=185) psm=0x1 pixel=0x027C7C7C
[p4:px] #253400000 WriteVram fbp_block=0x0 fbw=10 (x=526,y=201) psm=0x1 pixel=0x025E5E5E
[p4:px] #253500000 WriteVram fbp_block=0x0 fbw=10 (x=131,y=104) psm=0x1 pixel=0x80000000
[p4:px] #253600000 WriteVram fbp_block=0x0 fbw=10 (x=291,y=36) psm=0x1 pixel=0x80313131
[p4:px] #253700000 WriteVram fbp_block=0x0 fbw=10 (x=451,y=192) psm=0x1 pixel=0x807D7D7D
[p4:px] #253800000 WriteVram fbp_block=0x0 fbw=10 (x=567,y=168) psm=0x1 pixel=0x026E6E6E
[p4:px] #253900000 WriteVram fbp_block=0x0 fbw=10 (x=101,y=66) psm=0x1 pixel=0x80000000
[p4:px] #254000000 WriteVram fbp_block=0x0 fbw=10 (x=261,y=222) psm=0x1 pixel=0x80000000
[p4:px] #254100000 WriteVram fbp_block=0x0 fbw=10 (x=421,y=154) psm=0x1 pixel=0x7F6B6B6B
[p4:px] #254200000 WriteVram fbp_block=0x0 fbw=10 (x=499,y=179) psm=0x1 pixel=0x02545454
[p4:px] #254300000 WriteVram fbp_block=0x0 fbw=10 (x=71,y=28) psm=0x1 pixel=0x80000000
[p4:px] #254400000 WriteVram fbp_block=0x0 fbw=10 (x=231,y=184) psm=0x1 pixel=0x80000000
[p4:px] #254500000 WriteVram fbp_block=0x0 fbw=10 (x=391,y=116) psm=0x1 pixel=0x805A5A5A
[p4:px] #254600000 WriteVram fbp_block=0x0 fbw=10 (x=535,y=181) psm=0x1 pixel=0x026A6A6A
[p4:px] #254700000 WriteVram fbp_block=0x0 fbw=10 (x=540,y=196) psm=0x1 pixel=0x02333333
[p4:new2] size=0x00000054 ra=0x001b4bf4
[p4:malloc] size=0x00000054 ra=0x001006bc
[p4:new2] size=0x00000150 ra=0x001a6bd0
[p4:malloc] size=0x00000150 ra=0x001006bc
[gzmfs] OPEN fd=1 '\SOUND\GZMVS.RBB;1' -> '<path>' size=110594048
[gzmfs] READ fd=1 pos=0 len=8 -> 8 dst=0x00E0A130
[gzmfs] READ fd=1 pos=8 len=8 -> 8 dst=0x00E0A130
[p4:new2] size=0x00000070 ra=0x00100540
[p4:malloc] size=0x00000070 ra=0x001006bc
[gzmfs] READ fd=1 pos=16 len=112 -> 112 dst=0x00E0A2C0
[gzmfs] READ fd=1 pos=128 len=8 -> 8 dst=0x00E0A130
[p4:new2] size=0x00001b70 ra=0x00100540
[p4:malloc] size=0x00001b70 ra=0x001006bc
[gzmfs] READ fd=1 pos=136 len=7024 -> 7024 dst=0x00E0A2C0
[gzmfs] READ fd=1 pos=7160 len=8 -> 8 dst=0x00E0A130
[dispatch:pc-zero] from=0x152c78 fromRa=0x152c78 ra=0x0 sp=0x1ff7f70 gp=0x22c0f0 trace=[p4:isig] sid=9
0x1a6170 -> 0x1a7230 -> 0x1a6c60 -> 0x1d4078 -> 0x1a6170 -> 0x1a7230 -> 0x1a6c60 -> 0x1d4078 -> 0x100530 -> 0x100630 -> 0x1d0918 -> 0x1d1760 -> 0x10eb50 -> 0x10eca0 -> 0x1d0c10 -> 0x1d1760 -> 0x10eb50 -> 0x1d17e0 -> 0x1d17e0 -> 0x10ec80 -> 0x1a6170 -> 0x1a7230 -> 0x1a6c60 -> 0x1d4078 -> 0x100480 -> 0x1d0970 -> 0x1d1760 -> 0x10eb50 -> 0x10eca0 -> 0x1cfaf0 -> 0x1d1760 -> 0x10eb50 -> 0x1d17e0 -> 0x1d17e0 -> 0x10ec80 -> 0x1a6170 -> 0x1a7230 -> 0x1a6c60 -> 0x1d4078 -> 0x1d4078 -> 0x100530 -> 0x100630 -> 0x1d0918 -> 0x1d1760 -> 0x10eb50 -> 0x10eca0 -> 0x1d0c10 -> 0x1d1760 -> 0x10eb50 -> 0x1d17e0 -> 0x1d17e0 -> 0x10ec80 -> 0x1a6170 -> 0x1a7230 -> 0x1a6c60 -> 0x1d4078 -> 0x1d4078 -> 0x1a6170 -> 0x1a7230 -> 0x1a6c60 -> 0x1d4078 -> 0x1d4078 -> 0x1d4078 -> 0x1d4078[p4:isig] sid=10

[p4:deathstack] sp=0x01ff7f70: -32:001006bc -24:00000000 -16:008dcb00 -08:00000000 +00:00000000 +08:00000000 +16:001b4bf4 +24:5d52482b +32:00000000 +40:0002c790 +48:008dcb00 +56:00000000 +64:00152c80
[dispatch:null-ra-recover] #1 resuming at from=0x00152c78
[p4:new2] size=0x00000054 ra=0x001b4bf4
[p4:new2] size=0x00000150 ra=0x001a6bd0
[gzmfs] OPEN fd=2 '\SOUND\GZMVS.RBB;1' -> '<path>' size=110594048
[gzmfs] READ fd=2 pos=0 len=8 -> 8 dst=0x00E0BE70
[gzmfs] READ fd=2 pos=8 len=8 -> 8 dst=0x00E0BE70
[p4:new2] size=0x00000070 ra=0x00100540
[gzmfs] READ fd=2 pos=16 len=112 -> 112 dst=0x00E0C000
[gzmfs] READ fd=2 pos=128 len=8 -> 8 dst=0x00E0BE70
[p4:new2] size=0x00001b70 ra=0x00100540
[gzmfs] READ fd=2 pos=136 len=7024 -> 7024 dst=0x00E0C000
[gzmfs] READ fd=2 pos=7160 len=8 -> 8 dst=0x00E0BE70
[p4:new2] size=0x00000db8 ra=0x00100540
[gzmfs] READ fd=2 pos=7168 len=3512 -> 3512 dst=0x00E0DB80
[gzmfs] READ fd=2 pos=10680 len=8 -> 8 dst=0x00E0BE70
[gzmfs] SEEK fd=2 off=1592 whence=1 -> pos=12280
[gzmfs] READ fd=2 pos=12280 len=8 -> 8 dst=0x00E0BE70
[gzmfs] CLOSE fd=2
[p4:new2] size=0x0000002c ra=0x001632a4
[p4:ld] load obj=0x00e0e940 size=0x00000000 ra=0x001632f8
[p4:new2] size=0x000420a0 ra=0x00100540
[p4:rd1] FUN_001b5ca0 obj=0x00c253e8 dst=0x00e0e970 len=0x000420a0 ra=0x0019a1d4
[gzmfs] SEEK fd=0 off=131909632 whence=0 -> pos=131909632
[p4:alarm] n=11 id=11 handler=0x0011c570 arg=0x01ff7d18 *arg=23
[p4:hdl] 11c570 entry a2=0x01ff7d18
[p4:wake-pre] sid=23 consumed=1
[p4:alarm] n=12 id=12 handler=0x0011c570 arg=0x01ff7d18 *arg=24
[p4:hdl] 11c570 entry a2=0x01ff7d18
[p4:wake-pre] sid=24 consumed=1
[gzmfs] READ fd=0 pos=131909632 len=270496 -> 270496 dst=0x00E0E970
[p4:alarm] n=13 id=13 handler=0x0011c570 arg=0x01ff7d18 *arg=25
[p4:hdl] 11c570 entry a2=0x01ff7d18
[p4:wake-pre] sid=25 consumed=1
[p4:new2] size=0x00000060 ra=0x00100540
[p4:rd1] FUN_001b5ca0 obj=0x00c253e8 dst=0x00e50a90 len=0x000204e0 ra=0x0019a1d4
[gzmfs] SEEK fd=0 off=132182016 whence=0 -> pos=132182016
[p4:alarm] n=14 id=14 handler=0x0011c570 arg=0x01ff7d58 *arg=26
[p4:hdl] 11c570 entry a2=0x01ff7d58
[p4:wake-pre] sid=26 consumed=1
[p4:alarm] n=15 id=15 handler=0x0011c570 arg=0x01ff7d58 *arg=27
[p4:hdl] 11c570 entry a2=0x01ff7d58
[p4:wake-pre] sid=27 consumed=1
[gzmfs] READ fd=0 pos=132182016 len=132320 -> 132320 dst=0x00E50A90
[p4:alarm] n=16 id=16 handler=0x0011c570 arg=0x01ff7d58 *arg=28
[p4:hdl] 11c570 entry a2=0x01ff7d58
[p4:wake-pre] sid=28 consumed=1
[p4:new2] size=0x0019f000 ra=0x00100540
[p4:new2] size=0x00000008 ra=0x00162fcc
[p4:new2] size=0x00000008 ra=0x00162fcc
[p4:new2] size=0x00000008 ra=0x00162fcc
[p4:new2] size=0x00000008 ra=0x00162fcc
[p4:new2] size=0x00000008 ra=0x00162fcc
[p4:new2] size=0x00000008 ra=0x00162fcc
[p4:new2] size=0x00000008 ra=0x00162fcc
[p4:new2] size=0x00000008 ra=0x00162fcc
[p4:new2] size=0x00000008 ra=0x00162fcc
[p4:new2] size=0x00000008 ra=0x00162fcc
[p4:new2] size=0x00000008 ra=0x00162fcc
[p4:new2] size=0x00000008 ra=0x00162fcc
[p4:new2] size=0x00000008 ra=0x00162fcc
[p4:new2] size=0x00000008 ra=0x00162fcc
[p4:px] #254800000 WriteVram fbp_block=0x0 fbw=10 (x=201,y=146) psm=0x1 pixel=0x80000000
[p4:px] #254900000 WriteVram fbp_block=0x0 fbw=10 (x=361,y=78) psm=0x1 pixel=0x80494949
[p4:px] #255000000 WriteVram fbp_block=0x0 fbw=10 (x=517,y=184) psm=0x1 pixel=0x027B7B7B
[p4:gs-sprite] #19500 ctx=0 tme=1 abe=1 FRAME fbp=0x0 fbw=10 psm=0x1 msk=0x00000000 | SCISSOR 0,0..639,223 | TEST=0x000000000005001B | TEX0 tbp=0x71000 tbw=2 psm=0x13 tw=128 th=512 tfx=0 | V0(2212.0,2089.5) V1(2340.0,2153.5) uv0(16,16) uv1(2032,2032) | XYOFFSET ofx=1728 ofy=1936 -> screen (484,153)..(612,217)
[p4:px] #255100000 WriteVram fbp_block=0x0 fbw=10 (x=555,y=199) psm=0x1 pixel=0x023F3F3F
[gzmfs] OPEN fd=2 '\SOUND\GZMVS.RBB;1' -> '<path>' size=110594048
[p4:gzmfs-badctx] client=0x01010480 dst=0x00000031 len=8 ra=0x001a6d30 -> refused
[p4:alias] target=0x008dcb00 owner=0x00223450 (unexported inner call)
[p4:inner-dispatch] pc=0x008dcb00 ra=0x008dcb00 sp=0x01ff7fb0 trace=0x1a6940 -> 0x1d3df0 -> 0x1d3df0 -> 0x1d3df0 -> 0x1d3df0 -> 0x100630 -> 0x1d0918 -> 0x1d1760 -> 0x10eb50 -> 0x10eca0 -> 0x1d0c10 -> 0x1d1760 -> 0x10eb50 -> 0x1d17e0 -> 0x1d17e0 -> 0x10ec80 -> 0x1a5c10 -> 0x1a7230 -> 0x1a6c60 -> 0x1a6170 -> 0x1a74f0 -> 0x1a8520 -> 0x111ff0 -> 0x10eee0 -> 0x1a7440 -> 0x1a7430 -> 0x1a7440 -> 0x1a7430 -> 0x1a7440 -> 0x1a7430 -> 0x1a7440 -> 0x1a7430 -> 0x1a7440 -> 0x1a7430 -> 0x1a7440 -> 0x1a7430 -> 0x1a7430 -> 0x1a7430 -> 0x1a7440 -> 0x1a7440 -> 0x1a7430 -> 0x1a7430 -> 0x1a7440 -> 0x1a7440 -> 0x1a7430 -> 0x1a7430 -> 0x1a7440 -> 0x1a7440 -> 0x1a7430 -> 0x1a7430 -> 0x1a7440 -> 0x1a7440 -> 0x1a7430 -> 0x1a7430 -> 0x1a7440 -> 0x1a7440 -> 0x1a7430 -> 0x1a7430 -> 0x1a7440 -> 0x1a7440 -> 0x1a8560 -> 0x10eee0 -> 0x111e00 -> 0x8dcb00
[p4:inner-dispatch] pc=0x008dcb00 ra=0x008dcb00 sp=0x01ff7fb0 trace=0x1d3df0 -> 0x1d3df0 -> 0x100630 -> 0x1d0918 -> 0x1d1760 -> 0x10eb50 -> 0x10eca0 -> 0x1d0c10 -> 0x1d1760 -> 0x10eb50 -> 0x1d17e0 -> 0x1d17e0 -> 0x10ec80 -> 0x1a5c10 -> 0x1a7230 -> 0x1a6c60 -> 0x1a6170 -> 0x1a74f0 -> 0x1a8520 -> 0x111ff0 -> 0x10eee0 -> 0x1a7440 -> 0x1a7430 -> 0x1a7440 -> 0x1a7430 -> 0x1a7440 -> 0x1a7430 -> 0x1a7440 -> 0x1a7430 -> 0x1a7440 -> 0x1a7430 -> 0x1a7440 -> 0x1a7430 -> 0x1a7430 -> 0x1a7430 -> 0x1a7440 -> 0x1a7440 -> 0x1a7430 -> 0x1a7430 -> 0x1a7440 -> 0x1a7440 -> 0x1a7430 -> 0x1a7430 -> 0x1a7440 -> 0x1a7440 -> 0x1a7430 -> 0x1a7430 -> 0x1a7440 -> 0x1a7440 -> 0x1a7430 -> 0x1a7430 -> 0x1a7440 -> 0x1a7440 -> 0x1a7430 -> 0x1a7430 -> 0x1a7440 -> 0x1a7440 -> 0x1a8560 -> 0x10eee0 -> 0x111e00 -> 0x8dcb00 -> 0x11fd90 -> 0x100a00 -> 0x8dcb00
[p4:inner-dispatch] pc=0x008dcb00 ra=0x008dcb00 sp=0x01ff7fb0 trace=0x1d0918 -> 0x1d1760 -> 0x10eb50 -> 0x10eca0 -> 0x1d0c10 -> 0x1d1760 -> 0x10eb50 -> 0x1d17e0 -> 0x1d17e0 -> 0x10ec80 -> 0x1a5c10 -> 0x1a7230 -> 0x1a6c60 -> 0x1a6170 -> 0x1a74f0 -> 0x1a8520 -> 0x111ff0 -> 0x10eee0 -> 0x1a7440 -> 0x1a7430 -> 0x1a7440 -> 0x1a7430 -> 0x1a7440 -> 0x1a7430 -> 0x1a7440 -> 0x1a7430 -> 0x1a7440 -> 0x1a7430 -> 0x1a7440 -> 0x1a7430 -> 0x1a7430 -> 0x1a7430 -> 0x1a7440 -> 0x1a7440 -> 0x1a7430 -> 0x1a7430 -> 0x1a7440 -> 0x1a7440 -> 0x1a7430 -> 0x1a7430 -> 0x1a7440 -> 0x1a7440 -> 0x1a7430 -> 0x1a7430 -> 0x1a7440 -> 0x1a7440 -> 0x1a7430 -> 0x1a7430 -> 0x1a7440 -> 0x1a7440 -> 0x1a7430 -> 0x1a7430 -> 0x1a7440 -> 0x1a7440 -> 0x1a8560 -> 0x10eee0 -> 0x111e00 -> 0x8dcb00 -> 0x11fd90 -> 0x100a00 -> 0x8dcb00 -> 0x11fd90 -> 0x100a00 -> 0x8dcb00
[p4:inner-dispatch] pc=0x008dcb00 ra=0x008dcb00 sp=0x01ff7fb0 trace=0x10eca0 -> 0x1d0c10 -> 0x1d1760 -> 0x10eb50 -> 0x1d17e0 -> 0x1d17e0 -> 0x10ec80 -> 0x1a5c10 -> 0x1a7230 -> 0x1a6c60 -> 0x1a6170 -> 0x1a74f0 -> 0x1a8520 -> 0x111ff0 -> 0x10eee0 -> 0x1a7440 -> 0x1a7430 -> 0x1a7440 -> 0x1a7430 -> 0x1a7440 -> 0x1a7430 -> 0x1a7440 -> 0x1a7430 -> 0x1a7440 -> 0x1a7430 -> 0x1a7440 -> 0x1a7430 -> 0x1a7430 -> 0x1a7430 -> 0x1a7440 -> 0x1a7440 -> 0x1a7430 -> 0x1a7430 -> 0x1a7440 -> 0x1a7440 -> 0x1a7430 -> 0x1a7430 -> 0x1a7440 -> 0x1a7440 -> 0x1a7430 -> 0x1a7430 -> 0x1a7440 -> 0x1a7440 -> 0x1a7430 -> 0x1a7430 -> 0x1a7440 -> 0x1a7440 -> 0x1a7430 -> 0x1a7430 -> 0x1a7440 -> 0x1a7440 -> 0x1a8560 -> 0x10eee0 -> 0x111e00 -> 0x8dcb00 -> 0x11fd90 -> 0x100a00 -> 0x8dcb00 -> 0x11fd90 -> 0x100a00 -> 0x8dcb00 -> 0x11fd90 -> 0x100a00 -> 0x8dcb00
[p4:inner-dispatch] pc=0x008dcb00 ra=0x008dcb00 sp=0x01ff7fb0 trace=0x10eb50 -> 0x1d17e0 -> 0x1d17e0 -> 0x10ec80 -> 0x1a5c10 -> 0x1a7230 -> 0x1a6c60 -> 0x1a6170 -> 0x1a74f0 -> 0x1a8520 -> 0x111ff0 -> 0x10eee0 -> 0x1a7440 -> 0x1a7430 -> 0x1a7440 -> 0x1a7430 -> 0x1a7440 -> 0x1a7430 -> 0x1a7440 -> 0x1a7430 -> 0x1a7440 -> 0x1a7430 -> 0x1a7440 -> 0x1a7430 -> 0x1a7430 -> 0x1a7430 -> 0x1a7440 -> 0x1a7440 -> 0x1a7430 -> 0x1a7430 -> 0x1a7440 -> 0x1a7440 -> 0x1a7430 -> 0x1a7430 -> 0x1a7440 -> 0x1a7440 -> 0x1a7430 -> 0x1a7430 -> 0x1a7440 -> 0x1a7440 -> 0x1a7430 -> 0x1a7430 -> 0x1a7440 -> 0x1a7440 -> 0x1a7430 -> 0x1a7430 -> 0x1a7440 -> 0x1a7440 -> 0x1a8560 -> 0x10eee0 -> 0x111e00 -> 0x8dcb00 -> 0x11fd90 -> 0x100a00 -> 0x8dcb00 -> 0x11fd90 -> 0x100a00 -> 0x8dcb00 -> 0x11fd90 -> 0x100a00 -> 0x8dcb00 -> 0x11fd90 -> 0x100a00 -> 0x8dcb00
[p4:inner-dispatch] pc=0x008dcb00 ra=0x008dcb00 sp=0x01ff7fb0 trace=0x10ec80 -> 0x1a5c10 -> 0x1a7230 -> 0x1a6c60 -> 0x1a6170 -> 0x1a74f0 -> 0x1a8520 -> 0x111ff0 -> 0x10eee0 -> 0x1a7440 -> 0x1a7430 -> 0x1a7440 -> 0x1a7430 -> 0x1a7440 -> 0x1a7430 -> 0x1a7440 -> 0x1a7430 -> 0x1a7440 -> 0x1a7430 -> 0x1a7440 -> 0x1a7430 -> 0x1a7430 -> 0x1a7430 -> 0x1a7440 -> 0x1a7440 -> 0x1a7430 -> 0x1a7430 -> 0x1a7440 -> 0x1a7440 -> 0x1a7430 -> 0x1a7430 -> 0x1a7440 -> 0x1a7440 -> 0x1a7430 -> 0x1a7430 -> 0x1a7440 -> 0x1a7440 -> 0x1a7430 -> 0x1a7430 -> 0x1a7440 -> 0x1a7440 -> 0x1a7430 -> 0x1a7430 -> 0x1a7440 -> 0x1a7440 -> 0x1a8560 -> 0x10eee0 -> 0x111e00 -> 0x8dcb00 -> 0x11fd90 -> 0x100a00 -> 0x8dcb00 -> 0x11fd90 -> 0x100a00 -> 0x8dcb00 -> 0x11fd90 -> 0x100a00 -> 0x8dcb00 -> 0x11fd90 -> 0x100a00 -> 0x8dcb00 -> 0x11fd90 -> 0x100a00 -> 0x8dcb00
[p4:inner-dispatch] pc=0x008dcb00 ra=0x008dcb00 sp=0x01ff7fb0 trace=0x1a6c60 -> 0x1a6170 -> 0x1a74f0 -> 0x1a8520 -> 0x111ff0 -> 0x10eee0 -> 0x1a7440 -> 0x1a7430 -> 0x1a7440 -> 0x1a7430 -> 0x1a7440 -> 0x1a7430 -> 0x1a7440 -> 0x1a7430 -> 0x1a7440 -> 0x1a7430 -> 0x1a7440 -> 0x1a7430 -> 0x1a7430 -> 0x1a7430 -> 0x1a7440 -> 0x1a7440 -> 0x1a7430 -> 0x1a7430 -> 0x1a7440 -> 0x1a7440 -> 0x1a7430 -> 0x1a7430 -> 0x1a7440 -> 0x1a7440 -> 0x1a7430 -> 0x1a7430 -> 0x1a7440 -> 0x1a7440 -> 0x1a7430 -> 0x1a7430 -> 0x1a7440 -> 0x1a7440 -> 0x1a7430 -> 0x1a7430 -> 0x1a7440 -> 0x1a7440 -> 0x1a8560 -> 0x10eee0 -> 0x111e00 -> 0x8dcb00 -> 0x11fd90 -> 0x100a00 -> 0x8dcb00 -> 0x11fd90 -> 0x100a00 -> 0x8dcb00 -> 0x11fd90 -> 0x100a00 -> 0x8dcb00 -> 0x11fd90 -> 0x100a00 -> 0x8dcb00 -> 0x11fd90 -> 0x100a00 -> 0x8dcb00 -> 0x11fd90 -> 0x100a00 -> 0x8dcb00
[p4:inner-dispatch] pc=0x008dcb00 ra=0x008dcb00 sp=0x01ff7fb0 trace=0x1a8520 -> 0x111ff0 -> 0x10eee0 -> 0x1a7440 -> 0x1a7430 -> 0x1a7440 -> 0x1a7430 -> 0x1a7440 -> 0x1a7430 -> 0x1a7440 -> 0x1a7430 -> 0x1a7440 -> 0x1a7430 -> 0x1a7440 -> 0x1a7430 -> 0x1a7430 -> 0x1a7430 -> 0x1a7440 -> 0x1a7440 -> 0x1a7430 -> 0x1a7430 -> 0x1a7440 -> 0x1a7440 -> 0x1a7430 -> 0x1a7430 -> 0x1a7440 -> 0x1a7440 -> 0x1a7430 -> 0x1a7430 -> 0x1a7440 -> 0x1a7440 -> 0x1a7430 -> 0x1a7430 -> 0x1a7440 -> 0x1a7440 -> 0x1a7430 -> 0x1a7430 -> 0x1a7440 -> 0x1a7440 -> 0x1a8560 -> 0x10eee0 -> 0x111e00 -> 0x8dcb00 -> 0x11fd90 -> 0x100a00 -> 0x8dcb00 -> 0x11fd90 -> 0x100a00 -> 0x8dcb00 -> 0x11fd90 -> 0x100a00 -> 0x8dcb00 -> 0x11fd90 -> 0x100a00 -> 0x8dcb00 -> 0x11fd90 -> 0x100a00 -> 0x8dcb00 -> 0x11fd90 -> 0x100a00 -> 0x8dcb00 -> 0x11fd90 -> 0x100a00 -> 0x8dcb00
[p4:inner-dispatch] pc=0x008dcb00 ra=0x008dcb00 sp=0x01ff7fb0 trace=0x1a7440 -> 0x1a7430 -> 0x1a7440 -> 0x1a7430 -> 0x1a7440 -> 0x1a7430 -> 0x1a7440 -> 0x1a7430 -> 0x1a7440 -> 0x1a7430 -> 0x1a7440 -> 0x1a7430 -> 0x1a7430 -> 0x1a7430 -> 0x1a7440 -> 0x1a7440 -> 0x1a7430 -> 0x1a7430 -> 0x1a7440 -> 0x1a7440 -> 0x1a7430 -> 0x1a7430 -> 0x1a7440 -> 0x1a7440 -> 0x1a7430 -> 0x1a7430 -> 0x1a7440 -> 0x1a7440 -> 0x1a7430 -> 0x1a7430 -> 0x1a7440 -> 0x1a7440 -> 0x1a7430 -> 0x1a7430 -> 0x1a7440 -> 0x1a7440 -> 0x1a8560 -> 0x10eee0 -> 0x111e00 -> 0x8dcb00 -> 0x11fd90 -> 0x100a00 -> 0x8dcb00 -> 0x11fd90 -> 0x100a00 -> 0x8dcb00 -> 0x11fd90 -> 0x100a00 -> 0x8dcb00 -> 0x11fd90 -> 0x100a00 -> 0x8dcb00 -> 0x11fd90 -> 0x100a00 -> 0x8dcb00 -> 0x11fd90 -> 0x100a00 -> 0x8dcb00 -> 0x11fd90 -> 0x100a00 -> 0x8dcb00 -> 0x11fd90 -> 0x100a00 -> 0x8dcb00
[p4:inner-dispatch] pc=0x008dcb00 ra=0x008dcb00 sp=0x01ff7fb0 trace=0x1a7430 -> 0x1a7440 -> 0x1a7430 -> 0x1a7440 -> 0x1a7430 -> 0x1a7440 -> 0x1a7430 -> 0x1a7440 -> 0x1a7430 -> 0x1a7430 -> 0x1a7430 -> 0x1a7440 -> 0x1a7440 -> 0x1a7430 -> 0x1a7430 -> 0x1a7440 -> 0x1a7440 -> 0x1a7430 -> 0x1a7430 -> 0x1a7440 -> 0x1a7440 -> 0x1a7430 -> 0x1a7430 -> 0x1a7440 -> 0x1a7440 -> 0x1a7430 -> 0x1a7430 -> 0x1a7440 -> 0x1a7440 -> 0x1a7430 -> 0x1a7430 -> 0x1a7440 -> 0x1a7440 -> 0x1a8560 -> 0x10eee0 -> 0x111e00 -> 0x8dcb00 -> 0x11fd90 -> 0x100a00 -> 0x8dcb00 -> 0x11fd90 -> 0x100a00 -> 0x8dcb00 -> 0x11fd90 -> 0x100a00 -> 0x8dcb00 -> 0x11fd90 -> 0x100a00 -> 0x8dcb00 -> 0x11fd90 -> 0x100a00 -> 0x8dcb00 -> 0x11fd90 -> 0x100a00 -> 0x8dcb00 -> 0x11fd90 -> 0x100a00 -> 0x8dcb00 -> 0x11fd90 -> 0x100a00 -> 0x8dcb00 -> 0x11fd90 -> 0x100a00 -> 0x8dcb00
[p4:inner-dispatch] pc=0x008dcb00 ra=0x008dcb00 sp=0x01ff7fb0 trace=0x1a7440 -> 0x1a7430 -> 0x1a7440 -> 0x1a7430 -> 0x1a7440 -> 0x1a7430 -> 0x1a7430 -> 0x1a7430 -> 0x1a7440 -> 0x1a7440 -> 0x1a7430 -> 0x1a7430 -> 0x1a7440 -> 0x1a7440 -> 0x1a7430 -> 0x1a7430 -> 0x1a7440 -> 0x1a7440 -> 0x1a7430 -> 0x1a7430 -> 0x1a7440 -> 0x1a7440 -> 0x1a7430 -> 0x1a7430 -> 0x1a7440 -> 0x1a7440 -> 0x1a7430 -> 0x1a7430 -> 0x1a7440 -> 0x1a7440 -> 0x1a8560 -> 0x10eee0 -> 0x111e00 -> 0x8dcb00 -> 0x11fd90 -> 0x100a00 -> 0x8dcb00 -> 0x11fd90 -> 0x100a00 -> 0x8dcb00 -> 0x11fd90 -> 0x100a00 -> 0x8dcb00 -> 0x11fd90 -> 0x100a00 -> 0x8dcb00 -> 0x11fd90 -> 0x100a00 -> 0x8dcb00 -> 0x11fd90 -> 0x100a00 -> 0x8dcb00 -> 0x11fd90 -> 0x100a00 -> 0x8dcb00 -> 0x11fd90 -> 0x100a00 -> 0x8dcb00 -> 0x11fd90 -> 0x100a00 -> 0x8dcb00 -> 0x11fd90 -> 0x100a00 -> 0x8dcb00
[p4:inner-dispatch] pc=0x008dcb00 ra=0x008dcb00 sp=0x01ff7fb0 trace=0x1a7430 -> 0x1a7440 -> 0x1a7430 -> 0x1a7430 -> 0x1a7430 -> 0x1a7440 -> 0x1a7440 -> 0x1a7430 -> 0x1a7430 -> 0x1a7440 -> 0x1a7440 -> 0x1a7430 -> 0x1a7430 -> 0x1a7440 -> 0x1a7440 -> 0x1a7430 -> 0x1a7430 -> 0x1a7440 -> 0x1a7440 -> 0x1a7430 -> 0x1a7430 -> 0x1a7440 -> 0x1a7440 -> 0x1a7430 -> 0x1a7430 -> 0x1a7440 -> 0x1a7440 -> 0x1a8560 -> 0x10eee0 -> 0x111e00 -> 0x8dcb00 -> 0x11fd90 -> 0x100a00 -> 0x8dcb00 -> 0x11fd90 -> 0x100a00 -> 0x8dcb00 -> 0x11fd90 -> 0x100a00 -> 0x8dcb00 -> 0x11fd90 -> 0x100a00 -> 0x8dcb00 -> 0x11fd90 -> 0x100a00 -> 0x8dcb00 -> 0x11fd90 -> 0x100a00 -> 0x8dcb00 -> 0x11fd90 -> 0x100a00 -> 0x8dcb00 -> 0x11fd90 -> 0x100a00 -> 0x8dcb00 -> 0x11fd90 -> 0x100a00 -> 0x8dcb00 -> 0x11fd90 -> 0x100a00 -> 0x8dcb00 -> 0x11fd90 -> 0x100a00 -> 0x8dcb00
[p4:inner-dispatch] pc=0x008dcb00 ra=0x008dcb00 sp=0x01ff7fb0 trace=0x1a7430 -> 0x1a7430 -> 0x1a7440 -> 0x1a7440 -> 0x1a7430 -> 0x1a7430 -> 0x1a7440 -> 0x1a7440 -> 0x1a7430 -> 0x1a7430 -> 0x1a7440 -> 0x1a7440 -> 0x1a7430 -> 0x1a7430 -> 0x1a7440 -> 0x1a7440 -> 0x1a7430 -> 0x1a7430 -> 0x1a7440 -> 0x1a7440 -> 0x1a7430 -> 0x1a7430 -> 0x1a7440 -> 0x1a7440 -> 0x1a8560 -> 0x10eee0 -> 0x111e00 -> 0x8dcb00 -> 0x11fd90 -> 0x100a00 -> 0x8dcb00 -> 0x11fd90 -> 0x100a00 -> 0x8dcb00 -> 0x11fd90 -> 0x100a00 -> 0x8dcb00 -> 0x11fd90 -> 0x100a00 -> 0x8dcb00 -> 0x11fd90 -> 0x100a00 -> 0x8dcb00 -> 0x11fd90 -> 0x100a00 -> 0x8dcb00 -> 0x11fd90 -> 0x100a00 -> 0x8dcb00 -> 0x11fd90 -> 0x100a00 -> 0x8dcb00 -> 0x11fd90 -> 0x100a00 -> 0x8dcb00 -> 0x11fd90 -> 0x100a00 -> 0x8dcb00 -> 0x11fd90 -> 0x100a00 -> 0x8dcb00 -> 0x11fd90 -> 0x100a00 -> 0x8dcb00
[p4:inner-dispatch] pc=0x008dcb00 ra=0x008dcb00 sp=0x01ff7fb0 trace=0x1a7440 -> 0x1a7430 -> 0x1a7430 -> 0x1a7440 -> 0x1a7440 -> 0x1a7430 -> 0x1a7430 -> 0x1a7440 -> 0x1a7440 -> 0x1a7430 -> 0x1a7430 -> 0x1a7440 -> 0x1a7440 -> 0x1a7430 -> 0x1a7430 -> 0x1a7440 -> 0x1a7440 -> 0x1a7430 -> 0x1a7430 -> 0x1a7440 -> 0x1a7440 -> 0x1a8560 -> 0x10eee0 -> 0x111e00 -> 0x8dcb00 -> 0x11fd90 -> 0x100a00 -> 0x8dcb00 -> 0x11fd90 -> 0x100a00 -> 0x8dcb00 -> 0x11fd90 -> 0x100a00 -> 0x8dcb00 -> 0x11fd90 -> 0x100a00 -> 0x8dcb00 -> 0x11fd90 -> 0x100a00 -> 0x8dcb00 -> 0x11fd90 -> 0x100a00 -> 0x8dcb00 -> 0x11fd90 -> 0x100a00 -> 0x8dcb00 -> 0x11fd90 -> 0x100a00 -> 0x8dcb00 -> 0x11fd90 -> 0x100a00 -> 0x8dcb00 -> 0x11fd90 -> 0x100a00 -> 0x8dcb00 -> 0x11fd90 -> 0x100a00 -> 0x8dcb00 -> 0x11fd90 -> 0x100a00 -> 0x8dcb00 -> 0x11fd90 -> 0x100a00 -> 0x8dcb00
[p4:inner-dispatch] pc=0x008dcb00 ra=0x008dcb00 sp=0x01ff7fb0 trace=0x1a7440 -> 0x1a7440 -> 0x1a7430 -> 0x1a7430 -> 0x1a7440 -> 0x1a7440 -> 0x1a7430 -> 0x1a7430 -> 0x1a7440 -> 0x1a7440 -> 0x1a7430 -> 0x1a7430 -> 0x1a7440 -> 0x1a7440 -> 0x1a7430 -> 0x1a7430 -> 0x1a7440 -> 0x1a7440 -> 0x1a8560 -> 0x10eee0 -> 0x111e00 -> 0x8dcb00 -> 0x11fd90 -> 0x100a00 -> 0x8dcb00 -> 0x11fd90 -> 0x100a00 -> 0x8dcb00 -> 0x11fd90 -> 0x100a00 -> 0x8dcb00 -> 0x11fd90 -> 0x100a00 -> 0x8dcb00 -> 0x11fd90 -> 0x100a00 -> 0x8dcb00 -> 0x11fd90 -> 0x100a00 -> 0x8dcb00 -> 0x11fd90 -> 0x100a00 -> 0x8dcb00 -> 0x11fd90 -> 0x100a00 -> 0x8dcb00 -> 0x11fd90 -> 0x100a00 -> 0x8dcb00 -> 0x11fd90 -> 0x100a00 -> 0x8dcb00 -> 0x11fd90 -> 0x100a00 -> 0x8dcb00 -> 0x11fd90 -> 0x100a00 -> 0x8dcb00 -> 0x11fd90 -> 0x100a00 -> 0x8dcb00 -> 0x11fd90 -> 0x100a00 -> 0x8dcb00
[p4:inner-dispatch] pc=0x008dcb00 ra=0x008dcb00 sp=0x01ff7fb0 trace=0x1a7430 -> 0x1a7440 -> 0x1a7440 -> 0x1a7430 -> 0x1a7430 -> 0x1a7440 -> 0x1a7440 -> 0x1a7430 -> 0x1a7430 -> 0x1a7440 -> 0x1a7440 -> 0x1a7430 -> 0x1a7430 -> 0x1a7440 -> 0x1a7440 -> 0x1a8560 -> 0x10eee0 -> 0x111e00 -> 0x8dcb00 -> 0x11fd90 -> 0x100a00 -> 0x8dcb00 -> 0x11fd90 -> 0x100a00 -> 0x8dcb00 -> 0x11fd90 -> 0x100a00 -> 0x8dcb00 -> 0x11fd90 -> 0x100a00 -> 0x8dcb00 -> 0x11fd90 -> 0x100a00 -> 0x8dcb00 -> 0x11fd90 -> 0x100a00 -> 0x8dcb00 -> 0x11fd90 -> 0x100a00 -> 0x8dcb00 -> 0x11fd90 -> 0x100a00 -> 0x8dcb00 -> 0x11fd90 -> 0x100a00 -> 0x8dcb00 -> 0x11fd90 -> 0x100a00 -> 0x8dcb00 -> 0x11fd90 -> 0x100a00 -> 0x8dcb00 -> 0x11fd90 -> 0x100a00 -> 0x8dcb00 -> 0x11fd90 -> 0x100a00 -> 0x8dcb00 -> 0x11fd90 -> 0x100a00 -> 0x8dcb00 -> 0x11fd90 -> 0x100a00 -> 0x8dcb00
[p4:inner-dispatch] pc=0x008dcb00 ra=0x008dcb00 sp=0x01ff7fb0 trace=0x1a7430 -> 0x1a7430 -> 0x1a7440 -> 0x1a7440 -> 0x1a7430 -> 0x1a7430 -> 0x1a7440 -> 0x1a7440 -> 0x1a7430 -> 0x1a7430 -> 0x1a7440 -> 0x1a7440 -> 0x1a8560 -> 0x10eee0 -> 0x111e00 -> 0x8dcb00 -> 0x11fd90 -> 0x100a00 -> 0x8dcb00 -> 0x11fd90 -> 0x100a00 -> 0x8dcb00 -> 0x11fd90 -> 0x100a00 -> 0x8dcb00 -> 0x11fd90 -> 0x100a00 -> 0x8dcb00 -> 0x11fd90 -> 0x100a00 -> 0x8dcb00 -> 0x11fd90 -> 0x100a00 -> 0x8dcb00 -> 0x11fd90 -> 0x100a00 -> 0x8dcb00 -> 0x11fd90 -> 0x100a00 -> 0x8dcb00 -> 0x11fd90 -> 0x100a00 -> 0x8dcb00 -> 0x11fd90 -> 0x100a00 -> 0x8dcb00 -> 0x11fd90 -> 0x100a00 -> 0x8dcb00 -> 0x11fd90 -> 0x100a00 -> 0x8dcb00 -> 0x11fd90 -> 0x100a00 -> 0x8dcb00 -> 0x11fd90 -> 0x100a00 -> 0x8dcb00 -> 0x11fd90 -> 0x100a00 -> 0x8dcb00 -> 0x11fd90 -> 0x100a00 -> 0x8dcb00
[p4:inner-dispatch] pc=0x008dcb00 ra=0x008dcb00 sp=0x01ff7fb0 trace=0x1a7440 -> 0x1a7430 -> 0x1a7430 -> 0x1a7440 -> 0x1a7440 -> 0x1a7430 -> 0x1a7430 -> 0x1a7440 -> 0x1a7440 -> 0x1a8560 -> 0x10eee0 -> 0x111e00 -> 0x8dcb00 -> 0x11fd90 -> 0x100a00 -> 0x8dcb00 -> 0x11fd90 -> 0x100a00 -> 0x8dcb00 -> 0x11fd90 -> 0x100a00 -> 0x8dcb00 -> 0x11fd90 -> 0x100a00 -> 0x8dcb00 -> 0x11fd90 -> 0x100a00 -> 0x8dcb00 -> 0x11fd90 -> 0x100a00 -> 0x8dcb00 -> 0x11fd90 -> 0x100a00 -> 0x8dcb00 -> 0x11fd90 -> 0x100a00 -> 0x8dcb00 -> 0x11fd90 -> 0x100a00 -> 0x8dcb00 -> 0x11fd90 -> 0x100a00 -> 0x8dcb00 -> 0x11fd90 -> 0x100a00 -> 0x8dcb00 -> 0x11fd90 -> 0x100a00 -> 0x8dcb00 -> 0x11fd90 -> 0x100a00 -> 0x8dcb00 -> 0x11fd90 -> 0x100a00 -> 0x8dcb00 -> 0x11fd90 -> 0x100a00 -> 0x8dcb00 -> 0x11fd90 -> 0x100a00 -> 0x8dcb00 -> 0x11fd90 -> 0x100a00 -> 0x8dcb00
[p4:inner-dispatch] pc=0x008dcb00 ra=0x008dcb00 sp=0x01ff7fb0 trace=0x1a7440 -> 0x1a7440 -> 0x1a7430 -> 0x1a7430 -> 0x1a7440 -> 0x1a7440 -> 0x1a8560 -> 0x10eee0 -> 0x111e00 -> 0x8dcb00 -> 0x11fd90 -> 0x100a00 -> 0x8dcb00 -> 0x11fd90 -> 0x100a00 -> 0x8dcb00 -> 0x11fd90 -> 0x100a00 -> 0x8dcb00 -> 0x11fd90 -> 0x100a00 -> 0x8dcb00 -> 0x11fd90 -> 0x100a00 -> 0x8dcb00 -> 0x11fd90 -> 0x100a00 -> 0x8dcb00 -> 0x11fd90 -> 0x100a00 -> 0x8dcb00 -> 0x11fd90 -> 0x100a00 -> 0x8dcb00 -> 0x11fd90 -> 0x100a00 -> 0x8dcb00 -> 0x11fd90 -> 0x100a00 -> 0x8dcb00 -> 0x11fd90 -> 0x100a00 -> 0x8dcb00 -> 0x11fd90 -> 0x100a00 -> 0x8dcb00 -> 0x11fd90 -> 0x100a00 -> 0x8dcb00 -> 0x11fd90 -> 0x100a00 -> 0x8dcb00 -> 0x11fd90 -> 0x100a00 -> 0x8dcb00 -> 0x11fd90 -> 0x100a00 -> 0x8dcb00 -> 0x11fd90 -> 0x100a00 -> 0x8dcb00 -> 0x11fd90 -> 0x100a00 -> 0x8dcb00
[p4:inner-dispatch] pc=0x008dcb00 ra=0x008dcb00 sp=0x01ff7fb0 trace=0x1a7430 -> 0x1a7440 -> 0x1a7440 -> 0x1a8560 -> 0x10eee0 -> 0x111e00 -> 0x8dcb00 -> 0x11fd90 -> 0x100a00 -> 0x8dcb00 -> 0x11fd90 -> 0x100a00 -> 0x8dcb00 -> 0x11fd90 -> 0x100a00 -> 0x8dcb00 -> 0x11fd90 -> 0x100a00 -> 0x8dcb00 -> 0x11fd90 -> 0x100a00 -> 0x8dcb00 -> 0x11fd90 -> 0x100a00 -> 0x8dcb00 -> 0x11fd90 -> 0x100a00 -> 0x8dcb00 -> 0x11fd90 -> 0x100a00 -> 0x8dcb00 -> 0x11fd90 -> 0x100a00 -> 0x8dcb00 -> 0x11fd90 -> 0x100a00 -> 0x8dcb00 -> 0x11fd90 -> 0x100a00 -> 0x8dcb00 -> 0x11fd90 -> 0x100a00 -> 0x8dcb00 -> 0x11fd90 -> 0x100a00 -> 0x8dcb00 -> 0x11fd90 -> 0x100a00 -> 0x8dcb00 -> 0x11fd90 -> 0x100a00 -> 0x8dcb00 -> 0x11fd90 -> 0x100a00 -> 0x8dcb00 -> 0x11fd90 -> 0x100a00 -> 0x8dcb00 -> 0x11fd90 -> 0x100a00 -> 0x8dcb00 -> 0x11fd90 -> 0x100a00 -> 0x8dcb00
[p4:inner-dispatch] pc=0x008dcb00 ra=0x008dcb00 sp=0x01ff7fb0 trace=0x1a8560 -> 0x10eee0 -> 0x111e00 -> 0x8dcb00 -> 0x11fd90 -> 0x100a00 -> 0x8dcb00 -> 0x11fd90 -> 0x100a00 -> 0x8dcb00 -> 0x11fd90 -> 0x100a00 -> 0x8dcb00 -> 0x11fd90 -> 0x100a00 -> 0x8dcb00 -> 0x11fd90 -> 0x100a00 -> 0x8dcb00 -> 0x11fd90 -> 0x100a00 -> 0x8dcb00 -> 0x11fd90 -> 0x100a00 -> 0x8dcb00 -> 0x11fd90 -> 0x100a00 -> 0x8dcb00 -> 0x11fd90 -> 0x100a00 -> 0x8dcb00 -> 0x11fd90 -> 0x100a00 -> 0x8dcb00 -> 0x11fd90 -> 0x100a00 -> 0x8dcb00 -> 0x11fd90 -> 0x100a00 -> 0x8dcb00 -> 0x11fd90 -> 0x100a00 -> 0x8dcb00 -> 0x11fd90 -> 0x100a00 -> 0x8dcb00 -> 0x11fd90 -> 0x100a00 -> 0x8dcb00 -> 0x11fd90 -> 0x100a00 -> 0x8dcb00 -> 0x11fd90 -> 0x100a00 -> 0x8dcb00 -> 0x11fd90 -> 0x100a00 -> 0x8dcb00 -> 0x11fd90 -> 0x100a00 -> 0x8dcb00 -> 0x11fd90 -> 0x100a00 -> 0x8dcb00
[p4:inner-dispatch] pc=0x008dcb00 ra=0x008dcb00 sp=0x01ff7fb0 trace=0x8dcb00 -> 0x11fd90 -> 0x100a00 -> 0x8dcb00 -> 0x11fd90 -> 0x100a00 -> 0x8dcb00 -> 0x11fd90 -> 0x100a00 -> 0x8dcb00 -> 0x11fd90 -> 0x100a00 -> 0x8dcb00 -> 0x11fd90 -> 0x100a00 -> 0x8dcb00 -> 0x11fd90 -> 0x100a00 -> 0x8dcb00 -> 0x11fd90 -> 0x100a00 -> 0x8dcb00 -> 0x11fd90 -> 0x100a00 -> 0x8dcb00 -> 0x11fd90 -> 0x100a00 -> 0x8dcb00 -> 0x11fd90 -> 0x100a00 -> 0x8dcb00 -> 0x11fd90 -> 0x100a00 -> 0x8dcb00 -> 0x11fd90 -> 0x100a00 -> 0x8dcb00 -> 0x11fd90 -> 0x100a00 -> 0x8dcb00 -> 0x11fd90 -> 0x100a00 -> 0x8dcb00 -> 0x11fd90 -> 0x100a00 -> 0x8dcb00 -> 0x11fd90 -> 0x100a00 -> 0x8dcb00 -> 0x11fd90 -> 0x100a00 -> 0x8dcb00 -> 0x11fd90 -> 0x100a00 -> 0x8dcb00 -> 0x11fd90 -> 0x100a00 -> 0x8dcb00 -> 0x11fd90 -> 0x100a00 -> 0x8dcb00 -> 0x11fd90 -> 0x100a00 -> 0x8dcb00
[p4:inner-dispatch] pc=0x008dcb00 ra=0x008dcb00 sp=0x01ff7fb0 trace=0x8dcb00 -> 0x11fd90 -> 0x100a00 -> 0x8dcb00 -> 0x11fd90 -> 0x100a00 -> 0x8dcb00 -> 0x11fd90 -> 0x100a00 -> 0x8dcb00 -> 0x11fd90 -> 0x100a00 -> 0x8dcb00 -> 0x11fd90 -> 0x100a00 -> 0x8dcb00 -> 0x11fd90 -> 0x100a00 -> 0x8dcb00 -> 0x11fd90 -> 0x100a00 -> 0x8dcb00 -> 0x11fd90 -> 0x100a00 -> 0x8dcb00 -> 0x11fd90 -> 0x100a00 -> 0x8dcb00 -> 0x11fd90 -> 0x100a00 -> 0x8dcb00 -> 0x11fd90 -> 0x100a00 -> 0x8dcb00 -> 0x11fd90 -> 0x100a00 -> 0x8dcb00 -> 0x11fd90 -> 0x100a00 -> 0x8dcb00 -> 0x11fd90 -> 0x100a00 -> 0x8dcb00 -> 0x11fd90 -> 0x100a00 -> 0x8dcb00 -> 0x11fd90 -> 0x100a00 -> 0x8dcb00 -> 0x11fd90 -> 0x100a00 -> 0x8dcb00 -> 0x11fd90 -> 0x100a00 -> 0x8dcb00 -> 0x11fd90 -> 0x100a00 -> 0x8dcb00 -> 0x11fd90 -> 0x100a00 -> 0x8dcb00 -> 0x11fd90 -> 0x100a00 -> 0x8dcb00
[p4:inner-dispatch] pc=0x008dcb00 ra=0x008dcb00 sp=0x01ff7fb0 trace=0x8dcb00 -> 0x11fd90 -> 0x100a00 -> 0x8dcb00 -> 0x11fd90 -> 0x100a00 -> 0x8dcb00 -> 0x11fd90 -> 0x100a00 -> 0x8dcb00 -> 0x11fd90 -> 0x100a00 -> 0x8dcb00 -> 0x11fd90 -> 0x100a00 -> 0x8dcb00 -> 0x11fd90 -> 0x100a00 -> 0x8dcb00 -> 0x11fd90 -> 0x100a00 -> 0x8dcb00 -> 0x11fd90 -> 0x100a00 -> 0x8dcb00 -> 0x11fd90 -> 0x100a00 -> 0x8dcb00 -> 0x11fd90 -> 0x100a00 -> 0x8dcb00 -> 0x11fd90 -> 0x100a00 -> 0x8dcb00 -> 0x11fd90 -> 0x100a00 -> 0x8dcb00 -> 0x11fd90 -> 0x100a00 -> 0x8dcb00 -> 0x11fd90 -> 0x100a00 -> 0x8dcb00 -> 0x11fd90 -> 0x100a00 -> 0x8dcb00 -> 0x11fd90 -> 0x100a00 -> 0x8dcb00 -> 0x11fd90 -> 0x100a00 -> 0x8dcb00 -> 0x11fd90 -> 0x100a00 -> 0x8dcb00 -> 0x11fd90 -> 0x100a00 -> 0x8dcb00 -> 0x11fd90 -> 0x100a00 -> 0x8dcb00 -> 0x11fd90 -> 0x100a00 -> 0x8dcb00
[p4:inner-dispatch] pc=0x008dcb00 ra=0x008dcb00 sp=0x01ff7fb0 trace=0x8dcb00 -> 0x11fd90 -> 0x100a00 -> 0x8dcb00 -> 0x11fd90 -> 0x100a00 -> 0x8dcb00 -> 0x11fd90 -> 0x100a00 -> 0x8dcb00 -> 0x11fd90 -> 0x100a00 -> 0x8dcb00 -> 0x11fd90 -> 0x100a00 -> 0x8dcb00 -> 0x11fd90 -> 0x100a00 -> 0x8dcb00 -> 0x11fd90 -> 0x100a00 -> 0x8dcb00 -> 0x11fd90 -> 0x100a00 -> 0x8dcb00 -> 0x11fd90 -> 0x100a00 -> 0x8dcb00 -> 0x11fd90 -> 0x100a00 -> 0x8dcb00 -> 0x11fd90 -> 0x100a00 -> 0x8dcb00 -> 0x11fd90 -> 0x100a00 -> 0x8dcb00 -> 0x11fd90 -> 0x100a00 -> 0x8dcb00 -> 0x11fd90 -> 0x100a00 -> 0x8dcb00 -> 0x11fd90 -> 0x100a00 -> 0x8dcb00 -> 0x11fd90 -> 0x100a00 -> 0x8dcb00 -> 0x11fd90 -> 0x100a00 -> 0x8dcb00 -> 0x11fd90 -> 0x100a00 -> 0x8dcb00 -> 0x11fd90 -> 0x100a00 -> 0x8dcb00 -> 0x11fd90 -> 0x100a00 -> 0x8dcb00 -> 0x11fd90 -> 0x100a00 -> 0x8dcb00
[p4:inner-dispatch] pc=0x008dcb00 ra=0x008dcb00 sp=0x01ff7fb0 trace=0x8dcb00 -> 0x11fd90 -> 0x100a00 -> 0x8dcb00 -> 0x11fd90 -> 0x100a00 -> 0x8dcb00 -> 0x11fd90 -> 0x100a00 -> 0x8dcb00 -> 0x11fd90 -> 0x100a00 -> 0x8dcb00 -> 0x11fd90 -> 0x100a00 -> 0x8dcb00 -> 0x11fd90 -> 0x100a00 -> 0x8dcb00 -> 0x11fd90 -> 0x100a00 -> 0x8dcb00 -> 0x11fd90 -> 0x100a00 -> 0x8dcb00 -> 0x11fd90 -> 0x100a00 -> 0x8dcb00 -> 0x11fd90 -> 0x100a00 -> 0x8dcb00 -> 0x11fd90 -> 0x100a00 -> 0x8dcb00 -> 0x11fd90 -> 0x100a00 -> 0x8dcb00 -> 0x11fd90 -> 0x100a00 -> 0x8dcb00 -> 0x11fd90 -> 0x100a00 -> 0x8dcb00 -> 0x11fd90 -> 0x100a00 -> 0x8dcb00 -> 0x11fd90 -> 0x100a00 -> 0x8dcb00 -> 0x11fd90 -> 0x100a00 -> 0x8dcb00 -> 0x11fd90 -> 0x100a00 -> 0x8dcb00 -> 0x11fd90 -> 0x100a00 -> 0x8dcb00 -> 0x11fd90 -> 0x100a00 -> 0x8dcb00 -> 0x11fd90 -> 0x100a00 -> 0x8dcb00
[p4:inner-dispatch] pc=0x008dcb00 ra=0x008dcb00 sp=0x01ff7fb0 trace=0x8dcb00 -> 0x11fd90 -> 0x100a00 -> 0x8dcb00 -> 0x11fd90 -> 0x100a00 -> 0x8dcb00 -> 0x11fd90 -> 0x100a00 -> 0x8dcb00 -> 0x11fd90 -> 0x100a00 -> 0x8dcb00 -> 0x11fd90 -> 0x100a00 -> 0x8dcb00 -> 0x11fd90 -> 0x100a00 -> 0x8dcb00 -> 0x11fd90 -> 0x100a00 -> 0x8dcb00 -> 0x11fd90 -> 0x100a00 -> 0x8dcb00 -> 0x11fd90 -> 0x100a00 -> 0x8dcb00 -> 0x11fd90 -> 0x100a00 -> 0x8dcb00 -> 0x11fd90 -> 0x100a00 -> 0x8dcb00 -> 0x11fd90 -> 0x100a00 -> 0x8dcb00 -> 0x11fd90 -> 0x100a00 -> 0x8dcb00 -> 0x11fd90 -> 0x100a00 -> 0x8dcb00 -> 0x11fd90 -> 0x100a00 -> 0x8dcb00 -> 0x11fd90 -> 0x100a00 -> 0x8dcb00 -> 0x11fd90 -> 0x100a00 -> 0x8dcb00 -> 0x11fd90 -> 0x100a00 -> 0x8dcb00 -> 0x11fd90 -> 0x100a00 -> 0x8dcb00 -> 0x11fd90 -> 0x100a00 -> 0x8dcb00 -> 0x11fd90 -> 0x100a00 -> 0x8dcb00
[p4:inner-dispatch] pc=0x008dcb00 ra=0x008dcb00 sp=0x01ff7fb0 trace=0x8dcb00 -> 0x11fd90 -> 0x100a00 -> 0x8dcb00 -> 0x11fd90 -> 0x100a00 -> 0x8dcb00 -> 0x11fd90 -> 0x100a00 -> 0x8dcb00 -> 0x11fd90 -> 0x100a00 -> 0x8dcb00 -> 0x11fd90 -> 0x100a00 -> 0x8dcb00 -> 0x11fd90 -> 0x100a00 -> 0x8dcb00 -> 0x11fd90 -> 0x100a00 -> 0x8dcb00 -> 0x11fd90 -> 0x100a00 -> 0x8dcb00 -> 0x11fd90 -> 0x100a00 -> 0x8dcb00 -> 0x11fd90 -> 0x100a00 -> 0x8dcb00 -> 0x11fd90 -> 0x100a00 -> 0x8dcb00 -> 0x11fd90 -> 0x100a00 -> 0x8dcb00 -> 0x11fd90 -> 0x100a00 -> 0x8dcb00 -> 0x11fd90 -> 0x100a00 -> 0x8dcb00 -> 0x11fd90 -> 0x100a00 -> 0x8dcb00 -> 0x11fd90 -> 0x100a00 -> 0x8dcb00 -> 0x11fd90 -> 0x100a00 -> 0x8dcb00 -> 0x11fd90 -> 0x100a00 -> 0x8dcb00 -> 0x11fd90 -> 0x100a00 -> 0x8dcb00 -> 0x11fd90 -> 0x100a00 -> 0x8dcb00 -> 0x11fd90 -> 0x100a00 -> 0x8dcb00
[p4:inner-dispatch] pc=0x008dcb00 ra=0x008dcb00 sp=0x01ff7fb0 trace=0x8dcb00 -> 0x11fd90 -> 0x100a00 -> 0x8dcb00 -> 0x11fd90 -> 0x100a00 -> 0x8dcb00 -> 0x11fd90 -> 0x100a00 -> 0x8dcb00 -> 0x11fd90 -> 0x100a00 -> 0x8dcb00 -> 0x11fd90 -> 0x100a00 -> 0x8dcb00 -> 0x11fd90 -> 0x100a00 -> 0x8dcb00 -> 0x11fd90 -> 0x100a00 -> 0x8dcb00 -> 0x11fd90 -> 0x100a00 -> 0x8dcb00 -> 0x11fd90 -> 0x100a00 -> 0x8dcb00 -> 0x11fd90 -> 0x100a00 -> 0x8dcb00 -> 0x11fd90 -> 0x100a00 -> 0x8dcb00 -> 0x11fd90 -> 0x100a00 -> 0x8dcb00 -> 0x11fd90 -> 0x100a00 -> 0x8dcb00 -> 0x11fd90 -> 0x100a00 -> 0x8dcb00 -> 0x11fd90 -> 0x100a00 -> 0x8dcb00 -> 0x11fd90 -> 0x100a00 -> 0x8dcb00 -> 0x11fd90 -> 0x100a00 -> 0x8dcb00 -> 0x11fd90 -> 0x100a00 -> 0x8dcb00 -> 0x11fd90 -> 0x100a00 -> 0x8dcb00 -> 0x11fd90 -> 0x100a00 -> 0x8dcb00 -> 0x11fd90 -> 0x100a00 -> 0x8dcb00
[p4:inner-dispatch] pc=0x008dcb00 ra=0x008dcb00 sp=0x01ff7fb0 trace=0x8dcb00 -> 0x11fd90 -> 0x100a00 -> 0x8dcb00 -> 0x11fd90 -> 0x100a00 -> 0x8dcb00 -> 0x11fd90 -> 0x100a00 -> 0x8dcb00 -> 0x11fd90 -> 0x100a00 -> 0x8dcb00 -> 0x11fd90 -> 0x100a00 -> 0x8dcb00 -> 0x11fd90 -> 0x100a00 -> 0x8dcb00 -> 0x11fd90 -> 0x100a00 -> 0x8dcb00 -> 0x11fd90 -> 0x100a00 -> 0x8dcb00 -> 0x11fd90 -> 0x100a00 -> 0x8dcb00 -> 0x11fd90 -> 0x100a00 -> 0x8dcb00 -> 0x11fd90 -> 0x100a00 -> 0x8dcb00 -> 0x11fd90 -> 0x100a00 -> 0x8dcb00 -> 0x11fd90 -> 0x100a00 -> 0x8dcb00 -> 0x11fd90 -> 0x100a00 -> 0x8dcb00 -> 0x11fd90 -> 0x100a00 -> 0x8dcb00 -> 0x11fd90 -> 0x100a00 -> 0x8dcb00 -> 0x11fd90 -> 0x100a00 -> 0x8dcb00 -> 0x11fd90 -> 0x100a00 -> 0x8dcb00 -> 0x11fd90 -> 0x100a00 -> 0x8dcb00 -> 0x11fd90 -> 0x100a00 -> 0x8dcb00 -> 0x11fd90 -> 0x100a00 -> 0x8dcb00
[p4:inner-dispatch] pc=0x008dcb00 ra=0x008dcb00 sp=0x01ff7fb0 trace=0x8dcb00 -> 0x11fd90 -> 0x100a00 -> 0x8dcb00 -> 0x11fd90 -> 0x100a00 -> 0x8dcb00 -> 0x11fd90 -> 0x100a00 -> 0x8dcb00 -> 0x11fd90 -> 0x100a00 -> 0x8dcb00 -> 0x11fd90 -> 0x100a00 -> 0x8dcb00 -> 0x11fd90 -> 0x100a00 -> 0x8dcb00 -> 0x11fd90 -> 0x100a00 -> 0x8dcb00 -> 0x11fd90 -> 0x100a00 -> 0x8dcb00 -> 0x11fd90 -> 0x100a00 -> 0x8dcb00 -> 0x11fd90 -> 0x100a00 -> 0x8dcb00 -> 0x11fd90 -> 0x100a00 -> 0x8dcb00 -> 0x11fd90 -> 0x100a00 -> 0x8dcb00 -> 0x11fd90 -> 0x100a00 -> 0x8dcb00 -> 0x11fd90 -> 0x100a00 -> 0x8dcb00 -> 0x11fd90 -> 0x100a00 -> 0x8dcb00 -> 0x11fd90 -> 0x100a00 -> 0x8dcb00 -> 0x11fd90 -> 0x100a00 -> 0x8dcb00 -> 0x11fd90 -> 0x100a00 -> 0x8dcb00 -> 0x11fd90 -> 0x100a00 -> 0x8dcb00 -> 0x11fd90 -> 0x100a00 -> 0x8dcb00 -> 0x11fd90 -> 0x100a00 -> 0x8dcb00
[p4:inner-dispatch] pc=0x008dcb00 ra=0x008dcb00 sp=0x01ff7fb0 trace=0x8dcb00 -> 0x11fd90 -> 0x100a00 -> 0x8dcb00 -> 0x11fd90 -> 0x100a00 -> 0x8dcb00 -> 0x11fd90 -> 0x100a00 -> 0x8dcb00 -> 0x11fd90 -> 0x100a00 -> 0x8dcb00 -> 0x11fd90 -> 0x100a00 -> 0x8dcb00 -> 0x11fd90 -> 0x100a00 -> 0x8dcb00 -> 0x11fd90 -> 0x100a00 -> 0x8dcb00 -> 0x11fd90 -> 0x100a00 -> 0x8dcb00 -> 0x11fd90 -> 0x100a00 -> 0x8dcb00 -> 0x11fd90 -> 0x100a00 -> 0x8dcb00 -> 0x11fd90 -> 0x100a00 -> 0x8dcb00 -> 0x11fd90 -> 0x100a00 -> 0x8dcb00 -> 0x11fd90 -> 0x100a00 -> 0x8dcb00 -> 0x11fd90 -> 0x100a00 -> 0x8dcb00 -> 0x11fd90 -> 0x100a00 -> 0x8dcb00 -> 0x11fd90 -> 0x100a00 -> 0x8dcb00 -> 0x11fd90 -> 0x100a00 -> 0x8dcb00 -> 0x11fd90 -> 0x100a00 -> 0x8dcb00 -> 0x11fd90 -> 0x100a00 -> 0x8dcb00 -> 0x11fd90 -> 0x100a00 -> 0x8dcb00 -> 0x11fd90 -> 0x100a00 -> 0x8dcb00
[p4:inner-dispatch] pc=0x008dcb00 ra=0x008dcb00 sp=0x01ff7fb0 trace=0x8dcb00 -> 0x11fd90 -> 0x100a00 -> 0x8dcb00 -> 0x11fd90 -> 0x100a00 -> 0x8dcb00 -> 0x11fd90 -> 0x100a00 -> 0x8dcb00 -> 0x11fd90 -> 0x100a00 -> 0x8dcb00 -> 0x11fd90 -> 0x100a00 -> 0x8dcb00 -> 0x11fd90 -> 0x100a00 -> 0x8dcb00 -> 0x11fd90 -> 0x100a00 -> 0x8dcb00 -> 0x11fd90 -> 0x100a00 -> 0x8dcb00 -> 0x11fd90 -> 0x100a00 -> 0x8dcb00 -> 0x11fd90 -> 0x100a00 -> 0x8dcb00 -> 0x11fd90 -> 0x100a00 -> 0x8dcb00 -> 0x11fd90 -> 0x100a00 -> 0x8dcb00 -> 0x11fd90 -> 0x100a00 -> 0x8dcb00 -> 0x11fd90 -> 0x100a00 -> 0x8dcb00 -> 0x11fd90 -> 0x100a00 -> 0x8dcb00 -> 0x11fd90 -> 0x100a00 -> 0x8dcb00 -> 0x11fd90 -> 0x100a00 -> 0x8dcb00 -> 0x11fd90 -> 0x100a00 -> 0x8dcb00 -> 0x11fd90 -> 0x100a00 -> 0x8dcb00 -> 0x11fd90 -> 0x100a00 -> 0x8dcb00 -> 0x11fd90 -> 0x100a00 -> 0x8dcb00
[p4:inner-dispatch] pc=0x008dcb00 ra=0x008dcb00 sp=0x01ff7fb0 trace=0x8dcb00 -> 0x11fd90 -> 0x100a00 -> 0x8dcb00 -> 0x11fd90 -> 0x100a00 -> 0x8dcb00 -> 0x11fd90 -> 0x100a00 -> 0x8dcb00 -> 0x11fd90 -> 0x100a00 -> 0x8dcb00 -> 0x11fd90 -> 0x100a00 -> 0x8dcb00 -> 0x11fd90 -> 0x100a00 -> 0x8dcb00 -> 0x11fd90 -> 0x100a00 -> 0x8dcb00 -> 0x11fd90 -> 0x100a00 -> 0x8dcb00 -> 0x11fd90 -> 0x100a00 -> 0x8dcb00 -> 0x11fd90 -> 0x100a00 -> 0x8dcb00 -> 0x11fd90 -> 0x100a00 -> 0x8dcb00 -> 0x11fd90 -> 0x100a00 -> 0x8dcb00 -> 0x11fd90 -> 0x100a00 -> 0x8dcb00 -> 0x11fd90 -> 0x100a00 -> 0x8dcb00 -> 0x11fd90 -> 0x100a00 -> 0x8dcb00 -> 0x11fd90 -> 0x100a00 -> 0x8dcb00 -> 0x11fd90 -> 0x100a00 -> 0x8dcb00 -> 0x11fd90 -> 0x100a00 -> 0x8dcb00 -> 0x11fd90 -> 0x100a00 -> 0x8dcb00 -> 0x11fd90 -> 0x100a00 -> 0x8dcb00 -> 0x11fd90 -> 0x100a00 -> 0x8dcb00
[p4:inner-dispatch] pc=0x008dcb00 ra=0x008dcb00 sp=0x01ff7fb0 trace=0x8dcb00 -> 0x11fd90 -> 0x100a00 -> 0x8dcb00 -> 0x11fd90 -> 0x100a00 -> 0x8dcb00 -> 0x11fd90 -> 0x100a00 -> 0x8dcb00 -> 0x11fd90 -> 0x100a00 -> 0x8dcb00 -> 0x11fd90 -> 0x100a00 -> 0x8dcb00 -> 0x11fd90 -> 0x100a00 -> 0x8dcb00 -> 0x11fd90 -> 0x100a00 -> 0x8dcb00 -> 0x11fd90 -> 0x100a00 -> 0x8dcb00 -> 0x11fd90 -> 0x100a00 -> 0x8dcb00 -> 0x11fd90 -> 0x100a00 -> 0x8dcb00 -> 0x11fd90 -> 0x100a00 -> 0x8dcb00 -> 0x11fd90 -> 0x100a00 -> 0x8dcb00 -> 0x11fd90 -> 0x100a00 -> 0x8dcb00 -> 0x11fd90 -> 0x100a00 -> 0x8dcb00 -> 0x11fd90 -> 0x100a00 -> 0x8dcb00 -> 0x11fd90 -> 0x100a00 -> 0x8dcb00 -> 0x11fd90 -> 0x100a00 -> 0x8dcb00 -> 0x11fd90 -> 0x100a00 -> 0x8dcb00 -> 0x11fd90 -> 0x100a00 -> 0x8dcb00 -> 0x11fd90 -> 0x100a00 -> 0x8dcb00 -> 0x11fd90 -> 0x100a00 -> 0x8dcb00
[p4:inner-dispatch] pc=0x008dcb00 ra=0x008dcb00 sp=0x01ff7fb0 trace=0x8dcb00 -> 0x11fd90 -> 0x100a00 -> 0x8dcb00 -> 0x11fd90 -> 0x100a00 -> 0x8dcb00 -> 0x11fd90 -> 0x100a00 -> 0x8dcb00 -> 0x11fd90 -> 0x100a00 -> 0x8dcb00 -> 0x11fd90 -> 0x100a00 -> 0x8dcb00 -> 0x11fd90 -> 0x100a00 -> 0x8dcb00 -> 0x11fd90 -> 0x100a00 -> 0x8dcb00 -> 0x11fd90 -> 0x100a00 -> 0x8dcb00 -> 0x11fd90 -> 0x100a00 -> 0x8dcb00 -> 0x11fd90 -> 0x100a00 -> 0x8dcb00 -> 0x11fd90 -> 0x100a00 -> 0x8dcb00 -> 0x11fd90 -> 0x100a00 -> 0x8dcb00 -> 0x11fd90 -> 0x100a00 -> 0x8dcb00 -> 0x11fd90 -> 0x100a00 -> 0x8dcb00 -> 0x11fd90 -> 0x100a00 -> 0x8dcb00 -> 0x11fd90 -> 0x100a00 -> 0x8dcb00 -> 0x11fd90 -> 0x100a00 -> 0x8dcb00 -> 0x11fd90 -> 0x100a00 -> 0x8dcb00 -> 0x11fd90 -> 0x100a00 -> 0x8dcb00 -> 0x11fd90 -> 0x100a00 -> 0x8dcb00 -> 0x11fd90 -> 0x100a00 -> 0x8dcb00
[p4:inner-dispatch] pc=0x008dcb00 ra=0x008dcb00 sp=0x01ff7fb0 trace=0x8dcb00 -> 0x11fd90 -> 0x100a00 -> 0x8dcb00 -> 0x11fd90 -> 0x100a00 -> 0x8dcb00 -> 0x11fd90 -> 0x100a00 -> 0x8dcb00 -> 0x11fd90 -> 0x100a00 -> 0x8dcb00 -> 0x11fd90 -> 0x100a00 -> 0x8dcb00 -> 0x11fd90 -> 0x100a00 -> 0x8dcb00 -> 0x11fd90 -> 0x100a00 -> 0x8dcb00 -> 0x11fd90 -> 0x100a00 -> 0x8dcb00 -> 0x11fd90 -> 0x100a00 -> 0x8dcb00 -> 0x11fd90 -> 0x100a00 -> 0x8dcb00 -> 0x11fd90 -> 0x100a00 -> 0x8dcb00 -> 0x11fd90 -> 0x100a00 -> 0x8dcb00 -> 0x11fd90 -> 0x100a00 -> 0x8dcb00 -> 0x11fd90 -> 0x100a00 -> 0x8dcb00 -> 0x11fd90 -> 0x100a00 -> 0x8dcb00 -> 0x11fd90 -> 0x100a00 -> 0x8dcb00 -> 0x11fd90 -> 0x100a00 -> 0x8dcb00 -> 0x11fd90 -> 0x100a00 -> 0x8dcb00 -> 0x11fd90 -> 0x100a00 -> 0x8dcb00 -> 0x11fd90 -> 0x100a00 -> 0x8dcb00 -> 0x11fd90 -> 0x100a00 -> 0x8dcb00
[p4:inner-dispatch] pc=0x008dcb00 ra=0x008dcb00 sp=0x01ff7fb0 trace=0x8dcb00 -> 0x11fd90 -> 0x100a00 -> 0x8dcb00 -> 0x11fd90 -> 0x100a00 -> 0x8dcb00 -> 0x11fd90 -> 0x100a00 -> 0x8dcb00 -> 0x11fd90 -> 0x100a00 -> 0x8dcb00 -> 0x11fd90 -> 0x100a00 -> 0x8dcb00 -> 0x11fd90 -> 0x100a00 -> 0x8dcb00 -> 0x11fd90 -> 0x100a00 -> 0x8dcb00 -> 0x11fd90 -> 0x100a00 -> 0x8dcb00 -> 0x11fd90 -> 0x100a00 -> 0x8dcb00 -> 0x11fd90 -> 0x100a00 -> 0x8dcb00 -> 0x11fd90 -> 0x100a00 -> 0x8dcb00 -> 0x11fd90 -> 0x100a00 -> 0x8dcb00 -> 0x11fd90 -> 0x100a00 -> 0x8dcb00 -> 0x11fd90 -> 0x100a00 -> 0x8dcb00 -> 0x11fd90 -> 0x100a00 -> 0x8dcb00 -> 0x11fd90 -> 0x100a00 -> 0x8dcb00 -> 0x11fd90 -> 0x100a00 -> 0x8dcb00 -> 0x11fd90 -> 0x100a00 -> 0x8dcb00 -> 0x11fd90 -> 0x100a00 -> 0x8dcb00 -> 0x11fd90 -> 0x100a00 -> 0x8dcb00 -> 0x11fd90 -> 0x100a00 -> 0x8dcb00
[p4:inner-dispatch] pc=0x008dcb00 ra=0x008dcb00 sp=0x01ff7fb0 trace=0x8dcb00 -> 0x11fd90 -> 0x100a00 -> 0x8dcb00 -> 0x11fd90 -> 0x100a00 -> 0x8dcb00 -> 0x11fd90 -> 0x100a00 -> 0x8dcb00 -> 0x11fd90 -> 0x100a00 -> 0x8dcb00 -> 0x11fd90 -> 0x100a00 -> 0x8dcb00 -> 0x11fd90 -> 0x100a00 -> 0x8dcb00 -> 0x11fd90 -> 0x100a00 -> 0x8dcb00 -> 0x11fd90 -> 0x100a00 -> 0x8dcb00 -> 0x11fd90 -> 0x100a00 -> 0x8dcb00 -> 0x11fd90 -> 0x100a00 -> 0x8dcb00 -> 0x11fd90 -> 0x100a00 -> 0x8dcb00 -> 0x11fd90 -> 0x100a00 -> 0x8dcb00 -> 0x11fd90 -> 0x100a00 -> 0x8dcb00 -> 0x11fd90 -> 0x100a00 -> 0x8dcb00 -> 0x11fd90 -> 0x100a00 -> 0x8dcb00 -> 0x11fd90 -> 0x100a00 -> 0x8dcb00 -> 0x11fd90 -> 0x100a00 -> 0x8dcb00 -> 0x11fd90 -> 0x100a00 -> 0x8dcb00 -> 0x11fd90 -> 0x100a00 -> 0x8dcb00 -> 0x11fd90 -> 0x100a00 -> 0x8dcb00 -> 0x11fd90 -> 0x100a00 -> 0x8dcb00
[p4:inner-dispatch] pc=0x008dcb00 ra=0x008dcb00 sp=0x01ff7fb0 trace=0x8dcb00 -> 0x11fd90 -> 0x100a00 -> 0x8dcb00 -> 0x11fd90 -> 0x100a00 -> 0x8dcb00 -> 0x11fd90 -> 0x100a00 -> 0x8dcb00 -> 0x11fd90 -> 0x100a00 -> 0x8dcb00 -> 0x11fd90 -> 0x100a00 -> 0x8dcb00 -> 0x11fd90 -> 0x100a00 -> 0x8dcb00 -> 0x11fd90 -> 0x100a00 -> 0x8dcb00 -> 0x11fd90 -> 0x100a00 -> 0x8dcb00 -> 0x11fd90 -> 0x100a00 -> 0x8dcb00 -> 0x11fd90 -> 0x100a00 -> 0x8dcb00 -> 0x11fd90 -> 0x100a00 -> 0x8dcb00 -> 0x11fd90 -> 0x100a00 -> 0x8dcb00 -> 0x11fd90 -> 0x100a00 -> 0x8dcb00 -> 0x11fd90 -> 0x100a00 -> 0x8dcb00 -> 0x11fd90 -> 0x100a00 -> 0x8dcb00 -> 0x11fd90 -> 0x100a00 -> 0x8dcb00 -> 0x11fd90 -> 0x100a00 -> 0x8dcb00 -> 0x11fd90 -> 0x100a00 -> 0x8dcb00 -> 0x11fd90 -> 0x100a00 -> 0x8dcb00 -> 0x11fd90 -> 0x100a00 -> 0x8dcb00 -> 0x11fd90 -> 0x100a00 -> 0x8dcb00
[p4:inner-dispatch] pc=0x008dcb00 ra=0x008dcb00 sp=0x01ff7fb0 trace=0x8dcb00 -> 0x11fd90 -> 0x100a00 -> 0x8dcb00 -> 0x11fd90 -> 0x100a00 -> 0x8dcb00 -> 0x11fd90 -> 0x100a00 -> 0x8dcb00 -> 0x11fd90 -> 0x100a00 -> 0x8dcb00 -> 0x11fd90 -> 0x100a00 -> 0x8dcb00 -> 0x11fd90 -> 0x100a00 -> 0x8dcb00 -> 0x11fd90 -> 0x100a00 -> 0x8dcb00 -> 0x11fd90 -> 0x100a00 -> 0x8dcb00 -> 0x11fd90 -> 0x100a00 -> 0x8dcb00 -> 0x11fd90 -> 0x100a00 -> 0x8dcb00 -> 0x11fd90 -> 0x100a00 -> 0x8dcb00 -> 0x11fd90 -> 0x100a00 -> 0x8dcb00 -> 0x11fd90 -> 0x100a00 -> 0x8dcb00 -> 0x11fd90 -> 0x100a00 -> 0x8dcb00 -> 0x11fd90 -> 0x100a00 -> 0x8dcb00 -> 0x11fd90 -> 0x100a00 -> 0x8dcb00 -> 0x11fd90 -> 0x100a00 -> 0x8dcb00 -> 0x11fd90 -> 0x100a00 -> 0x8dcb00 -> 0x11fd90 -> 0x100a00 -> 0x8dcb00 -> 0x11fd90 -> 0x100a00 -> 0x8dcb00 -> 0x11fd90 -> 0x100a00 -> 0x8dcb00
[p4:inner-dispatch] pc=0x008dcb00 ra=0x008dcb00 sp=0x01ff7fb0 trace=0x8dcb00 -> 0x11fd90 -> 0x100a00 -> 0x8dcb00 -> 0x11fd90 -> 0x100a00 -> 0x8dcb00 -> 0x11fd90 -> 0x100a00 -> 0x8dcb00 -> 0x11fd90 -> 0x100a00 -> 0x8dcb00 -> 0x11fd90 -> 0x100a00 -> 0x8dcb00 -> 0x11fd90 -> 0x100a00 -> 0x8dcb00 -> 0x11fd90 -> 0x100a00 -> 0x8dcb00 -> 0x11fd90 -> 0x100a00 -> 0x8dcb00 -> 0x11fd90 -> 0x100a00 -> 0x8dcb00 -> 0x11fd90 -> 0x100a00 -> 0x8dcb00 -> 0x11fd90 -> 0x100a00 -> 0x8dcb00 -> 0x11fd90 -> 0x100a00 -> 0x8dcb00 -> 0x11fd90 -> 0x100a00 -> 0x8dcb00 -> 0x11fd90 -> 0x100a00 -> 0x8dcb00 -> 0x11fd90 -> 0x100a00 -> 0x8dcb00 -> 0x11fd90 -> 0x100a00 -> 0x8dcb00 -> 0x11fd90 -> 0x100a00 -> 0x8dcb00 -> 0x11fd90 -> 0x100a00 -> 0x8dcb00 -> 0x11fd90 -> 0x100a00 -> 0x8dcb00 -> 0x11fd90 -> 0x100a00 -> 0x8dcb00 -> 0x11fd90 -> 0x100a00 -> 0x8dcb00
[p4:inner-dispatch] pc=0x008dcb00 ra=0x008dcb00 sp=0x01ff7fb0 trace=0x8dcb00 -> 0x11fd90 -> 0x100a00 -> 0x8dcb00 -> 0x11fd90 -> 0x100a00 -> 0x8dcb00 -> 0x11fd90 -> 0x100a00 -> 0x8dcb00 -> 0x11fd90 -> 0x100a00 -> 0x8dcb00 -> 0x11fd90 -> 0x100a00 -> 0x8dcb00 -> 0x11fd90 -> 0x100a00 -> 0x8dcb00 -> 0x11fd90 -> 0x100a00 -> 0x8dcb00 -> 0x11fd90 -> 0x100a00 -> 0x8dcb00 -> 0x11fd90 -> 0x100a00 -> 0x8dcb00 -> 0x11fd90 -> 0x100a00 -> 0x8dcb00 -> 0x11fd90 -> 0x100a00 -> 0x8dcb00 -> 0x11fd90 -> 0x100a00 -> 0x8dcb00 -> 0x11fd90 -> 0x100a00 -> 0x8dcb00 -> 0x11fd90 -> 0x100a00 -> 0x8dcb00 -> 0x11fd90 -> 0x100a00 -> 0x8dcb00 -> 0x11fd90 -> 0x100a00 -> 0x8dcb00 -> 0x11fd90 -> 0x100a00 -> 0x8dcb00 -> 0x11fd90 -> 0x100a00 -> 0x8dcb00 -> 0x11fd90 -> 0x100a00 -> 0x8dcb00 -> 0x11fd90 -> 0x100a00 -> 0x8dcb00 -> 0x11fd90 -> 0x100a00 -> 0x8dcb00
[p4:inner-dispatch] pc=0x008dcb00 ra=0x008dcb00 sp=0x01ff7fb0 trace=0x8dcb00 -> 0x11fd90 -> 0x100a00 -> 0x8dcb00 -> 0x11fd90 -> 0x100a00 -> 0x8dcb00 -> 0x11fd90 -> 0x100a00 -> 0x8dcb00 -> 0x11fd90 -> 0x100a00 -> 0x8dcb00 -> 0x11fd90 -> 0x100a00 -> 0x8dcb00 -> 0x11fd90 -> 0x100a00 -> 0x8dcb00 -> 0x11fd90 -> 0x100a00 -> 0x8dcb00 -> 0x11fd90 -> 0x100a00 -> 0x8dcb00 -> 0x11fd90 -> 0x100a00 -> 0x8dcb00 -> 0x11fd90 -> 0x100a00 -> 0x8dcb00 -> 0x11fd90 -> 0x100a00 -> 0x8dcb00 -> 0x11fd90 -> 0x100a00 -> 0x8dcb00 -> 0x11fd90 -> 0x100a00 -> 0x8dcb00 -> 0x11fd90 -> 0x100a00 -> 0x8dcb00 -> 0x11fd90 -> 0x100a00 -> 0x8dcb00 -> 0x11fd90 -> 0x100a00 -> 0x8dcb00 -> 0x11fd90 -> 0x100a00 -> 0x8dcb00 -> 0x11fd90 -> 0x100a00 -> 0x8dcb00 -> 0x11fd90 -> 0x100a00 -> 0x8dcb00 -> 0x11fd90 -> 0x100a00 -> 0x8dcb00 -> 0x11fd90 -> 0x100a00 -> 0x8dcb00
[p4:inner-dispatch] pc=0x008dcb00 ra=0x008dcb00 sp=0x01ff7fb0 trace=0x8dcb00 -> 0x11fd90 -> 0x100a00 -> 0x8dcb00 -> 0x11fd90 -> 0x100a00 -> 0x8dcb00 -> 0x11fd90 -> 0x100a00 -> 0x8dcb00 -> 0x11fd90 -> 0x100a00 -> 0x8dcb00 -> 0x11fd90 -> 0x100a00 -> 0x8dcb00 -> 0x11fd90 -> 0x100a00 -> 0x8dcb00 -> 0x11fd90 -> 0x100a00 -> 0x8dcb00 -> 0x11fd90 -> 0x100a00 -> 0x8dcb00 -> 0x11fd90 -> 0x100a00 -> 0x8dcb00 -> 0x11fd90 -> 0x100a00 -> 0x8dcb00 -> 0x11fd90 -> 0x100a00 -> 0x8dcb00 -> 0x11fd90 -> 0x100a00 -> 0x8dcb00 -> 0x11fd90 -> 0x100a00 -> 0x8dcb00 -> 0x11fd90 -> 0x100a00 -> 0x8dcb00 -> 0x11fd90 -> 0x100a00 -> 0x8dcb00 -> 0x11fd90 -> 0x100a00 -> 0x8dcb00 -> 0x11fd90 -> 0x100a00 -> 0x8dcb00 -> 0x11fd90 -> 0x100a00 -> 0x8dcb00 -> 0x11fd90 -> 0x100a00 -> 0x8dcb00 -> 0x11fd90 -> 0x100a00 -> 0x8dcb00 -> 0x11fd90 -> 0x100a00 -> 0x8dcb00
[p4:inner-dispatch] pc=0x008dcb00 ra=0x008dcb00 sp=0x01ff7fb0 trace=0x8dcb00 -> 0x11fd90 -> 0x100a00 -> 0x8dcb00 -> 0x11fd90 -> 0x100a00 -> 0x8dcb00 -> 0x11fd90 -> 0x100a00 -> 0x8dcb00 -> 0x11fd90 -> 0x100a00 -> 0x8dcb00 -> 0x11fd90 -> 0x100a00 -> 0x8dcb00 -> 0x11fd90 -> 0x100a00 -> 0x8dcb00 -> 0x11fd90 -> 0x100a00 -> 0x8dcb00 -> 0x11fd90 -> 0x100a00 -> 0x8dcb00 -> 0x11fd90 -> 0x100a00 -> 0x8dcb00 -> 0x11fd90 -> 0x100a00 -> 0x8dcb00 -> 0x11fd90 -> 0x100a00 -> 0x8dcb00 -> 0x11fd90 -> 0x100a00 -> 0x8dcb00 -> 0x11fd90 -> 0x100a00 -> 0x8dcb00 -> 0x11fd90 -> 0x100a00 -> 0x8dcb00 -> 0x11fd90 -> 0x100a00 -> 0x8dcb00 -> 0x11fd90 -> 0x100a00 -> 0x8dcb00 -> 0x11fd90 -> 0x100a00 -> 0x8dcb00 -> 0x11fd90 -> 0x100a00 -> 0x8dcb00 -> 0x11fd90 -> 0x100a00 -> 0x8dcb00 -> 0x11fd90 -> 0x100a00 -> 0x8dcb00 -> 0x11fd90 -> 0x100a00 -> 0x8dcb00
[p4:inner-dispatch] pc=0x008dcb00 ra=0x008dcb00 sp=0x01ff7fb0 trace=0x8dcb00 -> 0x11fd90 -> 0x100a00 -> 0x8dcb00 -> 0x11fd90 -> 0x100a00 -> 0x8dcb00 -> 0x11fd90 -> 0x100a00 -> 0x8dcb00 -> 0x11fd90 -> 0x100a00 -> 0x8dcb00 -> 0x11fd90 -> 0x100a00 -> 0x8dcb00 -> 0x11fd90 -> 0x100a00 -> 0x8dcb00 -> 0x11fd90 -> 0x100a00 -> 0x8dcb00 -> 0x11fd90 -> 0x100a00 -> 0x8dcb00 -> 0x11fd90 -> 0x100a00 -> 0x8dcb00 -> 0x11fd90 -> 0x100a00 -> 0x8dcb00 -> 0x11fd90 -> 0x100a00 -> 0x8dcb00 -> 0x11fd90 -> 0x100a00 -> 0x8dcb00 -> 0x11fd90 -> 0x100a00 -> 0x8dcb00 -> 0x11fd90 -> 0x100a00 -> 0x8dcb00 -> 0x11fd90 -> 0x100a00 -> 0x8dcb00 -> 0x11fd90 -> 0x100a00 -> 0x8dcb00 -> 0x11fd90 -> 0x100a00 -> 0x8dcb00 -> 0x11fd90 -> 0x100a00 -> 0x8dcb00 -> 0x11fd90 -> 0x100a00 -> 0x8dcb00 -> 0x11fd90 -> 0x100a00 -> 0x8dcb00 -> 0x11fd90 -> 0x100a00 -> 0x8dcb00
[p4:inner-dispatch] pc=0x008dcb00 ra=0x008dcb00 sp=0x01ff7fb0 trace=0x8dcb00 -> 0x11fd90 -> 0x100a00 -> 0x8dcb00 -> 0x11fd90 -> 0x100a00 -> 0x8dcb00 -> 0x11fd90 -> 0x100a00 -> 0x8dcb00 -> 0x11fd90 -> 0x100a00 -> 0x8dcb00 -> 0x11fd90 -> 0x100a00 -> 0x8dcb00 -> 0x11fd90 -> 0x100a00 -> 0x8dcb00 -> 0x11fd90 -> 0x100a00 -> 0x8dcb00 -> 0x11fd90 -> 0x100a00 -> 0x8dcb00 -> 0x11fd90 -> 0x100a00 -> 0x8dcb00 -> 0x11fd90 -> 0x100a00 -> 0x8dcb00 -> 0x11fd90 -> 0x100a00 -> 0x8dcb00 -> 0x11fd90 -> 0x100a00 -> 0x8dcb00 -> 0x11fd90 -> 0x100a00 -> 0x8dcb00 -> 0x11fd90 -> 0x100a00 -> 0x8dcb00 -> 0x11fd90 -> 0x100a00 -> 0x8dcb00 -> 0x11fd90 -> 0x100a00 -> 0x8dcb00 -> 0x11fd90 -> 0x100a00 -> 0x8dcb00 -> 0x11fd90 -> 0x100a00 -> 0x8dcb00 -> 0x11fd90 -> 0x100a00 -> 0x8dcb00 -> 0x11fd90 -> 0x100a00 -> 0x8dcb00 -> 0x11fd90 -> 0x100a00 -> 0x8dcb00
[p4:inner-dispatch] pc=0x008dcb00 ra=0x008dcb00 sp=0x01ff7fb0 trace=0x8dcb00 -> 0x11fd90 -> 0x100a00 -> 0x8dcb00 -> 0x11fd90 -> 0x100a00 -> 0x8dcb00 -> 0x11fd90 -> 0x100a00 -> 0x8dcb00 -> 0x11fd90 -> 0x100a00 -> 0x8dcb00 -> 0x11fd90 -> 0x100a00 -> 0x8dcb00 -> 0x11fd90 -> 0x100a00 -> 0x8dcb00 -> 0x11fd90 -> 0x100a00 -> 0x8dcb00 -> 0x11fd90 -> 0x100a00 -> 0x8dcb00 -> 0x11fd90 -> 0x100a00 -> 0x8dcb00 -> 0x11fd90 -> 0x100a00 -> 0x8dcb00 -> 0x11fd90 -> 0x100a00 -> 0x8dcb00 -> 0x11fd90 -> 0x100a00 -> 0x8dcb00 -> 0x11fd90 -> 0x100a00 -> 0x8dcb00 -> 0x11fd90 -> 0x100a00 -> 0x8dcb00 -> 0x11fd90 -> 0x100a00 -> 0x8dcb00 -> 0x11fd90 -> 0x100a00 -> 0x8dcb00 -> 0x11fd90 -> 0x100a00 -> 0x8dcb00 -> 0x11fd90 -> 0x100a00 -> 0x8dcb00 -> 0x11fd90 -> 0x100a00 -> 0x8dcb00 -> 0x11fd90 -> 0x100a00 -> 0x8dcb00 -> 0x11fd90 -> 0x100a00 -> 0x8dcb00
[p4:inner-dispatch] pc=0x008dcb00 ra=0x008dcb00 sp=0x01ff7fb0 trace=0x8dcb00 -> 0x11fd90 -> 0x100a00 -> 0x8dcb00 -> 0x11fd90 -> 0x100a00 -> 0x8dcb00 -> 0x11fd90 -> 0x100a00 -> 0x8dcb00 -> 0x11fd90 -> 0x100a00 -> 0x8dcb00 -> 0x11fd90 -> 0x100a00 -> 0x8dcb00 -> 0x11fd90 -> 0x100a00 -> 0x8dcb00 -> 0x11fd90 -> 0x100a00 -> 0x8dcb00 -> 0x11fd90 -> 0x100a00 -> 0x8dcb00 -> 0x11fd90 -> 0x100a00 -> 0x8dcb00 -> 0x11fd90 -> 0x100a00 -> 0x8dcb00 -> 0x11fd90 -> 0x100a00 -> 0x8dcb00 -> 0x11fd90 -> 0x100a00 -> 0x8dcb00 -> 0x11fd90 -> 0x100a00 -> 0x8dcb00 -> 0x11fd90 -> 0x100a00 -> 0x8dcb00 -> 0x11fd90 -> 0x100a00 -> 0x8dcb00 -> 0x11fd90 -> 0x100a00 -> 0x8dcb00 -> 0x11fd90 -> 0x100a00 -> 0x8dcb00 -> 0x11fd90 -> 0x100a00 -> 0x8dcb00 -> 0x11fd90 -> 0x100a00 -> 0x8dcb00 -> 0x11fd90 -> 0x100a00 -> 0x8dcb00 -> 0x11fd90 -> 0x100a00 -> 0x8dcb00
[p4:inner-dispatch] pc=0x008dcb00 ra=0x008dcb00 sp=0x01ff7fb0 trace=0x8dcb00 -> 0x11fd90 -> 0x100a00 -> 0x8dcb00 -> 0x11fd90 -> 0x100a00 -> 0x8dcb00 -> 0x11fd90 -> 0x100a00 -> 0x8dcb00 -> 0x11fd90 -> 0x100a00 -> 0x8dcb00 -> 0x11fd90 -> 0x100a00 -> 0x8dcb00 -> 0x11fd90 -> 0x100a00 -> 0x8dcb00 -> 0x11fd90 -> 0x100a00 -> 0x8dcb00 -> 0x11fd90 -> 0x100a00 -> 0x8dcb00 -> 0x11fd90 -> 0x100a00 -> 0x8dcb00 -> 0x11fd90 -> 0x100a00 -> 0x8dcb00 -> 0x11fd90 -> 0x100a00 -> 0x8dcb00 -> 0x11fd90 -> 0x100a00 -> 0x8dcb00 -> 0x11fd90 -> 0x100a00 -> 0x8dcb00 -> 0x11fd90 -> 0x100a00 -> 0x8dcb00 -> 0x11fd90 -> 0x100a00 -> 0x8dcb00 -> 0x11fd90 -> 0x100a00 -> 0x8dcb00 -> 0x11fd90 -> 0x100a00 -> 0x8dcb00 -> 0x11fd90 -> 0x100a00 -> 0x8dcb00 -> 0x11fd90 -> 0x100a00 -> 0x8dcb00 -> 0x11fd90 -> 0x100a00 -> 0x8dcb00 -> 0x11fd90 -> 0x100a00 -> 0x8dcb00
[p4:inner-dispatch] pc=0x008dcb00 ra=0x008dcb00 sp=0x01ff7fb0 trace=0x8dcb00 -> 0x11fd90 -> 0x100a00 -> 0x8dcb00 -> 0x11fd90 -> 0x100a00 -> 0x8dcb00 -> 0x11fd90 -> 0x100a00 -> 0x8dcb00 -> 0x11fd90 -> 0x100a00 -> 0x8dcb00 -> 0x11fd90 -> 0x100a00 -> 0x8dcb00 -> 0x11fd90 -> 0x100a00 -> 0x8dcb00 -> 0x11fd90 -> 0x100a00 -> 0x8dcb00 -> 0x11fd90 -> 0x100a00 -> 0x8dcb00 -> 0x11fd90 -> 0x100a00 -> 0x8dcb00 -> 0x11fd90 -> 0x100a00 -> 0x8dcb00 -> 0x11fd90 -> 0x100a00 -> 0x8dcb00 -> 0x11fd90 -> 0x100a00 -> 0x8dcb00 -> 0x11fd90 -> 0x100a00 -> 0x8dcb00 -> 0x11fd90 -> 0x100a00 -> 0x8dcb00 -> 0x11fd90 -> 0x100a00 -> 0x8dcb00 -> 0x11fd90 -> 0x100a00 -> 0x8dcb00 -> 0x11fd90 -> 0x100a00 -> 0x8dcb00 -> 0x11fd90 -> 0x100a00 -> 0x8dcb00 -> 0x11fd90 -> 0x100a00 -> 0x8dcb00 -> 0x11fd90 -> 0x100a00 -> 0x8dcb00 -> 0x11fd90 -> 0x100a00 -> 0x8dcb00
[p4:inner-dispatch] pc=0x008dcb00 ra=0x008dcb00 sp=0x01ff7fb0 trace=0x8dcb00 -> 0x11fd90 -> 0x100a00 -> 0x8dcb00 -> 0x11fd90 -> 0x100a00 -> 0x8dcb00 -> 0x11fd90 -> 0x100a00 -> 0x8dcb00 -> 0x11fd90 -> 0x100a00 -> 0x8dcb00 -> 0x11fd90 -> 0x100a00 -> 0x8dcb00 -> 0x11fd90 -> 0x100a00 -> 0x8dcb00 -> 0x11fd90 -> 0x100a00 -> 0x8dcb00 -> 0x11fd90 -> 0x100a00 -> 0x8dcb00 -> 0x11fd90 -> 0x100a00 -> 0x8dcb00 -> 0x11fd90 -> 0x100a00 -> 0x8dcb00 -> 0x11fd90 -> 0x100a00 -> 0x8dcb00 -> 0x11fd90 -> 0x100a00 -> 0x8dcb00 -> 0x11fd90 -> 0x100a00 -> 0x8dcb00 -> 0x11fd90 -> 0x100a00 -> 0x8dcb00 -> 0x11fd90 -> 0x100a00 -> 0x8dcb00 -> 0x11fd90 -> 0x100a00 -> 0x8dcb00 -> 0x11fd90 -> 0x100a00 -> 0x8dcb00 -> 0x11fd90 -> 0x100a00 -> 0x8dcb00 -> 0x11fd90 -> 0x100a00 -> 0x8dcb00 -> 0x11fd90 -> 0x100a00 -> 0x8dcb00 -> 0x11fd90 -> 0x100a00 -> 0x8dcb00
[p4:inner-dispatch] pc=0x008dcb00 ra=0x008dcb00 sp=0x01ff7fb0 trace=0x8dcb00 -> 0x11fd90 -> 0x100a00 -> 0x8dcb00 -> 0x11fd90 -> 0x100a00 -> 0x8dcb00 -> 0x11fd90 -> 0x100a00 -> 0x8dcb00 -> 0x11fd90 -> 0x100a00 -> 0x8dcb00 -> 0x11fd90 -> 0x100a00 -> 0x8dcb00 -> 0x11fd90 -> 0x100a00 -> 0x8dcb00 -> 0x11fd90 -> 0x100a00 -> 0x8dcb00 -> 0x11fd90 -> 0x100a00 -> 0x8dcb00 -> 0x11fd90 -> 0x100a00 -> 0x8dcb00 -> 0x11fd90 -> 0x100a00 -> 0x8dcb00 -> 0x11fd90 -> 0x100a00 -> 0x8dcb00 -> 0x11fd90 -> 0x100a00 -> 0x8dcb00 -> 0x11fd90 -> 0x100a00 -> 0x8dcb00 -> 0x11fd90 -> 0x100a00 -> 0x8dcb00 -> 0x11fd90 -> 0x100a00 -> 0x8dcb00 -> 0x11fd90 -> 0x100a00 -> 0x8dcb00 -> 0x11fd90 -> 0x100a00 -> 0x8dcb00 -> 0x11fd90 -> 0x100a00 -> 0x8dcb00 -> 0x11fd90 -> 0x100a00 -> 0x8dcb00 -> 0x11fd90 -> 0x100a00 -> 0x8dcb00 -> 0x11fd90 -> 0x100a00 -> 0x8dcb00
[p4:inner-dispatch] pc=0x008dcb00 ra=0x008dcb00 sp=0x01ff7fb0 trace=0x8dcb00 -> 0x11fd90 -> 0x100a00 -> 0x8dcb00 -> 0x11fd90 -> 0x100a00 -> 0x8dcb00 -> 0x11fd90 -> 0x100a00 -> 0x8dcb00 -> 0x11fd90 -> 0x100a00 -> 0x8dcb00 -> 0x11fd90 -> 0x100a00 -> 0x8dcb00 -> 0x11fd90 -> 0x100a00 -> 0x8dcb00 -> 0x11fd90 -> 0x100a00 -> 0x8dcb00 -> 0x11fd90 -> 0x100a00 -> 0x8dcb00 -> 0x11fd90 -> 0x100a00 -> 0x8dcb00 -> 0x11fd90 -> 0x100a00 -> 0x8dcb00 -> 0x11fd90 -> 0x100a00 -> 0x8dcb00 -> 0x11fd90 -> 0x100a00 -> 0x8dcb00 -> 0x11fd90 -> 0x100a00 -> 0x8dcb00 -> 0x11fd90 -> 0x100a00 -> 0x8dcb00 -> 0x11fd90 -> 0x100a00 -> 0x8dcb00 -> 0x11fd90 -> 0x100a00 -> 0x8dcb00 -> 0x11fd90 -> 0x100a00 -> 0x8dcb00 -> 0x11fd90 -> 0x100a00 -> 0x8dcb00 -> 0x11fd90 -> 0x100a00 -> 0x8dcb00 -> 0x11fd90 -> 0x100a00 -> 0x8dcb00 -> 0x11fd90 -> 0x100a00 -> 0x8dcb00
[p4:inner-dispatch] pc=0x008dcb00 ra=0x008dcb00 sp=0x01ff7fb0 trace=0x8dcb00 -> 0x11fd90 -> 0x100a00 -> 0x8dcb00 -> 0x11fd90 -> 0x100a00 -> 0x8dcb00 -> 0x11fd90 -> 0x100a00 -> 0x8dcb00 -> 0x11fd90 -> 0x100a00 -> 0x8dcb00 -> 0x11fd90 -> 0x100a00 -> 0x8dcb00 -> 0x11fd90 -> 0x100a00 -> 0x8dcb00 -> 0x11fd90 -> 0x100a00 -> 0x8dcb00 -> 0x11fd90 -> 0x100a00 -> 0x8dcb00 -> 0x11fd90 -> 0x100a00 -> 0x8dcb00 -> 0x11fd90 -> 0x100a00 -> 0x8dcb00 -> 0x11fd90 -> 0x100a00 -> 0x8dcb00 -> 0x11fd90 -> 0x100a00 -> 0x8dcb00 -> 0x11fd90 -> 0x100a00 -> 0x8dcb00 -> 0x11fd90 -> 0x100a00 -> 0x8dcb00 -> 0x11fd90 -> 0x100a00 -> 0x8dcb00 -> 0x11fd90 -> 0x100a00 -> 0x8dcb00 -> 0x11fd90 -> 0x100a00 -> 0x8dcb00 -> 0x11fd90 -> 0x100a00 -> 0x8dcb00 -> 0x11fd90 -> 0x100a00 -> 0x8dcb00 -> 0x11fd90 -> 0x100a00 -> 0x8dcb00 -> 0x11fd90 -> 0x100a00 -> 0x8dcb00
[p4:inner-dispatch] pc=0x008dcb00 ra=0x008dcb00 sp=0x01ff7fb0 trace=0x8dcb00 -> 0x11fd90 -> 0x100a00 -> 0x8dcb00 -> 0x11fd90 -> 0x100a00 -> 0x8dcb00 -> 0x11fd90 -> 0x100a00 -> 0x8dcb00 -> 0x11fd90 -> 0x100a00 -> 0x8dcb00 -> 0x11fd90 -> 0x100a00 -> 0x8dcb00 -> 0x11fd90 -> 0x100a00 -> 0x8dcb00 -> 0x11fd90 -> 0x100a00 -> 0x8dcb00 -> 0x11fd90 -> 0x100a00 -> 0x8dcb00 -> 0x11fd90 -> 0x100a00 -> 0x8dcb00 -> 0x11fd90 -> 0x100a00 -> 0x8dcb00 -> 0x11fd90 -> 0x100a00 -> 0x8dcb00 -> 0x11fd90 -> 0x100a00 -> 0x8dcb00 -> 0x11fd90 -> 0x100a00 -> 0x8dcb00 -> 0x11fd90 -> 0x100a00 -> 0x8dcb00 -> 0x11fd90 -> 0x100a00 -> 0x8dcb00 -> 0x11fd90 -> 0x100a00 -> 0x8dcb00 -> 0x11fd90 -> 0x100a00 -> 0x8dcb00 -> 0x11fd90 -> 0x100a00 -> 0x8dcb00 -> 0x11fd90 -> 0x100a00 -> 0x8dcb00 -> 0x11fd90 -> 0x100a00 -> 0x8dcb00 -> 0x11fd90 -> 0x100a00 -> 0x8dcb00
[p4:inner-dispatch] pc=0x008dcb00 ra=0x008dcb00 sp=0x01ff7fb0 trace=0x8dcb00 -> 0x11fd90 -> 0x100a00 -> 0x8dcb00 -> 0x11fd90 -> 0x100a00 -> 0x8dcb00 -> 0x11fd90 -> 0x100a00 -> 0x8dcb00 -> 0x11fd90 -> 0x100a00 -> 0x8dcb00 -> 0x11fd90 -> 0x100a00 -> 0x8dcb00 -> 0x11fd90 -> 0x100a00 -> 0x8dcb00 -> 0x11fd90 -> 0x100a00 -> 0x8dcb00 -> 0x11fd90 -> 0x100a00 -> 0x8dcb00 -> 0x11fd90 -> 0x100a00 -> 0x8dcb00 -> 0x11fd90 -> 0x100a00 -> 0x8dcb00 -> 0x11fd90 -> 0x100a00 -> 0x8dcb00 -> 0x11fd90 -> 0x100a00 -> 0x8dcb00 -> 0x11fd90 -> 0x100a00 -> 0x8dcb00 -> 0x11fd90 -> 0x100a00 -> 0x8dcb00 -> 0x11fd90 -> 0x100a00 -> 0x8dcb00 -> 0x11fd90 -> 0x100a00 -> 0x8dcb00 -> 0x11fd90 -> 0x100a00 -> 0x8dcb00 -> 0x11fd90 -> 0x100a00 -> 0x8dcb00 -> 0x11fd90 -> 0x100a00 -> 0x8dcb00 -> 0x11fd90 -> 0x100a00 -> 0x8dcb00 -> 0x11fd90 -> 0x100a00 -> 0x8dcb00
[p4:inner-dispatch] pc=0x008dcb00 ra=0x008dcb00 sp=0x01ff7fb0 trace=0x8dcb00 -> 0x11fd90 -> 0x100a00 -> 0x8dcb00 -> 0x11fd90 -> 0x100a00 -> 0x8dcb00 -> 0x11fd90 -> 0x100a00 -> 0x8dcb00 -> 0x11fd90 -> 0x100a00 -> 0x8dcb00 -> 0x11fd90 -> 0x100a00 -> 0x8dcb00 -> 0x11fd90 -> 0x100a00 -> 0x8dcb00 -> 0x11fd90 -> 0x100a00 -> 0x8dcb00 -> 0x11fd90 -> 0x100a00 -> 0x8dcb00 -> 0x11fd90 -> 0x100a00 -> 0x8dcb00 -> 0x11fd90 -> 0x100a00 -> 0x8dcb00 -> 0x11fd90 -> 0x100a00 -> 0x8dcb00 -> 0x11fd90 -> 0x100a00 -> 0x8dcb00 -> 0x11fd90 -> 0x100a00 -> 0x8dcb00 -> 0x11fd90 -> 0x100a00 -> 0x8dcb00 -> 0x11fd90 -> 0x100a00 -> 0x8dcb00 -> 0x11fd90 -> 0x100a00 -> 0x8dcb00 -> 0x11fd90 -> 0x100a00 -> 0x8dcb00 -> 0x11fd90 -> 0x100a00 -> 0x8dcb00 -> 0x11fd90 -> 0x100a00 -> 0x8dcb00 -> 0x11fd90 -> 0x100a00 -> 0x8dcb00 -> 0x11fd90 -> 0x100a00 -> 0x8dcb00
[p4:inner-dispatch] pc=0x008dcb00 ra=0x008dcb00 sp=0x01ff7fb0 trace=0x8dcb00 -> 0x11fd90 -> 0x100a00 -> 0x8dcb00 -> 0x11fd90 -> 0x100a00 -> 0x8dcb00 -> 0x11fd90 -> 0x100a00 -> 0x8dcb00 -> 0x11fd90 -> 0x100a00 -> 0x8dcb00 -> 0x11fd90 -> 0x100a00 -> 0x8dcb00 -> 0x11fd90 -> 0x100a00 -> 0x8dcb00 -> 0x11fd90 -> 0x100a00 -> 0x8dcb00 -> 0x11fd90 -> 0x100a00 -> 0x8dcb00 -> 0x11fd90 -> 0x100a00 -> 0x8dcb00 -> 0x11fd90 -> 0x100a00 -> 0x8dcb00 -> 0x11fd90 -> 0x100a00 -> 0x8dcb00 -> 0x11fd90 -> 0x100a00 -> 0x8dcb00 -> 0x11fd90 -> 0x100a00 -> 0x8dcb00 -> 0x11fd90 -> 0x100a00 -> 0x8dcb00 -> 0x11fd90 -> 0x100a00 -> 0x8dcb00 -> 0x11fd90 -> 0x100a00 -> 0x8dcb00 -> 0x11fd90 -> 0x100a00 -> 0x8dcb00 -> 0x11fd90 -> 0x100a00 -> 0x8dcb00 -> 0x11fd90 -> 0x100a00 -> 0x8dcb00 -> 0x11fd90 -> 0x100a00 -> 0x8dcb00 -> 0x11fd90 -> 0x100a00 -> 0x8dcb00
        ... [392 more [p4:inner-dispatch] lines elided by export_logs.py] ...
[p4:vbl] ticks=1800
[p4:inner-dispatch] pc=0x008dcb00 ra=0x008dcb00 sp=0x01ff7fb0 trace=0x8dcb00 -> 0x11fd90 -> 0x100a00 -> 0x8dcb00 -> 0x11fd90 -> 0x100a00 -> 0x8dcb00 -> 0x11fd90 -> 0x100a00 -> 0x8dcb00 -> 0x11fd90 -> 0x100a00 -> 0x8dcb00 -> 0x11fd90 -> 0x100a00 -> 0x8dcb00 -> 0x11fd90 -> 0x100a00 -> 0x8dcb00 -> 0x11fd90 -> 0x100a00 -> 0x8dcb00 -> 0x11fd90 -> 0x100a00 -> 0x8dcb00 -> 0x11fd90 -> 0x100a00 -> 0x8dcb00 -> 0x11fd90 -> 0x100a00 -> 0x8dcb00 -> 0x11fd90 -> 0x100a00 -> 0x8dcb00 -> 0x11fd90 -> 0x100a00 -> 0x8dcb00 -> 0x11fd90 -> 0x100a00 -> 0x8dcb00 -> 0x11fd90 -> 0x100a00 -> 0x8dcb00 -> 0x11fd90 -> 0x100a00 -> 0x8dcb00 -> 0x11fd90 -> 0x100a00 -> 0x8dcb00 -> 0x11fd90 -> 0x100a00 -> 0x8dcb00 -> 0x11fd90 -> 0x100a00 -> 0x8dcb00 -> 0x11fd90 -> 0x100a00 -> 0x8dcb00 -> 0x11fd90 -> 0x100a00 -> 0x8dcb00 -> 0x11fd90 -> 0x100a00 -> 0x8dcb00
[p4:inner-dispatch] pc=0x008dcb00 ra=0x008dcb00 sp=0x01ff7fb0 trace=0x8dcb00 -> 0x11fd90 -> 0x100a00 -> 0x8dcb00 -> 0x11fd90 -> 0x100a00 -> 0x8dcb00 -> 0x11fd90 -> 0x100a00 -> 0x8dcb00 -> 0x11fd90 -> 0x100a00 -> 0x8dcb00 -> 0x11fd90 -> 0x100a00 -> 0x8dcb00 -> 0x11fd90 -> 0x100a00 -> 0x8dcb00 -> 0x11fd90 -> 0x100a00 -> 0x8dcb00 -> 0x11fd90 -> 0x100a00 -> 0x8dcb00 -> 0x11fd90 -> 0x100a00 -> 0x8dcb00 -> 0x11fd90 -> 0x100a00 -> 0x8dcb00 -> 0x11fd90 -> 0x100a00 -> 0x8dcb00 -> 0x11fd90 -> 0x100a00 -> 0x8dcb00 -> 0x11fd90 -> 0x100a00 -> 0x8dcb00 -> 0x11fd90 -> 0x100a00 -> 0x8dcb00 -> 0x11fd90 -> 0x100a00 -> 0x8dcb00 -> 0x11fd90 -> 0x100a00 -> 0x8dcb00 -> 0x11fd90 -> 0x100a00 -> 0x8dcb00 -> 0x11fd90 -> 0x100a00 -> 0x8dcb00 -> 0x11fd90 -> 0x100a00 -> 0x8dcb00 -> 0x11fd90 -> 0x100a00 -> 0x8dcb00 -> 0x11fd90 -> 0x100a00 -> 0x8dcb00
[p4:inner-dispatch] pc=0x008dcb00 ra=0x008dcb00 sp=0x01ff7fb0 trace=0x8dcb00 -> 0x11fd90 -> 0x100a00 -> 0x8dcb00 -> 0x11fd90 -> 0x100a00 -> 0x8dcb00 -> 0x11fd90 -> 0x100a00 -> 0x8dcb00 -> 0x11fd90 -> 0x100a00 -> 0x8dcb00 -> 0x11fd90 -> 0x100a00 -> 0x8dcb00 -> 0x11fd90 -> 0x100a00 -> 0x8dcb00 -> 0x11fd90 -> 0x100a00 -> 0x8dcb00 -> 0x11fd90 -> 0x100a00 -> 0x8dcb00 -> 0x11fd90 -> 0x100a00 -> 0x8dcb00 -> 0x11fd90 -> 0x100a00 -> 0x8dcb00 -> 0x11fd90 -> 0x100a00 -> 0x8dcb00 -> 0x11fd90 -> 0x100a00 -> 0x8dcb00 -> 0x11fd90 -> 0x100a00 -> 0x8dcb00 -> 0x11fd90 -> 0x100a00 -> 0x8dcb00 -> 0x11fd90 -> 0x100a00 -> 0x8dcb00 -> 0x11fd90 -> 0x100a00 -> 0x8dcb00 -> 0x11fd90 -> 0x100a00 -> 0x8dcb00 -> 0x11fd90 -> 0x100a00 -> 0x8dcb00 -> 0x11fd90 -> 0x100a00 -> 0x8dcb00 -> 0x11fd90 -> 0x100a00 -> 0x8dcb00 -> 0x11fd90 -> 0x100a00 -> 0x8dcb00
[p4:inner-dispatch] pc=0x008dcb00 ra=0x008dcb00 sp=0x01ff7fb0 trace=0x8dcb00 -> 0x11fd90 -> 0x100a00 -> 0x8dcb00 -> 0x11fd90 -> 0x100a00 -> 0x8dcb00 -> 0x11fd90 -> 0x100a00 -> 0x8dcb00 -> 0x11fd90 -> 0x100a00 -> 0x8dcb00 -> 0x11fd90 -> 0x100a00 -> 0x8dcb00 -> 0x11fd90 -> 0x100a00 -> 0x8dcb00 -> 0x11fd90 -> 0x100a00 -> 0x8dcb00 -> 0x11fd90 -> 0x100a00 -> 0x8dcb00 -> 0x11fd90 -> 0x100a00 -> 0x8dcb00 -> 0x11fd90 -> 0x100a00 -> 0x8dcb00 -> 0x11fd90 -> 0x100a00 -> 0x8dcb00 -> 0x11fd90 -> 0x100a00 -> 0x8dcb00 -> 0x11fd90 -> 0x100a00 -> 0x8dcb00 -> 0x11fd90 -> 0x100a00 -> 0x8dcb00 -> 0x11fd90 -> 0x100a00 -> 0x8dcb00 -> 0x11fd90 -> 0x100a00 -> 0x8dcb00 -> 0x11fd90 -> 0x100a00 -> 0x8dcb00 -> 0x11fd90 -> 0x100a00 -> 0x8dcb00 -> 0x11fd90 -> 0x100a00 -> 0x8dcb00 -> 0x11fd90 -> 0x100a00 -> 0x8dcb00 -> 0x11fd90 -> 0x100a00 -> 0x8dcb00
[p4:inner-dispatch] pc=0x008dcb00 ra=0x008dcb00 sp=0x01ff7fb0 trace=0x8dcb00 -> 0x11fd90 -> 0x100a00 -> 0x8dcb00 -> 0x11fd90 -> 0x100a00 -> 0x8dcb00 -> 0x11fd90 -> 0x100a00 -> 0x8dcb00 -> 0x11fd90 -> 0x100a00 -> 0x8dcb00 -> 0x11fd90 -> 0x100a00 -> 0x8dcb00 -> 0x11fd90 -> 0x100a00 -> 0x8dcb00 -> 0x11fd90 -> 0x100a00 -> 0x8dcb00 -> 0x11fd90 -> 0x100a00 -> 0x8dcb00 -> 0x11fd90 -> 0x100a00 -> 0x8dcb00 -> 0x11fd90 -> 0x100a00 -> 0x8dcb00 -> 0x11fd90 -> 0x100a00 -> 0x8dcb00 -> 0x11fd90 -> 0x100a00 -> 0x8dcb00 -> 0x11fd90 -> 0x100a00 -> 0x8dcb00 -> 0x11fd90 -> 0x100a00 -> 0x8dcb00 -> 0x11fd90 -> 0x100a00 -> 0x8dcb00 -> 0x11fd90 -> 0x100a00 -> 0x8dcb00 -> 0x11fd90 -> 0x100a00 -> 0x8dcb00 -> 0x11fd90 -> 0x100a00 -> 0x8dcb00 -> 0x11fd90 -> 0x100a00 -> 0x8dcb00 -> 0x11fd90 -> 0x100a00 -> 0x8dcb00 -> 0x11fd90 -> 0x100a00 -> 0x8dcb00
[p4:inner-dispatch] pc=0x008dcb00 ra=0x008dcb00 sp=0x01ff7fb0 trace=0x8dcb00 -> 0x11fd90 -> 0x100a00 -> 0x8dcb00 -> 0x11fd90 -> 0x100a00 -> 0x8dcb00 -> 0x11fd90 -> 0x100a00 -> 0x8dcb00 -> 0x11fd90 -> 0x100a00 -> 0x8dcb00 -> 0x11fd90 -> 0x100a00 -> 0x8dcb00 -> 0x11fd90 -> 0x100a00 -> 0x8dcb00 -> 0x11fd90 -> 0x100a00 -> 0x8dcb00 -> 0x11fd90 -> 0x100a00 -> 0x8dcb00 -> 0x11fd90 -> 0x100a00 -> 0x8dcb00 -> 0x11fd90 -> 0x100a00 -> 0x8dcb00 -> 0x11fd90 -> 0x100a00 -> 0x8dcb00 -> 0x11fd90 -> 0x100a00 -> 0x8dcb00 -> 0x11fd90 -> 0x100a00 -> 0x8dcb00 -> 0x11fd90 -> 0x100a00 -> 0x8dcb00 -> 0x11fd90 -> 0x100a00 -> 0x8dcb00 -> 0x11fd90 -> 0x100a00 -> 0x8dcb00 -> 0x11fd90 -> 0x100a00 -> 0x8dcb00 -> 0x11fd90 -> 0x100a00 -> 0x8dcb00 -> 0x11fd90 -> 0x100a00 -> 0x8dcb00 -> 0x11fd90 -> 0x100a00 -> 0x8dcb00 -> 0x11fd90 -> 0x100a00 -> 0x8dcb00
[p4:inner-dispatch] pc=0x008dcb00 ra=0x008dcb00 sp=0x01ff7fb0 trace=0x8dcb00 -> 0x11fd90 -> 0x100a00 -> 0x8dcb00 -> 0x11fd90 -> 0x100a00 -> 0x8dcb00 -> 0x11fd90 -> 0x100a00 -> 0x8dcb00 -> 0x11fd90 -> 0x100a00 -> 0x8dcb00 -> 0x11fd90 -> 0x100a00 -> 0x8dcb00 -> 0x11fd90 -> 0x100a00 -> 0x8dcb00 -> 0x11fd90 -> 0x100a00 -> 0x8dcb00 -> 0x11fd90 -> 0x100a00 -> 0x8dcb00 -> 0x11fd90 -> 0x100a00 -> 0x8dcb00 -> 0x11fd90 -> 0x100a00 -> 0x8dcb00 -> 0x11fd90 -> 0x100a00 -> 0x8dcb00 -> 0x11fd90 -> 0x100a00 -> 0x8dcb00 -> 0x11fd90 -> 0x100a00 -> 0x8dcb00 -> 0x11fd90 -> 0x100a00 -> 0x8dcb00 -> 0x11fd90 -> 0x100a00 -> 0x8dcb00 -> 0x11fd90 -> 0x100a00 -> 0x8dcb00 -> 0x11fd90 -> 0x100a00 -> 0x8dcb00 -> 0x11fd90 -> 0x100a00 -> 0x8dcb00 -> 0x11fd90 -> 0x100a00 -> 0x8dcb00 -> 0x11fd90 -> 0x100a00 -> 0x8dcb00 -> 0x11fd90 -> 0x100a00 -> 0x8dcb00
[p4:inner-dispatch] pc=0x008dcb00 ra=0x008dcb00 sp=0x01ff7fb0 trace=0x8dcb00 -> 0x11fd90 -> 0x100a00 -> 0x8dcb00 -> 0x11fd90 -> 0x100a00 -> 0x8dcb00 -> 0x11fd90 -> 0x100a00 -> 0x8dcb00 -> 0x11fd90 -> 0x100a00 -> 0x8dcb00 -> 0x11fd90 -> 0x100a00 -> 0x8dcb00 -> 0x11fd90 -> 0x100a00 -> 0x8dcb00 -> 0x11fd90 -> 0x100a00 -> 0x8dcb00 -> 0x11fd90 -> 0x100a00 -> 0x8dcb00 -> 0x11fd90 -> 0x100a00 -> 0x8dcb00 -> 0x11fd90 -> 0x100a00 -> 0x8dcb00 -> 0x11fd90 -> 0x100a00 -> 0x8dcb00 -> 0x11fd90 -> 0x100a00 -> 0x8dcb00 -> 0x11fd90 -> 0x100a00 -> 0x8dcb00 -> 0x11fd90 -> 0x100a00 -> 0x8dcb00 -> 0x11fd90 -> 0x100a00 -> 0x8dcb00 -> 0x11fd90 -> 0x100a00 -> 0x8dcb00 -> 0x11fd90 -> 0x100a00 -> 0x8dcb00 -> 0x11fd90 -> 0x100a00 -> 0x8dcb00 -> 0x11fd90 -> 0x100a00 -> 0x8dcb00 -> 0x11fd90 -> 0x100a00 -> 0x8dcb00 -> 0x11fd90 -> 0x100a00 -> 0x8dcb00
[p4:inner-dispatch] pc=0x008dcb00 ra=0x008dcb00 sp=0x01ff7fb0 trace=0x8dcb00 -> 0x11fd90 -> 0x100a00 -> 0x8dcb00 -> 0x11fd90 -> 0x100a00 -> 0x8dcb00 -> 0x11fd90 -> 0x100a00 -> 0x8dcb00 -> 0x11fd90 -> 0x100a00 -> 0x8dcb00 -> 0x11fd90 -> 0x100a00 -> 0x8dcb00 -> 0x11fd90 -> 0x100a00 -> 0x8dcb00 -> 0x11fd90 -> 0x100a00 -> 0x8dcb00 -> 0x11fd90 -> 0x100a00 -> 0x8dcb00 -> 0x11fd90 -> 0x100a00 -> 0x8dcb00 -> 0x11fd90 -> 0x100a00 -> 0x8dcb00 -> 0x11fd90 -> 0x100a00 -> 0x8dcb00 -> 0x11fd90 -> 0x100a00 -> 0x8dcb00 -> 0x11fd90 -> 0x100a00 -> 0x8dcb00 -> 0x11fd90 -> 0x100a00 -> 0x8dcb00 -> 0x11fd90 -> 0x100a00 -> 0x8dcb00 -> 0x11fd90 -> 0x100a00 -> 0x8dcb00 -> 0x11fd90 -> 0x100a00 -> 0x8dcb00 -> 0x11fd90 -> 0x100a00 -> 0x8dcb00 -> 0x11fd90 -> 0x100a00 -> 0x8dcb00 -> 0x11fd90 -> 0x100a00 -> 0x8dcb00 -> 0x11fd90 -> 0x100a00 -> 0x8dcb00
[p4:inner-dispatch] pc=0x008dcb00 ra=0x008dcb00 sp=0x01ff7fb0 trace=0x8dcb00 -> 0x11fd90 -> 0x100a00 -> 0x8dcb00 -> 0x11fd90 -> 0x100a00 -> 0x8dcb00 -> 0x11fd90 -> 0x100a00 -> 0x8dcb00 -> 0x11fd90 -> 0x100a00 -> 0x8dcb00 -> 0x11fd90 -> 0x100a00 -> 0x8dcb00 -> 0x11fd90 -> 0x100a00 -> 0x8dcb00 -> 0x11fd90 -> 0x100a00 -> 0x8dcb00 -> 0x11fd90 -> 0x100a00 -> 0x8dcb00 -> 0x11fd90 -> 0x100a00 -> 0x8dcb00 -> 0x11fd90 -> 0x100a00 -> 0x8dcb00 -> 0x11fd90 -> 0x100a00 -> 0x8dcb00 -> 0x11fd90 -> 0x100a00 -> 0x8dcb00 -> 0x11fd90 -> 0x100a00 -> 0x8dcb00 -> 0x11fd90 -> 0x100a00 -> 0x8dcb00 -> 0x11fd90 -> 0x100a00 -> 0x8dcb00 -> 0x11fd90 -> 0x100a00 -> 0x8dcb00 -> 0x11fd90 -> 0x100a00 -> 0x8dcb00 -> 0x11fd90 -> 0x100a00 -> 0x8dcb00 -> 0x11fd90 -> 0x100a00 -> 0x8dcb00 -> 0x11fd90 -> 0x100a00 -> 0x8dcb00 -> 0x11fd90 -> 0x100a00 -> 0x8dcb00
[p4:inner-dispatch] pc=0x008dcb00 ra=0x008dcb00 sp=0x01ff7fb0 trace=0x8dcb00 -> 0x11fd90 -> 0x100a00 -> 0x8dcb00 -> 0x11fd90 -> 0x100a00 -> 0x8dcb00 -> 0x11fd90 -> 0x100a00 -> 0x8dcb00 -> 0x11fd90 -> 0x100a00 -> 0x8dcb00 -> 0x11fd90 -> 0x100a00 -> 0x8dcb00 -> 0x11fd90 -> 0x100a00 -> 0x8dcb00 -> 0x11fd90 -> 0x100a00 -> 0x8dcb00 -> 0x11fd90 -> 0x100a00 -> 0x8dcb00 -> 0x11fd90 -> 0x100a00 -> 0x8dcb00 -> 0x11fd90 -> 0x100a00 -> 0x8dcb00 -> 0x11fd90 -> 0x100a00 -> 0x8dcb00 -> 0x11fd90 -> 0x100a00 -> 0x8dcb00 -> 0x11fd90 -> 0x100a00 -> 0x8dcb00 -> 0x11fd90 -> 0x100a00 -> 0x8dcb00 -> 0x11fd90 -> 0x100a00 -> 0x8dcb00 -> 0x11fd90 -> 0x100a00 -> 0x8dcb00 -> 0x11fd90 -> 0x100a00 -> 0x8dcb00 -> 0x11fd90 -> 0x100a00 -> 0x8dcb00 -> 0x11fd90 -> 0x100a00 -> 0x8dcb00 -> 0x11fd90 -> 0x100a00 -> 0x8dcb00 -> 0x11fd90 -> 0x100a00 -> 0x8dcb00
[p4:inner-dispatch] pc=0x008dcb00 ra=0x008dcb00 sp=0x01ff7fb0 trace=0x8dcb00 -> 0x11fd90 -> 0x100a00 -> 0x8dcb00 -> 0x11fd90 -> 0x100a00 -> 0x8dcb00 -> 0x11fd90 -> 0x100a00 -> 0x8dcb00 -> 0x11fd90 -> 0x100a00 -> 0x8dcb00 -> 0x11fd90 -> 0x100a00 -> 0x8dcb00 -> 0x11fd90 -> 0x100a00 -> 0x8dcb00 -> 0x11fd90 -> 0x100a00 -> 0x8dcb00 -> 0x11fd90 -> 0x100a00 -> 0x8dcb00 -> 0x11fd90 -> 0x100a00 -> 0x8dcb00 -> 0x11fd90 -> 0x100a00 -> 0x8dcb00 -> 0x11fd90 -> 0x100a00 -> 0x8dcb00 -> 0x11fd90 -> 0x100a00 -> 0x8dcb00 -> 0x11fd90 -> 0x100a00 -> 0x8dcb00 -> 0x11fd90 -> 0x100a00 -> 0x8dcb00 -> 0x11fd90 -> 0x100a00 -> 0x8dcb00 -> 0x11fd90 -> 0x100a00 -> 0x8dcb00 -> 0x11fd90 -> 0x100a00 -> 0x8dcb00 -> 0x11fd90 -> 0x100a00 -> 0x8dcb00 -> 0x11fd90 -> 0x100a00 -> 0x8dcb00 -> 0x11fd90 -> 0x100a00 -> 0x8dcb00 -> 0x11fd90 -> 0x100a00 -> 0x8dcb00
[p4:inner-dispatch] pc=0x008dcb00 ra=0x008dcb00 sp=0x01ff7fb0 trace=0x8dcb00 -> 0x11fd90 -> 0x100a00 -> 0x8dcb00 -> 0x11fd90 -> 0x100a00 -> 0x8dcb00 -> 0x11fd90 -> 0x100a00 -> 0x8dcb00 -> 0x11fd90 -> 0x100a00 -> 0x8dcb00 -> 0x11fd90 -> 0x100a00 -> 0x8dcb00 -> 0x11fd90 -> 0x100a00 -> 0x8dcb00 -> 0x11fd90 -> 0x100a00 -> 0x8dcb00 -> 0x11fd90 -> 0x100a00 -> 0x8dcb00 -> 0x11fd90 -> 0x100a00 -> 0x8dcb00 -> 0x11fd90 -> 0x100a00 -> 0x8dcb00 -> 0x11fd90 -> 0x100a00 -> 0x8dcb00 -> 0x11fd90 -> 0x100a00 -> 0x8dcb00 -> 0x11fd90 -> 0x100a00 -> 0x8dcb00 -> 0x11fd90 -> 0x100a00 -> 0x8dcb00 -> 0x11fd90 -> 0x100a00 -> 0x8dcb00 -> 0x11fd90 -> 0x100a00 -> 0x8dcb00 -> 0x11fd90 -> 0x100a00 -> 0x8dcb00 -> 0x11fd90 -> 0x100a00 -> 0x8dcb00 -> 0x11fd90 -> 0x100a00 -> 0x8dcb00 -> 0x11fd90 -> 0x100a00 -> 0x8dcb00 -> 0x11fd90 -> 0x100a00 -> 0x8dcb00
[p4:inner-dispatch] pc=0x008dcb00 ra=0x008dcb00 sp=0x01ff7fb0 trace=0x8dcb00 -> 0x11fd90 -> 0x100a00 -> 0x8dcb00 -> 0x11fd90 -> 0x100a00 -> 0x8dcb00 -> 0x11fd90 -> 0x100a00 -> 0x8dcb00 -> 0x11fd90 -> 0x100a00 -> 0x8dcb00 -> 0x11fd90 -> 0x100a00 -> 0x8dcb00 -> 0x11fd90 -> 0x100a00 -> 0x8dcb00 -> 0x11fd90 -> 0x100a00 -> 0x8dcb00 -> 0x11fd90 -> 0x100a00 -> 0x8dcb00 -> 0x11fd90 -> 0x100a00 -> 0x8dcb00 -> 0x11fd90 -> 0x100a00 -> 0x8dcb00 -> 0x11fd90 -> 0x100a00 -> 0x8dcb00 -> 0x11fd90 -> 0x100a00 -> 0x8dcb00 -> 0x11fd90 -> 0x100a00 -> 0x8dcb00 -> 0x11fd90 -> 0x100a00 -> 0x8dcb00 -> 0x11fd90 -> 0x100a00 -> 0x8dcb00 -> 0x11fd90 -> 0x100a00 -> 0x8dcb00 -> 0x11fd90 -> 0x100a00 -> 0x8dcb00 -> 0x11fd90 -> 0x100a00 -> 0x8dcb00 -> 0x11fd90 -> 0x100a00 -> 0x8dcb00 -> 0x11fd90 -> 0x100a00 -> 0x8dcb00 -> 0x11fd90 -> 0x100a00 -> 0x8dcb00
[p4:inner-dispatch] pc=0x008dcb00 ra=0x008dcb00 sp=0x01ff7fb0 trace=0x8dcb00 -> 0x11fd90 -> 0x100a00 -> 0x8dcb00 -> 0x11fd90 -> 0x100a00 -> 0x8dcb00 -> 0x11fd90 -> 0x100a00 -> 0x8dcb00 -> 0x11fd90 -> 0x100a00 -> 0x8dcb00 -> 0x11fd90 -> 0x100a00 -> 0x8dcb00 -> 0x11fd90 -> 0x100a00 -> 0x8dcb00 -> 0x11fd90 -> 0x100a00 -> 0x8dcb00 -> 0x11fd90 -> 0x100a00 -> 0x8dcb00 -> 0x11fd90 -> 0x100a00 -> 0x8dcb00 -> 0x11fd90 -> 0x100a00 -> 0x8dcb00 -> 0x11fd90 -> 0x100a00 -> 0x8dcb00 -> 0x11fd90 -> 0x100a00 -> 0x8dcb00 -> 0x11fd90 -> 0x100a00 -> 0x8dcb00 -> 0x11fd90 -> 0x100a00 -> 0x8dcb00 -> 0x11fd90 -> 0x100a00 -> 0x8dcb00 -> 0x11fd90 -> 0x100a00 -> 0x8dcb00 -> 0x11fd90 -> 0x100a00 -> 0x8dcb00 -> 0x11fd90 -> 0x100a00 -> 0x8dcb00 -> 0x11fd90 -> 0x100a00 -> 0x8dcb00 -> 0x11fd90 -> 0x100a00 -> 0x8dcb00 -> 0x11fd90 -> 0x100a00 -> 0x8dcb00
[p4:inner-dispatch] pc=0x008dcb00 ra=0x008dcb00 sp=0x01ff7fb0 trace=0x8dcb00 -> 0x11fd90 -> 0x100a00 -> 0x8dcb00 -> 0x11fd90 -> 0x100a00 -> 0x8dcb00 -> 0x11fd90 -> 0x100a00 -> 0x8dcb00 -> 0x11fd90 -> 0x100a00 -> 0x8dcb00 -> 0x11fd90 -> 0x100a00 -> 0x8dcb00 -> 0x11fd90 -> 0x100a00 -> 0x8dcb00 -> 0x11fd90 -> 0x100a00 -> 0x8dcb00 -> 0x11fd90 -> 0x100a00 -> 0x8dcb00 -> 0x11fd90 -> 0x100a00 -> 0x8dcb00 -> 0x11fd90 -> 0x100a00 -> 0x8dcb00 -> 0x11fd90 -> 0x100a00 -> 0x8dcb00 -> 0x11fd90 -> 0x100a00 -> 0x8dcb00 -> 0x11fd90 -> 0x100a00 -> 0x8dcb00 -> 0x11fd90 -> 0x100a00 -> 0x8dcb00 -> 0x11fd90 -> 0x100a00 -> 0x8dcb00 -> 0x11fd90 -> 0x100a00 -> 0x8dcb00 -> 0x11fd90 -> 0x100a00 -> 0x8dcb00 -> 0x11fd90 -> 0x100a00 -> 0x8dcb00 -> 0x11fd90 -> 0x100a00 -> 0x8dcb00 -> 0x11fd90 -> 0x100a00 -> 0x8dcb00 -> 0x11fd90 -> 0x100a00 -> 0x8dcb00
[p4:inner-dispatch] pc=0x008dcb00 ra=0x008dcb00 sp=0x01ff7fb0 trace=0x8dcb00 -> 0x11fd90 -> 0x100a00 -> 0x8dcb00 -> 0x11fd90 -> 0x100a00 -> 0x8dcb00 -> 0x11fd90 -> 0x100a00 -> 0x8dcb00 -> 0x11fd90 -> 0x100a00 -> 0x8dcb00 -> 0x11fd90 -> 0x100a00 -> 0x8dcb00 -> 0x11fd90 -> 0x100a00 -> 0x8dcb00 -> 0x11fd90 -> 0x100a00 -> 0x8dcb00 -> 0x11fd90 -> 0x100a00 -> 0x8dcb00 -> 0x11fd90 -> 0x100a00 -> 0x8dcb00 -> 0x11fd90 -> 0x100a00 -> 0x8dcb00 -> 0x11fd90 -> 0x100a00 -> 0x8dcb00 -> 0x11fd90 -> 0x100a00 -> 0x8dcb00 -> 0x11fd90 -> 0x100a00 -> 0x8dcb00 -> 0x11fd90 -> 0x100a00 -> 0x8dcb00 -> 0x11fd90 -> 0x100a00 -> 0x8dcb00 -> 0x11fd90 -> 0x100a00 -> 0x8dcb00 -> 0x11fd90 -> 0x100a00 -> 0x8dcb00 -> 0x11fd90 -> 0x100a00 -> 0x8dcb00 -> 0x11fd90 -> 0x100a00 -> 0x8dcb00 -> 0x11fd90 -> 0x100a00 -> 0x8dcb00 -> 0x11fd90 -> 0x100a00 -> 0x8dcb00
[p4:inner-dispatch] pc=0x008dcb00 ra=0x008dcb00 sp=0x01ff7fb0 trace=0x8dcb00 -> 0x11fd90 -> 0x100a00 -> 0x8dcb00 -> 0x11fd90 -> 0x100a00 -> 0x8dcb00 -> 0x11fd90 -> 0x100a00 -> 0x8dcb00 -> 0x11fd90 -> 0x100a00 -> 0x8dcb00 -> 0x11fd90 -> 0x100a00 -> 0x8dcb00 -> 0x11fd90 -> 0x100a00 -> 0x8dcb00 -> 0x11fd90 -> 0x100a00 -> 0x8dcb00 -> 0x11fd90 -> 0x100a00 -> 0x8dcb00 -> 0x11fd90 -> 0x100a00 -> 0x8dcb00 -> 0x11fd90 -> 0x100a00 -> 0x8dcb00 -> 0x11fd90 -> 0x100a00 -> 0x8dcb00 -> 0x11fd90 -> 0x100a00 -> 0x8dcb00 -> 0x11fd90 -> 0x100a00 -> 0x8dcb00 -> 0x11fd90 -> 0x100a00 -> 0x8dcb00 -> 0x11fd90 -> 0x100a00 -> 0x8dcb00 -> 0x11fd90 -> 0x100a00 -> 0x8dcb00 -> 0x11fd90 -> 0x100a00 -> 0x8dcb00 -> 0x11fd90 -> 0x100a00 -> 0x8dcb00 -> 0x11fd90 -> 0x100a00 -> 0x8dcb00 -> 0x11fd90 -> 0x100a00 -> 0x8dcb00 -> 0x11fd90 -> 0x100a00 -> 0x8dcb00
[p4:inner-dispatch] pc=0x008dcb00 ra=0x008dcb00 sp=0x01ff7fb0 trace=0x8dcb00 -> 0x11fd90 -> 0x100a00 -> 0x8dcb00 -> 0x11fd90 -> 0x100a00 -> 0x8dcb00 -> 0x11fd90 -> 0x100a00 -> 0x8dcb00 -> 0x11fd90 -> 0x100a00 -> 0x8dcb00 -> 0x11fd90 -> 0x100a00 -> 0x8dcb00 -> 0x11fd90 -> 0x100a00 -> 0x8dcb00 -> 0x11fd90 -> 0x100a00 -> 0x8dcb00 -> 0x11fd90 -> 0x100a00 -> 0x8dcb00 -> 0x11fd90 -> 0x100a00 -> 0x8dcb00 -> 0x11fd90 -> 0x100a00 -> 0x8dcb00 -> 0x11fd90 -> 0x100a00 -> 0x8dcb00 -> 0x11fd90 -> 0x100a00 -> 0x8dcb00 -> 0x11fd90 -> 0x100a00 -> 0x8dcb00 -> 0x11fd90 -> 0x100a00 -> 0x8dcb00 -> 0x11fd90 -> 0x100a00 -> 0x8dcb00 -> 0x11fd90 -> 0x100a00 -> 0x8dcb00 -> 0x11fd90 -> 0x100a00 -> 0x8dcb00 -> 0x11fd90 -> 0x100a00 -> 0x8dcb00 -> 0x11fd90 -> 0x100a00 -> 0x8dcb00 -> 0x11fd90 -> 0x100a00 -> 0x8dcb00 -> 0x11fd90 -> 0x100a00 -> 0x8dcb00
[p4:inner-dispatch] pc=0x008dcb00 ra=0x008dcb00 sp=0x01ff7fb0 trace=0x8dcb00 -> 0x11fd90 -> 0x100a00 -> 0x8dcb00 -> 0x11fd90 -> 0x100a00 -> 0x8dcb00 -> 0x11fd90 -> 0x100a00 -> 0x8dcb00 -> 0x11fd90 -> 0x100a00 -> 0x8dcb00 -> 0x11fd90 -> 0x100a00 -> 0x8dcb00 -> 0x11fd90 -> 0x100a00 -> 0x8dcb00 -> 0x11fd90 -> 0x100a00 -> 0x8dcb00 -> 0x11fd90 -> 0x100a00 -> 0x8dcb00 -> 0x11fd90 -> 0x100a00 -> 0x8dcb00 -> 0x11fd90 -> 0x100a00 -> 0x8dcb00 -> 0x11fd90 -> 0x100a00 -> 0x8dcb00 -> 0x11fd90 -> 0x100a00 -> 0x8dcb00 -> 0x11fd90 -> 0x100a00 -> 0x8dcb00 -> 0x11fd90 -> 0x100a00 -> 0x8dcb00 -> 0x11fd90 -> 0x100a00 -> 0x8dcb00 -> 0x11fd90 -> 0x100a00 -> 0x8dcb00 -> 0x11fd90 -> 0x100a00 -> 0x8dcb00 -> 0x11fd90 -> 0x100a00 -> 0x8dcb00 -> 0x11fd90 -> 0x100a00 -> 0x8dcb00 -> 0x11fd90 -> 0x100a00 -> 0x8dcb00 -> 0x11fd90 -> 0x100a00 -> 0x8dcb00
[p4:inner-dispatch] pc=0x008dcb00 ra=0x008dcb00 sp=0x01ff7fb0 trace=0x8dcb00 -> 0x11fd90 -> 0x100a00 -> 0x8dcb00 -> 0x11fd90 -> 0x100a00 -> 0x8dcb00 -> 0x11fd90 -> 0x100a00 -> 0x8dcb00 -> 0x11fd90 -> 0x100a00 -> 0x8dcb00 -> 0x11fd90 -> 0x100a00 -> 0x8dcb00 -> 0x11fd90 -> 0x100a00 -> 0x8dcb00 -> 0x11fd90 -> 0x100a00 -> 0x8dcb00 -> 0x11fd90 -> 0x100a00 -> 0x8dcb00 -> 0x11fd90 -> 0x100a00 -> 0x8dcb00 -> 0x11fd90 -> 0x100a00 -> 0x8dcb00 -> 0x11fd90 -> 0x100a00 -> 0x8dcb00 -> 0x11fd90 -> 0x100a00 -> 0x8dcb00 -> 0x11fd90 -> 0x100a00 -> 0x8dcb00 -> 0x11fd90 -> 0x100a00 -> 0x8dcb00 -> 0x11fd90 -> 0x100a00 -> 0x8dcb00 -> 0x11fd90 -> 0x100a00 -> 0x8dcb00 -> 0x11fd90 -> 0x100a00 -> 0x8dcb00 -> 0x11fd90 -> 0x100a00 -> 0x8dcb00 -> 0x11fd90 -> 0x100a00 -> 0x8dcb00 -> 0x11fd90 -> 0x100a00 -> 0x8dcb00 -> 0x11fd90 -> 0x100a00 -> 0x8dcb00
[p4:inner-dispatch] pc=0x008dcb00 ra=0x008dcb00 sp=0x01ff7fb0 trace=0x8dcb00 -> 0x11fd90 -> 0x100a00 -> 0x8dcb00 -> 0x11fd90 -> 0x100a00 -> 0x8dcb00 -> 0x11fd90 -> 0x100a00 -> 0x8dcb00 -> 0x11fd90 -> 0x100a00 -> 0x8dcb00 -> 0x11fd90 -> 0x100a00 -> 0x8dcb00 -> 0x11fd90 -> 0x100a00 -> 0x8dcb00 -> 0x11fd90 -> 0x100a00 -> 0x8dcb00 -> 0x11fd90 -> 0x100a00 -> 0x8dcb00 -> 0x11fd90 -> 0x100a00 -> 0x8dcb00 -> 0x11fd90 -> 0x100a00 -> 0x8dcb00 -> 0x11fd90 -> 0x100a00 -> 0x8dcb00 -> 0x11fd90 -> 0x100a00 -> 0x8dcb00 -> 0x11fd90 -> 0x100a00 -> 0x8dcb00 -> 0x11fd90 -> 0x100a00 -> 0x8dcb00 -> 0x11fd90 -> 0x100a00 -> 0x8dcb00 -> 0x11fd90 -> 0x100a00 -> 0x8dcb00 -> 0x11fd90 -> 0x100a00 -> 0x8dcb00 -> 0x11fd90 -> 0x100a00 -> 0x8dcb00 -> 0x11fd90 -> 0x100a00 -> 0x8dcb00 -> 0x11fd90 -> 0x100a00 -> 0x8dcb00 -> 0x11fd90 -> 0x100a00 -> 0x8dcb00
[p4:inner-dispatch] pc=0x008dcb00 ra=0x008dcb00 sp=0x01ff7fb0 trace=0x8dcb00 -> 0x11fd90 -> 0x100a00 -> 0x8dcb00 -> 0x11fd90 -> 0x100a00 -> 0x8dcb00 -> 0x11fd90 -> 0x100a00 -> 0x8dcb00 -> 0x11fd90 -> 0x100a00 -> 0x8dcb00 -> 0x11fd90 -> 0x100a00 -> 0x8dcb00 -> 0x11fd90 -> 0x100a00 -> 0x8dcb00 -> 0x11fd90 -> 0x100a00 -> 0x8dcb00 -> 0x11fd90 -> 0x100a00 -> 0x8dcb00 -> 0x11fd90 -> 0x100a00 -> 0x8dcb00 -> 0x11fd90 -> 0x100a00 -> 0x8dcb00 -> 0x11fd90 -> 0x100a00 -> 0x8dcb00 -> 0x11fd90 -> 0x100a00 -> 0x8dcb00 -> 0x11fd90 -> 0x100a00 -> 0x8dcb00 -> 0x11fd90 -> 0x100a00 -> 0x8dcb00 -> 0x11fd90 -> 0x100a00 -> 0x8dcb00 -> 0x11fd90 -> 0x100a00 -> 0x8dcb00 -> 0x11fd90 -> 0x100a00 -> 0x8dcb00 -> 0x11fd90 -> 0x100a00 -> 0x8dcb00 -> 0x11fd90 -> 0x100a00 -> 0x8dcb00 -> 0x11fd90 -> 0x100a00 -> 0x8dcb00 -> 0x11fd90 -> 0x100a00 -> 0x8dcb00
[p4:inner-dispatch] pc=0x008dcb00 ra=0x008dcb00 sp=0x01ff7fb0 trace=0x8dcb00 -> 0x11fd90 -> 0x100a00 -> 0x8dcb00 -> 0x11fd90 -> 0x100a00 -> 0x8dcb00 -> 0x11fd90 -> 0x100a00 -> 0x8dcb00 -> 0x11fd90 -> 0x100a00 -> 0x8dcb00 -> 0x11fd90 -> 0x100a00 -> 0x8dcb00 -> 0x11fd90 -> 0x100a00 -> 0x8dcb00 -> 0x11fd90 -> 0x100a00 -> 0x8dcb00 -> 0x11fd90 -> 0x100a00 -> 0x8dcb00 -> 0x11fd90 -> 0x100a00 -> 0x8dcb00 -> 0x11fd90 -> 0x100a00 -> 0x8dcb00 -> 0x11fd90 -> 0x100a00 -> 0x8dcb00 -> 0x11fd90 -> 0x100a00 -> 0x8dcb00 -> 0x11fd90 -> 0x100a00 -> 0x8dcb00 -> 0x11fd90 -> 0x100a00 -> 0x8dcb00 -> 0x11fd90 -> 0x100a00 -> 0x8dcb00 -> 0x11fd90 -> 0x100a00 -> 0x8dcb00 -> 0x11fd90 -> 0x100a00 -> 0x8dcb00 -> 0x11fd90 -> 0x100a00 -> 0x8dcb00 -> 0x11fd90 -> 0x100a00 -> 0x8dcb00 -> 0x11fd90 -> 0x100a00 -> 0x8dcb00 -> 0x11fd90 -> 0x100a00 -> 0x8dcb00
[p4:inner-dispatch] pc=0x008dcb00 ra=0x008dcb00 sp=0x01ff7fb0 trace=0x8dcb00 -> 0x11fd90 -> 0x100a00 -> 0x8dcb00 -> 0x11fd90 -> 0x100a00 -> 0x8dcb00 -> 0x11fd90 -> 0x100a00 -> 0x8dcb00 -> 0x11fd90 -> 0x100a00 -> 0x8dcb00 -> 0x11fd90 -> 0x100a00 -> 0x8dcb00 -> 0x11fd90 -> 0x100a00 -> 0x8dcb00 -> 0x11fd90 -> 0x100a00 -> 0x8dcb00 -> 0x11fd90 -> 0x100a00 -> 0x8dcb00 -> 0x11fd90 -> 0x100a00 -> 0x8dcb00 -> 0x11fd90 -> 0x100a00 -> 0x8dcb00 -> 0x11fd90 -> 0x100a00 -> 0x8dcb00 -> 0x11fd90 -> 0x100a00 -> 0x8dcb00 -> 0x11fd90 -> 0x100a00 -> 0x8dcb00 -> 0x11fd90 -> 0x100a00 -> 0x8dcb00 -> 0x11fd90 -> 0x100a00 -> 0x8dcb00 -> 0x11fd90 -> 0x100a00 -> 0x8dcb00 -> 0x11fd90 -> 0x100a00 -> 0x8dcb00 -> 0x11fd90 -> 0x100a00 -> 0x8dcb00 -> 0x11fd90 -> 0x100a00 -> 0x8dcb00 -> 0x11fd90 -> 0x100a00 -> 0x8dcb00 -> 0x11fd90 -> 0x100a00 -> 0x8dcb00
[p4:inner-dispatch] pc=0x008dcb00 ra=0x008dcb00 sp=0x01ff7fb0 trace=0x8dcb00 -> 0x11fd90 -> 0x100a00 -> 0x8dcb00 -> 0x11fd90 -> 0x100a00 -> 0x8dcb00 -> 0x11fd90 -> 0x100a00 -> 0x8dcb00 -> 0x11fd90 -> 0x100a00 -> 0x8dcb00 -> 0x11fd90 -> 0x100a00 -> 0x8dcb00 -> 0x11fd90 -> 0x100a00 -> 0x8dcb00 -> 0x11fd90 -> 0x100a00 -> 0x8dcb00 -> 0x11fd90 -> 0x100a00 -> 0x8dcb00 -> 0x11fd90 -> 0x100a00 -> 0x8dcb00 -> 0x11fd90 -> 0x100a00 -> 0x8dcb00 -> 0x11fd90 -> 0x100a00 -> 0x8dcb00 -> 0x11fd90 -> 0x100a00 -> 0x8dcb00 -> 0x11fd90 -> 0x100a00 -> 0x8dcb00 -> 0x11fd90 -> 0x100a00 -> 0x8dcb00 -> 0x11fd90 -> 0x100a00 -> 0x8dcb00 -> 0x11fd90 -> 0x100a00 -> 0x8dcb00 -> 0x11fd90 -> 0x100a00 -> 0x8dcb00 -> 0x11fd90 -> 0x100a00 -> 0x8dcb00 -> 0x11fd90 -> 0x100a00 -> 0x8dcb00 -> 0x11fd90 -> 0x100a00 -> 0x8dcb00 -> 0x11fd90 -> 0x100a00 -> 0x8dcb00
[p4:inner-dispatch] pc=0x008dcb00 ra=0x008dcb00 sp=0x01ff7fb0 trace=0x8dcb00 -> 0x11fd90 -> 0x100a00 -> 0x8dcb00 -> 0x11fd90 -> 0x100a00 -> 0x8dcb00 -> 0x11fd90 -> 0x100a00 -> 0x8dcb00 -> 0x11fd90 -> 0x100a00 -> 0x8dcb00 -> 0x11fd90 -> 0x100a00 -> 0x8dcb00 -> 0x11fd90 -> 0x100a00 -> 0x8dcb00 -> 0x11fd90 -> 0x100a00 -> 0x8dcb00 -> 0x11fd90 -> 0x100a00 -> 0x8dcb00 -> 0x11fd90 -> 0x100a00 -> 0x8dcb00 -> 0x11fd90 -> 0x100a00 -> 0x8dcb00 -> 0x11fd90 -> 0x100a00 -> 0x8dcb00 -> 0x11fd90 -> 0x100a00 -> 0x8dcb00 -> 0x11fd90 -> 0x100a00 -> 0x8dcb00 -> 0x11fd90 -> 0x100a00 -> 0x8dcb00 -> 0x11fd90 -> 0x100a00 -> 0x8dcb00 -> 0x11fd90 -> 0x100a00 -> 0x8dcb00 -> 0x11fd90 -> 0x100a00 -> 0x8dcb00 -> 0x11fd90 -> 0x100a00 -> 0x8dcb00 -> 0x11fd90 -> 0x100a00 -> 0x8dcb00 -> 0x11fd90 -> 0x100a00 -> 0x8dcb00 -> 0x11fd90 -> 0x100a00 -> 0x8dcb00
[p4:inner-dispatch] pc=0x008dcb00 ra=0x008dcb00 sp=0x01ff7fb0 trace=0x8dcb00 -> 0x11fd90 -> 0x100a00 -> 0x8dcb00 -> 0x11fd90 -> 0x100a00 -> 0x8dcb00 -> 0x11fd90 -> 0x100a00 -> 0x8dcb00 -> 0x11fd90 -> 0x100a00 -> 0x8dcb00 -> 0x11fd90 -> 0x100a00 -> 0x8dcb00 -> 0x11fd90 -> 0x100a00 -> 0x8dcb00 -> 0x11fd90 -> 0x100a00 -> 0x8dcb00 -> 0x11fd90 -> 0x100a00 -> 0x8dcb00 -> 0x11fd90 -> 0x100a00 -> 0x8dcb00 -> 0x11fd90 -> 0x100a00 -> 0x8dcb00 -> 0x11fd90 -> 0x100a00 -> 0x8dcb00 -> 0x11fd90 -> 0x100a00 -> 0x8dcb00 -> 0x11fd90 -> 0x100a00 -> 0x8dcb00 -> 0x11fd90 -> 0x100a00 -> 0x8dcb00 -> 0x11fd90 -> 0x100a00 -> 0x8dcb00 -> 0x11fd90 -> 0x100a00 -> 0x8dcb00 -> 0x11fd90 -> 0x100a00 -> 0x8dcb00 -> 0x11fd90 -> 0x100a00 -> 0x8dcb00 -> 0x11fd90 -> 0x100a00 -> 0x8dcb00 -> 0x11fd90 -> 0x100a00 -> 0x8dcb00 -> 0x11fd90 -> 0x100a00 -> 0x8dcb00
[p4:inner-dispatch] pc=0x008dcb00 ra=0x008dcb00 sp=0x01ff7fb0 trace=0x8dcb00 -> 0x11fd90 -> 0x100a00 -> 0x8dcb00 -> 0x11fd90 -> 0x100a00 -> 0x8dcb00 -> 0x11fd90 -> 0x100a00 -> 0x8dcb00 -> 0x11fd90 -> 0x100a00 -> 0x8dcb00 -> 0x11fd90 -> 0x100a00 -> 0x8dcb00 -> 0x11fd90 -> 0x100a00 -> 0x8dcb00 -> 0x11fd90 -> 0x100a00 -> 0x8dcb00 -> 0x11fd90 -> 0x100a00 -> 0x8dcb00 -> 0x11fd90 -> 0x100a00 -> 0x8dcb00 -> 0x11fd90 -> 0x100a00 -> 0x8dcb00 -> 0x11fd90 -> 0x100a00 -> 0x8dcb00 -> 0x11fd90 -> 0x100a00 -> 0x8dcb00 -> 0x11fd90 -> 0x100a00 -> 0x8dcb00 -> 0x11fd90 -> 0x100a00 -> 0x8dcb00 -> 0x11fd90 -> 0x100a00 -> 0x8dcb00 -> 0x11fd90 -> 0x100a00 -> 0x8dcb00 -> 0x11fd90 -> 0x100a00 -> 0x8dcb00 -> 0x11fd90 -> 0x100a00 -> 0x8dcb00 -> 0x11fd90 -> 0x100a00 -> 0x8dcb00 -> 0x11fd90 -> 0x100a00 -> 0x8dcb00 -> 0x11fd90 -> 0x100a00 -> 0x8dcb00
[p4:inner-dispatch] pc=0x008dcb00 ra=0x008dcb00 sp=0x01ff7fb0 trace=0x8dcb00 -> 0x11fd90 -> 0x100a00 -> 0x8dcb00 -> 0x11fd90 -> 0x100a00 -> 0x8dcb00 -> 0x11fd90 -> 0x100a00 -> 0x8dcb00 -> 0x11fd90 -> 0x100a00 -> 0x8dcb00 -> 0x11fd90 -> 0x100a00 -> 0x8dcb00 -> 0x11fd90 -> 0x100a00 -> 0x8dcb00 -> 0x11fd90 -> 0x100a00 -> 0x8dcb00 -> 0x11fd90 -> 0x100a00 -> 0x8dcb00 -> 0x11fd90 -> 0x100a00 -> 0x8dcb00 -> 0x11fd90 -> 0x100a00 -> 0x8dcb00 -> 0x11fd90 -> 0x100a00 -> 0x8dcb00 -> 0x11fd90 -> 0x100a00 -> 0x8dcb00 -> 0x11fd90 -> 0x100a00 -> 0x8dcb00 -> 0x11fd90 -> 0x100a00 -> 0x8dcb00 -> 0x11fd90 -> 0x100a00 -> 0x8dcb00 -> 0x11fd90 -> 0x100a00 -> 0x8dcb00 -> 0x11fd90 -> 0x100a00 -> 0x8dcb00 -> 0x11fd90 -> 0x100a00 -> 0x8dcb00 -> 0x11fd90 -> 0x100a00 -> 0x8dcb00 -> 0x11fd90 -> 0x100a00 -> 0x8dcb00 -> 0x11fd90 -> 0x100a00 -> 0x8dcb00
[p4:inner-dispatch] pc=0x008dcb00 ra=0x008dcb00 sp=0x01ff7fb0 trace=0x8dcb00 -> 0x11fd90 -> 0x100a00 -> 0x8dcb00 -> 0x11fd90 -> 0x100a00 -> 0x8dcb00 -> 0x11fd90 -> 0x100a00 -> 0x8dcb00 -> 0x11fd90 -> 0x100a00 -> 0x8dcb00 -> 0x11fd90 -> 0x100a00 -> 0x8dcb00 -> 0x11fd90 -> 0x100a00 -> 0x8dcb00 -> 0x11fd90 -> 0x100a00 -> 0x8dcb00 -> 0x11fd90 -> 0x100a00 -> 0x8dcb00 -> 0x11fd90 -> 0x100a00 -> 0x8dcb00 -> 0x11fd90 -> 0x100a00 -> 0x8dcb00 -> 0x11fd90 -> 0x100a00 -> 0x8dcb00 -> 0x11fd90 -> 0x100a00 -> 0x8dcb00 -> 0x11fd90 -> 0x100a00 -> 0x8dcb00 -> 0x11fd90 -> 0x100a00 -> 0x8dcb00 -> 0x11fd90 -> 0x100a00 -> 0x8dcb00 -> 0x11fd90 -> 0x100a00 -> 0x8dcb00 -> 0x11fd90 -> 0x100a00 -> 0x8dcb00 -> 0x11fd90 -> 0x100a00 -> 0x8dcb00 -> 0x11fd90 -> 0x100a00 -> 0x8dcb00 -> 0x11fd90 -> 0x100a00 -> 0x8dcb00 -> 0x11fd90 -> 0x100a00 -> 0x8dcb00
[p4:inner-dispatch] pc=0x008dcb00 ra=0x008dcb00 sp=0x01ff7fb0 trace=0x8dcb00 -> 0x11fd90 -> 0x100a00 -> 0x8dcb00 -> 0x11fd90 -> 0x100a00 -> 0x8dcb00 -> 0x11fd90 -> 0x100a00 -> 0x8dcb00 -> 0x11fd90 -> 0x100a00 -> 0x8dcb00 -> 0x11fd90 -> 0x100a00 -> 0x8dcb00 -> 0x11fd90 -> 0x100a00 -> 0x8dcb00 -> 0x11fd90 -> 0x100a00 -> 0x8dcb00 -> 0x11fd90 -> 0x100a00 -> 0x8dcb00 -> 0x11fd90 -> 0x100a00 -> 0x8dcb00 -> 0x11fd90 -> 0x100a00 -> 0x8dcb00 -> 0x11fd90 -> 0x100a00 -> 0x8dcb00 -> 0x11fd90 -> 0x100a00 -> 0x8dcb00 -> 0x11fd90 -> 0x100a00 -> 0x8dcb00 -> 0x11fd90 -> 0x100a00 -> 0x8dcb00 -> 0x11fd90 -> 0x100a00 -> 0x8dcb00 -> 0x11fd90 -> 0x100a00 -> 0x8dcb00 -> 0x11fd90 -> 0x100a00 -> 0x8dcb00 -> 0x11fd90 -> 0x100a00 -> 0x8dcb00 -> 0x11fd90 -> 0x100a00 -> 0x8dcb00 -> 0x11fd90 -> 0x100a00 -> 0x8dcb00 -> 0x11fd90 -> 0x100a00 -> 0x8dcb00
[p4:inner-dispatch] pc=0x008dcb00 ra=0x008dcb00 sp=0x01ff7fb0 trace=0x8dcb00 -> 0x11fd90 -> 0x100a00 -> 0x8dcb00 -> 0x11fd90 -> 0x100a00 -> 0x8dcb00 -> 0x11fd90 -> 0x100a00 -> 0x8dcb00 -> 0x11fd90 -> 0x100a00 -> 0x8dcb00 -> 0x11fd90 -> 0x100a00 -> 0x8dcb00 -> 0x11fd90 -> 0x100a00 -> 0x8dcb00 -> 0x11fd90 -> 0x100a00 -> 0x8dcb00 -> 0x11fd90 -> 0x100a00 -> 0x8dcb00 -> 0x11fd90 -> 0x100a00 -> 0x8dcb00 -> 0x11fd90 -> 0x100a00 -> 0x8dcb00 -> 0x11fd90 -> 0x100a00 -> 0x8dcb00 -> 0x11fd90 -> 0x100a00 -> 0x8dcb00 -> 0x11fd90 -> 0x100a00 -> 0x8dcb00 -> 0x11fd90 -> 0x100a00 -> 0x8dcb00 -> 0x11fd90 -> 0x100a00 -> 0x8dcb00 -> 0x11fd90 -> 0x100a00 -> 0x8dcb00 -> 0x11fd90 -> 0x100a00 -> 0x8dcb00 -> 0x11fd90 -> 0x100a00 -> 0x8dcb00 -> 0x11fd90 -> 0x100a00 -> 0x8dcb00 -> 0x11fd90 -> 0x100a00 -> 0x8dcb00 -> 0x11fd90 -> 0x100a00 -> 0x8dcb00
[p4:inner-dispatch] pc=0x008dcb00 ra=0x008dcb00 sp=0x01ff7fb0 trace=0x8dcb00 -> 0x11fd90 -> 0x100a00 -> 0x8dcb00 -> 0x11fd90 -> 0x100a00 -> 0x8dcb00 -> 0x11fd90 -> 0x100a00 -> 0x8dcb00 -> 0x11fd90 -> 0x100a00 -> 0x8dcb00 -> 0x11fd90 -> 0x100a00 -> 0x8dcb00 -> 0x11fd90 -> 0x100a00 -> 0x8dcb00 -> 0x11fd90 -> 0x100a00 -> 0x8dcb00 -> 0x11fd90 -> 0x100a00 -> 0x8dcb00 -> 0x11fd90 -> 0x100a00 -> 0x8dcb00 -> 0x11fd90 -> 0x100a00 -> 0x8dcb00 -> 0x11fd90 -> 0x100a00 -> 0x8dcb00 -> 0x11fd90 -> 0x100a00 -> 0x8dcb00 -> 0x11fd90 -> 0x100a00 -> 0x8dcb00 -> 0x11fd90 -> 0x100a00 -> 0x8dcb00 -> 0x11fd90 -> 0x100a00 -> 0x8dcb00 -> 0x11fd90 -> 0x100a00 -> 0x8dcb00 -> 0x11fd90 -> 0x100a00 -> 0x8dcb00 -> 0x11fd90 -> 0x100a00 -> 0x8dcb00 -> 0x11fd90 -> 0x100a00 -> 0x8dcb00 -> 0x11fd90 -> 0x100a00 -> 0x8dcb00 -> 0x11fd90 -> 0x100a00 -> 0x8dcb00
[p4:inner-dispatch] pc=0x008dcb00 ra=0x008dcb00 sp=0x01ff7fb0 trace=0x8dcb00 -> 0x11fd90 -> 0x100a00 -> 0x8dcb00 -> 0x11fd90 -> 0x100a00 -> 0x8dcb00 -> 0x11fd90 -> 0x100a00 -> 0x8dcb00 -> 0x11fd90 -> 0x100a00 -> 0x8dcb00 -> 0x11fd90 -> 0x100a00 -> 0x8dcb00 -> 0x11fd90 -> 0x100a00 -> 0x8dcb00 -> 0x11fd90 -> 0x100a00 -> 0x8dcb00 -> 0x11fd90 -> 0x100a00 -> 0x8dcb00 -> 0x11fd90 -> 0x100a00 -> 0x8dcb00 -> 0x11fd90 -> 0x100a00 -> 0x8dcb00 -> 0x11fd90 -> 0x100a00 -> 0x8dcb00 -> 0x11fd90 -> 0x100a00 -> 0x8dcb00 -> 0x11fd90 -> 0x100a00 -> 0x8dcb00 -> 0x11fd90 -> 0x100a00 -> 0x8dcb00 -> 0x11fd90 -> 0x100a00 -> 0x8dcb00 -> 0x11fd90 -> 0x100a00 -> 0x8dcb00 -> 0x11fd90 -> 0x100a00 -> 0x8dcb00 -> 0x11fd90 -> 0x100a00 -> 0x8dcb00 -> 0x11fd90 -> 0x100a00 -> 0x8dcb00 -> 0x11fd90 -> 0x100a00 -> 0x8dcb00 -> 0x11fd90 -> 0x100a00 -> 0x8dcb00
[p4:inner-dispatch] pc=0x008dcb00 ra=0x008dcb00 sp=0x01ff7fb0 trace=0x8dcb00 -> 0x11fd90 -> 0x100a00 -> 0x8dcb00 -> 0x11fd90 -> 0x100a00 -> 0x8dcb00 -> 0x11fd90 -> 0x100a00 -> 0x8dcb00 -> 0x11fd90 -> 0x100a00 -> 0x8dcb00 -> 0x11fd90 -> 0x100a00 -> 0x8dcb00 -> 0x11fd90 -> 0x100a00 -> 0x8dcb00 -> 0x11fd90 -> 0x100a00 -> 0x8dcb00 -> 0x11fd90 -> 0x100a00 -> 0x8dcb00 -> 0x11fd90 -> 0x100a00 -> 0x8dcb00 -> 0x11fd90 -> 0x100a00 -> 0x8dcb00 -> 0x11fd90 -> 0x100a00 -> 0x8dcb00 -> 0x11fd90 -> 0x100a00 -> 0x8dcb00 -> 0x11fd90 -> 0x100a00 -> 0x8dcb00 -> 0x11fd90 -> 0x100a00 -> 0x8dcb00 -> 0x11fd90 -> 0x100a00 -> 0x8dcb00 -> 0x11fd90 -> 0x100a00 -> 0x8dcb00 -> 0x11fd90 -> 0x100a00 -> 0x8dcb00 -> 0x11fd90 -> 0x100a00 -> 0x8dcb00 -> 0x11fd90 -> 0x100a00 -> 0x8dcb00 -> 0x11fd90 -> 0x100a00 -> 0x8dcb00 -> 0x11fd90 -> 0x100a00 -> 0x8dcb00
[p4:inner-dispatch] pc=0x008dcb00 ra=0x008dcb00 sp=0x01ff7fb0 trace=0x8dcb00 -> 0x11fd90 -> 0x100a00 -> 0x8dcb00 -> 0x11fd90 -> 0x100a00 -> 0x8dcb00 -> 0x11fd90 -> 0x100a00 -> 0x8dcb00 -> 0x11fd90 -> 0x100a00 -> 0x8dcb00 -> 0x11fd90 -> 0x100a00 -> 0x8dcb00 -> 0x11fd90 -> 0x100a00 -> 0x8dcb00 -> 0x11fd90 -> 0x100a00 -> 0x8dcb00 -> 0x11fd90 -> 0x100a00 -> 0x8dcb00 -> 0x11fd90 -> 0x100a00 -> 0x8dcb00 -> 0x11fd90 -> 0x100a00 -> 0x8dcb00 -> 0x11fd90 -> 0x100a00 -> 0x8dcb00 -> 0x11fd90 -> 0x100a00 -> 0x8dcb00 -> 0x11fd90 -> 0x100a00 -> 0x8dcb00 -> 0x11fd90 -> 0x100a00 -> 0x8dcb00 -> 0x11fd90 -> 0x100a00 -> 0x8dcb00 -> 0x11fd90 -> 0x100a00 -> 0x8dcb00 -> 0x11fd90 -> 0x100a00 -> 0x8dcb00 -> 0x11fd90 -> 0x100a00 -> 0x8dcb00 -> 0x11fd90 -> 0x100a00 -> 0x8dcb00 -> 0x11fd90 -> 0x100a00 -> 0x8dcb00 -> 0x11fd90 -> 0x100a00 -> 0x8dcb00
[p4:inner-dispatch] pc=0x008dcb00 ra=0x008dcb00 sp=0x01ff7fb0 trace=0x8dcb00 -> 0x11fd90 -> 0x100a00 -> 0x8dcb00 -> 0x11fd90 -> 0x100a00 -> 0x8dcb00 -> 0x11fd90 -> 0x100a00 -> 0x8dcb00 -> 0x11fd90 -> 0x100a00 -> 0x8dcb00 -> 0x11fd90 -> 0x100a00 -> 0x8dcb00 -> 0x11fd90 -> 0x100a00 -> 0x8dcb00 -> 0x11fd90 -> 0x100a00 -> 0x8dcb00 -> 0x11fd90 -> 0x100a00 -> 0x8dcb00 -> 0x11fd90 -> 0x100a00 -> 0x8dcb00 -> 0x11fd90 -> 0x100a00 -> 0x8dcb00 -> 0x11fd90 -> 0x100a00 -> 0x8dcb00 -> 0x11fd90 -> 0x100a00 -> 0x8dcb00 -> 0x11fd90 -> 0x100a00 -> 0x8dcb00 -> 0x11fd90 -> 0x100a00 -> 0x8dcb00 -> 0x11fd90 -> 0x100a00 -> 0x8dcb00 -> 0x11fd90 -> 0x100a00 -> 0x8dcb00 -> 0x11fd90 -> 0x100a00 -> 0x8dcb00 -> 0x11fd90 -> 0x100a00 -> 0x8dcb00 -> 0x11fd90 -> 0x100a00 -> 0x8dcb00 -> 0x11fd90 -> 0x100a00 -> 0x8dcb00 -> 0x11fd90 -> 0x100a00 -> 0x8dcb00
[p4:inner-dispatch] pc=0x008dcb00 ra=0x008dcb00 sp=0x01ff7fb0 trace=0x8dcb00 -> 0x11fd90 -> 0x100a00 -> 0x8dcb00 -> 0x11fd90 -> 0x100a00 -> 0x8dcb00 -> 0x11fd90 -> 0x100a00 -> 0x8dcb00 -> 0x11fd90 -> 0x100a00 -> 0x8dcb00 -> 0x11fd90 -> 0x100a00 -> 0x8dcb00 -> 0x11fd90 -> 0x100a00 -> 0x8dcb00 -> 0x11fd90 -> 0x100a00 -> 0x8dcb00 -> 0x11fd90 -> 0x100a00 -> 0x8dcb00 -> 0x11fd90 -> 0x100a00 -> 0x8dcb00 -> 0x11fd90 -> 0x100a00 -> 0x8dcb00 -> 0x11fd90 -> 0x100a00 -> 0x8dcb00 -> 0x11fd90 -> 0x100a00 -> 0x8dcb00 -> 0x11fd90 -> 0x100a00 -> 0x8dcb00 -> 0x11fd90 -> 0x100a00 -> 0x8dcb00 -> 0x11fd90 -> 0x100a00 -> 0x8dcb00 -> 0x11fd90 -> 0x100a00 -> 0x8dcb00 -> 0x11fd90 -> 0x100a00 -> 0x8dcb00 -> 0x11fd90 -> 0x100a00 -> 0x8dcb00 -> 0x11fd90 -> 0x100a00 -> 0x8dcb00 -> 0x11fd90 -> 0x100a00 -> 0x8dcb00 -> 0x11fd90 -> 0x100a00 -> 0x8dcb00
[p4:inner-dispatch] pc=0x008dcb00 ra=0x008dcb00 sp=0x01ff7fb0 trace=0x8dcb00 -> 0x11fd90 -> 0x100a00 -> 0x8dcb00 -> 0x11fd90 -> 0x100a00 -> 0x8dcb00 -> 0x11fd90 -> 0x100a00 -> 0x8dcb00 -> 0x11fd90 -> 0x100a00 -> 0x8dcb00 -> 0x11fd90 -> 0x100a00 -> 0x8dcb00 -> 0x11fd90 -> 0x100a00 -> 0x8dcb00 -> 0x11fd90 -> 0x100a00 -> 0x8dcb00 -> 0x11fd90 -> 0x100a00 -> 0x8dcb00 -> 0x11fd90 -> 0x100a00 -> 0x8dcb00 -> 0x11fd90 -> 0x100a00 -> 0x8dcb00 -> 0x11fd90 -> 0x100a00 -> 0x8dcb00 -> 0x11fd90 -> 0x100a00 -> 0x8dcb00 -> 0x11fd90 -> 0x100a00 -> 0x8dcb00 -> 0x11fd90 -> 0x100a00 -> 0x8dcb00 -> 0x11fd90 -> 0x100a00 -> 0x8dcb00 -> 0x11fd90 -> 0x100a00 -> 0x8dcb00 -> 0x11fd90 -> 0x100a00 -> 0x8dcb00 -> 0x11fd90 -> 0x100a00 -> 0x8dcb00 -> 0x11fd90 -> 0x100a00 -> 0x8dcb00 -> 0x11fd90 -> 0x100a00 -> 0x8dcb00 -> 0x11fd90 -> 0x100a00 -> 0x8dcb00
[p4:inner-dispatch] pc=0x008dcb00 ra=0x008dcb00 sp=0x01ff7fb0 trace=0x8dcb00 -> 0x11fd90 -> 0x100a00 -> 0x8dcb00 -> 0x11fd90 -> 0x100a00 -> 0x8dcb00 -> 0x11fd90 -> 0x100a00 -> 0x8dcb00 -> 0x11fd90 -> 0x100a00 -> 0x8dcb00 -> 0x11fd90 -> 0x100a00 -> 0x8dcb00 -> 0x11fd90 -> 0x100a00 -> 0x8dcb00 -> 0x11fd90 -> 0x100a00 -> 0x8dcb00 -> 0x11fd90 -> 0x100a00 -> 0x8dcb00 -> 0x11fd90 -> 0x100a00 -> 0x8dcb00 -> 0x11fd90 -> 0x100a00 -> 0x8dcb00 -> 0x11fd90 -> 0x100a00 -> 0x8dcb00 -> 0x11fd90 -> 0x100a00 -> 0x8dcb00 -> 0x11fd90 -> 0x100a00 -> 0x8dcb00 -> 0x11fd90 -> 0x100a00 -> 0x8dcb00 -> 0x11fd90 -> 0x100a00 -> 0x8dcb00 -> 0x11fd90 -> 0x100a00 -> 0x8dcb00 -> 0x11fd90 -> 0x100a00 -> 0x8dcb00 -> 0x11fd90 -> 0x100a00 -> 0x8dcb00 -> 0x11fd90 -> 0x100a00 -> 0x8dcb00 -> 0x11fd90 -> 0x100a00 -> 0x8dcb00 -> 0x11fd90 -> 0x100a00 -> 0x8dcb00
[p4:inner-dispatch] pc=0x008dcb00 ra=0x008dcb00 sp=0x01ff7fb0 trace=0x8dcb00 -> 0x11fd90 -> 0x100a00 -> 0x8dcb00 -> 0x11fd90 -> 0x100a00 -> 0x8dcb00 -> 0x11fd90 -> 0x100a00 -> 0x8dcb00 -> 0x11fd90 -> 0x100a00 -> 0x8dcb00 -> 0x11fd90 -> 0x100a00 -> 0x8dcb00 -> 0x11fd90 -> 0x100a00 -> 0x8dcb00 -> 0x11fd90 -> 0x100a00 -> 0x8dcb00 -> 0x11fd90 -> 0x100a00 -> 0x8dcb00 -> 0x11fd90 -> 0x100a00 -> 0x8dcb00 -> 0x11fd90 -> 0x100a00 -> 0x8dcb00 -> 0x11fd90 -> 0x100a00 -> 0x8dcb00 -> 0x11fd90 -> 0x100a00 -> 0x8dcb00 -> 0x11fd90 -> 0x100a00 -> 0x8dcb00 -> 0x11fd90 -> 0x100a00 -> 0x8dcb00 -> 0x11fd90 -> 0x100a00 -> 0x8dcb00 -> 0x11fd90 -> 0x100a00 -> 0x8dcb00 -> 0x11fd90 -> 0x100a00 -> 0x8dcb00 -> 0x11fd90 -> 0x100a00 -> 0x8dcb00 -> 0x11fd90 -> 0x100a00 -> 0x8dcb00 -> 0x11fd90 -> 0x100a00 -> 0x8dcb00 -> 0x11fd90 -> 0x100a00 -> 0x8dcb00
[p4:inner-dispatch] pc=0x008dcb00 ra=0x008dcb00 sp=0x01ff7fb0 trace=0x8dcb00 -> 0x11fd90 -> 0x100a00 -> 0x8dcb00 -> 0x11fd90 -> 0x100a00 -> 0x8dcb00 -> 0x11fd90 -> 0x100a00 -> 0x8dcb00 -> 0x11fd90 -> 0x100a00 -> 0x8dcb00 -> 0x11fd90 -> 0x100a00 -> 0x8dcb00 -> 0x11fd90 -> 0x100a00 -> 0x8dcb00 -> 0x11fd90 -> 0x100a00 -> 0x8dcb00 -> 0x11fd90 -> 0x100a00 -> 0x8dcb00 -> 0x11fd90 -> 0x100a00 -> 0x8dcb00 -> 0x11fd90 -> 0x100a00 -> 0x8dcb00 -> 0x11fd90 -> 0x100a00 -> 0x8dcb00 -> 0x11fd90 -> 0x100a00 -> 0x8dcb00 -> 0x11fd90 -> 0x100a00 -> 0x8dcb00 -> 0x11fd90 -> 0x100a00 -> 0x8dcb00 -> 0x11fd90 -> 0x100a00 -> 0x8dcb00 -> 0x11fd90 -> 0x100a00 -> 0x8dcb00 -> 0x11fd90 -> 0x100a00 -> 0x8dcb00 -> 0x11fd90 -> 0x100a00 -> 0x8dcb00 -> 0x11fd90 -> 0x100a00 -> 0x8dcb00 -> 0x11fd90 -> 0x100a00 -> 0x8dcb00 -> 0x11fd90 -> 0x100a00 -> 0x8dcb00
[p4:inner-dispatch] pc=0x008dcb00 ra=0x008dcb00 sp=0x01ff7fb0 trace=0x8dcb00 -> 0x11fd90 -> 0x100a00 -> 0x8dcb00 -> 0x11fd90 -> 0x100a00 -> 0x8dcb00 -> 0x11fd90 -> 0x100a00 -> 0x8dcb00 -> 0x11fd90 -> 0x100a00 -> 0x8dcb00 -> 0x11fd90 -> 0x100a00 -> 0x8dcb00 -> 0x11fd90 -> 0x100a00 -> 0x8dcb00 -> 0x11fd90 -> 0x100a00 -> 0x8dcb00 -> 0x11fd90 -> 0x100a00 -> 0x8dcb00 -> 0x11fd90 -> 0x100a00 -> 0x8dcb00 -> 0x11fd90 -> 0x100a00 -> 0x8dcb00 -> 0x11fd90 -> 0x100a00 -> 0x8dcb00 -> 0x11fd90 -> 0x100a00 -> 0x8dcb00 -> 0x11fd90 -> 0x100a00 -> 0x8dcb00 -> 0x11fd90 -> 0x100a00 -> 0x8dcb00 -> 0x11fd90 -> 0x100a00 -> 0x8dcb00 -> 0x11fd90 -> 0x100a00 -> 0x8dcb00 -> 0x11fd90 -> 0x100a00 -> 0x8dcb00 -> 0x11fd90 -> 0x100a00 -> 0x8dcb00 -> 0x11fd90 -> 0x100a00 -> 0x8dcb00 -> 0x11fd90 -> 0x100a00 -> 0x8dcb00 -> 0x11fd90 -> 0x100a00 -> 0x8dcb00
[p4:inner-dispatch] pc=0x008dcb00 ra=0x008dcb00 sp=0x01ff7fb0 trace=0x8dcb00 -> 0x11fd90 -> 0x100a00 -> 0x8dcb00 -> 0x11fd90 -> 0x100a00 -> 0x8dcb00 -> 0x11fd90 -> 0x100a00 -> 0x8dcb00 -> 0x11fd90 -> 0x100a00 -> 0x8dcb00 -> 0x11fd90 -> 0x100a00 -> 0x8dcb00 -> 0x11fd90 -> 0x100a00 -> 0x8dcb00 -> 0x11fd90 -> 0x100a00 -> 0x8dcb00 -> 0x11fd90 -> 0x100a00 -> 0x8dcb00 -> 0x11fd90 -> 0x100a00 -> 0x8dcb00 -> 0x11fd90 -> 0x100a00 -> 0x8dcb00 -> 0x11fd90 -> 0x100a00 -> 0x8dcb00 -> 0x11fd90 -> 0x100a00 -> 0x8dcb00 -> 0x11fd90 -> 0x100a00 -> 0x8dcb00 -> 0x11fd90 -> 0x100a00 -> 0x8dcb00 -> 0x11fd90 -> 0x100a00 -> 0x8dcb00 -> 0x11fd90 -> 0x100a00 -> 0x8dcb00 -> 0x11fd90 -> 0x100a00 -> 0x8dcb00 -> 0x11fd90 -> 0x100a00 -> 0x8dcb00 -> 0x11fd90 -> 0x100a00 -> 0x8dcb00 -> 0x11fd90 -> 0x100a00 -> 0x8dcb00 -> 0x11fd90 -> 0x100a00 -> 0x8dcb00
[p4:inner-dispatch] pc=0x008dcb00 ra=0x008dcb00 sp=0x01ff7fb0 trace=0x8dcb00 -> 0x11fd90 -> 0x100a00 -> 0x8dcb00 -> 0x11fd90 -> 0x100a00 -> 0x8dcb00 -> 0x11fd90 -> 0x100a00 -> 0x8dcb00 -> 0x11fd90 -> 0x100a00 -> 0x8dcb00 -> 0x11fd90 -> 0x100a00 -> 0x8dcb00 -> 0x11fd90 -> 0x100a00 -> 0x8dcb00 -> 0x11fd90 -> 0x100a00 -> 0x8dcb00 -> 0x11fd90 -> 0x100a00 -> 0x8dcb00 -> 0x11fd90 -> 0x100a00 -> 0x8dcb00 -> 0x11fd90 -> 0x100a00 -> 0x8dcb00 -> 0x11fd90 -> 0x100a00 -> 0x8dcb00 -> 0x11fd90 -> 0x100a00 -> 0x8dcb00 -> 0x11fd90 -> 0x100a00 -> 0x8dcb00 -> 0x11fd90 -> 0x100a00 -> 0x8dcb00 -> 0x11fd90 -> 0x100a00 -> 0x8dcb00 -> 0x11fd90 -> 0x100a00 -> 0x8dcb00 -> 0x11fd90 -> 0x100a00 -> 0x8dcb00 -> 0x11fd90 -> 0x100a00 -> 0x8dcb00 -> 0x11fd90 -> 0x100a00 -> 0x8dcb00 -> 0x11fd90 -> 0x100a00 -> 0x8dcb00 -> 0x11fd90 -> 0x100a00 -> 0x8dcb00
[p4:inner-dispatch] pc=0x008dcb00 ra=0x008dcb00 sp=0x01ff7fb0 trace=0x8dcb00 -> 0x11fd90 -> 0x100a00 -> 0x8dcb00 -> 0x11fd90 -> 0x100a00 -> 0x8dcb00 -> 0x11fd90 -> 0x100a00 -> 0x8dcb00 -> 0x11fd90 -> 0x100a00 -> 0x8dcb00 -> 0x11fd90 -> 0x100a00 -> 0x8dcb00 -> 0x11fd90 -> 0x100a00 -> 0x8dcb00 -> 0x11fd90 -> 0x100a00 -> 0x8dcb00 -> 0x11fd90 -> 0x100a00 -> 0x8dcb00 -> 0x11fd90 -> 0x100a00 -> 0x8dcb00 -> 0x11fd90 -> 0x100a00 -> 0x8dcb00 -> 0x11fd90 -> 0x100a00 -> 0x8dcb00 -> 0x11fd90 -> 0x100a00 -> 0x8dcb00 -> 0x11fd90 -> 0x100a00 -> 0x8dcb00 -> 0x11fd90 -> 0x100a00 -> 0x8dcb00 -> 0x11fd90 -> 0x100a00 -> 0x8dcb00 -> 0x11fd90 -> 0x100a00 -> 0x8dcb00 -> 0x11fd90 -> 0x100a00 -> 0x8dcb00 -> 0x11fd90 -> 0x100a00 -> 0x8dcb00 -> 0x11fd90 -> 0x100a00 -> 0x8dcb00 -> 0x11fd90 -> 0x100a00 -> 0x8dcb00 -> 0x11fd90 -> 0x100a00 -> 0x8dcb00
[p4:inner-dispatch] pc=0x008dcb00 ra=0x008dcb00 sp=0x01ff7fb0 trace=0x8dcb00 -> 0x11fd90 -> 0x100a00 -> 0x8dcb00 -> 0x11fd90 -> 0x100a00 -> 0x8dcb00 -> 0x11fd90 -> 0x100a00 -> 0x8dcb00 -> 0x11fd90 -> 0x100a00 -> 0x8dcb00 -> 0x11fd90 -> 0x100a00 -> 0x8dcb00 -> 0x11fd90 -> 0x100a00 -> 0x8dcb00 -> 0x11fd90 -> 0x100a00 -> 0x8dcb00 -> 0x11fd90 -> 0x100a00 -> 0x8dcb00 -> 0x11fd90 -> 0x100a00 -> 0x8dcb00 -> 0x11fd90 -> 0x100a00 -> 0x8dcb00 -> 0x11fd90 -> 0x100a00 -> 0x8dcb00 -> 0x11fd90 -> 0x100a00 -> 0x8dcb00 -> 0x11fd90 -> 0x100a00 -> 0x8dcb00 -> 0x11fd90 -> 0x100a00 -> 0x8dcb00 -> 0x11fd90 -> 0x100a00 -> 0x8dcb00 -> 0x11fd90 -> 0x100a00 -> 0x8dcb00 -> 0x11fd90 -> 0x100a00 -> 0x8dcb00 -> 0x11fd90 -> 0x100a00 -> 0x8dcb00 -> 0x11fd90 -> 0x100a00 -> 0x8dcb00 -> 0x11fd90 -> 0x100a00 -> 0x8dcb00 -> 0x11fd90 -> 0x100a00 -> 0x8dcb00
[p4:inner-dispatch] pc=0x008dcb00 ra=0x008dcb00 sp=0x01ff7fb0 trace=0x8dcb00 -> 0x11fd90 -> 0x100a00 -> 0x8dcb00 -> 0x11fd90 -> 0x100a00 -> 0x8dcb00 -> 0x11fd90 -> 0x100a00 -> 0x8dcb00 -> 0x11fd90 -> 0x100a00 -> 0x8dcb00 -> 0x11fd90 -> 0x100a00 -> 0x8dcb00 -> 0x11fd90 -> 0x100a00 -> 0x8dcb00 -> 0x11fd90 -> 0x100a00 -> 0x8dcb00 -> 0x11fd90 -> 0x100a00 -> 0x8dcb00 -> 0x11fd90 -> 0x100a00 -> 0x8dcb00 -> 0x11fd90 -> 0x100a00 -> 0x8dcb00 -> 0x11fd90 -> 0x100a00 -> 0x8dcb00 -> 0x11fd90 -> 0x100a00 -> 0x8dcb00 -> 0x11fd90 -> 0x100a00 -> 0x8dcb00 -> 0x11fd90 -> 0x100a00 -> 0x8dcb00 -> 0x11fd90 -> 0x100a00 -> 0x8dcb00 -> 0x11fd90 -> 0x100a00 -> 0x8dcb00 -> 0x11fd90 -> 0x100a00 -> 0x8dcb00 -> 0x11fd90 -> 0x100a00 -> 0x8dcb00 -> 0x11fd90 -> 0x100a00 -> 0x8dcb00 -> 0x11fd90 -> 0x100a00 -> 0x8dcb00 -> 0x11fd90 -> 0x100a00 -> 0x8dcb00
[p4:inner-dispatch] pc=0x008dcb00 ra=0x008dcb00 sp=0x01ff7fb0 trace=0x8dcb00 -> 0x11fd90 -> 0x100a00 -> 0x8dcb00 -> 0x11fd90 -> 0x100a00 -> 0x8dcb00 -> 0x11fd90 -> 0x100a00 -> 0x8dcb00 -> 0x11fd90 -> 0x100a00 -> 0x8dcb00 -> 0x11fd90 -> 0x100a00 -> 0x8dcb00 -> 0x11fd90 -> 0x100a00 -> 0x8dcb00 -> 0x11fd90 -> 0x100a00 -> 0x8dcb00 -> 0x11fd90 -> 0x100a00 -> 0x8dcb00 -> 0x11fd90 -> 0x100a00 -> 0x8dcb00 -> 0x11fd90 -> 0x100a00 -> 0x8dcb00 -> 0x11fd90 -> 0x100a00 -> 0x8dcb00 -> 0x11fd90 -> 0x100a00 -> 0x8dcb00 -> 0x11fd90 -> 0x100a00 -> 0x8dcb00 -> 0x11fd90 -> 0x100a00 -> 0x8dcb00 -> 0x11fd90 -> 0x100a00 -> 0x8dcb00 -> 0x11fd90 -> 0x100a00 -> 0x8dcb00 -> 0x11fd90 -> 0x100a00 -> 0x8dcb00 -> 0x11fd90 -> 0x100a00 -> 0x8dcb00 -> 0x11fd90 -> 0x100a00 -> 0x8dcb00 -> 0x11fd90 -> 0x100a00 -> 0x8dcb00 -> 0x11fd90 -> 0x100a00 -> 0x8dcb00
[p4:inner-dispatch] pc=0x008dcb00 ra=0x008dcb00 sp=0x01ff7fb0 trace=0x8dcb00 -> 0x11fd90 -> 0x100a00 -> 0x8dcb00 -> 0x11fd90 -> 0x100a00 -> 0x8dcb00 -> 0x11fd90 -> 0x100a00 -> 0x8dcb00 -> 0x11fd90 -> 0x100a00 -> 0x8dcb00 -> 0x11fd90 -> 0x100a00 -> 0x8dcb00 -> 0x11fd90 -> 0x100a00 -> 0x8dcb00 -> 0x11fd90 -> 0x100a00 -> 0x8dcb00 -> 0x11fd90 -> 0x100a00 -> 0x8dcb00 -> 0x11fd90 -> 0x100a00 -> 0x8dcb00 -> 0x11fd90 -> 0x100a00 -> 0x8dcb00 -> 0x11fd90 -> 0x100a00 -> 0x8dcb00 -> 0x11fd90 -> 0x100a00 -> 0x8dcb00 -> 0x11fd90 -> 0x100a00 -> 0x8dcb00 -> 0x11fd90 -> 0x100a00 -> 0x8dcb00 -> 0x11fd90 -> 0x100a00 -> 0x8dcb00 -> 0x11fd90 -> 0x100a00 -> 0x8dcb00 -> 0x11fd90 -> 0x100a00 -> 0x8dcb00 -> 0x11fd90 -> 0x100a00 -> 0x8dcb00 -> 0x11fd90 -> 0x100a00 -> 0x8dcb00 -> 0x11fd90 -> 0x100a00 -> 0x8dcb00 -> 0x11fd90 -> 0x100a00 -> 0x8dcb00
[p4:inner-dispatch] pc=0x008dcb00 ra=0x008dcb00 sp=0x01ff7fb0 trace=0x8dcb00 -> 0x11fd90 -> 0x100a00 -> 0x8dcb00 -> 0x11fd90 -> 0x100a00 -> 0x8dcb00 -> 0x11fd90 -> 0x100a00 -> 0x8dcb00 -> 0x11fd90 -> 0x100a00 -> 0x8dcb00 -> 0x11fd90 -> 0x100a00 -> 0x8dcb00 -> 0x11fd90 -> 0x100a00 -> 0x8dcb00 -> 0x11fd90 -> 0x100a00 -> 0x8dcb00 -> 0x11fd90 -> 0x100a00 -> 0x8dcb00 -> 0x11fd90 -> 0x100a00 -> 0x8dcb00 -> 0x11fd90 -> 0x100a00 -> 0x8dcb00 -> 0x11fd90 -> 0x100a00 -> 0x8dcb00 -> 0x11fd90 -> 0x100a00 -> 0x8dcb00 -> 0x11fd90 -> 0x100a00 -> 0x8dcb00 -> 0x11fd90 -> 0x100a00 -> 0x8dcb00 -> 0x11fd90 -> 0x100a00 -> 0x8dcb00 -> 0x11fd90 -> 0x100a00 -> 0x8dcb00 -> 0x11fd90 -> 0x100a00 -> 0x8dcb00 -> 0x11fd90 -> 0x100a00 -> 0x8dcb00 -> 0x11fd90 -> 0x100a00 -> 0x8dcb00 -> 0x11fd90 -> 0x100a00 -> 0x8dcb00 -> 0x11fd90 -> 0x100a00 -> 0x8dcb00
[p4:inner-dispatch] pc=0x008dcb00 ra=0x008dcb00 sp=0x01ff7fb0 trace=0x8dcb00 -> 0x11fd90 -> 0x100a00 -> 0x8dcb00 -> 0x11fd90 -> 0x100a00 -> 0x8dcb00 -> 0x11fd90 -> 0x100a00 -> 0x8dcb00 -> 0x11fd90 -> 0x100a00 -> 0x8dcb00 -> 0x11fd90 -> 0x100a00 -> 0x8dcb00 -> 0x11fd90 -> 0x100a00 -> 0x8dcb00 -> 0x11fd90 -> 0x100a00 -> 0x8dcb00 -> 0x11fd90 -> 0x100a00 -> 0x8dcb00 -> 0x11fd90 -> 0x100a00 -> 0x8dcb00 -> 0x11fd90 -> 0x100a00 -> 0x8dcb00 -> 0x11fd90 -> 0x100a00 -> 0x8dcb00 -> 0x11fd90 -> 0x100a00 -> 0x8dcb00 -> 0x11fd90 -> 0x100a00 -> 0x8dcb00 -> 0x11fd90 -> 0x100a00 -> 0x8dcb00 -> 0x11fd90 -> 0x100a00 -> 0x8dcb00 -> 0x11fd90 -> 0x100a00 -> 0x8dcb00 -> 0x11fd90 -> 0x100a00 -> 0x8dcb00 -> 0x11fd90 -> 0x100a00 -> 0x8dcb00 -> 0x11fd90 -> 0x100a00 -> 0x8dcb00 -> 0x11fd90 -> 0x100a00 -> 0x8dcb00 -> 0x11fd90 -> 0x100a00 -> 0x8dcb00
[p4:inner-dispatch] pc=0x008dcb00 ra=0x008dcb00 sp=0x01ff7fb0 trace=0x8dcb00 -> 0x11fd90 -> 0x100a00 -> 0x8dcb00 -> 0x11fd90 -> 0x100a00 -> 0x8dcb00 -> 0x11fd90 -> 0x100a00 -> 0x8dcb00 -> 0x11fd90 -> 0x100a00 -> 0x8dcb00 -> 0x11fd90 -> 0x100a00 -> 0x8dcb00 -> 0x11fd90 -> 0x100a00 -> 0x8dcb00 -> 0x11fd90 -> 0x100a00 -> 0x8dcb00 -> 0x11fd90 -> 0x100a00 -> 0x8dcb00 -> 0x11fd90 -> 0x100a00 -> 0x8dcb00 -> 0x11fd90 -> 0x100a00 -> 0x8dcb00 -> 0x11fd90 -> 0x100a00 -> 0x8dcb00 -> 0x11fd90 -> 0x100a00 -> 0x8dcb00 -> 0x11fd90 -> 0x100a00 -> 0x8dcb00 -> 0x11fd90 -> 0x100a00 -> 0x8dcb00 -> 0x11fd90 -> 0x100a00 -> 0x8dcb00 -> 0x11fd90 -> 0x100a00 -> 0x8dcb00 -> 0x11fd90 -> 0x100a00 -> 0x8dcb00 -> 0x11fd90 -> 0x100a00 -> 0x8dcb00 -> 0x11fd90 -> 0x100a00 -> 0x8dcb00 -> 0x11fd90 -> 0x100a00 -> 0x8dcb00 -> 0x11fd90 -> 0x100a00 -> 0x8dcb00
[p4:inner-dispatch] pc=0x008dcb00 ra=0x008dcb00 sp=0x01ff7fb0 trace=0x8dcb00 -> 0x11fd90 -> 0x100a00 -> 0x8dcb00 -> 0x11fd90 -> 0x100a00 -> 0x8dcb00 -> 0x11fd90 -> 0x100a00 -> 0x8dcb00 -> 0x11fd90 -> 0x100a00 -> 0x8dcb00 -> 0x11fd90 -> 0x100a00 -> 0x8dcb00 -> 0x11fd90 -> 0x100a00 -> 0x8dcb00 -> 0x11fd90 -> 0x100a00 -> 0x8dcb00 -> 0x11fd90 -> 0x100a00 -> 0x8dcb00 -> 0x11fd90 -> 0x100a00 -> 0x8dcb00 -> 0x11fd90 -> 0x100a00 -> 0x8dcb00 -> 0x11fd90 -> 0x100a00 -> 0x8dcb00 -> 0x11fd90 -> 0x100a00 -> 0x8dcb00 -> 0x11fd90 -> 0x100a00 -> 0x8dcb00 -> 0x11fd90 -> 0x100a00 -> 0x8dcb00 -> 0x11fd90 -> 0x100a00 -> 0x8dcb00 -> 0x11fd90 -> 0x100a00 -> 0x8dcb00 -> 0x11fd90 -> 0x100a00 -> 0x8dcb00 -> 0x11fd90 -> 0x100a00 -> 0x8dcb00 -> 0x11fd90 -> 0x100a00 -> 0x8dcb00 -> 0x11fd90 -> 0x100a00 -> 0x8dcb00 -> 0x11fd90 -> 0x100a00 -> 0x8dcb00
[p4:inner-dispatch] pc=0x008dcb00 ra=0x008dcb00 sp=0x01ff7fb0 trace=0x8dcb00 -> 0x11fd90 -> 0x100a00 -> 0x8dcb00 -> 0x11fd90 -> 0x100a00 -> 0x8dcb00 -> 0x11fd90 -> 0x100a00 -> 0x8dcb00 -> 0x11fd90 -> 0x100a00 -> 0x8dcb00 -> 0x11fd90 -> 0x100a00 -> 0x8dcb00 -> 0x11fd90 -> 0x100a00 -> 0x8dcb00 -> 0x11fd90 -> 0x100a00 -> 0x8dcb00 -> 0x11fd90 -> 0x100a00 -> 0x8dcb00 -> 0x11fd90 -> 0x100a00 -> 0x8dcb00 -> 0x11fd90 -> 0x100a00 -> 0x8dcb00 -> 0x11fd90 -> 0x100a00 -> 0x8dcb00 -> 0x11fd90 -> 0x100a00 -> 0x8dcb00 -> 0x11fd90 -> 0x100a00 -> 0x8dcb00 -> 0x11fd90 -> 0x100a00 -> 0x8dcb00 -> 0x11fd90 -> 0x100a00 -> 0x8dcb00 -> 0x11fd90 -> 0x100a00 -> 0x8dcb00 -> 0x11fd90 -> 0x100a00 -> 0x8dcb00 -> 0x11fd90 -> 0x100a00 -> 0x8dcb00 -> 0x11fd90 -> 0x100a00 -> 0x8dcb00 -> 0x11fd90 -> 0x100a00 -> 0x8dcb00 -> 0x11fd90 -> 0x100a00 -> 0x8dcb00
[p4:inner-dispatch] pc=0x008dcb00 ra=0x008dcb00 sp=0x01ff7fb0 trace=0x8dcb00 -> 0x11fd90 -> 0x100a00 -> 0x8dcb00 -> 0x11fd90 -> 0x100a00 -> 0x8dcb00 -> 0x11fd90 -> 0x100a00 -> 0x8dcb00 -> 0x11fd90 -> 0x100a00 -> 0x8dcb00 -> 0x11fd90 -> 0x100a00 -> 0x8dcb00 -> 0x11fd90 -> 0x100a00 -> 0x8dcb00 -> 0x11fd90 -> 0x100a00 -> 0x8dcb00 -> 0x11fd90 -> 0x100a00 -> 0x8dcb00 -> 0x11fd90 -> 0x100a00 -> 0x8dcb00 -> 0x11fd90 -> 0x100a00 -> 0x8dcb00 -> 0x11fd90 -> 0x100a00 -> 0x8dcb00 -> 0x11fd90 -> 0x100a00 -> 0x8dcb00 -> 0x11fd90 -> 0x100a00 -> 0x8dcb00 -> 0x11fd90 -> 0x100a00 -> 0x8dcb00 -> 0x11fd90 -> 0x100a00 -> 0x8dcb00 -> 0x11fd90 -> 0x100a00 -> 0x8dcb00 -> 0x11fd90 -> 0x100a00 -> 0x8dcb00 -> 0x11fd90 -> 0x100a00 -> 0x8dcb00 -> 0x11fd90 -> 0x100a00 -> 0x8dcb00 -> 0x11fd90 -> 0x100a00 -> 0x8dcb00 -> 0x11fd90 -> 0x100a00 -> 0x8dcb00
[p4:inner-dispatch] pc=0x008dcb00 ra=0x008dcb00 sp=0x01ff7fb0 trace=0x8dcb00 -> 0x11fd90 -> 0x100a00 -> 0x8dcb00 -> 0x11fd90 -> 0x100a00 -> 0x8dcb00 -> 0x11fd90 -> 0x100a00 -> 0x8dcb00 -> 0x11fd90 -> 0x100a00 -> 0x8dcb00 -> 0x11fd90 -> 0x100a00 -> 0x8dcb00 -> 0x11fd90 -> 0x100a00 -> 0x8dcb00 -> 0x11fd90 -> 0x100a00 -> 0x8dcb00 -> 0x11fd90 -> 0x100a00 -> 0x8dcb00 -> 0x11fd90 -> 0x100a00 -> 0x8dcb00 -> 0x11fd90 -> 0x100a00 -> 0x8dcb00 -> 0x11fd90 -> 0x100a00 -> 0x8dcb00 -> 0x11fd90 -> 0x100a00 -> 0x8dcb00 -> 0x11fd90 -> 0x100a00 -> 0x8dcb00 -> 0x11fd90 -> 0x100a00 -> 0x8dcb00 -> 0x11fd90 -> 0x100a00 -> 0x8dcb00 -> 0x11fd90 -> 0x100a00 -> 0x8dcb00 -> 0x11fd90 -> 0x100a00 -> 0x8dcb00 -> 0x11fd90 -> 0x100a00 -> 0x8dcb00 -> 0x11fd90 -> 0x100a00 -> 0x8dcb00 -> 0x11fd90 -> 0x100a00 -> 0x8dcb00 -> 0x11fd90 -> 0x100a00 -> 0x8dcb00
[p4:inner-dispatch] pc=0x008dcb00 ra=0x008dcb00 sp=0x01ff7fb0 trace=0x8dcb00 -> 0x11fd90 -> 0x100a00 -> 0x8dcb00 -> 0x11fd90 -> 0x100a00 -> 0x8dcb00 -> 0x11fd90 -> 0x100a00 -> 0x8dcb00 -> 0x11fd90 -> 0x100a00 -> 0x8dcb00 -> 0x11fd90 -> 0x100a00 -> 0x8dcb00 -> 0x11fd90 -> 0x100a00 -> 0x8dcb00 -> 0x11fd90 -> 0x100a00 -> 0x8dcb00 -> 0x11fd90 -> 0x100a00 -> 0x8dcb00 -> 0x11fd90 -> 0x100a00 -> 0x8dcb00 -> 0x11fd90 -> 0x100a00 -> 0x8dcb00 -> 0x11fd90 -> 0x100a00 -> 0x8dcb00 -> 0x11fd90 -> 0x100a00 -> 0x8dcb00 -> 0x11fd90 -> 0x100a00 -> 0x8dcb00 -> 0x11fd90 -> 0x100a00 -> 0x8dcb00 -> 0x11fd90 -> 0x100a00 -> 0x8dcb00 -> 0x11fd90 -> 0x100a00 -> 0x8dcb00 -> 0x11fd90 -> 0x100a00 -> 0x8dcb00 -> 0x11fd90 -> 0x100a00 -> 0x8dcb00 -> 0x11fd90 -> 0x100a00 -> 0x8dcb00 -> 0x11fd90 -> 0x100a00 -> 0x8dcb00 -> 0x11fd90 -> 0x100a00 -> 0x8dcb00
[p4:inner-dispatch] pc=0x008dcb00 ra=0x008dcb00 sp=0x01ff7fb0 trace=0x8dcb00 -> 0x11fd90 -> 0x100a00 -> 0x8dcb00 -> 0x11fd90 -> 0x100a00 -> 0x8dcb00 -> 0x11fd90 -> 0x100a00 -> 0x8dcb00 -> 0x11fd90 -> 0x100a00 -> 0x8dcb00 -> 0x11fd90 -> 0x100a00 -> 0x8dcb00 -> 0x11fd90 -> 0x100a00 -> 0x8dcb00 -> 0x11fd90 -> 0x100a00 -> 0x8dcb00 -> 0x11fd90 -> 0x100a00 -> 0x8dcb00 -> 0x11fd90 -> 0x100a00 -> 0x8dcb00 -> 0x11fd90 -> 0x100a00 -> 0x8dcb00 -> 0x11fd90 -> 0x100a00 -> 0x8dcb00 -> 0x11fd90 -> 0x100a00 -> 0x8dcb00 -> 0x11fd90 -> 0x100a00 -> 0x8dcb00 -> 0x11fd90 -> 0x100a00 -> 0x8dcb00 -> 0x11fd90 -> 0x100a00 -> 0x8dcb00 -> 0x11fd90 -> 0x100a00 -> 0x8dcb00 -> 0x11fd90 -> 0x100a00 -> 0x8dcb00 -> 0x11fd90 -> 0x100a00 -> 0x8dcb00 -> 0x11fd90 -> 0x100a00 -> 0x8dcb00 -> 0x11fd90 -> 0x100a00 -> 0x8dcb00 -> 0x11fd90 -> 0x100a00 -> 0x8dcb00
[p4:vbl] ticks=2100
[p4:vbl] ticks=2400
[p4:vbl] ticks=2700
[p4:vbl] ticks=3000
[p4:vbl] ticks=3300
[p4:vbl] ticks=3600
[p4:vbl] ticks=3900
[p4:vbl] ticks=4200
[p4:vbl] ticks=4500
[p4:isig] sid=9
[p4:isig] sid=10
[p4:isig] sid=9
[p4:isig] sid=10
[p4:isig] sid=9
[p4:isig] sid=10
[p4:isig] sid=9
[p4:isig] sid=10
[p4:isig] sid=9
[p4:isig] sid=10
[p4:isig] sid=9
[p4:isig] sid=10
[p4:isig] sid=9
[p4:isig] sid=10
[p4:isig] sid=9
[p4:isig] sid=10
[p4:isig] sid=9
[p4:isig] sid=10
[p4:isig] sid=9
[p4:isig] sid=10
[p4:isig] sid=9
[p4:isig] sid=10
[p4:isig] sid=9
[p4:isig] sid=10
[p4:isig] sid=9
[p4:isig] sid=10
[p4:isig] sid=9
[p4:isig] sid=10
[p4:isig] sid=9
[p4:isig] sid=10
[p4:isig] sid=9
[p4:isig] sid=10
[p4:isig] sid=9
[p4:isig] sid=10
[p4:isig] sid=9
[p4:isig] sid=10
[p4:isig] sid=9
[p4:isig] sid=10
[p4:isig] sid=9
[p4:isig] sid=10
[p4:isig] sid=9
[p4:isig] sid=10
[p4:isig] sid=9
[p4:isig] sid=10
[p4:isig] sid=9
[p4:isig] sid=10
[p4:isig] sid=9
[p4:isig] sid=10
[p4:isig] sid=9
[p4:isig] sid=10
[p4:isig] sid=9
[p4:isig] sid=10
[p4:isig] sid=9
[p4:isig] sid=10
[p4:isig] sid=9
[p4:isig] sid=10
[p4:isig] sid=9
[p4:isig] sid=10
[p4:isig] sid=9
[p4:isig] sid=10
