# ---------------------------------------------------------------
# Trimmed for publication by tools/export_logs.py.
# Per-tag census of the ORIGINAL file (kept / total):
#   [p4:isig]                  120 / 202,004
#   [frame:upload]             120 /  97,012
#   [SignalSema]               120 /   4,545
#   [run:tick]                 120 /     842
#   [p4:vbl]                   120 /     337
#   [WaitSema:wake]            120 /     156
#   [gs:reg]                   120 /     128
#   (untagged)                  96 /      96
#   [gs:kick]                   96 /      96
#   [p4:malloc]                 64 /      64
#   [gs:copy-reg]               64 /      64
#   [gs:prim]                   64 /      64
#   [gs:gif]                    47 /      47
#   [p4:new2]                   41 /      41
#   [gzmfs]                     37 /      37
#   [p4:EndOfHeap]              36 /      36
#   [gs:copy-prim]              32 /      32
#   [sceSifSetDma:CALL]         23 /      23
#   [sceSifSetDma:DESC]         22 /      22
#   [p4:sm]                     20 /      20
#   [CreateSema]                17 /      17
#   [Deci2Call:kputs]           13 /      13
#   [SyscallOverride:fallback]      11 /      11
#   [p4:wake-pre]               11 /      11
#   [SifCallRpc]                10 /      10
#   [p4:alarm]                  10 /      10
#   [p4:hdl]                    10 /      10
#   [WaitSema:block]             7 /       7
#   [mc]                         6 /       6
#   [p4:rd1]                     4 /       4
#   [Deci2Call:send]             3 /       3
#   [p4:ld]                      3 /       3
#   [p4:alias]                   2 /       2
#   [EnableIntc]                 2 /       2
#   [IoPaths]                    1 /       1
#   [SetupHeap]                  1 /       1
#   [CreateThread]               1 /       1
#   [StartThread]                1 /       1
#   [gs:texa]                    1 /       1
#   [dispatch:pc-zero]           1 /       1
#   [p4:deathstack]              1 /       1
#   [p4:deathring]               1 /       1
# Nothing is silently removed; every elision is marked inline.
# ---------------------------------------------------------------

Using argv boot path
INFO: Initializing raylib 5.5
INFO: Platform backend: DESKTOP (GLFW)
INFO: Supported raylib modules:
INFO:     > rcore:..... loaded (mandatory)
INFO:     > rlgl:...... loaded (mandatory)
INFO:     > rshapes:... loaded (optional)
INFO:     > rtextures:. loaded (optional)
INFO:     > rtext:..... loaded (optional)
INFO:     > rmodels:... loaded (optional)
INFO:     > raudio:.... loaded (optional)
INFO: DISPLAY: Device initialized successfully
INFO:     > Display size: 2560 x 1080
INFO:     > Screen size:  640 x 448
INFO:     > Render size:  640 x 448
INFO:     > Viewport offsets: 0, 0
INFO: GLAD: OpenGL extensions loaded successfully
INFO: GL: Supported extensions count: 392
INFO: GL: OpenGL device information:
INFO:     > Vendor:   NVIDIA Corporation
INFO:     > Renderer: NVIDIA GeForce GTX 1050 Ti/PCIe/SSE2
INFO:     > Version:  3.3.0 NVIDIA 581.42
INFO:     > GLSL:     3.30 NVIDIA via Cg compiler
INFO: GL: VAO extension detected, VAO functions loaded successfully
INFO: GL: NPOT textures extension detected, full NPOT textures supported
INFO: GL: DXT compressed textures supported
INFO: GL: ETC2/EAC compressed textures supported
INFO: PLATFORM: DESKTOP (GLFW - Win32): Initialized successfully
INFO: TEXTURE: [ID 1] Texture loaded successfully (1x1 | R8G8B8A8 | 1 mipmaps)
INFO: TEXTURE: [ID 1] Default texture loaded successfully
INFO: SHADER: [ID 1] Vertex shader compiled successfully
INFO: SHADER: [ID 2] Fragment shader compiled successfully
INFO: SHADER: [ID 3] Program shader loaded successfully
INFO: SHADER: [ID 3] Default shader loaded successfully
INFO: RLGL: Render batch vertex buffers loaded successfully in RAM (CPU)
INFO: RLGL: Render batch vertex buffers loaded successfully in VRAM (GPU)
INFO: RLGL: Default OpenGL state initialized successfully
INFO: TEXTURE: [ID 2] Texture loaded successfully (128x128 | GRAY_ALPHA | 1 mipmaps)
INFO: FONT: Default font loaded successfully (224 glyphs)
INFO: SYSTEM: Working Directory: <path>
INFO: AUDIO: Device initialized successfully
INFO:     > Backend:       miniaudio | WASAPI
INFO:     > Format:        32-bit IEEE Floating Point -> 32-bit IEEE Floating Point
INFO:     > Channels:      2 -> 2
INFO:     > Sample rate:   48000 -> 48000
INFO:     > Periods size:  1440
INFO: TIMER: Target time per frame: 16.667 milliseconds
[IoPaths] cdImage = <path> segment: 0x100000 - 0xc29100 (filesz: 0x124880, memsz: 0xb29100)
Registered code region: 100000 - c29100[game_overrides] applying 'WoS SIF/CDVD HLE'[game_overrides] applied 1 matching override(s).ELF file loaded successfully. Entry point: 0x100008Starting execution at address 0x100008INFO: TEXTURE: [ID 3] Texture loaded successfully (640x512 | R8G8B8A8 | 1 mipmaps)
[SetupHeap] base=0xc29100 alignedBase=0xc29100 size=0xffffffff runtimeBase=0xc29100 runtimeEnd=0xc29100
[CreateSema] id=1 init=1 max=1[CreateSema] id=2 init=1 max=1[Syscall83:override] handler=0x117808 invoked=true pc=0x117844 ra=0x11787c a0=0x117808 a1=0x117808 a2=0x100000 a3=0x224b00 guestRet=0x8001218c builtinRet=0x0 guest-20c=0x80011f80 builtin-20c=0x0 guest-168=0x80012024 builtin-168=0x0 match=false
[SyscallOverride:fallback] syscall=0x5b handler=0x80076000 pc=0x10f9bc ra=0x10fa68
[SyscallOverride:fallback] syscall=0x5b handler=0x80076000 pc=0x10f9bc ra=0x10fa68
[SyscallOverride:fallback] syscall=0x5b handler=0x80076000 pc=0x10f9bc ra=0x10fa68
[SyscallOverride:fallback] syscall=0x5b handler=0x80076000 pc=0x10f9bc ra=0x10fa68
[SyscallOverride:fallback] syscall=0x5b handler=0x80076000 pc=0x10f9bc ra=0x10fa68
[SyscallOverride:fallback] syscall=0x5b handler=0x80076000 pc=0x10f9bc ra=0x10fa68
[CreateSema] id=3 init=0 max=255[CreateThread] id=2 entry=0x10faa0 stack=0x224e80 size=0x400 gp=0x22c0f0 prio=1
[SyscallOverride:fallback] syscall=0x5b handler=0x80075000 pc=0x116ffc ra=0x117098
[SyscallOverride:fallback] syscall=0x5b handler=0x80075000 pc=0x116ffc ra=0x117098[StartThread] id=2 entry=0x10faa0 sp=0x225280 gp=0x22c0f0 arg=0x225288

[SyscallOverride:fallback] syscall=0x5b handler=0x80075000 pc=0x116ffc ra=0x117098
[SyscallOverride:fallback] syscall=0x5b handler=0x80075000 pc=0x116ffc ra=0x117098
[SyscallOverride:fallback] syscall=0x5b handler=0x80075000 pc=0x116ffc ra=0x117098
[p4:malloc] size=0x072d4ef0 ra=0x00133618
[p4:EndOfHeap] ret=0x01f00000 brk=0x00c29100 a0=0x072d4f10 ra=0x0010f3b8
[p4:malloc] size=0x012d4ef0 ra=0x00133630
[p4:EndOfHeap] ret=0x01f00000 brk=0x00c29100 a0=0x012d4f10 ra=0x0010f3b8
[p4:EndOfHeap] ret=0x01f00000 brk=0x01efe010 a0=0x00000ff0 ra=0x0010f3b8
[p4:EndOfHeap] ret=0x01f00000 brk=0x01eff000 a0=0x00000000 ra=0x0010f3b8
[p4:EndOfHeap] ret=0x01f00000 brk=0x01eff000 a0=0xfed2b000 ra=0x0010f3b8
[WaitSema:wake] tid=1 sid=1 ret=1 count=0
[SignalSema] tid=1 sid=1 count=0->1 ret=1
[WaitSema:wake] tid=1 sid=1 ret=1 count=0
[SignalSema] tid=1 sid=1 count=0->1 ret=1
[WaitSema:wake] tid=1 sid=1 ret=1 count=0
[SignalSema] tid=1 sid=1 count=0->1 ret=1
[WaitSema:wake] tid=1 sid=1 ret=1 count=0
[SignalSema] tid=1 sid=1 count=0->1 ret=1
[WaitSema:wake] tid=1 sid=1 ret=1 count=0
[SignalSema] tid=1 sid=1 count=0->1 ret=1
[WaitSema:block] tid=2 sid=3 pc=0x10eca0 ra=0x10fae8
[WaitSema:wake] tid=1 sid=1 ret=1 count=0
[SignalSema] tid=1 sid=1 count=0->1 ret=1
[WaitSema:wake] tid=1 sid=1 ret=1 count=0
[SignalSema] tid=1 sid=1 count=0->1 ret=1
[WaitSema:wake] tid=1 sid=1 ret=1 count=0
[SignalSema] tid=1 sid=1 count=0->1 ret=1
[WaitSema:wake] tid=1 sid=1 ret=1 count=0
[SignalSema] tid=1 sid=1 count=0->1 ret=1
[WaitSema:wake] tid=1 sid=1 ret=1 count=0
[SignalSema] tid=1 sid=1 count=0->1 ret=1
[WaitSema:wake] tid=1 sid=1 ret=1 count=0
[SignalSema] tid=1 sid=1 count=0->1 ret=1
[WaitSema:wake] tid=1 sid=1 ret=1 count=0
[SignalSema] tid=1 sid=1 count=0->1 ret=1
[WaitSema:wake] tid=1 sid=1 ret=1 count=0
[SignalSema] tid=1 sid=1 count=0->1 ret=1
[Deci2Call:send] ......EH....InitHeap Done

[p4:alias] target=0x001548c0 owner=0x001548b0 (unexported inner call)
[p4:alias] target=0x001548c8 owner=0x001548b0 (unexported inner call)
[Deci2Call:kputs] CdVdInit----------
[Deci2Call:kputs]   DEV:[CD-ROM]
[Deci2Call:kputs]   PATH:[\]
[Deci2Call:kputs] IOP Replace:cdrom0:\IOP\MODULES\IOPRP243.IMG;1
[CreateSema] id=4 init=1 max=1[WaitSema:wake] tid=1 sid=4 ret=4 count=0
INFO: TEXTURE: [ID 4] Texture loaded successfully (512x128 | R8G8B8A8 | 1 mipmaps)
[CreateSema] id=5 init=1 max=1[CreateSema] id=6 init=1 max=1[WaitSema:wake] tid=1 sid=5 ret=5 count=0
[SignalSema] tid=1 sid=5 count=0->1 ret=5
[SifCallRpc] client=0x2288c0 sid=0x80000001 rpcNum=0xff mode=0x0 sendBuf=0x2275c0 recvBuf=0x228240 recvSize=0x4 size=4
[SignalSema] tid=1 sid=4 count=0->1 ret=4
[SIF module] load id=1 ref=1 path="cdrom0:\IOP\MODULES\SIO2MAN.IRX;1"
[Deci2Call:kputs] loading module [cdrom0:\IOP\MODULES\SIO2MAN.IRX;1]...done[1]
[SIF module] load id=2 ref=1 path="cdrom0:\IOP\MODULES\PADMAN.IRX;1"
[Deci2Call:kputs] loading module [cdrom0:\IOP\MODULES\PADMAN.IRX;1]...done[2]
[SIF module] load id=3 ref=1 path="cdrom0:\IOP\MODULES\MCMAN.IRX;1"
[Deci2Call:kputs] loading module [cdrom0:\IOP\MODULES\MCMAN.IRX;1]...done[3]
[SIF module] load id=4 ref=1 path="cdrom0:\IOP\MODULES\MCSERV.IRX;1"
[Deci2Call:kputs] loading module [cdrom0:\IOP\MODULES\MCSERV.IRX;1]...done[4]
[SIF module] load id=5 ref=1 path="cdrom0:\IOP\MODULES\LIBSD.IRX;1"
[Deci2Call:kputs] loading module [cdrom0:\IOP\MODULES\LIBSD.IRX;1]...done[5]
[SIF module] load id=6 ref=1 path="cdrom0:\IOP\MODULES\SDRDRV.IRX;1"
[Deci2Call:kputs] loading module [cdrom0:\IOP\MODULES\SDRDRV.IRX;1]...done[6]
[SIF module] load id=7 ref=1 path="cdrom0:\IOP\MODULES\GZMFS.IRX;1"
[Deci2Call:kputs] loading module [cdrom0:\IOP\MODULES\GZMFS.IRX;1]...done[7]
[p4:EndOfHeap] ret=0x01f00000 brk=0x00c2a000 a0=0x00005000 ra=0x0010f3b8
[p4:new2] size=0x00000040 ra=0x00100540
[p4:malloc] size=0x00000040 ra=0x001006bc
[p4:new2] size=0x00000018 ra=0x001b53e8
[p4:malloc] size=0x00000018 ra=0x001006bc
[p4:new2] size=0x00000018 ra=0x001b53e8
[p4:malloc] size=0x00000018 ra=0x001006bc
[p4:new2] size=0x00000070 ra=0x00100540
[p4:malloc] size=0x00000070 ra=0x001006bc
[SifCallRpc] client=0x22bd40 sid=0x80000701 rpcNum=0x8000 mode=0x0 sendBuf=0x22bd00 recvBuf=0x22bd00 recvSize=0x10 size=64
[SifCallRpc] client=0x22bd40 sid=0x80000701 rpcNum=0x8010 mode=0x0 sendBuf=0x22bd00 recvBuf=0x22bd00 recvSize=0x10 size=64
[SifCallRpc] client=0x22bd40 sid=0x80000701 rpcNum=0x8010 mode=0x0 sendBuf=0x22bd00 recvBuf=0x22bd00 recvSize=0x10 size=64
[SifCallRpc] client=0x22bd40 sid=0x80000701 rpcNum=0x8010 mode=0x0 sendBuf=0x22bd00 recvBuf=0x22bd00 recvSize=0x10 size=64
[SifCallRpc] client=0x22bd40 sid=0x80000701 rpcNum=0x8010 mode=0x0 sendBuf=0x22bd00 recvBuf=0x22bd00 recvSize=0x10 size=64
[SifCallRpc] client=0x22bd40 sid=0x80000701 rpcNum=0x8010 mode=0x0 sendBuf=0x22bd00 recvBuf=0x22bd00 recvSize=0x10 size=64
[SifCallRpc] client=0x22bd40 sid=0x80000701 rpcNum=0x8010 mode=0x0 sendBuf=0x22bd00 recvBuf=0x22bd00 recvSize=0x10 size=64
[SifCallRpc] client=0x22bd40 sid=0x80000701 rpcNum=0x8010 mode=0x0 sendBuf=0x22bd00 recvBuf=0x22bd00 recvSize=0x10 size=64
[SifCallRpc] client=0x22bd40 sid=0x80000701 rpcNum=0x8010 mode=0x0 sendBuf=0x22bd00 recvBuf=0x22bd00 recvSize=0x10 size=64
[CreateSema] id=7 init=0 max=1[WaitSema:wake] tid=1 sid=1 ret=1 count=0
[SignalSema] tid=1 sid=1 count=0->1 ret=1
[CreateThread] id=3 entry=0x1b4a80 stack=0xc296a0 size=0x4000 gp=0x22c0f0 prio=10
[WaitSema:wake] tid=1 sid=1 ret=1 count=0
[SignalSema] tid=1 sid=1 count=0->1 ret=1
[WaitSema:wake] tid=1 sid=1 ret=1 count=0
[SignalSema] tid=1 sid=1 count=0->1 ret=1
[WaitSema:wake] tid=1 sid=1 ret=1 count=0
[SignalSema] tid=1 sid=1 count=0->1 ret=1
[WaitSema:wake] tid=1 sid=1 ret=1 count=0
[SignalSema] tid=1 sid=1 count=0->1 ret=1
[StartThread] id=3 entry=0x1b4a80 sp=0xc2d6a0 gp=0x22c0f0 arg=0xc26e00
[EnableIntc] cause=3[WaitSema:block] tid=3 sid=7 pc=0x10eca0 ra=0x1b4a9c
[Deci2Call:kputs] Init File System Begin
[p4:new2] size=0x00000160 ra=0x001b5df4
[p4:malloc] size=0x00000160 ra=0x001006bc
[gzmfs] OPEN fd=0 '\VOLUME.DAT;1' -> '<path>' size=132314355
[p4:sm] poll n=1 obj=0x00c253e8 ra=0x001b5e54
[p4:EndOfHeap] ret=0x01f00000 brk=0x00c2f000 a0=0x00021000 ra=0x0010f3b8
[p4:rd1] FUN_001b5ca0 obj=0x00c253e8 dst=0x00c2d930 len=0x00020000 ra=0x0019a168
[p4:sm] poll n=2 obj=0x00c253e8 ra=0x001b5cfc
[gzmfs] READ fd=0 pos=0 len=131072 -> 131072 dst=0x00C2D930
[p4:alarm] n=1 id=1 handler=0x0011c570 arg=0x01ff7e48 *arg=8
[p4:hdl] 11c570 entry a2=0x01ff7e48
[p4:isig] sid=8
[p4:wake-pre] sid=8 consumed=1
[p4:sm] poll n=3 obj=0x00c253e8 ra=0x001b5d14
[p4:EndOfHeap] ret=0x01f00000 brk=0x00c50000 a0=0x00006000 ra=0x0010f3b8
[p4:EndOfHeap] ret=0x01f00000 brk=0x00c56000 a0=0x00006000 ra=0x0010f3b8
[WaitSema:wake] tid=1 sid=1 ret=1 count=0
[SignalSema] tid=1 sid=1 count=0->1 ret=1
[WaitSema:wake] tid=1 sid=1 ret=1 count=0
[SignalSema] tid=1 sid=1 count=0->1 ret=1
[CreateSema] id=8 init=0 max=1[SetAlarm] ticks=2 handler=0x11c570 arg=0x1ff7e48
[WaitSema:block] tid=1 sid=8 pc=0x10eca0 ra=0x11c530
[SignalSema] tid=1 sid=8 count=0->1 ret=8
[WaitSema:wake] tid=1 sid=8 ret=8 count=0
[WaitSema:wake] tid=1 sid=1 ret=1 count=0
[SignalSema] tid=1 sid=1 count=0->1 ret=1
[WaitSema:wake] tid=1 sid=1 ret=1 count=0
[SignalSema] tid=1 sid=1 count=0->1 ret=1
[WaitSema:wake] tid=1 sid=1 ret=1 count=0
[SignalSema] tid=1 sid=1 count=0->1 ret=1
[Deci2Call:kputs] Init File System Done
[p4:new2] size=0x00000520 ra=0x00152efc
[p4:malloc] size=0x00000520 ra=0x001006bc
[p4:new2] size=0x00000048 ra=0x0013a61c
[p4:malloc] size=0x00000048 ra=0x001006bc
[p4:new2] size=0x0000002c ra=0x0013a638
[p4:malloc] size=0x0000002c ra=0x001006bc
[p4:new2] size=0x00010000 ra=0x00100540
[p4:malloc] size=0x00010000 ra=0x001006bc
[p4:EndOfHeap] ret=0x01f00000 brk=0x00c5c000 a0=0x00011000 ra=0x0010f3b8
[p4:new2] size=0x00001400 ra=0x0013a654
[p4:malloc] size=0x00001400 ra=0x001006bc
[p4:new2] size=0x0000002c ra=0x0013a7cc
[p4:malloc] size=0x0000002c ra=0x001006bc
[WaitSema:wake] tid=1 sid=1 ret=1 count=0
[SignalSema] tid=1 sid=1 count=0->1 ret=1
PS2 GsPutIMR:  new=0x65280 a0_64=0x65280 a0_32=0x65280 a1_32=0x65536 pc=0x1109920 ra=0x1058620
PS2 GsSetCrt: interlaced=1, videoMode=2, frameMode=1
[WaitSema:wake] tid=1 sid=1 ret=1 count=0
[SignalSema] tid=1 sid=1 count=0->1 ret=1
[WaitSema:wake] tid=1 sid=1 ret=1 count=0
[SignalSema] tid=1 sid=1 count=0->1 ret=1
[WaitSema:wake] tid=1 sid=1 ret=1 count=0
[SignalSema] tid=1 sid=1 count=0->1 ret=1
[WaitSema:wake] tid=1 sid=1 ret=1 count=0
[SignalSema] tid=1 sid=1 count=0->1 ret=1
[WaitSema:wake] tid=1 sid=1 ret=1 count=0
[SignalSema] tid=1 sid=1 count=0->1 ret=1
[CreateSema] id=9 init=0 max=1[CreateSema] id=10 init=0 max=1[AddIntcHandler] cause=2 handler=0x13a450 arg=0x8000 gp=0x22c0f0 sp=0x1ff7f10 id=2
[p4:isig] sid=9
[p4:isig] sid=10
[EnableIntc] cause=2[gs:gif] idx=0 size=80 nloop=4 flg=0 nreg=1 ctx0fbp=0 ctx1fbp=0
[gs:reg] idx=0 reg=0x3b value=0x8000000080
[gs:texa] idx=0 value=0x8000000080 ta0=0x80 aem=0 ta1=0x80
[gs:reg] idx=1 reg=0x42 value=0x8000000044
[gs:gif] idx=1 size=32 nloop=1 flg=0 nreg=1 ctx0fbp=0 ctx1fbp=0
[gs:gif] idx=2 size=144 nloop=8 flg=0 nreg=1 ctx0fbp=0 ctx1fbp=0
[gs:reg] idx=2 reg=0x4c value=0x10a0000
[gs:reg] idx=3 reg=0x18 value=0x790000006c00
[gs:reg] idx=4 reg=0x40 value=0xdf0000027f0000
[gs:reg] idx=5 reg=0x47 value=0x5008b
[SignalSema] tid=-1 sid=9 count=0->1 ret=9
[SignalSema] tid=-1 sid=10 count=0->1 ret=10
[gs:gif] idx=3 size=32 nloop=1 flg=0 nreg=1 ctx0fbp=0 ctx1fbp=0
[gs:reg] idx=6 reg=0x47 value=0x30003
[gs:gif] idx=4 size=96 nloop=1 flg=1 nreg=2 ctx0fbp=0 ctx1fbp=0
[gs:reg] idx=7 reg=0x6 value=0x0
[gs:reg] idx=8 reg=0x0 value=0x146
[gs:copy-reg] reg=0x0 value=0x146 primCtxt=0 ctx0fbp=0 ctx1fbp=0
[gs:reg] idx=9 reg=0x3 value=0x0
[gs:reg] idx=10 reg=0x1 value=0x80000000
[gs:reg] idx=11 reg=0x5 value=0x79006c00
[gs:kick] idx=0 drawing=1 prim=6 vtxCount=1
[gs:reg] idx=12 reg=0x3 value=0x0
[gs:reg] idx=13 reg=0x1 value=0x80000000
[gs:reg] idx=14 reg=0x5 value=0x87009400
[gs:kick] idx=1 drawing=1 prim=6 vtxCount=2
[gs:prim] idx=0 type=6 tme=0 abe=1 fst=1 ctxt=0 fbp=0 fbw=10 psm=0x1 tex0=(tbp0=0 tbw=0 psm=0x0 tw=0 th=0 tcc=0 tfx=0 cbp=0 cpsm=0x0 csm=0 csa=0) texclut=(cbw=0 cou=0 cov=0) ofx=1728 ofy=1936 scissor=(0,0)-(639,223) test=0x30003 alpha=0x8000000044 v0=(1728,1936) uv0=(0,0) stq0=(0,0,1) v1=(2368,2160) uv1=(0,0) stq1=(0,0,1) v2=(0,0) uv2=(0,0) stq2=(0,0,0) rgba0=(0,0,0,128) rgba1=(0,0,0,128) rgba2=(0,0,0,0)
[p4:isig] sid=9
[p4:isig] sid=10
[gs:gif] idx=5 size=32 nloop=1 flg=0 nreg=1 ctx0fbp=0 ctx1fbp=0
[gs:reg] idx=15 reg=0x47 value=0x5008b
[gs:gif] idx=6 size=144 nloop=8 flg=0 nreg=1 ctx0fbp=0 ctx1fbp=0
[gs:reg] idx=16 reg=0x4c value=0x10a0046
[gs:reg] idx=17 reg=0x18 value=0x790800006c00
[gs:reg] idx=18 reg=0x40 value=0xdf0000027f0000
[gs:reg] idx=19 reg=0x47 value=0x5008b
[SignalSema] tid=-1 sid=9 count=0->1 ret=9
[SignalSema] tid=-1 sid=10 count=0->1 ret=10
[gs:gif] idx=7 size=32 nloop=1 flg=0 nreg=1 ctx0fbp=70 ctx1fbp=0
[gs:reg] idx=20 reg=0x47 value=0x30003
[gs:gif] idx=8 size=96 nloop=1 flg=1 nreg=2 ctx0fbp=70 ctx1fbp=0
[gs:reg] idx=21 reg=0x6 value=0x0
[gs:reg] idx=22 reg=0x0 value=0x146
[gs:copy-reg] reg=0x0 value=0x146 primCtxt=0 ctx0fbp=70 ctx1fbp=0
[gs:reg] idx=23 reg=0x3 value=0x1
[gs:reg] idx=24 reg=0x1 value=0x80000000
[gs:reg] idx=25 reg=0x5 value=0x79006c00
[gs:kick] idx=2 drawing=1 prim=6 vtxCount=1
[gs:reg] idx=26 reg=0x3 value=0x0
[gs:reg] idx=27 reg=0x1 value=0x80000000
[gs:reg] idx=28 reg=0x5 value=0x87009400
[gs:kick] idx=3 drawing=1 prim=6 vtxCount=2
[gs:prim] idx=1 type=6 tme=0 abe=1 fst=1 ctxt=0 fbp=70 fbw=10 psm=0x1 tex0=(tbp0=0 tbw=0 psm=0x0 tw=0 th=0 tcc=0 tfx=0 cbp=0 cpsm=0x0 csm=0 csa=0) texclut=(cbw=0 cou=0 cov=0) ofx=1728 ofy=1936 scissor=(0,0)-(639,223) test=0x30003 alpha=0x8000000044 v0=(1728,1936) uv0=(0,0) stq0=(0,0,1) v1=(2368,2160) uv1=(0,0) stq1=(0,0,1) v2=(0,0) uv2=(0,0) stq2=(0,0,0) rgba0=(0,0,0,128) rgba1=(0,0,0,128) rgba2=(0,0,0,0)
[p4:isig] sid=9
[p4:isig] sid=10
[gs:gif] idx=9 size=32 nloop=1 flg=0 nreg=1 ctx0fbp=70 ctx1fbp=0
[gs:reg] idx=29 reg=0x47 value=0x5008b
[gs:gif] idx=10 size=144 nloop=8 flg=0 nreg=1 ctx0fbp=70 ctx1fbp=0
[gs:reg] idx=30 reg=0x4c value=0x10a0000
[gs:reg] idx=31 reg=0x18 value=0x790800006c00
[gs:reg] idx=32 reg=0x40 value=0xdf0000027f0000
[gs:reg] idx=33 reg=0x47 value=0x5008b
[SignalSema] tid=-1 sid=9 count=0->1 ret=9
[SignalSema] tid=-1 sid=10 count=0->1 ret=10
[gs:gif] idx=11 size=32 nloop=1 flg=0 nreg=1 ctx0fbp=0 ctx1fbp=0
[gs:reg] idx=34 reg=0x47 value=0x30003
[gs:gif] idx=12 size=96 nloop=1 flg=1 nreg=2 ctx0fbp=0 ctx1fbp=0
[gs:reg] idx=35 reg=0x6 value=0x0
[gs:reg] idx=36 reg=0x0 value=0x146
[gs:copy-reg] reg=0x0 value=0x146 primCtxt=0 ctx0fbp=0 ctx1fbp=0
[gs:reg] idx=37 reg=0x3 value=0x2
[gs:reg] idx=38 reg=0x1 value=0x80000000
[gs:reg] idx=39 reg=0x5 value=0x79006c00
[gs:kick] idx=4 drawing=1 prim=6 vtxCount=1
[gs:reg] idx=40 reg=0x3 value=0x0
[gs:reg] idx=41 reg=0x1 value=0x80000000
[gs:reg] idx=42 reg=0x5 value=0x87009400
[gs:kick] idx=5 drawing=1 prim=6 vtxCount=2
[gs:prim] idx=2 type=6 tme=0 abe=1 fst=1 ctxt=0 fbp=0 fbw=10 psm=0x1 tex0=(tbp0=0 tbw=0 psm=0x0 tw=0 th=0 tcc=0 tfx=0 cbp=0 cpsm=0x0 csm=0 csa=0) texclut=(cbw=0 cou=0 cov=0) ofx=1728 ofy=1936 scissor=(0,0)-(639,223) test=0x30003 alpha=0x8000000044 v0=(1728,1936) uv0=(0,0) stq0=(0,0,1) v1=(2368,2160) uv1=(0,0) stq1=(0,0,1) v2=(0,0) uv2=(0,0) stq2=(0,0,0) rgba0=(0,0,0,128) rgba1=(0,0,0,128) rgba2=(0,0,0,0)
[p4:isig] sid=9
[p4:isig] sid=10
[gs:gif] idx=13 size=32 nloop=1 flg=0 nreg=1 ctx0fbp=0 ctx1fbp=0
[gs:reg] idx=43 reg=0x47 value=0x5008b
[gs:gif] idx=14 size=144 nloop=8 flg=0 nreg=1 ctx0fbp=0 ctx1fbp=0
[gs:reg] idx=44 reg=0x4c value=0x10a0046
[gs:reg] idx=45 reg=0x18 value=0x790800006c00
[gs:reg] idx=46 reg=0x40 value=0xdf0000027f0000
[gs:reg] idx=47 reg=0x47 value=0x5008b
[SignalSema] tid=-1 sid=9 count=0->1 ret=9
[SignalSema] tid=-1 sid=10 count=0->1 ret=10
[gs:gif] idx=15 size=32 nloop=1 flg=0 nreg=1 ctx0fbp=70 ctx1fbp=0
[gs:reg] idx=48 reg=0x47 value=0x30003
[gs:gif] idx=16 size=96 nloop=1 flg=1 nreg=2 ctx0fbp=70 ctx1fbp=0
[gs:reg] idx=49 reg=0x6 value=0x0
[gs:reg] idx=50 reg=0x0 value=0x146
[gs:copy-reg] reg=0x0 value=0x146 primCtxt=0 ctx0fbp=70 ctx1fbp=0
[gs:reg] idx=51 reg=0x3 value=0x3
[gs:reg] idx=52 reg=0x1 value=0x80000000
[gs:reg] idx=53 reg=0x5 value=0x79006c00
[gs:kick] idx=6 drawing=1 prim=6 vtxCount=1
[gs:reg] idx=54 reg=0x3 value=0x0
[gs:reg] idx=55 reg=0x1 value=0x80000000
[gs:reg] idx=56 reg=0x5 value=0x87009400
[gs:kick] idx=7 drawing=1 prim=6 vtxCount=2
[gs:prim] idx=3 type=6 tme=0 abe=1 fst=1 ctxt=0 fbp=70 fbw=10 psm=0x1 tex0=(tbp0=0 tbw=0 psm=0x0 tw=0 th=0 tcc=0 tfx=0 cbp=0 cpsm=0x0 csm=0 csa=0) texclut=(cbw=0 cou=0 cov=0) ofx=1728 ofy=1936 scissor=(0,0)-(639,223) test=0x30003 alpha=0x8000000044 v0=(1728,1936) uv0=(0,0) stq0=(0,0,1) v1=(2368,2160) uv1=(0,0) stq1=(0,0,1) v2=(0,0) uv2=(0,0) stq2=(0,0,0) rgba0=(0,0,0,128) rgba1=(0,0,0,128) rgba2=(0,0,0,0)
[p4:isig] sid=9
[p4:isig] sid=10
[gs:gif] idx=17 size=32 nloop=1 flg=0 nreg=1 ctx0fbp=70 ctx1fbp=0
[gs:reg] idx=57 reg=0x47 value=0x5008b
[gs:gif] idx=18 size=144 nloop=8 flg=0 nreg=1 ctx0fbp=70 ctx1fbp=0
[gs:reg] idx=58 reg=0x4c value=0x10a0000
[gs:reg] idx=59 reg=0x18 value=0x790800006c00
        ... [8 more [gs:reg] lines elided by export_logs.py] ...
[SignalSema] tid=-1 sid=9 count=0->1 ret=9
[SignalSema] tid=-1 sid=10 count=0->1 ret=10
[gs:gif] idx=19 size=32 nloop=1 flg=0 nreg=1 ctx0fbp=0 ctx1fbp=0
[gs:gif] idx=20 size=96 nloop=1 flg=1 nreg=2 ctx0fbp=0 ctx1fbp=0
[gs:copy-reg] reg=0x0 value=0x146 primCtxt=0 ctx0fbp=0 ctx1fbp=0
[gs:kick] idx=8 drawing=1 prim=6 vtxCount=1
[gs:reg] idx=68 reg=0x3 value=0x0
[gs:reg] idx=69 reg=0x1 value=0x80000000
[gs:reg] idx=70 reg=0x5 value=0x87009400
[gs:kick] idx=9 drawing=1 prim=6 vtxCount=2
[gs:prim] idx=4 type=6 tme=0 abe=1 fst=1 ctxt=0 fbp=0 fbw=10 psm=0x1 tex0=(tbp0=0 tbw=0 psm=0x0 tw=0 th=0 tcc=0 tfx=0 cbp=0 cpsm=0x0 csm=0 csa=0) texclut=(cbw=0 cou=0 cov=0) ofx=1728 ofy=1936 scissor=(0,0)-(639,223) test=0x30003 alpha=0x8000000044 v0=(1728,1936) uv0=(0,0) stq0=(0,0,1) v1=(2368,2160) uv1=(0,0) stq1=(0,0,1) v2=(0,0) uv2=(0,0) stq2=(0,0,0) rgba0=(0,0,0,128) rgba1=(0,0,0,128) rgba2=(0,0,0,0)
[gs:gif] idx=21 size=32 nloop=1 flg=0 nreg=1 ctx0fbp=0 ctx1fbp=0
[gs:reg] idx=71 reg=0x47 value=0x5008b
[gs:gif] idx=22 size=144 nloop=8 flg=0 nreg=1 ctx0fbp=0 ctx1fbp=0
[gs:reg] idx=72 reg=0x4c value=0x10a0046
[gs:reg] idx=73 reg=0x18 value=0x790800006c00
[gs:reg] idx=74 reg=0x40 value=0xdf0000027f0000
[gs:reg] idx=75 reg=0x47 value=0x5008b
[gs:gif] idx=23 size=32 nloop=1 flg=0 nreg=1 ctx0fbp=70 ctx1fbp=0
[gs:reg] idx=76 reg=0x47 value=0x30003
[gs:gif] idx=24 size=96 nloop=1 flg=1 nreg=2 ctx0fbp=70 ctx1fbp=0
[gs:reg] idx=77 reg=0x6 value=0x0
[gs:reg] idx=78 reg=0x0 value=0x146
[gs:copy-reg] reg=0x0 value=0x146 primCtxt=0 ctx0fbp=70 ctx1fbp=0
[gs:reg] idx=79 reg=0x3 value=0x5
[gs:reg] idx=80 reg=0x1 value=0x80000000
[gs:reg] idx=81 reg=0x5 value=0x79006c00
[gs:kick] idx=10 drawing=1 prim=6 vtxCount=1
[gs:reg] idx=82 reg=0x3 value=0x0
[gs:reg] idx=83 reg=0x1 value=0x80000000
[gs:reg] idx=84 reg=0x5 value=0x87009400
[gs:kick] idx=11 drawing=1 prim=6 vtxCount=2
[gs:prim] idx=5 type=6 tme=0 abe=1 fst=1 ctxt=0 fbp=70 fbw=10 psm=0x1 tex0=(tbp0=0 tbw=0 psm=0x0 tw=0 th=0 tcc=0 tfx=0 cbp=0 cpsm=0x0 csm=0 csa=0) texclut=(cbw=0 cou=0 cov=0) ofx=1728 ofy=1936 scissor=(0,0)-(639,223) test=0x30003 alpha=0x8000000044 v0=(1728,1936) uv0=(0,0) stq0=(0,0,1) v1=(2368,2160) uv1=(0,0) stq1=(0,0,1) v2=(0,0) uv2=(0,0) stq2=(0,0,0) rgba0=(0,0,0,128) rgba1=(0,0,0,128) rgba2=(0,0,0,0)
[p4:isig] sid=9
[p4:isig] sid=10
[p4:isig] sid=9
[p4:isig] sid=10
[gs:gif] idx=25 size=32 nloop=1 flg=0 nreg=1 ctx0fbp=70 ctx1fbp=0
[gs:reg] idx=85 reg=0x47 value=0x5008b
[SignalSema] tid=-1 sid=9 count=0->1 ret=9
[SignalSema] tid=-1 sid=10 count=0->1 ret=10
[gs:gif] idx=26 size=144 nloop=8 flg=0 nreg=1 ctx0fbp=70 ctx1fbp=0
[gs:reg] idx=86 reg=0x4c value=0x10a0000
[gs:reg] idx=87 reg=0x18 value=0x790800006c00
[gs:reg] idx=88 reg=0x40 value=0xdf0000027f0000
[gs:reg] idx=89 reg=0x47 value=0x5008b
[SignalSema] tid=-1 sid=9 count=0->1 ret=9
[SignalSema] tid=-1 sid=10 count=0->1 ret=10
[gs:gif] idx=27 size=32 nloop=1 flg=0 nreg=1 ctx0fbp=0 ctx1fbp=0
[gs:reg] idx=90 reg=0x47 value=0x30003
[gs:gif] idx=28 size=96 nloop=1 flg=1 nreg=2 ctx0fbp=0 ctx1fbp=0
[gs:reg] idx=91 reg=0x6 value=0x0
[gs:reg] idx=92 reg=0x0 value=0x146
[gs:copy-reg] reg=0x0 value=0x146 primCtxt=0 ctx0fbp=0 ctx1fbp=0
[gs:reg] idx=93 reg=0x3 value=0x6
[gs:reg] idx=94 reg=0x1 value=0x80000000
[gs:reg] idx=95 reg=0x5 value=0x79006c00
[gs:kick] idx=12 drawing=1 prim=6 vtxCount=1
[gs:reg] idx=96 reg=0x3 value=0x0
[gs:reg] idx=97 reg=0x1 value=0x80000000
[gs:reg] idx=98 reg=0x5 value=0x87009400
[gs:kick] idx=13 drawing=1 prim=6 vtxCount=2
[gs:prim] idx=6 type=6 tme=0 abe=1 fst=1 ctxt=0 fbp=0 fbw=10 psm=0x1 tex0=(tbp0=0 tbw=0 psm=0x0 tw=0 th=0 tcc=0 tfx=0 cbp=0 cpsm=0x0 csm=0 csa=0) texclut=(cbw=0 cou=0 cov=0) ofx=1728 ofy=1936 scissor=(0,0)-(639,223) test=0x30003 alpha=0x8000000044 v0=(1728,1936) uv0=(0,0) stq0=(0,0,1) v1=(2368,2160) uv1=(0,0) stq1=(0,0,1) v2=(0,0) uv2=(0,0) stq2=(0,0,0) rgba0=(0,0,0,128) rgba1=(0,0,0,128) rgba2=(0,0,0,0)
[p4:isig] sid=9
[p4:isig] sid=10
[p4:new2] size=0x0000002c ra=0x00149e80
[p4:malloc] size=0x0000002c ra=0x001006bc
[p4:ld] load obj=0x00c64e50 size=0x00000000 ra=0x00149ed4
[p4:new2] size=0x000200e0 ra=0x00100540
[p4:malloc] size=0x000200e0 ra=0x001006bc
[p4:EndOfHeap] ret=0x01f00000 brk=0x00c6d000 a0=0x00021000 ra=0x0010f3b8
[p4:rd1] FUN_001b5ca0 obj=0x00c253e8 dst=0x00c64e80 len=0x000200e0 ra=0x0019a1d4
[p4:sm] poll n=4 obj=0x00c253e8 ra=0x001b5cfc
[gzmfs] SEEK fd=0 off=49723392 whence=0 -> pos=49723392
[p4:alarm] n=2 id=2 handler=0x0011c570 arg=0x01ff7e18 *arg=11
[p4:hdl] 11c570 entry a2=0x01ff7e18
[p4:isig] sid=11
[p4:wake-pre] sid=11 consumed=1
[p4:sm] poll n=5 obj=0x00c253e8 ra=0x001b5d14
[p4:alarm] n=3 id=3 handler=0x0011c570 arg=0x01ff7e18 *arg=12
[p4:hdl] 11c570 entry a2=0x01ff7e18
[p4:isig] sid=12
[p4:wake-pre] sid=12 consumed=1
[p4:sm] poll n=6 obj=0x00c253e8 ra=0x001b5d14
[gzmfs] READ fd=0 pos=49723392 len=131296 -> 131296 dst=0x00C64E80
[p4:alarm] n=4 id=4 handler=0x0011c570 arg=0x01ff7e18 *arg=13
[p4:hdl] 11c570 entry a2=0x01ff7e18
[p4:isig] sid=13
[p4:wake-pre] sid=13 consumed=1
[p4:sm] poll n=7 obj=0x00c253e8 ra=0x001b5d14
[p4:new2] size=0x00000060 ra=0x00100540
[p4:malloc] size=0x00000060 ra=0x001006bc
[p4:new2] size=0x0000002c ra=0x00149f48
[p4:malloc] size=0x0000002c ra=0x001006bc
[p4:ld] load obj=0x00c64e50 size=0x00000000 ra=0x00149f9c
[p4:new2] size=0x00001a5c ra=0x00100540
[p4:malloc] size=0x00001a5c ra=0x001006bc
[p4:rd1] FUN_001b5ca0 obj=0x00c253e8 dst=0x00c2d930 len=0x00020000 ra=0x0019a168
[p4:sm] poll n=8 obj=0x00c253e8 ra=0x001b5cfc
[gzmfs] SEEK fd=0 off=49715200 whence=0 -> pos=49715200
[p4:alarm] n=5 id=5 handler=0x0011c570 arg=0x01ff7e18 *arg=14
[p4:hdl] 11c570 entry a2=0x01ff7e18
[p4:isig] sid=14
[p4:wake-pre] sid=14 consumed=1
[p4:sm] poll n=9 obj=0x00c253e8 ra=0x001b5d14
[p4:alarm] n=6 id=6 handler=0x0011c570 arg=0x01ff7e18 *arg=15
[p4:hdl] 11c570 entry a2=0x01ff7e18
[p4:isig] sid=15
[p4:wake-pre] sid=15 consumed=1
[p4:sm] poll n=10 obj=0x00c253e8 ra=0x001b5d14
[gzmfs] READ fd=0 pos=49715200 len=131072 -> 131072 dst=0x00C2D930
[p4:isig] sid=9
[p4:isig] sid=10
[p4:alarm] n=7 id=7 handler=0x0011c570 arg=0x01ff7e18 *arg=16
[p4:hdl] 11c570 entry a2=0x01ff7e18
[p4:isig] sid=16
[p4:wake-pre] sid=16 consumed=1
[p4:sm] poll n=11 obj=0x00c253e8 ra=0x001b5d14
[gs:gif] idx=29 size=32 nloop=1 flg=0 nreg=1 ctx0fbp=0 ctx1fbp=0
[gs:reg] idx=99 reg=0x47 value=0x5008b
[gs:gif] idx=30 size=144 nloop=8 flg=0 nreg=1 ctx0fbp=0 ctx1fbp=0
[gs:reg] idx=100 reg=0x4c value=0x10a0046
[gs:reg] idx=101 reg=0x18 value=0x790800006c00
[gs:reg] idx=102 reg=0x40 value=0xdf0000027f0000
[gs:reg] idx=103 reg=0x47 value=0x5008b
[SignalSema] tid=-1 sid=9 count=0->1 ret=9
[SignalSema] tid=-1 sid=10 count=0->1 ret=10
[WaitSema:wake] tid=1 sid=1 ret=1 count=0
[SignalSema] tid=1 sid=1 count=0->1 ret=1
[WaitSema:wake] tid=1 sid=1 ret=1 count=0
[SignalSema] tid=1 sid=1 count=0->1 ret=1
[CreateSema] id=11 init=0 max=1[SetAlarm] ticks=2 handler=0x11c570 arg=0x1ff7e18
[WaitSema:block] tid=1 sid=11 pc=0x10eca0 ra=0x11c530
[SignalSema] tid=1 sid=11 count=0->1 ret=11
[WaitSema:wake] tid=1 sid=11 ret=11 count=0
[CreateSema] id=12 init=0 max=1[SetAlarm] ticks=2 handler=0x11c570 arg=0x1ff7e18
[WaitSema:block] tid=1 sid=12 pc=0x10eca0 ra=0x11c530
[SignalSema] tid=1 sid=12 count=0->1 ret=12
[WaitSema:wake] tid=1 sid=12 ret=12 count=0
[CreateSema] id=13 init=0 max=1[SetAlarm] ticks=2 handler=0x11c570 arg=0x1ff7e18
[WaitSema:block] tid=1 sid=13 pc=0x10eca0 ra=0x11c530
[SignalSema] tid=1 sid=13 count=0->1 ret=13
[WaitSema:wake] tid=1 sid=13 ret=13 count=0
[WaitSema:wake] tid=1 sid=1 ret=1 count=0
[SignalSema] tid=1 sid=1 count=0->1 ret=1
[WaitSema:wake] tid=1 sid=1 ret=1 count=0
[SignalSema] tid=1 sid=1 count=0->1 ret=1
[WaitSema:wake] tid=1 sid=1 ret=1 count=0
[SignalSema] tid=1 sid=1 count=0->1 ret=1
[WaitSema:wake] tid=1 sid=1 ret=1 count=0
[SignalSema] tid=1 sid=1 count=0->1 ret=1
[WaitSema:wake] tid=1 sid=1 ret=1 count=0
[SignalSema] tid=1 sid=1 count=0->1 ret=1
[CreateSema] id=14 init=0 max=1[SetAlarm] ticks=2 handler=0x11c570 arg=0x1ff7e18
[WaitSema:block] tid=1 sid=14 pc=0x10eca0 ra=0x11c530
[SignalSema] tid=1 sid=14 count=0->1 ret=14
[WaitSema:wake] tid=1 sid=14 ret=14 count=0
[CreateSema] id=15 init=0 max=1[WaitSema:block] tid=1 sid=15 pc=0x10eca0 ra=0x11c530
[SignalSema] tid=1 sid=15 count=0->1 ret=15
[WaitSema:wake] tid=1 sid=15 ret=15 count=0
[CreateSema] id=16 init=0 max=1[WaitSema:block] tid=1 sid=16 pc=0x10eca0 ra=0x11c530
        ... [4,425 more [SignalSema] lines elided by export_logs.py] ...
[WaitSema:wake] tid=1 sid=16 ret=16 count=0
[WaitSema:wake] tid=1 sid=1 ret=1 count=0
[gs:gif] idx=31 size=32 nloop=1 flg=0 nreg=1 ctx0fbp=70 ctx1fbp=0
[gs:reg] idx=104 reg=0x47 value=0x30003
[gs:gif] idx=32 size=96 nloop=1 flg=1 nreg=2 ctx0fbp=70 ctx1fbp=0
[gs:reg] idx=105 reg=0x6 value=0x0
[gs:reg] idx=106 reg=0x0 value=0x146
[gs:copy-reg] reg=0x0 value=0x146 primCtxt=0 ctx0fbp=70 ctx1fbp=0
[gs:reg] idx=107 reg=0x3 value=0x7
[gs:reg] idx=108 reg=0x1 value=0x80000000
[gs:reg] idx=109 reg=0x5 value=0x79006c00
[gs:kick] idx=14 drawing=1 prim=6 vtxCount=1
[gs:reg] idx=110 reg=0x3 value=0x0
[gs:reg] idx=111 reg=0x1 value=0x80000000
[gs:reg] idx=112 reg=0x5 value=0x87009400
[gs:kick] idx=15 drawing=1 prim=6 vtxCount=2
[gs:prim] idx=7 type=6 tme=0 abe=1 fst=1 ctxt=0 fbp=70 fbw=10 psm=0x1 tex0=(tbp0=0 tbw=0 psm=0x0 tw=0 th=0 tcc=0 tfx=0 cbp=0 cpsm=0x0 csm=0 csa=0) texclut=(cbw=0 cou=0 cov=0) ofx=1728 ofy=1936 scissor=(0,0)-(639,223) test=0x30003 alpha=0x8000000044 v0=(1728,1936) uv0=(0,0) stq0=(0,0,1) v1=(2368,2160) uv1=(0,0) stq1=(0,0,1) v2=(0,0) uv2=(0,0) stq2=(0,0,0) rgba0=(0,0,0,128) rgba1=(0,0,0,128) rgba2=(0,0,0,0)
[p4:new2] size=0x00014700 ra=0x00100540
[p4:malloc] size=0x00014700 ra=0x001006bc
[p4:new2] size=0x00000030 ra=0x0014b994
[p4:malloc] size=0x00000030 ra=0x001006bc
[p4:new2] size=0x000002c0 ra=0x001e2548
[p4:malloc] size=0x000002c0 ra=0x001006bc
[mc] Init enter
[mc] Init exit
[mc] Sync idle -> -1
[mc] GetInfo port=0 slot=0 type=2 free=8192 fmt=1 result=0 fmtPtr=0x00C79820
[mc] GetInfo port=0 slot=0 type=2 free=8192 fmt=1 result=0 fmtPtr=0x00C79820
[p4:isig] sid=9
[p4:isig] sid=10
[gs:gif] idx=33 size=32 nloop=1 flg=0 nreg=1 ctx0fbp=70 ctx1fbp=0
[gs:reg] idx=113 reg=0x47 value=0x5008b
[gs:gif] idx=34 size=80 nloop=4 flg=0 nreg=1 ctx0fbp=70 ctx1fbp=0
[gs:reg] idx=114 reg=0x50 value=0x2c08000000000000
[gs:reg] idx=115 reg=0x51 value=0x0
[gs:reg] idx=116 reg=0x52 value=0x20000000200
[gs:reg] idx=117 reg=0x53 value=0x0
[gs:gif] idx=35 size=16 nloop=8192 flg=2 nreg=16 ctx0fbp=70 ctx1fbp=0
[gs:gif] idx=36 size=131088 nloop=8192 flg=2 nreg=16 ctx0fbp=70 ctx1fbp=0
[gs:gif] idx=37 size=80 nloop=4 flg=0 nreg=1 ctx0fbp=70 ctx1fbp=0
[gs:reg] idx=118 reg=0x50 value=0x3b4000000000
[gs:reg] idx=119 reg=0x51 value=0x0
[gs:reg] idx=120 reg=0x52 value=0x200000008
[gs:reg] idx=121 reg=0x53 value=0x0
[gs:gif] idx=38 size=16 nloop=4 flg=2 nreg=16 ctx0fbp=70 ctx1fbp=0
[gs:gif] idx=39 size=80 nloop=4 flg=2 nreg=16 ctx0fbp=70 ctx1fbp=0
[gs:gif] idx=40 size=80 nloop=4 flg=0 nreg=1 ctx0fbp=70 ctx1fbp=0
[gs:reg] idx=122 reg=0x50 value=0x3b4100000000
[gs:reg] idx=123 reg=0x51 value=0x0
[gs:reg] idx=124 reg=0x52 value=0x200000008
[gs:reg] idx=125 reg=0x53 value=0x0
[gs:gif] idx=41 size=16 nloop=4 flg=2 nreg=16 ctx0fbp=70 ctx1fbp=0
[gs:gif] idx=42 size=80 nloop=4 flg=2 nreg=16 ctx0fbp=70 ctx1fbp=0
[gs:gif] idx=43 size=80 nloop=4 flg=0 nreg=1 ctx0fbp=70 ctx1fbp=0
[gs:reg] idx=126 reg=0x50 value=0x2400000000000000
[gs:reg] idx=127 reg=0x51 value=0x0
[gs:gif] idx=44 size=80 nloop=4 flg=0 nreg=1 ctx0fbp=70 ctx1fbp=0
[gs:gif] idx=45 size=16 nloop=4 flg=2 nreg=16 ctx0fbp=70 ctx1fbp=0
[gs:gif] idx=46 size=80 nloop=4 flg=2 nreg=16 ctx0fbp=70 ctx1fbp=0
[gs:gif] idx=47 size=80 nloop=4 flg=0 nreg=1 ctx0fbp=70 ctx1fbp=0
[WaitSema:wake] tid=1 sid=1 ret=1 count=0
[WaitSema:wake] tid=1 sid=1 ret=1 count=0
[WaitSema:wake] tid=1 sid=1 ret=1 count=0
[WaitSema:wake] tid=1 sid=1 ret=1 count=0
[gs:copy-reg] reg=0x0 value=0x146 primCtxt=0 ctx0fbp=0 ctx1fbp=0
[gs:kick] idx=16 drawing=1 prim=6 vtxCount=1
[gs:kick] idx=17 drawing=1 prim=6 vtxCount=2
[gs:prim] idx=8 type=6 tme=0 abe=1 fst=1 ctxt=0 fbp=0 fbw=10 psm=0x1 tex0=(tbp0=0 tbw=0 psm=0x0 tw=0 th=0 tcc=0 tfx=0 cbp=0 cpsm=0x0 csm=0 csa=0) texclut=(cbw=0 cou=0 cov=0) ofx=1728 ofy=1936 scissor=(0,0)-(639,223) test=0x30003 alpha=0x8000000044 v0=(1728,1936) uv0=(0,0) stq0=(0,0,1) v1=(2368,2160) uv1=(0,0) stq1=(0,0,1) v2=(0,0) uv2=(0,0) stq2=(0,0,0) rgba0=(0,0,0,128) rgba1=(0,0,0,128) rgba2=(0,0,0,0)
[mc] GetDir port=0 slot=0 path='/BASLUS-20407/BASLUS-20407' maxent=8 table=0x00C795E0 result=-4 entries=0
[frame:upload] idx=0 tick=11 displayFbp=70 sourceFbp=70 size=640x448 preferred=0
[gs:copy-reg] reg=0x0 value=0x146 primCtxt=0 ctx0fbp=70 ctx1fbp=0
[gs:kick] idx=18 drawing=1 prim=6 vtxCount=1
[gs:kick] idx=19 drawing=1 prim=6 vtxCount=2
[gs:prim] idx=9 type=6 tme=0 abe=1 fst=1 ctxt=0 fbp=70 fbw=10 psm=0x1 tex0=(tbp0=0 tbw=0 psm=0x0 tw=0 th=0 tcc=0 tfx=0 cbp=0 cpsm=0x0 csm=0 csa=0) texclut=(cbw=0 cou=0 cov=0) ofx=1728 ofy=1936 scissor=(0,0)-(639,223) test=0x30003 alpha=0x8000000044 v0=(1728,1936) uv0=(176,8) stq0=(0,0,1) v1=(2368,2160) uv1=(0,0) stq1=(0,0,1) v2=(0,0) uv2=(0,0) stq2=(0,0,0) rgba0=(0,0,0,128) rgba1=(0,0,0,128) rgba2=(0,0,0,0)
[p4:isig] sid=9
[p4:isig] sid=10
[frame:upload] idx=1 tick=12 displayFbp=0 sourceFbp=0 size=640x448 preferred=0
[WaitSema:wake] tid=1 sid=1 ret=1 count=0
[WaitSema:wake] tid=1 sid=1 ret=1 count=0
[WaitSema:wake] tid=1 sid=1 ret=1 count=0
[gs:copy-reg] reg=0x0 value=0x146 primCtxt=0 ctx0fbp=0 ctx1fbp=0
[gs:kick] idx=20 drawing=1 prim=6 vtxCount=1
[gs:kick] idx=21 drawing=1 prim=6 vtxCount=2
[gs:prim] idx=10 type=6 tme=0 abe=1 fst=1 ctxt=0 fbp=0 fbw=10 psm=0x1 tex0=(tbp0=0 tbw=0 psm=0x0 tw=0 th=0 tcc=0 tfx=0 cbp=0 cpsm=0x0 csm=0 csa=0) texclut=(cbw=0 cou=0 cov=0) ofx=1728 ofy=1936 scissor=(0,0)-(639,223) test=0x30003 alpha=0x8000000044 v0=(1728,1936) uv0=(0,0) stq0=(0,0,1) v1=(2368,2160) uv1=(0,0) stq1=(0,0,1) v2=(0,0) uv2=(0,0) stq2=(0,0,0) rgba0=(0,0,0,128) rgba1=(0,0,0,128) rgba2=(0,0,0,0)
[p4:isig] sid=9
[p4:isig] sid=10
[frame:upload] idx=2 tick=13 displayFbp=70 sourceFbp=70 size=640x448 preferred=0
[gs:copy-reg] reg=0x0 value=0x146 primCtxt=0 ctx0fbp=70 ctx1fbp=0
[gs:kick] idx=22 drawing=1 prim=6 vtxCount=1
[gs:kick] idx=23 drawing=1 prim=6 vtxCount=2
[gs:prim] idx=11 type=6 tme=0 abe=1 fst=1 ctxt=0 fbp=70 fbw=10 psm=0x1 tex0=(tbp0=0 tbw=0 psm=0x0 tw=0 th=0 tcc=0 tfx=0 cbp=0 cpsm=0x0 csm=0 csa=0) texclut=(cbw=0 cou=0 cov=0) ofx=1728 ofy=1936 scissor=(0,0)-(639,223) test=0x30003 alpha=0x8000000044 v0=(1728,1936) uv0=(342,12) stq0=(0,0,1) v1=(2368,2160) uv1=(0,0) stq1=(0,0,1) v2=(0,0) uv2=(0,0) stq2=(0,0,0) rgba0=(0,0,0,128) rgba1=(0,0,0,128) rgba2=(0,0,0,0)
[p4:isig] sid=9
[p4:isig] sid=10
[p4:isig] sid=9
[p4:isig] sid=10
[gs:copy-reg] reg=0x0 value=0x146 primCtxt=0 ctx0fbp=0 ctx1fbp=0
[gs:kick] idx=24 drawing=1 prim=6 vtxCount=1
[gs:kick] idx=25 drawing=1 prim=6 vtxCount=2
[gs:prim] idx=12 type=6 tme=0 abe=1 fst=1 ctxt=0 fbp=0 fbw=10 psm=0x1 tex0=(tbp0=0 tbw=0 psm=0x0 tw=0 th=0 tcc=0 tfx=0 cbp=0 cpsm=0x0 csm=0 csa=0) texclut=(cbw=0 cou=0 cov=0) ofx=1728 ofy=1936 scissor=(0,0)-(639,223) test=0x30003 alpha=0x8000000044 v0=(1728,1936) uv0=(342,12) stq0=(0,0,1) v1=(2368,2160) uv1=(0,0) stq1=(0,0,1) v2=(0,0) uv2=(0,0) stq2=(0,0,0) rgba0=(0,0,0,128) rgba1=(0,0,0,128) rgba2=(0,0,0,0)
[gs:copy-reg] reg=0x0 value=0x146 primCtxt=0 ctx0fbp=70 ctx1fbp=0
[gs:kick] idx=26 drawing=1 prim=6 vtxCount=1
[gs:kick] idx=27 drawing=1 prim=6 vtxCount=2
[gs:prim] idx=13 type=6 tme=0 abe=1 fst=1 ctxt=0 fbp=70 fbw=10 psm=0x1 tex0=(tbp0=0 tbw=0 psm=0x0 tw=0 th=0 tcc=0 tfx=0 cbp=0 cpsm=0x0 csm=0 csa=0) texclut=(cbw=0 cou=0 cov=0) ofx=1728 ofy=1936 scissor=(0,0)-(639,223) test=0x30003 alpha=0x8000000044 v0=(1728,1936) uv0=(342,12) stq0=(0,0,1) v1=(2368,2160) uv1=(0,0) stq1=(0,0,1) v2=(0,0) uv2=(0,0) stq2=(0,0,0) rgba0=(0,0,0,128) rgba1=(0,0,0,128) rgba2=(0,0,0,0)
[p4:isig] sid=9
[p4:isig] sid=10
[p4:isig] sid=9
[p4:isig] sid=10
[gs:copy-reg] reg=0x0 value=0x146 primCtxt=0 ctx0fbp=0 ctx1fbp=0
[gs:kick] idx=28 drawing=1 prim=6 vtxCount=1
[gs:kick] idx=29 drawing=1 prim=6 vtxCount=2
[gs:prim] idx=14 type=6 tme=0 abe=1 fst=1 ctxt=0 fbp=0 fbw=10 psm=0x1 tex0=(tbp0=0 tbw=0 psm=0x0 tw=0 th=0 tcc=0 tfx=0 cbp=0 cpsm=0x0 csm=0 csa=0) texclut=(cbw=0 cou=0 cov=0) ofx=1728 ofy=1936 scissor=(0,0)-(639,223) test=0x30003 alpha=0x8000000044 v0=(1728,1936) uv0=(342,12) stq0=(0,0,1) v1=(2368,2160) uv1=(0,0) stq1=(0,0,1) v2=(0,0) uv2=(0,0) stq2=(0,0,0) rgba0=(0,0,0,128) rgba1=(0,0,0,128) rgba2=(0,0,0,0)
[p4:isig] sid=9
[p4:isig] sid=10
[gs:copy-reg] reg=0x0 value=0x146 primCtxt=0 ctx0fbp=70 ctx1fbp=0
[gs:kick] idx=30 drawing=1 prim=6 vtxCount=1
[gs:kick] idx=31 drawing=1 prim=6 vtxCount=2
[gs:prim] idx=15 type=6 tme=0 abe=1 fst=1 ctxt=0 fbp=70 fbw=10 psm=0x1 tex0=(tbp0=0 tbw=0 psm=0x0 tw=0 th=0 tcc=0 tfx=0 cbp=0 cpsm=0x0 csm=0 csa=0) texclut=(cbw=0 cou=0 cov=0) ofx=1728 ofy=1936 scissor=(0,0)-(639,223) test=0x30003 alpha=0x8000000044 v0=(1728,1936) uv0=(342,12) stq0=(0,0,1) v1=(2368,2160) uv1=(0,0) stq1=(0,0,1) v2=(0,0) uv2=(0,0) stq2=(0,0,0) rgba0=(0,0,0,128) rgba1=(0,0,0,128) rgba2=(0,0,0,0)
[p4:isig] sid=9
[p4:isig] sid=10
[gs:copy-reg] reg=0x0 value=0x146 primCtxt=0 ctx0fbp=0 ctx1fbp=0
[gs:kick] idx=32 drawing=1 prim=6 vtxCount=1
[gs:kick] idx=33 drawing=1 prim=6 vtxCount=2
[gs:prim] idx=16 type=6 tme=0 abe=1 fst=1 ctxt=0 fbp=0 fbw=10 psm=0x1 tex0=(tbp0=0 tbw=0 psm=0x0 tw=0 th=0 tcc=0 tfx=0 cbp=0 cpsm=0x0 csm=0 csa=0) texclut=(cbw=0 cou=0 cov=0) ofx=1728 ofy=1936 scissor=(0,0)-(639,223) test=0x30003 alpha=0x8000000044 v0=(1728,1936) uv0=(342,12) stq0=(0,0,1) v1=(2368,2160) uv1=(0,0) stq1=(0,0,1) v2=(0,0) uv2=(0,0) stq2=(0,0,0) rgba0=(0,0,0,128) rgba1=(0,0,0,128) rgba2=(0,0,0,0)
[gs:copy-reg] reg=0x0 value=0x146 primCtxt=0 ctx0fbp=70 ctx1fbp=0
[gs:kick] idx=34 drawing=1 prim=6 vtxCount=1
[gs:kick] idx=35 drawing=1 prim=6 vtxCount=2
[gs:prim] idx=17 type=6 tme=0 abe=1 fst=1 ctxt=0 fbp=70 fbw=10 psm=0x1 tex0=(tbp0=0 tbw=0 psm=0x0 tw=0 th=0 tcc=0 tfx=0 cbp=0 cpsm=0x0 csm=0 csa=0) texclut=(cbw=0 cou=0 cov=0) ofx=1728 ofy=1936 scissor=(0,0)-(639,223) test=0x30003 alpha=0x8000000044 v0=(1728,1936) uv0=(342,12) stq0=(0,0,1) v1=(2368,2160) uv1=(0,0) stq1=(0,0,1) v2=(0,0) uv2=(0,0) stq2=(0,0,0) rgba0=(0,0,0,128) rgba1=(0,0,0,128) rgba2=(0,0,0,0)
[p4:isig] sid=9
[p4:isig] sid=10
[p4:new2] size=0x0000002c ra=0x0014a3c4
[p4:malloc] size=0x0000002c ra=0x001006bc
[p4:ld] load obj=0x00c64e50 size=0x00000000 ra=0x0014a418
[p4:new2] size=0x00020430 ra=0x00100540
[p4:malloc] size=0x00020430 ra=0x001006bc
[p4:EndOfHeap] ret=0x01f00000 brk=0x00c8e000 a0=0x00021000 ra=0x0010f3b8
[p4:rd1] FUN_001b5ca0 obj=0x00c253e8 dst=0x00c86a40 len=0x00020430 ra=0x0019a1d4
[p4:sm] poll n=12 obj=0x00c253e8 ra=0x001b5cfc
[gzmfs] SEEK fd=0 off=90687488 whence=0 -> pos=90687488
[p4:alarm] n=8 id=8 handler=0x0011c570 arg=0x01ff7da8 *arg=17
[p4:hdl] 11c570 entry a2=0x01ff7da8
[p4:isig] sid=17
[p4:wake-pre] sid=17 consumed=1
[p4:sm] poll n=13 obj=0x00c253e8 ra=0x001b5d14
[p4:isig] sid=9
[p4:isig] sid=10
[p4:alarm] n=9 id=9 handler=0x0011c570 arg=0x01ff7da8 *arg=18
[p4:hdl] 11c570 entry a2=0x01ff7da8
[p4:isig] sid=18
[p4:wake-pre] sid=18 consumed=1
[p4:sm] poll n=14 obj=0x00c253e8 ra=0x001b5d14
[gzmfs] READ fd=0 pos=90687488 len=132144 -> 132144 dst=0x00C86A40
[p4:alarm] n=10 id=10 handler=0x0011c570 arg=0x01ff7da8 *arg=19
[p4:hdl] 11c570 entry a2=0x01ff7da8
[p4:isig] sid=19
[p4:wake-pre] sid=19 consumed=1
[p4:sm] poll n=15 obj=0x00c253e8 ra=0x001b5d14
[WaitSema:wake] tid=1 sid=1 ret=1 count=0
[WaitSema:wake] tid=1 sid=1 ret=1 count=0
[CreateSema] id=17 init=0 max=1[WaitSema:block] tid=1 sid=17 pc=0x10eca0 ra=0x11c530
[WaitSema:wake] tid=1 sid=17 ret=17 count=0
[CreateSema] id=18 init=0 max=1[WaitSema:block] tid=1 sid=18 pc=0x10eca0 ra=0x11c530
[WaitSema:wake] tid=1 sid=18 ret=18 count=0
[CreateSema] id=19 init=0 max=1[WaitSema:block] tid=1 sid=19 pc=0x10eca0 ra=0x11c530
[WaitSema:wake] tid=1 sid=19 ret=19 count=0
[WaitSema:wake] tid=1 sid=1 ret=1 count=0
[gs:copy-reg] reg=0x0 value=0x146 primCtxt=0 ctx0fbp=0 ctx1fbp=0
[gs:kick] idx=36 drawing=1 prim=6 vtxCount=1
[gs:kick] idx=37 drawing=1 prim=6 vtxCount=2
[gs:prim] idx=18 type=6 tme=0 abe=1 fst=1 ctxt=0 fbp=0 fbw=10 psm=0x1 tex0=(tbp0=0 tbw=0 psm=0x0 tw=0 th=0 tcc=0 tfx=0 cbp=0 cpsm=0x0 csm=0 csa=0) texclut=(cbw=0 cou=0 cov=0) ofx=1728 ofy=1936 scissor=(0,0)-(639,223) test=0x30003 alpha=0x8000000044 v0=(1728,1936) uv0=(342,12) stq0=(0,0,1) v1=(2368,2160) uv1=(0,0) stq1=(0,0,1) v2=(0,0) uv2=(0,0) stq2=(0,0,0) rgba0=(0,0,0,128) rgba1=(0,0,0,128) rgba2=(0,0,0,0)
[p4:isig] sid=9
[p4:isig] sid=10
[p4:malloc] size=0x00011ee0 ra=0x0014a818
[p4:isig] sid=9
[p4:isig] sid=10
[p4:sm] poll n=16 obj=0x00c253e8 ra=0x0014a8f0
[gzmfs] SEEK fd=0 off=131764224 whence=0 -> pos=131764224
[WaitSema:wake] tid=1 sid=1 ret=1 count=0
[WaitSema:wake] tid=1 sid=1 ret=1 count=0
[gs:copy-reg] reg=0x0 value=0x146 primCtxt=0 ctx0fbp=70 ctx1fbp=0
[gs:kick] idx=38 drawing=1 prim=6 vtxCount=1
[gs:kick] idx=39 drawing=1 prim=6 vtxCount=2
[gs:prim] idx=19 type=6 tme=0 abe=1 fst=1 ctxt=0 fbp=70 fbw=10 psm=0x1 tex0=(tbp0=0 tbw=0 psm=0x0 tw=0 th=0 tcc=0 tfx=0 cbp=0 cpsm=0x0 csm=0 csa=0) texclut=(cbw=0 cou=0 cov=0) ofx=1728 ofy=1936 scissor=(0,0)-(639,223) test=0x30003 alpha=0x8000000044 v0=(1728,1936) uv0=(676,12) stq0=(0,0,1) v1=(2368,2160) uv1=(0,0) stq1=(0,0,1) v2=(0,0) uv2=(0,0) stq2=(0,0,0) rgba0=(0,0,0,128) rgba1=(0,0,0,128) rgba2=(0,0,0,0)
[gs:copy-reg] reg=0x0 value=0x156 primCtxt=0 ctx0fbp=70 ctx1fbp=0
[gs:kick] idx=40 drawing=1 prim=6 vtxCount=1
[gs:kick] idx=41 drawing=1 prim=6 vtxCount=2
[gs:prim] idx=20 type=6 tme=1 abe=1 fst=1 ctxt=0 fbp=70 fbw=10 psm=0x1 tex0=(tbp0=6720 tbw=8 psm=0x13 tw=9 th=8 tcc=1 tfx=0 cbp=15172 cpsm=0x0 csm=0 csa=0) texclut=(cbw=0 cou=0 cov=0) ofx=1728 ofy=1936 scissor=(0,0)-(639,223) test=0x5008b alpha=0x8000000044 v0=(1808,1984) uv0=(0,0) stq0=(0,0,1) v1=(2288,2112) uv1=(480,256) stq1=(0,0,1) v2=(0,0) uv2=(0,0) stq2=(0,0,0) rgba0=(0,0,0,128) rgba1=(0,0,0,128) rgba2=(0,0,0,0)
[p4:isig] sid=9
[p4:isig] sid=10
[p4:sm] poll n=17 obj=0x00c253e8 ra=0x0014a8f0
[gs:copy-reg] reg=0x0 value=0x146 primCtxt=0 ctx0fbp=0 ctx1fbp=0
[gs:kick] idx=42 drawing=1 prim=6 vtxCount=1
[gs:kick] idx=43 drawing=1 prim=6 vtxCount=2
[gs:prim] idx=21 type=6 tme=0 abe=1 fst=1 ctxt=0 fbp=0 fbw=10 psm=0x1 tex0=(tbp0=0 tbw=0 psm=0x0 tw=0 th=0 tcc=0 tfx=0 cbp=0 cpsm=0x0 csm=0 csa=0) texclut=(cbw=0 cou=0 cov=0) ofx=1728 ofy=1936 scissor=(0,0)-(639,223) test=0x30003 alpha=0x8000000044 v0=(1728,1936) uv0=(676,12) stq0=(0,0,1) v1=(2368,2160) uv1=(0,0) stq1=(0,0,1) v2=(0,0) uv2=(0,0) stq2=(0,0,0) rgba0=(0,0,0,128) rgba1=(0,0,0,128) rgba2=(0,0,0,0)
[gs:copy-reg] reg=0x0 value=0x156 primCtxt=0 ctx0fbp=0 ctx1fbp=0
[gs:kick] idx=44 drawing=1 prim=6 vtxCount=1
[gs:kick] idx=45 drawing=1 prim=6 vtxCount=2
[gs:prim] idx=22 type=6 tme=1 abe=1 fst=1 ctxt=0 fbp=0 fbw=10 psm=0x1 tex0=(tbp0=6720 tbw=8 psm=0x13 tw=9 th=8 tcc=1 tfx=0 cbp=15172 cpsm=0x0 csm=0 csa=0) texclut=(cbw=0 cou=0 cov=0) ofx=1728 ofy=1936 scissor=(0,0)-(639,223) test=0x5008b alpha=0x8000000044 v0=(1808,1984) uv0=(0,0) stq0=(0,0,1) v1=(2288,2112) uv1=(480,256) stq1=(0,0,1) v2=(0,0) uv2=(0,0) stq2=(0,0,0) rgba0=(4,4,4,128) rgba1=(4,4,4,128) rgba2=(0,0,0,0)
[p4:isig] sid=9
[p4:isig] sid=10
[p4:sm] poll n=18 obj=0x00c253e8 ra=0x0014a8f0
[gzmfs] READ fd=0 pos=131764224 len=73440 -> 73440 dst=0x00C64E50
[gs:copy-reg] reg=0x0 value=0x146 primCtxt=0 ctx0fbp=70 ctx1fbp=0
[gs:kick] idx=46 drawing=1 prim=6 vtxCount=1
[gs:kick] idx=47 drawing=1 prim=6 vtxCount=2
[gs:prim] idx=23 type=6 tme=0 abe=1 fst=1 ctxt=0 fbp=70 fbw=10 psm=0x1 tex0=(tbp0=0 tbw=0 psm=0x0 tw=0 th=0 tcc=0 tfx=0 cbp=0 cpsm=0x0 csm=0 csa=0) texclut=(cbw=0 cou=0 cov=0) ofx=1728 ofy=1936 scissor=(0,0)-(639,223) test=0x30003 alpha=0x8000000044 v0=(1728,1936) uv0=(676,12) stq0=(0,0,1) v1=(2368,2160) uv1=(0,0) stq1=(0,0,1) v2=(0,0) uv2=(0,0) stq2=(0,0,0) rgba0=(0,0,0,128) rgba1=(0,0,0,128) rgba2=(0,0,0,0)
[gs:copy-reg] reg=0x0 value=0x156 primCtxt=0 ctx0fbp=70 ctx1fbp=0
[gs:kick] idx=48 drawing=1 prim=6 vtxCount=1
[gs:kick] idx=49 drawing=1 prim=6 vtxCount=2
[gs:prim] idx=24 type=6 tme=1 abe=1 fst=1 ctxt=0 fbp=70 fbw=10 psm=0x1 tex0=(tbp0=6720 tbw=8 psm=0x13 tw=9 th=8 tcc=1 tfx=0 cbp=15172 cpsm=0x0 csm=0 csa=0) texclut=(cbw=0 cou=0 cov=0) ofx=1728 ofy=1936 scissor=(0,0)-(639,223) test=0x5008b alpha=0x8000000044 v0=(1808,1984) uv0=(0,0) stq0=(0,0,1) v1=(2288,2112) uv1=(480,256) stq1=(0,0,1) v2=(0,0) uv2=(0,0) stq2=(0,0,0) rgba0=(8,8,8,128) rgba1=(8,8,8,128) rgba2=(0,0,0,0)
[p4:isig] sid=9
[p4:isig] sid=10
[p4:sm] poll n=19 obj=0x00c253e8 ra=0x0014a8f0
[gs:copy-reg] reg=0x0 value=0x146 primCtxt=0 ctx0fbp=0 ctx1fbp=0
[gs:kick] idx=50 drawing=1 prim=6 vtxCount=1
[gs:kick] idx=51 drawing=1 prim=6 vtxCount=2
[gs:prim] idx=25 type=6 tme=0 abe=1 fst=1 ctxt=0 fbp=0 fbw=10 psm=0x1 tex0=(tbp0=0 tbw=0 psm=0x0 tw=0 th=0 tcc=0 tfx=0 cbp=0 cpsm=0x0 csm=0 csa=0) texclut=(cbw=0 cou=0 cov=0) ofx=1728 ofy=1936 scissor=(0,0)-(639,223) test=0x30003 alpha=0x8000000044 v0=(1728,1936) uv0=(676,12) stq0=(0,0,1) v1=(2368,2160) uv1=(0,0) stq1=(0,0,1) v2=(0,0) uv2=(0,0) stq2=(0,0,0) rgba0=(0,0,0,128) rgba1=(0,0,0,128) rgba2=(0,0,0,0)
[gs:copy-reg] reg=0x0 value=0x156 primCtxt=0 ctx0fbp=0 ctx1fbp=0
[gs:kick] idx=52 drawing=1 prim=6 vtxCount=1
[gs:kick] idx=53 drawing=1 prim=6 vtxCount=2
[gs:prim] idx=26 type=6 tme=1 abe=1 fst=1 ctxt=0 fbp=0 fbw=10 psm=0x1 tex0=(tbp0=6720 tbw=8 psm=0x13 tw=9 th=8 tcc=1 tfx=0 cbp=15172 cpsm=0x0 csm=0 csa=0) texclut=(cbw=0 cou=0 cov=0) ofx=1728 ofy=1936 scissor=(0,0)-(639,223) test=0x5008b alpha=0x8000000044 v0=(1808,1984) uv0=(0,0) stq0=(0,0,1) v1=(2288,2112) uv1=(480,256) stq1=(0,0,1) v2=(0,0) uv2=(0,0) stq2=(0,0,0) rgba0=(12,12,12,128) rgba1=(12,12,12,128) rgba2=(0,0,0,0)
        ... [201,884 more [p4:isig] lines elided by export_logs.py] ...
[p4:malloc] size=0x00000140 ra=0x0014a8a4
[WaitSema:wake] tid=1 sid=1 ret=1 count=0
[gs:copy-reg] reg=0x0 value=0x146 primCtxt=0 ctx0fbp=70 ctx1fbp=0
[gs:kick] idx=54 drawing=1 prim=6 vtxCount=1
[gs:kick] idx=55 drawing=1 prim=6 vtxCount=2
[gs:prim] idx=27 type=6 tme=0 abe=1 fst=1 ctxt=0 fbp=70 fbw=10 psm=0x1 tex0=(tbp0=0 tbw=0 psm=0x0 tw=0 th=0 tcc=0 tfx=0 cbp=0 cpsm=0x0 csm=0 csa=0) texclut=(cbw=0 cou=0 cov=0) ofx=1728 ofy=1936 scissor=(0,0)-(639,223) test=0x30003 alpha=0x8000000044 v0=(1728,1936) uv0=(676,12) stq0=(0,0,1) v1=(2368,2160) uv1=(0,0) stq1=(0,0,1) v2=(0,0) uv2=(0,0) stq2=(0,0,0) rgba0=(0,0,0,128) rgba1=(0,0,0,128) rgba2=(0,0,0,0)
[gs:copy-reg] reg=0x0 value=0x156 primCtxt=0 ctx0fbp=70 ctx1fbp=0
[gs:kick] idx=56 drawing=1 prim=6 vtxCount=1
[gs:kick] idx=57 drawing=1 prim=6 vtxCount=2
[gs:prim] idx=28 type=6 tme=1 abe=1 fst=1 ctxt=0 fbp=70 fbw=10 psm=0x1 tex0=(tbp0=6720 tbw=8 psm=0x13 tw=9 th=8 tcc=1 tfx=0 cbp=15172 cpsm=0x0 csm=0 csa=0) texclut=(cbw=0 cou=0 cov=0) ofx=1728 ofy=1936 scissor=(0,0)-(639,223) test=0x5008b alpha=0x8000000044 v0=(1808,1984) uv0=(0,0) stq0=(0,0,1) v1=(2288,2112) uv1=(480,256) stq1=(0,0,1) v2=(0,0) uv2=(0,0) stq2=(0,0,0) rgba0=(16,16,16,128) rgba1=(16,16,16,128) rgba2=(0,0,0,0)
[p4:sm] poll n=20 obj=0x00c253e8 ra=0x0014a8f0
[gzmfs] SEEK fd=0 off=131837952 whence=0 -> pos=131837952
[gs:copy-reg] reg=0x0 value=0x146 primCtxt=0 ctx0fbp=0 ctx1fbp=0
[gs:kick] idx=58 drawing=1 prim=6 vtxCount=1
[gs:kick] idx=59 drawing=1 prim=6 vtxCount=2
[gs:prim] idx=29 type=6 tme=0 abe=1 fst=1 ctxt=0 fbp=0 fbw=10 psm=0x1 tex0=(tbp0=0 tbw=0 psm=0x0 tw=0 th=0 tcc=0 tfx=0 cbp=0 cpsm=0x0 csm=0 csa=0) texclut=(cbw=0 cou=0 cov=0) ofx=1728 ofy=1936 scissor=(0,0)-(639,223) test=0x30003 alpha=0x8000000044 v0=(1728,1936) uv0=(676,12) stq0=(0,0,1) v1=(2368,2160) uv1=(0,0) stq1=(0,0,1) v2=(0,0) uv2=(0,0) stq2=(0,0,0) rgba0=(0,0,0,128) rgba1=(0,0,0,128) rgba2=(0,0,0,0)
[gs:copy-reg] reg=0x0 value=0x156 primCtxt=0 ctx0fbp=0 ctx1fbp=0
[gs:kick] idx=60 drawing=1 prim=6 vtxCount=1
[gs:kick] idx=61 drawing=1 prim=6 vtxCount=2
[gs:prim] idx=30 type=6 tme=1 abe=1 fst=1 ctxt=0 fbp=0 fbw=10 psm=0x1 tex0=(tbp0=6720 tbw=8 psm=0x13 tw=9 th=8 tcc=1 tfx=0 cbp=15172 cpsm=0x0 csm=0 csa=0) texclut=(cbw=0 cou=0 cov=0) ofx=1728 ofy=1936 scissor=(0,0)-(639,223) test=0x5008b alpha=0x8000000044 v0=(1808,1984) uv0=(0,0) stq0=(0,0,1) v1=(2288,2112) uv1=(480,256) stq1=(0,0,1) v2=(0,0) uv2=(0,0) stq2=(0,0,0) rgba0=(20,20,20,128) rgba1=(20,20,20,128) rgba2=(0,0,0,0)
[gs:copy-reg] reg=0x0 value=0x146 primCtxt=0 ctx0fbp=70 ctx1fbp=0
[gs:kick] idx=62 drawing=1 prim=6 vtxCount=1
[gs:kick] idx=63 drawing=1 prim=6 vtxCount=2
[gs:prim] idx=31 type=6 tme=0 abe=1 fst=1 ctxt=0 fbp=70 fbw=10 psm=0x1 tex0=(tbp0=0 tbw=0 psm=0x0 tw=0 th=0 tcc=0 tfx=0 cbp=0 cpsm=0x0 csm=0 csa=0) texclut=(cbw=0 cou=0 cov=0) ofx=1728 ofy=1936 scissor=(0,0)-(639,223) test=0x30003 alpha=0x8000000044 v0=(1728,1936) uv0=(676,12) stq0=(0,0,1) v1=(2368,2160) uv1=(0,0) stq1=(0,0,1) v2=(0,0) uv2=(0,0) stq2=(0,0,0) rgba0=(0,0,0,128) rgba1=(0,0,0,128) rgba2=(0,0,0,0)
[gs:copy-reg] reg=0x0 value=0x156 primCtxt=0 ctx0fbp=70 ctx1fbp=0
[gs:kick] idx=64 drawing=1 prim=6 vtxCount=1
[gs:kick] idx=65 drawing=1 prim=6 vtxCount=2
[gs:prim] idx=32 type=6 tme=1 abe=1 fst=1 ctxt=0 fbp=70 fbw=10 psm=0x1 tex0=(tbp0=6720 tbw=8 psm=0x13 tw=9 th=8 tcc=1 tfx=0 cbp=15172 cpsm=0x0 csm=0 csa=0) texclut=(cbw=0 cou=0 cov=0) ofx=1728 ofy=1936 scissor=(0,0)-(639,223) test=0x5008b alpha=0x8000000044 v0=(1808,1984) uv0=(0,0) stq0=(0,0,1) v1=(2288,2112) uv1=(480,256) stq1=(0,0,1) v2=(0,0) uv2=(0,0) stq2=(0,0,0) rgba0=(24,24,24,128) rgba1=(24,24,24,128) rgba2=(0,0,0,0)
[gzmfs] READ fd=0 pos=131837952 len=320 -> 320 dst=0x00C76D40
[gs:copy-reg] reg=0x0 value=0x146 primCtxt=0 ctx0fbp=0 ctx1fbp=0
[gs:kick] idx=66 drawing=1 prim=6 vtxCount=1
[gs:kick] idx=67 drawing=1 prim=6 vtxCount=2
[gs:prim] idx=33 type=6 tme=0 abe=1 fst=1 ctxt=0 fbp=0 fbw=10 psm=0x1 tex0=(tbp0=0 tbw=0 psm=0x0 tw=0 th=0 tcc=0 tfx=0 cbp=0 cpsm=0x0 csm=0 csa=0) texclut=(cbw=0 cou=0 cov=0) ofx=1728 ofy=1936 scissor=(0,0)-(639,223) test=0x30003 alpha=0x8000000044 v0=(1728,1936) uv0=(676,12) stq0=(0,0,1) v1=(2368,2160) uv1=(0,0) stq1=(0,0,1) v2=(0,0) uv2=(0,0) stq2=(0,0,0) rgba0=(0,0,0,128) rgba1=(0,0,0,128) rgba2=(0,0,0,0)
[gs:copy-reg] reg=0x0 value=0x156 primCtxt=0 ctx0fbp=0 ctx1fbp=0
[gs:kick] idx=68 drawing=1 prim=6 vtxCount=1
[gs:kick] idx=69 drawing=1 prim=6 vtxCount=2
[gs:prim] idx=34 type=6 tme=1 abe=1 fst=1 ctxt=0 fbp=0 fbw=10 psm=0x1 tex0=(tbp0=6720 tbw=8 psm=0x13 tw=9 th=8 tcc=1 tfx=0 cbp=15172 cpsm=0x0 csm=0 csa=0) texclut=(cbw=0 cou=0 cov=0) ofx=1728 ofy=1936 scissor=(0,0)-(639,223) test=0x5008b alpha=0x8000000044 v0=(1808,1984) uv0=(0,0) stq0=(0,0,1) v1=(2288,2112) uv1=(480,256) stq1=(0,0,1) v2=(0,0) uv2=(0,0) stq2=(0,0,0) rgba0=(28,28,28,128) rgba1=(28,28,28,128) rgba2=(0,0,0,0)
[p4:new2] size=0x00000048 ra=0x0014a924
[p4:malloc] size=0x00000048 ra=0x001006bc
[p4:new2] size=0x00000b8c ra=0x0015f594
[p4:malloc] size=0x00000b8c ra=0x001006bc
[p4:new2] size=0x00000060 ra=0x00100540
[p4:malloc] size=0x00000060 ra=0x001006bc
[WaitSema:wake] tid=1 sid=1 ret=1 count=0
        ... [36 more [WaitSema:wake] lines elided by export_logs.py] ...
[gs:copy-reg] reg=0x0 value=0x146 primCtxt=0 ctx0fbp=70 ctx1fbp=0
[gs:kick] idx=70 drawing=1 prim=6 vtxCount=1
[gs:kick] idx=71 drawing=1 prim=6 vtxCount=2
[gs:prim] idx=35 type=6 tme=0 abe=1 fst=1 ctxt=0 fbp=70 fbw=10 psm=0x1 tex0=(tbp0=0 tbw=0 psm=0x0 tw=0 th=0 tcc=0 tfx=0 cbp=0 cpsm=0x0 csm=0 csa=0) texclut=(cbw=0 cou=0 cov=0) ofx=1728 ofy=1936 scissor=(0,0)-(639,223) test=0x30003 alpha=0x8000000044 v0=(1728,1936) uv0=(676,12) stq0=(0,0,1) v1=(2368,2160) uv1=(0,0) stq1=(0,0,1) v2=(0,0) uv2=(0,0) stq2=(0,0,0) rgba0=(0,0,0,128) rgba1=(0,0,0,128) rgba2=(0,0,0,0)
[gs:copy-reg] reg=0x0 value=0x156 primCtxt=0 ctx0fbp=70 ctx1fbp=0
[gs:kick] idx=72 drawing=1 prim=6 vtxCount=1
[gs:kick] idx=73 drawing=1 prim=6 vtxCount=2
[gs:prim] idx=36 type=6 tme=1 abe=1 fst=1 ctxt=0 fbp=70 fbw=10 psm=0x1 tex0=(tbp0=6720 tbw=8 psm=0x13 tw=9 th=8 tcc=1 tfx=0 cbp=15172 cpsm=0x0 csm=0 csa=0) texclut=(cbw=0 cou=0 cov=0) ofx=1728 ofy=1936 scissor=(0,0)-(639,223) test=0x5008b alpha=0x8000000044 v0=(1808,1984) uv0=(0,0) stq0=(0,0,1) v1=(2288,2112) uv1=(480,256) stq1=(0,0,1) v2=(0,0) uv2=(0,0) stq2=(0,0,0) rgba0=(32,32,32,128) rgba1=(32,32,32,128) rgba2=(0,0,0,0)
[p4:new2] size=0x00000140 ra=0x00100540
[p4:malloc] size=0x00000140 ra=0x001006bc
[gs:copy-reg] reg=0x0 value=0x146 primCtxt=0 ctx0fbp=0 ctx1fbp=0
[gs:kick] idx=74 drawing=1 prim=6 vtxCount=1
[gs:kick] idx=75 drawing=1 prim=6 vtxCount=2
[gs:prim] idx=37 type=6 tme=0 abe=1 fst=1 ctxt=0 fbp=0 fbw=10 psm=0x1 tex0=(tbp0=0 tbw=0 psm=0x0 tw=0 th=0 tcc=0 tfx=0 cbp=0 cpsm=0x0 csm=0 csa=0) texclut=(cbw=0 cou=0 cov=0) ofx=1728 ofy=1936 scissor=(0,0)-(639,223) test=0x30003 alpha=0x8000000044 v0=(1728,1936) uv0=(676,12) stq0=(0,0,1) v1=(2368,2160) uv1=(0,0) stq1=(0,0,1) v2=(0,0) uv2=(0,0) stq2=(0,0,0) rgba0=(0,0,0,128) rgba1=(0,0,0,128) rgba2=(0,0,0,0)
[gs:copy-reg] reg=0x0 value=0x156 primCtxt=0 ctx0fbp=0 ctx1fbp=0
[gs:kick] idx=76 drawing=1 prim=6 vtxCount=1
[gs:kick] idx=77 drawing=1 prim=6 vtxCount=2
[gs:prim] idx=38 type=6 tme=1 abe=1 fst=1 ctxt=0 fbp=0 fbw=10 psm=0x1 tex0=(tbp0=6720 tbw=8 psm=0x13 tw=9 th=8 tcc=1 tfx=0 cbp=15172 cpsm=0x0 csm=0 csa=0) texclut=(cbw=0 cou=0 cov=0) ofx=1728 ofy=1936 scissor=(0,0)-(639,223) test=0x5008b alpha=0x8000000044 v0=(1808,1984) uv0=(0,0) stq0=(0,0,1) v1=(2288,2112) uv1=(480,256) stq1=(0,0,1) v2=(0,0) uv2=(0,0) stq2=(0,0,0) rgba0=(36,36,36,128) rgba1=(36,36,36,128) rgba2=(0,0,0,0)
[gs:copy-reg] reg=0x0 value=0x146 primCtxt=0 ctx0fbp=70 ctx1fbp=0
[gs:kick] idx=78 drawing=1 prim=6 vtxCount=1
[gs:kick] idx=79 drawing=1 prim=6 vtxCount=2
[gs:prim] idx=39 type=6 tme=0 abe=1 fst=1 ctxt=0 fbp=70 fbw=10 psm=0x1 tex0=(tbp0=0 tbw=0 psm=0x0 tw=0 th=0 tcc=0 tfx=0 cbp=0 cpsm=0x0 csm=0 csa=0) texclut=(cbw=0 cou=0 cov=0) ofx=1728 ofy=1936 scissor=(0,0)-(639,223) test=0x30003 alpha=0x8000000044 v0=(1728,1936) uv0=(676,12) stq0=(0,0,1) v1=(2368,2160) uv1=(0,0) stq1=(0,0,1) v2=(0,0) uv2=(0,0) stq2=(0,0,0) rgba0=(0,0,0,128) rgba1=(0,0,0,128) rgba2=(0,0,0,0)
[gs:copy-reg] reg=0x0 value=0x156 primCtxt=0 ctx0fbp=70 ctx1fbp=0
[gs:kick] idx=80 drawing=1 prim=6 vtxCount=1
[gs:kick] idx=81 drawing=1 prim=6 vtxCount=2
[gs:prim] idx=40 type=6 tme=1 abe=1 fst=1 ctxt=0 fbp=70 fbw=10 psm=0x1 tex0=(tbp0=6720 tbw=8 psm=0x13 tw=9 th=8 tcc=1 tfx=0 cbp=15172 cpsm=0x0 csm=0 csa=0) texclut=(cbw=0 cou=0 cov=0) ofx=1728 ofy=1936 scissor=(0,0)-(639,223) test=0x5008b alpha=0x8000000044 v0=(1808,1984) uv0=(0,0) stq0=(0,0,1) v1=(2288,2112) uv1=(480,256) stq1=(0,0,1) v2=(0,0) uv2=(0,0) stq2=(0,0,0) rgba0=(40,40,40,128) rgba1=(40,40,40,128) rgba2=(0,0,0,0)
[gs:copy-reg] reg=0x0 value=0x146 primCtxt=0 ctx0fbp=0 ctx1fbp=0
[gs:kick] idx=82 drawing=1 prim=6 vtxCount=1
[gs:kick] idx=83 drawing=1 prim=6 vtxCount=2
[gs:prim] idx=41 type=6 tme=0 abe=1 fst=1 ctxt=0 fbp=0 fbw=10 psm=0x1 tex0=(tbp0=0 tbw=0 psm=0x0 tw=0 th=0 tcc=0 tfx=0 cbp=0 cpsm=0x0 csm=0 csa=0) texclut=(cbw=0 cou=0 cov=0) ofx=1728 ofy=1936 scissor=(0,0)-(639,223) test=0x30003 alpha=0x8000000044 v0=(1728,1936) uv0=(676,12) stq0=(0,0,1) v1=(2368,2160) uv1=(0,0) stq1=(0,0,1) v2=(0,0) uv2=(0,0) stq2=(0,0,0) rgba0=(0,0,0,128) rgba1=(0,0,0,128) rgba2=(0,0,0,0)
[gs:copy-reg] reg=0x0 value=0x156 primCtxt=0 ctx0fbp=0 ctx1fbp=0
[gs:kick] idx=84 drawing=1 prim=6 vtxCount=1
[gs:kick] idx=85 drawing=1 prim=6 vtxCount=2
[gs:prim] idx=42 type=6 tme=1 abe=1 fst=1 ctxt=0 fbp=0 fbw=10 psm=0x1 tex0=(tbp0=6720 tbw=8 psm=0x13 tw=9 th=8 tcc=1 tfx=0 cbp=15172 cpsm=0x0 csm=0 csa=0) texclut=(cbw=0 cou=0 cov=0) ofx=1728 ofy=1936 scissor=(0,0)-(639,223) test=0x5008b alpha=0x8000000044 v0=(1808,1984) uv0=(0,0) stq0=(0,0,1) v1=(2288,2112) uv1=(480,256) stq1=(0,0,1) v2=(0,0) uv2=(0,0) stq2=(0,0,0) rgba0=(44,44,44,128) rgba1=(44,44,44,128) rgba2=(0,0,0,0)
[gs:copy-reg] reg=0x0 value=0x146 primCtxt=0 ctx0fbp=70 ctx1fbp=0
[gs:kick] idx=86 drawing=1 prim=6 vtxCount=1
[gs:kick] idx=87 drawing=1 prim=6 vtxCount=2
[gs:prim] idx=43 type=6 tme=0 abe=1 fst=1 ctxt=0 fbp=70 fbw=10 psm=0x1 tex0=(tbp0=0 tbw=0 psm=0x0 tw=0 th=0 tcc=0 tfx=0 cbp=0 cpsm=0x0 csm=0 csa=0) texclut=(cbw=0 cou=0 cov=0) ofx=1728 ofy=1936 scissor=(0,0)-(639,223) test=0x30003 alpha=0x8000000044 v0=(1728,1936) uv0=(676,12) stq0=(0,0,1) v1=(2368,2160) uv1=(0,0) stq1=(0,0,1) v2=(0,0) uv2=(0,0) stq2=(0,0,0) rgba0=(0,0,0,128) rgba1=(0,0,0,128) rgba2=(0,0,0,0)
[gs:copy-reg] reg=0x0 value=0x156 primCtxt=0 ctx0fbp=70 ctx1fbp=0
[gs:kick] idx=88 drawing=1 prim=6 vtxCount=1
[gs:kick] idx=89 drawing=1 prim=6 vtxCount=2
[gs:prim] idx=44 type=6 tme=1 abe=1 fst=1 ctxt=0 fbp=70 fbw=10 psm=0x1 tex0=(tbp0=6720 tbw=8 psm=0x13 tw=9 th=8 tcc=1 tfx=0 cbp=15172 cpsm=0x0 csm=0 csa=0) texclut=(cbw=0 cou=0 cov=0) ofx=1728 ofy=1936 scissor=(0,0)-(639,223) test=0x5008b alpha=0x8000000044 v0=(1808,1984) uv0=(0,0) stq0=(0,0,1) v1=(2288,2112) uv1=(480,256) stq1=(0,0,1) v2=(0,0) uv2=(0,0) stq2=(0,0,0) rgba0=(48,48,48,128) rgba1=(48,48,48,128) rgba2=(0,0,0,0)
[gs:copy-reg] reg=0x0 value=0x146 primCtxt=0 ctx0fbp=0 ctx1fbp=0
[gs:kick] idx=90 drawing=1 prim=6 vtxCount=1
[gs:kick] idx=91 drawing=1 prim=6 vtxCount=2
[gs:prim] idx=45 type=6 tme=0 abe=1 fst=1 ctxt=0 fbp=0 fbw=10 psm=0x1 tex0=(tbp0=0 tbw=0 psm=0x0 tw=0 th=0 tcc=0 tfx=0 cbp=0 cpsm=0x0 csm=0 csa=0) texclut=(cbw=0 cou=0 cov=0) ofx=1728 ofy=1936 scissor=(0,0)-(639,223) test=0x30003 alpha=0x8000000044 v0=(1728,1936) uv0=(676,12) stq0=(0,0,1) v1=(2368,2160) uv1=(0,0) stq1=(0,0,1) v2=(0,0) uv2=(0,0) stq2=(0,0,0) rgba0=(0,0,0,128) rgba1=(0,0,0,128) rgba2=(0,0,0,0)
[gs:copy-reg] reg=0x0 value=0x156 primCtxt=0 ctx0fbp=0 ctx1fbp=0
[gs:kick] idx=92 drawing=1 prim=6 vtxCount=1
[gs:kick] idx=93 drawing=1 prim=6 vtxCount=2
[gs:prim] idx=46 type=6 tme=1 abe=1 fst=1 ctxt=0 fbp=0 fbw=10 psm=0x1 tex0=(tbp0=6720 tbw=8 psm=0x13 tw=9 th=8 tcc=1 tfx=0 cbp=15172 cpsm=0x0 csm=0 csa=0) texclut=(cbw=0 cou=0 cov=0) ofx=1728 ofy=1936 scissor=(0,0)-(639,223) test=0x5008b alpha=0x8000000044 v0=(1808,1984) uv0=(0,0) stq0=(0,0,1) v1=(2288,2112) uv1=(480,256) stq1=(0,0,1) v2=(0,0) uv2=(0,0) stq2=(0,0,0) rgba0=(52,52,52,128) rgba1=(52,52,52,128) rgba2=(0,0,0,0)
[gs:copy-reg] reg=0x0 value=0x146 primCtxt=0 ctx0fbp=70 ctx1fbp=0
[gs:kick] idx=94 drawing=1 prim=6 vtxCount=1
[gs:kick] idx=95 drawing=1 prim=6 vtxCount=2
[gs:prim] idx=47 type=6 tme=0 abe=1 fst=1 ctxt=0 fbp=70 fbw=10 psm=0x1 tex0=(tbp0=0 tbw=0 psm=0x0 tw=0 th=0 tcc=0 tfx=0 cbp=0 cpsm=0x0 csm=0 csa=0) texclut=(cbw=0 cou=0 cov=0) ofx=1728 ofy=1936 scissor=(0,0)-(639,223) test=0x30003 alpha=0x8000000044 v0=(1728,1936) uv0=(676,12) stq0=(0,0,1) v1=(2368,2160) uv1=(0,0) stq1=(0,0,1) v2=(0,0) uv2=(0,0) stq2=(0,0,0) rgba0=(0,0,0,128) rgba1=(0,0,0,128) rgba2=(0,0,0,0)
[gs:copy-reg] reg=0x0 value=0x156 primCtxt=0 ctx0fbp=70 ctx1fbp=0
[gs:prim] idx=48 type=6 tme=1 abe=1 fst=1 ctxt=0 fbp=70 fbw=10 psm=0x1 tex0=(tbp0=6720 tbw=8 psm=0x13 tw=9 th=8 tcc=1 tfx=0 cbp=15172 cpsm=0x0 csm=0 csa=0) texclut=(cbw=0 cou=0 cov=0) ofx=1728 ofy=1936 scissor=(0,0)-(639,223) test=0x5008b alpha=0x8000000044 v0=(1808,1984) uv0=(0,0) stq0=(0,0,1) v1=(2288,2112) uv1=(480,256) stq1=(0,0,1) v2=(0,0) uv2=(0,0) stq2=(0,0,0) rgba0=(56,56,56,128) rgba1=(56,56,56,128) rgba2=(0,0,0,0)
[gs:copy-reg] reg=0x0 value=0x146 primCtxt=0 ctx0fbp=0 ctx1fbp=0
[gs:prim] idx=49 type=6 tme=0 abe=1 fst=1 ctxt=0 fbp=0 fbw=10 psm=0x1 tex0=(tbp0=0 tbw=0 psm=0x0 tw=0 th=0 tcc=0 tfx=0 cbp=0 cpsm=0x0 csm=0 csa=0) texclut=(cbw=0 cou=0 cov=0) ofx=1728 ofy=1936 scissor=(0,0)-(639,223) test=0x30003 alpha=0x8000000044 v0=(1728,1936) uv0=(676,12) stq0=(0,0,1) v1=(2368,2160) uv1=(0,0) stq1=(0,0,1) v2=(0,0) uv2=(0,0) stq2=(0,0,0) rgba0=(0,0,0,128) rgba1=(0,0,0,128) rgba2=(0,0,0,0)
[gs:copy-reg] reg=0x0 value=0x156 primCtxt=0 ctx0fbp=0 ctx1fbp=0
[gs:prim] idx=50 type=6 tme=1 abe=1 fst=1 ctxt=0 fbp=0 fbw=10 psm=0x1 tex0=(tbp0=6720 tbw=8 psm=0x13 tw=9 th=8 tcc=1 tfx=0 cbp=15172 cpsm=0x0 csm=0 csa=0) texclut=(cbw=0 cou=0 cov=0) ofx=1728 ofy=1936 scissor=(0,0)-(639,223) test=0x5008b alpha=0x8000000044 v0=(1808,1984) uv0=(0,0) stq0=(0,0,1) v1=(2288,2112) uv1=(480,256) stq1=(0,0,1) v2=(0,0) uv2=(0,0) stq2=(0,0,0) rgba0=(60,60,60,128) rgba1=(60,60,60,128) rgba2=(0,0,0,0)
[gs:copy-reg] reg=0x0 value=0x146 primCtxt=0 ctx0fbp=70 ctx1fbp=0
[gs:prim] idx=51 type=6 tme=0 abe=1 fst=1 ctxt=0 fbp=70 fbw=10 psm=0x1 tex0=(tbp0=0 tbw=0 psm=0x0 tw=0 th=0 tcc=0 tfx=0 cbp=0 cpsm=0x0 csm=0 csa=0) texclut=(cbw=0 cou=0 cov=0) ofx=1728 ofy=1936 scissor=(0,0)-(639,223) test=0x30003 alpha=0x8000000044 v0=(1728,1936) uv0=(676,12) stq0=(0,0,1) v1=(2368,2160) uv1=(0,0) stq1=(0,0,1) v2=(0,0) uv2=(0,0) stq2=(0,0,0) rgba0=(0,0,0,128) rgba1=(0,0,0,128) rgba2=(0,0,0,0)
[gs:copy-reg] reg=0x0 value=0x156 primCtxt=0 ctx0fbp=70 ctx1fbp=0
[gs:prim] idx=52 type=6 tme=1 abe=1 fst=1 ctxt=0 fbp=70 fbw=10 psm=0x1 tex0=(tbp0=6720 tbw=8 psm=0x13 tw=9 th=8 tcc=1 tfx=0 cbp=15172 cpsm=0x0 csm=0 csa=0) texclut=(cbw=0 cou=0 cov=0) ofx=1728 ofy=1936 scissor=(0,0)-(639,223) test=0x5008b alpha=0x8000000044 v0=(1808,1984) uv0=(0,0) stq0=(0,0,1) v1=(2288,2112) uv1=(480,256) stq1=(0,0,1) v2=(0,0) uv2=(0,0) stq2=(0,0,0) rgba0=(64,64,64,128) rgba1=(64,64,64,128) rgba2=(0,0,0,0)
[gs:copy-reg] reg=0x0 value=0x146 primCtxt=0 ctx0fbp=0 ctx1fbp=0
[gs:prim] idx=53 type=6 tme=0 abe=1 fst=1 ctxt=0 fbp=0 fbw=10 psm=0x1 tex0=(tbp0=0 tbw=0 psm=0x0 tw=0 th=0 tcc=0 tfx=0 cbp=0 cpsm=0x0 csm=0 csa=0) texclut=(cbw=0 cou=0 cov=0) ofx=1728 ofy=1936 scissor=(0,0)-(639,223) test=0x30003 alpha=0x8000000044 v0=(1728,1936) uv0=(676,12) stq0=(0,0,1) v1=(2368,2160) uv1=(0,0) stq1=(0,0,1) v2=(0,0) uv2=(0,0) stq2=(0,0,0) rgba0=(0,0,0,128) rgba1=(0,0,0,128) rgba2=(0,0,0,0)
[gs:copy-reg] reg=0x0 value=0x156 primCtxt=0 ctx0fbp=0 ctx1fbp=0
[gs:prim] idx=54 type=6 tme=1 abe=1 fst=1 ctxt=0 fbp=0 fbw=10 psm=0x1 tex0=(tbp0=6720 tbw=8 psm=0x13 tw=9 th=8 tcc=1 tfx=0 cbp=15172 cpsm=0x0 csm=0 csa=0) texclut=(cbw=0 cou=0 cov=0) ofx=1728 ofy=1936 scissor=(0,0)-(639,223) test=0x5008b alpha=0x8000000044 v0=(1808,1984) uv0=(0,0) stq0=(0,0,1) v1=(2288,2112) uv1=(480,256) stq1=(0,0,1) v2=(0,0) uv2=(0,0) stq2=(0,0,0) rgba0=(68,68,68,128) rgba1=(68,68,68,128) rgba2=(0,0,0,0)
[gs:copy-reg] reg=0x0 value=0x146 primCtxt=0 ctx0fbp=70 ctx1fbp=0
[gs:prim] idx=55 type=6 tme=0 abe=1 fst=1 ctxt=0 fbp=70 fbw=10 psm=0x1 tex0=(tbp0=0 tbw=0 psm=0x0 tw=0 th=0 tcc=0 tfx=0 cbp=0 cpsm=0x0 csm=0 csa=0) texclut=(cbw=0 cou=0 cov=0) ofx=1728 ofy=1936 scissor=(0,0)-(639,223) test=0x30003 alpha=0x8000000044 v0=(1728,1936) uv0=(676,12) stq0=(0,0,1) v1=(2368,2160) uv1=(0,0) stq1=(0,0,1) v2=(0,0) uv2=(0,0) stq2=(0,0,0) rgba0=(0,0,0,128) rgba1=(0,0,0,128) rgba2=(0,0,0,0)
[gs:copy-reg] reg=0x0 value=0x156 primCtxt=0 ctx0fbp=70 ctx1fbp=0
[gs:prim] idx=56 type=6 tme=1 abe=1 fst=1 ctxt=0 fbp=70 fbw=10 psm=0x1 tex0=(tbp0=6720 tbw=8 psm=0x13 tw=9 th=8 tcc=1 tfx=0 cbp=15172 cpsm=0x0 csm=0 csa=0) texclut=(cbw=0 cou=0 cov=0) ofx=1728 ofy=1936 scissor=(0,0)-(639,223) test=0x5008b alpha=0x8000000044 v0=(1808,1984) uv0=(0,0) stq0=(0,0,1) v1=(2288,2112) uv1=(480,256) stq1=(0,0,1) v2=(0,0) uv2=(0,0) stq2=(0,0,0) rgba0=(72,72,72,128) rgba1=(72,72,72,128) rgba2=(0,0,0,0)
[gs:copy-reg] reg=0x0 value=0x146 primCtxt=0 ctx0fbp=0 ctx1fbp=0
[gs:prim] idx=57 type=6 tme=0 abe=1 fst=1 ctxt=0 fbp=0 fbw=10 psm=0x1 tex0=(tbp0=0 tbw=0 psm=0x0 tw=0 th=0 tcc=0 tfx=0 cbp=0 cpsm=0x0 csm=0 csa=0) texclut=(cbw=0 cou=0 cov=0) ofx=1728 ofy=1936 scissor=(0,0)-(639,223) test=0x30003 alpha=0x8000000044 v0=(1728,1936) uv0=(676,12) stq0=(0,0,1) v1=(2368,2160) uv1=(0,0) stq1=(0,0,1) v2=(0,0) uv2=(0,0) stq2=(0,0,0) rgba0=(0,0,0,128) rgba1=(0,0,0,128) rgba2=(0,0,0,0)
[gs:copy-reg] reg=0x0 value=0x156 primCtxt=0 ctx0fbp=0 ctx1fbp=0
[gs:prim] idx=58 type=6 tme=1 abe=1 fst=1 ctxt=0 fbp=0 fbw=10 psm=0x1 tex0=(tbp0=6720 tbw=8 psm=0x13 tw=9 th=8 tcc=1 tfx=0 cbp=15172 cpsm=0x0 csm=0 csa=0) texclut=(cbw=0 cou=0 cov=0) ofx=1728 ofy=1936 scissor=(0,0)-(639,223) test=0x5008b alpha=0x8000000044 v0=(1808,1984) uv0=(0,0) stq0=(0,0,1) v1=(2288,2112) uv1=(480,256) stq1=(0,0,1) v2=(0,0) uv2=(0,0) stq2=(0,0,0) rgba0=(76,76,76,128) rgba1=(76,76,76,128) rgba2=(0,0,0,0)
[gs:copy-reg] reg=0x0 value=0x146 primCtxt=0 ctx0fbp=70 ctx1fbp=0
[gs:prim] idx=59 type=6 tme=0 abe=1 fst=1 ctxt=0 fbp=70 fbw=10 psm=0x1 tex0=(tbp0=0 tbw=0 psm=0x0 tw=0 th=0 tcc=0 tfx=0 cbp=0 cpsm=0x0 csm=0 csa=0) texclut=(cbw=0 cou=0 cov=0) ofx=1728 ofy=1936 scissor=(0,0)-(639,223) test=0x30003 alpha=0x8000000044 v0=(1728,1936) uv0=(676,12) stq0=(0,0,1) v1=(2368,2160) uv1=(0,0) stq1=(0,0,1) v2=(0,0) uv2=(0,0) stq2=(0,0,0) rgba0=(0,0,0,128) rgba1=(0,0,0,128) rgba2=(0,0,0,0)
[gs:copy-reg] reg=0x0 value=0x156 primCtxt=0 ctx0fbp=70 ctx1fbp=0
[gs:prim] idx=60 type=6 tme=1 abe=1 fst=1 ctxt=0 fbp=70 fbw=10 psm=0x1 tex0=(tbp0=6720 tbw=8 psm=0x13 tw=9 th=8 tcc=1 tfx=0 cbp=15172 cpsm=0x0 csm=0 csa=0) texclut=(cbw=0 cou=0 cov=0) ofx=1728 ofy=1936 scissor=(0,0)-(639,223) test=0x5008b alpha=0x8000000044 v0=(1808,1984) uv0=(0,0) stq0=(0,0,1) v1=(2288,2112) uv1=(480,256) stq1=(0,0,1) v2=(0,0) uv2=(0,0) stq2=(0,0,0) rgba0=(80,80,80,128) rgba1=(80,80,80,128) rgba2=(0,0,0,0)
[gs:copy-reg] reg=0x0 value=0x146 primCtxt=0 ctx0fbp=0 ctx1fbp=0
[gs:prim] idx=61 type=6 tme=0 abe=1 fst=1 ctxt=0 fbp=0 fbw=10 psm=0x1 tex0=(tbp0=0 tbw=0 psm=0x0 tw=0 th=0 tcc=0 tfx=0 cbp=0 cpsm=0x0 csm=0 csa=0) texclut=(cbw=0 cou=0 cov=0) ofx=1728 ofy=1936 scissor=(0,0)-(639,223) test=0x30003 alpha=0x8000000044 v0=(1728,1936) uv0=(676,12) stq0=(0,0,1) v1=(2368,2160) uv1=(0,0) stq1=(0,0,1) v2=(0,0) uv2=(0,0) stq2=(0,0,0) rgba0=(0,0,0,128) rgba1=(0,0,0,128) rgba2=(0,0,0,0)
[gs:copy-reg] reg=0x0 value=0x156 primCtxt=0 ctx0fbp=0 ctx1fbp=0
[gs:prim] idx=62 type=6 tme=1 abe=1 fst=1 ctxt=0 fbp=0 fbw=10 psm=0x1 tex0=(tbp0=6720 tbw=8 psm=0x13 tw=9 th=8 tcc=1 tfx=0 cbp=15172 cpsm=0x0 csm=0 csa=0) texclut=(cbw=0 cou=0 cov=0) ofx=1728 ofy=1936 scissor=(0,0)-(639,223) test=0x5008b alpha=0x8000000044 v0=(1808,1984) uv0=(0,0) stq0=(0,0,1) v1=(2288,2112) uv1=(480,256) stq1=(0,0,1) v2=(0,0) uv2=(0,0) stq2=(0,0,0) rgba0=(84,84,84,128) rgba1=(84,84,84,128) rgba2=(0,0,0,0)
[gs:copy-reg] reg=0x0 value=0x146 primCtxt=0 ctx0fbp=70 ctx1fbp=0
[gs:prim] idx=63 type=6 tme=0 abe=1 fst=1 ctxt=0 fbp=70 fbw=10 psm=0x1 tex0=(tbp0=0 tbw=0 psm=0x0 tw=0 th=0 tcc=0 tfx=0 cbp=0 cpsm=0x0 csm=0 csa=0) texclut=(cbw=0 cou=0 cov=0) ofx=1728 ofy=1936 scissor=(0,0)-(639,223) test=0x30003 alpha=0x8000000044 v0=(1728,1936) uv0=(676,12) stq0=(0,0,1) v1=(2368,2160) uv1=(0,0) stq1=(0,0,1) v2=(0,0) uv2=(0,0) stq2=(0,0,0) rgba0=(0,0,0,128) rgba1=(0,0,0,128) rgba2=(0,0,0,0)
[run:tick] tick=120 pc=0x14a6a8 ra=0x14a6a8 sp=0x1ff7ef0 gp=0x22c0f0 dispfb1=0x1400 display1=0x1bf27f00000000 activeThreads=3 dma=608 gif=82 gsw=0 vif=2
[frame:upload] idx=3 tick=87 displayFbp=0 sourceFbp=0 size=640x448 preferred=0
[Sign[p4:isig] sid=9
alSema] tid=-1 sid=10 count=0->1 ret=10
[run:tick] tick=240 pc=0x14a6a8 ra=0x14a6a8 sp=0x1ff7ef0 gp=0x22c0f0 dispfb1=0x1400 display1=0x1bf27f00000000 activeThreads=3 dma=1098 gif=152 gsw=0 vif=2
nt=0->1 ret=9
[run:tick] tick=360 pc=0x14a6a8 ra=0x14a6a8 sp=0x1ff7ef0 gp=0x22c0f0 dispfb1=0x1400 display1=0x1bf27f00000000 activeThreads=3 dma=1630 gif=228 gsw=0 vif=2
[SignalSem[p4:isig] sid=10
a] tid=-1 sid=9 count=0->1 ret=9
[frame:upload] idx=4 tick=249 displayFbp=0 sourceFbp=0 size=640x448 preferred=0
[frame:upload] idx=5 tick=265 displayFbp=0 sourceFbp=0 size=640x448 preferred=0
[p4:EndOfHeap] ret=0x01f00000 brk=0x00caf000 a0=0x00000000 ra=0x0010f3b8
[p4:EndOfHeap] ret=0x01f00000 brk=0x00caf000 a0=0xfffd8000 ra=0x0010f3b8
[p4:malloc] size=0x000ca800 ra=0x001eefac
[p4:EndOfHeap] ret=0x01f00000 brk=0x00c87000 a0=0x000cb000 ra=0x0010f3b8
PS2 GsGetIMR: Returning IMR=0xff00 pc=0x10ef80 ra=0x103e04
PS2 GsPutIMR:  new=0x65280 a0_64=0x65280 a0_32=0x65280 a1_32=0x72 pc=0x1109920 ra=0x1064464
[frame:upload] idx=6 tick=282 displayFbp=0 sourceFbp=0 size=640x448 preferred=0
[p4:malloc] size=0x00003068 ra=0x001ebaec
[p4:EndOfHeap] ret=0x01f00000 brk=0x00d52000 a0=0x0032b000 ra=0x0010f3b8
[p4:EndOfHeap] ret=0x01f00000 brk=0x0107d000 a0=0x0009a000 ra=0x0010f3b8
[p4:EndOfHeap] ret=0x01f00000 brk=0x01117000 a0=0x001ca000 ra=0x0010f3b8
[p4:EndOfHeap] ret=0x01f00000 brk=0x012e1000 a0=0x00081000 ra=0x0010f3b8
[p4:EndOfHeap] ret=0x01f00000 brk=0x01362000 a0=0x00051000 ra=0x0010f3b8
[p4:EndOfHeap] ret=0x01f00000 brk=0x013b3000 a0=0x00000000 ra=0x0010f3b8
[p4:EndOfHeap] ret=0x01f00000 brk=0x013b3000 a0=0xff99f000 ra=0x0010f3b8
PS2 GsPutIMR:  new=0x65280 a0_64=0x65280 a0_32=0x65280 a1_32=0x0 pc=0x1109920 ra=0x1065456
PS2 GsGetIMR: Returning IMR=0xff00 pc=0x10ef80 ra=0x103e04
PS2 GsPutIMR:  new=0x65280 a0_64=0x65280 a0_32=0x65280 a1_32=0x72 pc=0x1109920 ra=0x1064464
PS2 GsPutIMR:  new=0x65280 a0_64=0x65280 a0_32=0x65280 a1_32=0x0 pc=0x1109920 ra=0x1065456
PS2 GsGetIMR: Returning IMR=0xff00 pc=0x10ef80 ra=0x103e04
PS2 GsPutIMR:  new=0x65280 a0_64=0x65280 a0_32=0x65280 a1_32=0x72 pc=0x1109920 ra=0x1064464
PS2 GsPutIMR:  new=0x65280 a0_64=0x65280 a0_32=0x65280 a1_32=0x0 pc=0x1109920 ra=0x1065456
PS2 GsGetIMR: Returning IMR=0xff00 pc=0x10ef80 ra=0x103e04
PS2 GsPutIMR:  new=0x65280 a0_64=0x65280 a0_32=0x65280 a1_32=0x72 pc=0x1109920 ra=0x1064464
PS2 GsPutIMR:  new=0x65280 a0_64=0x65280 a0_32=0x65280 a1_32=0x0 pc=0x1109920 ra=0x1065456
[CreateSema] id=20 init=1 max=1[CreateSema] id=21 init=1 max=1[CreateSema] id=22 init=0 max=1[SignalSema] tid=1 sid=20 count=0->1 ret=20
[Deci2Call:send] 7.....EH....Can't Open file cdrom0:/MOVIE/SPIKE.PSS;1

[frame:upload] idx=7 tick=288 displayFbp=70 sourceFbp=70 size=640x448 preferred=0
[p4:EndOfHeap] ret=0x01f00000 brk=0x00d52000 a0=0x00000000 ra=0x0010f3b8
[p4:EndOfHeap] ret=0x01f00000 brk=0x00d52000 a0=0xfff35000 ra=0x0010f3b8
[p4:malloc] size=0x000ca800 ra=0x001eefac
[p4:EndOfHeap] ret=0x01f00000 brk=0x00c87000 a0=0x000cb000 ra=0x0010f3b8
PS2 GsGetIMR: Returning IMR=0xff00 pc=0x10ef80 ra=0x103e04
PS2 GsPutIMR:  new=0x65280 a0_64=0x65280 a0_32=0x65280 a1_32=0x72 pc=0x1109920 ra=0x1064464
[gs:copy-prim] type=4 tme=0 abe=0 fst=1 ctxt=1 fbp=0 fbw=10 psm=0x0 tex0=(tbp0=0 tbw=0 psm=0x0 tcc=0 tfx=0 cbp=0 cpsm=0x0 csm=0 csa=0) texclut=(cbw=0 cou=0 cov=0) ofx=0 ofy=0 scissor=(0,0)-(639,447) test=0x0 alpha=0x0
[gs:copy-prim] type=4 tme=0 abe=0 fst=1 ctxt=1 fbp=0 fbw=10 psm=0x0 tex0=(tbp0=0 tbw=0 psm=0x0 tcc=0 tfx=0 cbp=0 cpsm=0x0 csm=0 csa=0) texclut=(cbw=0 cou=0 cov=0) ofx=0 ofy=0 scissor=(0,0)-(639,447) test=0x0 alpha=0x0
[gs:copy-prim] type=4 tme=0 abe=0 fst=1 ctxt=1 fbp=0 fbw=10 psm=0x0 tex0=(tbp0=0 tbw=0 psm=0x0 tcc=0 tfx=0 cbp=0 cpsm=0x0 csm=0 csa=0) texclut=(cbw=0 cou=0 cov=0) ofx=0 ofy=0 scissor=(0,0)-(639,447) test=0x0 alpha=0x0
[gs:copy-prim] type=4 tme=0 abe=0 fst=1 ctxt=1 fbp=0 fbw=10 psm=0x0 tex0=(tbp0=0 tbw=0 psm=0x0 tcc=0 tfx=0 cbp=0 cpsm=0x0 csm=0 csa=0) texclut=(cbw=0 cou=0 cov=0) ofx=0 ofy=0 scissor=(0,0)-(639,447) test=0x0 alpha=0x0
[gs:copy-prim] type=4 tme=0 abe=0 fst=1 ctxt=1 fbp=0 fbw=10 psm=0x0 tex0=(tbp0=0 tbw=0 psm=0x0 tcc=0 tfx=0 cbp=0 cpsm=0x0 csm=0 csa=0) texclut=(cbw=0 cou=0 cov=0) ofx=0 ofy=0 scissor=(0,0)-(639,447) test=0x0 alpha=0x0
[gs:copy-prim] type=4 tme=0 abe=0 fst=1 ctxt=1 fbp=0 fbw=10 psm=0x0 tex0=(tbp0=0 tbw=0 psm=0x0 tcc=0 tfx=0 cbp=0 cpsm=0x0 csm=0 csa=0) texclut=(cbw=0 cou=0 cov=0) ofx=0 ofy=0 scissor=(0,0)-(639,447) test=0x0 alpha=0x0
[gs:copy-prim] type=4 tme=0 abe=0 fst=1 ctxt=1 fbp=0 fbw=10 psm=0x0 tex0=(tbp0=0 tbw=0 psm=0x0 tcc=0 tfx=0 cbp=0 cpsm=0x0 csm=0 csa=0) texclut=(cbw=0 cou=0 cov=0) ofx=0 ofy=0 scissor=(0,0)-(639,447) test=0x0 alpha=0x0
[gs:copy-prim] type=4 tme=0 abe=0 fst=1 ctxt=1 fbp=0 fbw=10 psm=0x0 tex0=(tbp0=0 tbw=0 psm=0x0 tcc=0 tfx=0 cbp=0 cpsm=0x0 csm=0 csa=0) texclut=(cbw=0 cou=0 cov=0) ofx=0 ofy=0 scissor=(0,0)-(639,447) test=0x0 alpha=0x0
[gs:copy-prim] type=4 tme=0 abe=0 fst=1 ctxt=1 fbp=0 fbw=10 psm=0x0 tex0=(tbp0=0 tbw=0 psm=0x0 tcc=0 tfx=0 cbp=0 cpsm=0x0 csm=0 csa=0) texclut=(cbw=0 cou=0 cov=0) ofx=0 ofy=0 scissor=(0,0)-(639,447) test=0x0 alpha=0x0
[gs:copy-prim] type=4 tme=0 abe=0 fst=1 ctxt=1 fbp=0 fbw=10 psm=0x0 tex0=(tbp0=0 tbw=0 psm=0x0 tcc=0 tfx=0 cbp=0 cpsm=0x0 csm=0 csa=0) texclut=(cbw=0 cou=0 cov=0) ofx=0 ofy=0 scissor=(0,0)-(639,447) test=0x0 alpha=0x0
[gs:copy-prim] type=4 tme=0 abe=0 fst=1 ctxt=1 fbp=0 fbw=10 psm=0x0 tex0=(tbp0=0 tbw=0 psm=0x0 tcc=0 tfx=0 cbp=0 cpsm=0x0 csm=0 csa=0) texclut=(cbw=0 cou=0 cov=0) ofx=0 ofy=0 scissor=(0,0)-(639,447) test=0x0 alpha=0x0
[gs:copy-prim] type=4 tme=0 abe=0 fst=1 ctxt=1 fbp=0 fbw=10 psm=0x0 tex0=(tbp0=0 tbw=0 psm=0x0 tcc=0 tfx=0 cbp=0 cpsm=0x0 csm=0 csa=0) texclut=(cbw=0 cou=0 cov=0) ofx=0 ofy=0 scissor=(0,0)-(639,447) test=0x0 alpha=0x0
[gs:copy-prim] type=4 tme=0 abe=0 fst=1 ctxt=1 fbp=0 fbw=10 psm=0x0 tex0=(tbp0=0 tbw=0 psm=0x0 tcc=0 tfx=0 cbp=0 cpsm=0x0 csm=0 csa=0) texclut=(cbw=0 cou=0 cov=0) ofx=0 ofy=0 scissor=(0,0)-(639,447) test=0x0 alpha=0x0
[gs:copy-prim] type=4 tme=0 abe=0 fst=1 ctxt=1 fbp=0 fbw=10 psm=0x0 tex0=(tbp0=0 tbw=0 psm=0x0 tcc=0 tfx=0 cbp=0 cpsm=0x0 csm=0 csa=0) texclut=(cbw=0 cou=0 cov=0) ofx=0 ofy=0 scissor=(0,0)-(639,447) test=0x0 alpha=0x0
[gs:copy-prim] type=4 tme=0 abe=0 fst=1 ctxt=1 fbp=0 fbw=10 psm=0x0 tex0=(tbp0=0 tbw=0 psm=0x0 tcc=0 tfx=0 cbp=0 cpsm=0x0 csm=0 csa=0) texclut=(cbw=0 cou=0 cov=0) ofx=0 ofy=0 scissor=(0,0)-(639,447) test=0x0 alpha=0x0
[gs:copy-prim] type=4 tme=0 abe=0 fst=1 ctxt=1 fbp=0 fbw=10 psm=0x0 tex0=(tbp0=0 tbw=0 psm=0x0 tcc=0 tfx=0 cbp=0 cpsm=0x0 csm=0 csa=0) texclut=(cbw=0 cou=0 cov=0) ofx=0 ofy=0 scissor=(0,0)-(639,447) test=0x0 alpha=0x0
[gs:copy-prim] type=4 tme=0 abe=0 fst=1 ctxt=1 fbp=0 fbw=10 psm=0x0 tex0=(tbp0=0 tbw=0 psm=0x0 tcc=0 tfx=0 cbp=0 cpsm=0x0 csm=0 csa=0) texclut=(cbw=0 cou=0 cov=0) ofx=0 ofy=0 scissor=(0,0)-(639,447) test=0x0 alpha=0x0
[gs:copy-prim] type=4 tme=0 abe=0 fst=1 ctxt=1 fbp=0 fbw=10 psm=0x0 tex0=(tbp0=0 tbw=0 psm=0x0 tcc=0 tfx=0 cbp=0 cpsm=0x0 csm=0 csa=0) texclut=(cbw=0 cou=0 cov=0) ofx=0 ofy=0 scissor=(0,0)-(639,447) test=0x0 alpha=0x0
[gs:copy-prim] type=4 tme=0 abe=0 fst=1 ctxt=1 fbp=0 fbw=10 psm=0x0 tex0=(tbp0=0 tbw=0 psm=0x0 tcc=0 tfx=0 cbp=0 cpsm=0x0 csm=0 csa=0) texclut=(cbw=0 cou=0 cov=0) ofx=0 ofy=0 scissor=(0,0)-(639,447) test=0x0 alpha=0x0
[gs:copy-prim] type=4 tme=0 abe=0 fst=1 ctxt=1 fbp=0 fbw=10 psm=0x0 tex0=(tbp0=0 tbw=0 psm=0x0 tcc=0 tfx=0 cbp=0 cpsm=0x0 csm=0 csa=0) texclut=(cbw=0 cou=0 cov=0) ofx=0 ofy=0 scissor=(0,0)-(639,447) test=0x0 alpha=0x0
[gs:copy-prim] type=4 tme=0 abe=0 fst=1 ctxt=1 fbp=0 fbw=10 psm=0x0 tex0=(tbp0=0 tbw=0 psm=0x0 tcc=0 tfx=0 cbp=0 cpsm=0x0 csm=0 csa=0) texclut=(cbw=0 cou=0 cov=0) ofx=0 ofy=0 scissor=(0,0)-(639,447) test=0x0 alpha=0x0
[gs:copy-prim] type=4 tme=0 abe=0 fst=1 ctxt=1 fbp=0 fbw=10 psm=0x0 tex0=(tbp0=0 tbw=0 psm=0x0 tcc=0 tfx=0 cbp=0 cpsm=0x0 csm=0 csa=0) texclut=(cbw=0 cou=0 cov=0) ofx=0 ofy=0 scissor=(0,0)-(639,447) test=0x0 alpha=0x0
[gs:copy-prim] type=4 tme=0 abe=0 fst=1 ctxt=1 fbp=0 fbw=10 psm=0x0 tex0=(tbp0=0 tbw=0 psm=0x0 tcc=0 tfx=0 cbp=0 cpsm=0x0 csm=0 csa=0) texclut=(cbw=0 cou=0 cov=0) ofx=0 ofy=0 scissor=(0,0)-(639,447) test=0x0 alpha=0x0
[gs:copy-prim] type=4 tme=0 abe=0 fst=1 ctxt=1 fbp=0 fbw=10 psm=0x0 tex0=(tbp0=0 tbw=0 psm=0x0 tcc=0 tfx=0 cbp=0 cpsm=0x0 csm=0 csa=0) texclut=(cbw=0 cou=0 cov=0) ofx=0 ofy=0 scissor=(0,0)-(639,447) test=0x0 alpha=0x0
[gs:copy-prim] type=4 tme=0 abe=0 fst=1 ctxt=1 fbp=0 fbw=10 psm=0x0 tex0=(tbp0=0 tbw=0 psm=0x0 tcc=0 tfx=0 cbp=0 cpsm=0x0 csm=0 csa=0) texclut=(cbw=0 cou=0 cov=0) ofx=0 ofy=0 scissor=(0,0)-(639,447) test=0x0 alpha=0x0
[gs:copy-prim] type=4 tme=0 abe=0 fst=1 ctxt=1 fbp=0 fbw=10 psm=0x0 tex0=(tbp0=0 tbw=0 psm=0x0 tcc=0 tfx=0 cbp=0 cpsm=0x0 csm=0 csa=0) texclut=(cbw=0 cou=0 cov=0) ofx=0 ofy=0 scissor=(0,0)-(639,447) test=0x0 alpha=0x0
[gs:copy-prim] type=4 tme=0 abe=0 fst=1 ctxt=1 fbp=0 fbw=10 psm=0x0 tex0=(tbp0=0 tbw=0 psm=0x0 tcc=0 tfx=0 cbp=0 cpsm=0x0 csm=0 csa=0) texclut=(cbw=0 cou=0 cov=0) ofx=0 ofy=0 scissor=(0,0)-(639,447) test=0x0 alpha=0x0
[gs:copy-prim] type=4 tme=0 abe=0 fst=1 ctxt=1 fbp=0 fbw=10 psm=0x0 tex0=(tbp0=0 tbw=0 psm=0x0 tcc=0 tfx=0 cbp=0 cpsm=0x0 csm=0 csa=0) texclut=(cbw=0 cou=0 cov=0) ofx=0 ofy=0 scissor=(0,0)-(639,447) test=0x0 alpha=0x0
[gs:copy-prim] type=4 tme=0 abe=0 fst=1 ctxt=1 fbp=0 fbw=10 psm=0x0 tex0=(tbp0=0 tbw=0 psm=0x0 tcc=0 tfx=0 cbp=0 cpsm=0x0 csm=0 csa=0) texclut=(cbw=0 cou=0 cov=0) ofx=0 ofy=0 scissor=(0,0)-(639,447) test=0x0 alpha=0x0
[gs:copy-prim] type=4 tme=0 abe=0 fst=1 ctxt=1 fbp=0 fbw=10 psm=0x0 tex0=(tbp0=0 tbw=0 psm=0x0 tcc=0 tfx=0 cbp=0 cpsm=0x0 csm=0 csa=0) texclut=(cbw=0 cou=0 cov=0) ofx=0 ofy=0 scissor=(0,0)-(639,447) test=0x0 alpha=0x0
[gs:copy-prim] type=4 tme=0 abe=0 fst=1 ctxt=1 fbp=0 fbw=10 psm=0x0 tex0=(tbp0=0 tbw=0 psm=0x0 tcc=0 tfx=0 cbp=0 cpsm=0x0 csm=0 csa=0) texclut=(cbw=0 cou=0 cov=0) ofx=0 ofy=0 scissor=(0,0)-(639,447) test=0x0 alpha=0x0
[gs:copy-prim] type=4 tme=0 abe=0 fst=1 ctxt=1 fbp=0 fbw=10 psm=0x0 tex0=(tbp0=0 tbw=0 psm=0x0 tcc=0 tfx=0 cbp=0 cpsm=0x0 csm=0 csa=0) texclut=(cbw=0 cou=0 cov=0) ofx=0 ofy=0 scissor=(0,0)-(639,447) test=0x0 alpha=0x0
[frame:upload] idx=8 tick=292 displayFbp=70 sourceFbp=70 size=640x448 preferred=0
[p4:malloc] size=0x00003068 ra=0x001ebaec
[p4:EndOfHeap] ret=0x01f00000 brk=0x00d52000 a0=0x0032b000 ra=0x0010f3b8
[p4:EndOfHeap] ret=0x01f00000 brk=0x0107d000 a0=0x0009a000 ra=0x0010f3b8
[p4:EndOfHeap] ret=0x01f00000 brk=0x01117000 a0=0x001ca000 ra=0x0010f3b8
[p4:EndOfHeap] ret=0x01f00000 brk=0x012e1000 a0=0x00081000 ra=0x0010f3b8
[p4:EndOfHeap] ret=0x01f00000 brk=0x01362000 a0=0x00051000 ra=0x0010f3b8
[p4:EndOfHeap] ret=0x01f00000 brk=0x013b3000 a0=0x00000000 ra=0x0010f3b8
[p4:EndOfHeap] ret=0x01f00000 brk=0x013b3000 a0=0xff99f000 ra=0x0010f3b8
PS2 GsPutIMR:  new=0x65280 a0_64=0x65280 a0_32=0x65280 a1_32=0x0 pc=0x1109920 ra=0x1065456
PS2 GsGetIMR: Returning IMR=0xff00 pc=0x10ef80 ra=0x103e04
PS2 GsPutIMR:  new=0x65280 a0_64=0x65280 a0_32=0x65280 a1_32=0x72 pc=0x1109920 ra=0x1064464
PS2 GsPutIMR:  new=0x65280 a0_64=0x65280 a0_32=0x65280 a1_32=0x0 pc=0x1109920 ra=0x1065456
PS2 GsGetIMR: Returning IMR=0xff00 pc=0x10ef80 ra=0x103e04
PS2 GsPutIMR:  new=0x65280 a0_64=0x65280 a0_32=0x65280 a1_32=0x72 pc=0x1109920 ra=0x1064464
PS2 GsPutIMR:  new=0x65280 a0_64=0x65280 a0_32=0x65280 a1_32=0x0 pc=0x1109920 ra=0x1065456
PS2 GsGetIMR: Returning IMR=0xff00 pc=0x10ef80 ra=0x103e04
PS2 GsPutIMR:  new=0x65280 a0_64=0x65280 a0_32=0x65280 a1_32=0x72 pc=0x1109920 ra=0x1064464
PS2 GsPutIMR:  new=0x65280 a0_64=0x65280 a0_32=0x65280 a1_32=0x0 pc=0x1109920 ra=0x1065456
[WaitSema:wake] tid=1 sid=1 ret=1 count=0
[WaitSema:wake] tid=1 sid=1 ret=1 count=0
[WaitSema:wake] tid=1 sid=1 ret=1 count=0
[WaitSema:wake] tid=1 sid=1 ret=1 count=0
[WaitSema:wake] tid=1 sid=1 ret=1 count=0
[WaitSema:wake] tid=1 sid=1 ret=1 count=0
[WaitSema:wake] tid=1 sid=1 ret=1 count=0
[WaitSema:wake] tid=1 sid=1 ret=1 count=0
[WaitSema:wake] tid=1 sid=1 ret=1 count=0
[WaitSema:wake] tid=1 sid=1 ret=1 count=0
[WaitSema:wake] tid=1 sid=1 ret=1 count=0
[WaitSema:wake] tid=1 sid=1 ret=1 count=0
[WaitSema:wake] tid=1 sid=1 ret=1 count=0
[Deci2Call:send] 9.....EH....Can't Open file cdrom0:/MOVIE/ACQUIRE.PSS;1

[frame:upload] idx=9 tick=297 displayFbp=70 sourceFbp=70 size=640x448 preferred=0
[p4:vbl] ticks=300\n[p4:isig] sid=9
[p4:EndOfHeap] ret=0x01f00000 brk=0x00d52000 a0=0x00000000 ra=0x0010f3b8
[p4:EndOfHeap] ret=0x01f00000 brk=0x00d52000 a0=0xfff35000 ra=0x0010f3b8
[p4:new2] size=0x00002bc0 ra=0x00152c5c
[p4:malloc] size=0x00002bc0 ra=0x001006bc
[p4:malloc] size=0x004958c0 ra=0x0014bec8
[p4:EndOfHeap] ret=0x01f00000 brk=0x00c87000 a0=0x00496000 ra=0x0010f3b8
[gzmfs] SEEK fd=0 off=2007040 whence=0 -> pos=2007040
[WaitSema:wake] tid=1 sid=1 ret=1 count=0
[WaitSema:wake] tid=1 sid=1 ret=1 count=0
[WaitSema:wake] tid=1 sid=1 ret=1 count=0
[run:tick] tick=480 pc=0x14c9b0 ra=0x14c9b0 sp=0x1ff7f30 gp=0x22c0f0 dispfb1=0x1400 display1=0x1bf27f00000000 activeThreads=3 dma=2106 gif=312 gsw=0 vif=18
[frame:upload] idx=10 tick=305 displayFbp=0 sourceFbp=0 size=640x448 preferred=0
[gzmfs] READ fd=0 pos=2007040 len=4806848 -> 4806848 dst=0x00C86A40
[p4:malloc] size=0x0075e000 ra=0x00157d68
[p4:EndOfHeap] ret=0x01f00000 brk=0x0111d000 a0=0x0075f000 ra=0x0010f3b8
[WaitSema:wake] tid=1 sid=1 ret=1 count=0
[frame:upload] idx=11 tick=308 displayFbp=70 sourceFbp=70 size=640x448 preferred=0
[frame:upload] idx=12 tick=316 displayFbp=70 sourceFbp=70 size=640x448 preferred=0
[frame:upload] idx=13 tick=324 displayFbp=70 sourceFbp=70 size=640x448 preferred=0
[frame:upload] idx=14 tick=333 displayFbp=70 sourceFbp=70 size=640x448 preferred=0
[frame:upload] idx=15 tick=341 displayFbp=70 sourceFbp=70 size=640x448 preferred=0
[frame:upload] idx=16 tick=349 displayFbp=70 sourceFbp=70 size=640x448 preferred=0
[frame:upload] idx=17 tick=358 displayFbp=70 sourceFbp=70 size=640x448 preferred=0
[frame:upload] idx=18 tick=366 displayFbp=70 sourceFbp=70 size=640x448 preferred=0
[frame:upload] idx=19 tick=374 displayFbp=70 sourceFbp=70 size=640x448 preferred=0
[frame:upload] idx=20 tick=383 displayFbp=70 sourceFbp=70 size=640x448 preferred=0
[frame:upload] idx=21 tick=391 displayFbp=70 sourceFbp=70 size=640x448 preferred=0
[frame:upload] idx=22 tick=399 displayFbp=70 sourceFbp=70 size=640x448 preferred=0
[frame:upload] idx=23 tick=408 displayFbp=70 sourceFbp=70 size=640x448 preferred=0
[frame:upload] idx=24 tick=416 displayFbp=70 sourceFbp=70 size=640x448 preferred=0
[frame:upload] idx=25 tick=424 displayFbp=70 sourceFbp=70 size=640x448 preferred=0
[frame:upload] idx=26 tick=433 displayFbp=70 sourceFbp=70 size=640x448 preferred=0
[frame:upload] idx=27 tick=441 displayFbp=70 sourceFbp=70 size=640x448 preferred=0
[frame:upload] idx=28 tick=449 displayFbp=70 sourceFbp=70 size=640x448 preferred=0
[frame:upload] idx=29 tick=458 displayFbp=70 sourceFbp=70 size=640x448 preferred=0
[frame:upload] idx=30 tick=466 displayFbp=70 sourceFbp=70 size=640x448 preferred=0
[frame:upload] idx=31 tick=474 displayFbp=70 sourceFbp=70 size=640x448 preferred=0
[frame:upload] idx=32 tick=483 displayFbp=70 sourceFbp=70 size=640x448 preferred=0
[frame:upload] idx=33 tick=491 displayFbp=70 sourceFbp=70 size=640x448 preferred=0
[frame:upload] idx=34 tick=499 displayFbp=70 sourceFbp=70 size=640x448 preferred=0
[frame:upload] idx=35 tick=508 displayFbp=70 sourceFbp=70 size=640x448 preferred=0
[frame:upload] idx=36 tick=510 displayFbp=70 sourceFbp=70 size=640x448 preferred=0
[frame:upload] idx=37 tick=511 displayFbp=70 sourceFbp=70 size=640x448 preferred=0
[frame:upload] idx=38 tick=512 displayFbp=70 sourceFbp=70 size=640x448 preferred=0
[frame:upload] idx=39 tick=513 displayFbp=70 sourceFbp=70 size=640x448 preferred=0
[frame:upload] idx=40 tick=514 displayFbp=70 sourceFbp=70 size=640x448 preferred=0
[frame:upload] idx=41 tick=515 displayFbp=70 sourceFbp=70 size=640x448 preferred=0
[frame:upload] idx=42 tick=516 displayFbp=70 sourceFbp=70 size=640x448 preferred=0
[frame:upload] idx=43 tick=517 displayFbp=70 sourceFbp=70 size=640x448 preferred=0
[frame:upload] idx=44 tick=518 displayFbp=70 sourceFbp=70 size=640x448 preferred=0
[frame:upload] idx=45 tick=519 displayFbp=70 sourceFbp=70 size=640x448 preferred=0
[p4:malloc] size=0x0000000c ra=0x00157da0
[p4:malloc] size=0x00001390 ra=0x00157dc0
[p4:new2] size=0x0016f241 ra=0x00100540
[p4:malloc] size=0x0016f241 ra=0x001006bc
[WaitSema:wake] tid=1 sid=1 ret=1 count=0
[WaitSema:wake] tid=1 sid=1 ret=1 count=0
[WaitSema:wake] tid=1 sid=1 ret=1 count=0
[WaitSema:wake] tid=1 sid=1 ret=1 count=0
[frame:upload] idx=46 tick=520 displayFbp=70 sourceFbp=70 size=640x448 preferred=0
[gzmfs] SEEK fd=0 off=104867840 whence=0 -> pos=104867840
[frame:upload] idx=47 tick=522 displayFbp=70 sourceFbp=70 size=640x448 preferred=0
[gzmfs] READ fd=0 pos=104867840 len=1503809 -> 1503809 dst=0x00C86A40
[p4:new2] size=0x00000040 ra=0x0019ce38
[p4:malloc] size=0x00000040 ra=0x001006bc
[p4:malloc] size=0x00000ad8 ra=0x001b4208
[p4:new2] size=0x00000018 ra=0x001b4274
[p4:malloc] size=0x00000018 ra=0x001006bc
[p4:wake-pre] sid=7 consumed=1
[WaitSema:wake] tid=1 sid=1 ret=1 count=0
[WaitSema:wake] tid=1 sid=1 ret=1 count=0
[WaitSema:wake] tid=1 sid=1 ret=1 count=0
[WaitSema:wake] tid=1 sid=1 ret=1 count=0
[WaitSema:wake] tid=3 sid=7 ret=7 count=0
[sceSifSetDma:CALL] pc=0x10f020 ra=0x11c070 list=0x22bbc0 count=1
[sceSifSetDma:DESC] i=0 src=0xc87540 dst=0x10000 size=0x10000 attr=0x0 pc=0x10f020 ra=0x11c070
[sceSifSetDma:CALL] pc=0x10f020 ra=0x11c070 list=0x22bbc0 count=1
[sceSifSetDma:DESC] i=0 src=0xc97540 dst=0x10000 size=0x10000 attr=0x0 pc=0x10f020 ra=0x11c070
[sceSifSetDma:CALL] pc=0x10f020 ra=0x11c070 list=0x22bbc0 count=1
[sceSifSetDma:DESC] i=0 src=0xca7540 dst=0x10000 size=0x10000 attr=0x0 pc=0x10f020 ra=0x11c070
[sceSifSetDma:CALL] pc=0x10f020 ra=0x11c070 list=0x22bbc0 count=1
[sceSifSetDma:DESC] i=0 src=0xcb7540 dst=0x10000 size=0x10000 attr=0x0 pc=0x10f020 ra=0x11c070
[sceSifSetDma:CALL] pc=0x10f020 ra=0x11c070 list=0x22bbc0 count=1
[sceSifSetDma:DESC] i=0 src=0xcc7540 dst=0x10000 size=0x10000 attr=0x0 pc=0x10f020 ra=0x11c070
[sceSifSetDma:CALL] pc=0x10f020 ra=0x11c070 list=0x22bbc0 count=1
[sceSifSetDma:DESC] i=0 src=0xcd7540 dst=0x10000 size=0x10000 attr=0x0 pc=0x10f020 ra=0x11c070
[sceSifSetDma:CALL] pc=0x10f020 ra=0x11c070 list=0x22bbc0 count=1
[sceSifSetDma:DESC] i=0 src=0xce7540 dst=0x10000 size=0x10000 attr=0x0 pc=0x10f020 ra=0x11c070
[sceSifSetDma:CALL] pc=0x10f020 ra=0x11c070 list=0x22bbc0 count=1
[sceSifSetDma:DESC] i=0 src=0xcf7540 dst=0x10000 size=0x10000 attr=0x0 pc=0x10f020 ra=0x11c070
[sceSifSetDma:CALL] pc=0x10f020 ra=0x11c070 list=0x22bbc0 count=1
[sceSifSetDma:DESC] i=0 src=0xd07540 dst=0x10000 size=0x10000 attr=0x0 pc=0x10f020 ra=0x11c070
[sceSifSetDma:CALL] pc=0x10f020 ra=0x11c070 list=0x22bbc0 count=1
[sceSifSetDma:DESC] i=0 src=0xd17540 dst=0x10000 size=0x10000 attr=0x0 pc=0x10f020 ra=0x11c070
[sceSifSetDma:CALL] pc=0x10f020 ra=0x11c070 list=0x22bbc0 count=1
[sceSifSetDma:DESC] i=0 src=0xd27540 dst=0x10000 size=0x10000 attr=0x0 pc=0x10f020 ra=0x11c070
[sceSifSetDma:CALL] pc=0x10f020 ra=0x11c070 list=0x22bbc0 count=1
[sceSifSetDma:DESC] i=0 src=0xd37540 dst=0x10000 size=0x10000 attr=0x0 pc=0x10f020 ra=0x11c070
[sceSifSetDma:CALL] pc=0x10f020 ra=0x11c070 list=0x22bbc0 count=1
[sceSifSetDma:DESC] i=0 src=0xd47540 dst=0x10000 size=0x10000 attr=0x0 pc=0x10f020 ra=0x11c070
[sceSifSetDma:CALL] pc=0x10f020 ra=0x11c070 list=0x22bbc0 count=1
[sceSifSetDma:DESC] i=0 src=0xd57540 dst=0x10000 size=0x10000 attr=0x0 pc=0x10f020 ra=0x11c070
[sceSifSetDma:CALL] pc=0x10f020 ra=0x11c070 list=0x22bbc0 count=1
[sceSifSetDma:DESC] i=0 src=0xd67540 dst=0x10000 size=0x10000 attr=0x0 pc=0x10f020 ra=0x11c070
[sceSifSetDma:CALL] pc=0x10f020 ra=0x11c070 list=0x22bbc0 count=1
[sceSifSetDma:DESC] i=0 src=0xd77540 dst=0x10000 size=0x10000 attr=0x0 pc=0x10f020 ra=0x11c070
[sceSifSetDma:CALL] pc=0x10f020 ra=0x11c070 list=0x22bbc0 count=1
[frame:upload] idx=48 tick=525 displayFbp=70 sourceFbp=70 size=640x448 preferred=0[sceSifSetDma:DESC] i=
0 src=0xd87540 dst=0x10000 size=0x10000 attr=0x0 pc=0x10f020 ra=0x11c070
[sceSifSetDma:CALL] pc=0x10f020 ra=0x11c070 list=0x22bbc0 count=1
[sceSifSetDma:DESC] i=0 src=0xd97540 dst=0x10000 size=0x10000 attr=0x0 pc=0x10f020 ra=0x11c070
[sceSifSetDma:CALL] pc=0x10f020 ra=0x11c070 list=0x22bbc0 count=1
[sceSifSetDma:DESC] i=0 src=0xda7540 dst=0x10000 size=0x10000 attr=0x0 pc=0x10f020 ra=0x11c070
[sceSifSetDma:CALL] pc=0x10f020 ra=0x11c070 list=0x22bbc0 count=1
[sceSifSetDma:DESC] i=0 src=0xdb7540 dst=0x10000 size=0x10000 attr=0x0 pc=0x10f020 ra=0x11c070
[sceSifSetDma:CALL] pc=0x10f020 ra=0x11c070 list=0x22bbc0 count=1
[sceSifSetDma:DESC] i=0 src=0xdc7540 dst=0x10000 size=0x10000 attr=0x0 pc=0x10f020 ra=0x11c070
[sceSifSetDma:CALL] pc=0x10f020 ra=0x11c070 list=0x22bbc0 count=1
[sceSifSetDma:DESC] i=0 src=0xdd7540 dst=0x10000 size=0x10000 attr=0x0 pc=0x10f020 ra=0x11c070
[sceSifSetDma:CALL] pc=0x10f020 ra=0x11c070 list=0x22bbc0 count=1
[sceSifSetDma:DESC] i=0 src=0xde7540 dst=0x10000 size=0xe740 attr=0x0 pc=0x10f020 ra=0x11c070
[p4:malloc] size=0x000002f0 ra=0x0014bfc8
[WaitSema:wake] tid=3 sid=1 ret=1 count=0
[WaitSema:wake] tid=3 sid=7 ret=7 count=0
[WaitSema:wake] tid=1 sid=1 ret=1 count=0
[WaitSema:wake] tid=3 sid=7 ret=7 count=0
[WaitSema:wake] tid=3 sid=7 ret=7 count=0
[WaitSema:wake] tid=3 sid=7 ret=7 count=0
[WaitSema:wake] tid=3 sid=7 ret=7 count=0
[WaitSema:wake] tid=3 sid=7 ret=7 count=0
[WaitSema:wake] tid=3 sid=7 ret=7 count=0
[WaitSema:block] tid=3 sid=7 pc=0x10eca0 ra=0x1b4a9c
[frame:upload] idx=49 tick=526 displayFbp=70 sourceFbp=70 size=640x448 preferred=0
[gzmfs] SEEK fd=0 off=43862016 whence=0 -> pos=43862016
[frame:upload] idx=50 tick=527 displayFbp=0 sourceFbp=0 size=640x448 preferred=0
[gzmfs] READ fd=0 pos=43862016 len=752 -> 752 dst=0x00DF67E0
[p4:malloc] size=0x00001800 ra=0x00157d68
[p4:malloc] size=0x0000000c ra=0x00157da0
[p4:malloc] size=0x00001390 ra=0x00157dc0
[p4:malloc] size=0x000008c4 ra=0x0014c040
[WaitSema:wake] tid=1 sid=1 ret=1 count=0
[WaitSema:wake] tid=1 sid=1 ret=1 count=0
[WaitSema:wake] tid=1 sid=1 ret=1 count=0
[WaitSema:wake] tid=1 sid=1 ret=1 count=0
[WaitSema:wake] tid=1 sid=1 ret=1 count=0
[frame:upload] idx=51 tick=530 displayFbp=70 sourceFbp=70 size=640x448 preferred=0
[gzmfs] SEEK fd=0 off=49186816 whence=0 -> pos=49186816
[frame:upload] idx=52 tick=532 displayFbp=70 sourceFbp=70 size=640x448 preferred=0
[gzmfs] READ fd=0 pos=49186816 len=2244 -> 2244 dst=0x00DF96A0
[frame:upload] idx=53 tick=533 displayFbp=0 sourceFbp=0 size=640x448 preferred=0
[p4:malloc] size=0x000093e0 ra=0x0014c0c8
[gzmfs] SEEK fd=0 off=96229376 whence=0 -> pos=96229376
[WaitSema:wake] tid=1 sid=1 ret=1 count=0
[frame:upload] idx=54 tick=536 displayFbp=70 sourceFbp=70 size=640x448 preferred=0
[gzmfs] READ fd=0 pos=96229376 len=37856 -> 37856 dst=0x00DF9F70
[p4:malloc] size=0x00006bd0 ra=0x0014c144
[gzmfs] SEEK fd=0 off=96200704 whence=0 -> pos=96200704
[WaitSema:wake] tid=1 sid=1 ret=1 count=0
[frame:upload] idx=55 tick=539 displayFbp=0 sourceFbp=0 size=640x448 preferred=0
[gzmfs] READ fd=0 pos=96200704 len=27600 -> 27600 dst=0x00E03360
[frame:upload] idx=56 tick=542 displayFbp=0 sourceFbp=0 size=640x448 preferred=0
[p4:malloc] size=0x00000134 ra=0x0014c1c0
[gzmfs] SEEK fd=0 off=96198656 whence=0 -> pos=96198656
[WaitSema:wake] tid=1 sid=1 ret=1 count=0
[frame:upload] idx=57 tick=545 displayFbp=70 sourceFbp=70 size=640x448 preferred=0
[gzmfs] READ fd=0 pos=96198656 len=308 -> 308 dst=0x00E09F40
[frame:upload] idx=58 tick=548 displayFbp=0 sourceFbp=0 size=640x448 preferred=0
[p4:malloc] size=0x0002fb90 ra=0x001337cc
[gzmfs] SEEK fd=0 off=47202304 whence=0 -> pos=47202304
[WaitSema:wake] tid=1 sid=1 ret=1 count=0
[frame:upload] idx=59 tick=551 displayFbp=70 sourceFbp=70 size=640x448 preferred=0
[gzmfs] READ fd=0 pos=47202304 len=195472 -> 195472 dst=0x00E0A080
        ... [96,892 more [frame:upload] lines elided by export_logs.py] ...
[p4:new2] size=0x00000008 ra=0x00135764
[p4:malloc] size=0x00000008 ra=0x001006bc
[p4:new2] size=0x00000008 ra=0x00135764
[p4:malloc] size=0x00000008 ra=0x001006bc
[p4:new2] size=0x00000008 ra=0x00135764
[p4:malloc] size=0x00000008 ra=0x001006bc
[p4:new2] size=0x00000008 ra=0x00135764
[p4:malloc] size=0x00000008 ra=0x001006bc
[WaitSema:wake] tid=1 sid=1 ret=1 count=0
[WaitSema:wake] tid=1 sid=1 ret=1 count=0
[WaitSema:wake] tid=1 sid=1 ret=1 count=0
[WaitSema:wake] tid=1 sid=1 ret=1 count=0
[WaitSema:wake] tid=1 sid=1 ret=1 count=0
[p4:malloc] size=0x0002c790 ra=0x001337cc
[gzmfs] SEEK fd=0 off=415744 whence=0 -> pos=415744
[WaitSema:wake] tid=1 sid=1 ret=1 count=0
[gzmfs] READ fd=0 pos=415744 len=182160 -> 182160 dst=0x00E0A0C0
[p4:new2] size=0x00000008 ra=0x00135764
[p4:malloc] size=0x00000008 ra=0x001006bc
[p4:new2] size=0x00000008 ra=0x00135764
[p4:malloc] size=0x00000008 ra=0x001006bc
[p4:new2] size=0x00000008 ra=0x00135764
[p4:malloc] size=0x00000008 ra=0x001006bc
[p4:new2] size=0x00000008 ra=0x00135764
[p4:malloc] size=0x00000008 ra=0x001006bc
[WaitSema:wake] tid=1 sid=1 ret=1 count=0
[WaitSema:wake] tid=1 sid=1 ret=1 count=0
[WaitSema:wake] tid=1 sid=1 ret=1 count=0
[WaitSema:wake] tid=1 sid=1 ret=1 count=0
[WaitSema:wake] tid=1 sid=1 ret=1 count=0
[p4:vbl] ticks=600\n[SignalSema] tid=-1 sid=9 count=0->1 ret=9
[run:tick] tick=600 pc=0x14c9b0 ra=0x14c9b0 sp=0x1ff7f30 gp=0x22c0f0 dispfb1=0x1400 display1=0x1bf27f00000000 activeThreads=3 dma=2975 gif=391 gsw=0 vif=18
[run:tick] tick=720 pc=0x10f1d0 ra=0x10f1c4 sp=0x1ff7ec0 gp=0x22c0f0 dispfb1=0x1400 display1=0x1bf27f00000000 activeThreads=3 dma=4282 gif=502 gsw=0 vif=18
[run:tick] tick=840 pc=0x14c9b0 ra=0x14c9b0 sp=0x1ff7f30 gp=0x22c0f0 dispfb1=0x1400 display1=0x1bf27f00000000 activeThreads=3 dma=5706 gif=614 gsw=0 vif=18
[p4:vbl] ticks=900\n[p4:isig] sid=9
[run:tick] tick=960 pc=0x14c9b0 ra=0x14c9b0 sp=0x1ff7f30 gp=0x22c0f0 dispfb1=0x1400 display1=0x1bf27f00000000 activeThreads=3 dma=7475 gif=643 gsw=0 vif=18
[run:tick] tick=1080 pc=0x14c9b0 ra=0x14c9b0 sp=0x1ff7f30 gp=0x22c0f0 dispfb1=0x1400 display1=0x1bf27f00000000 activeThreads=3 dma=9305 gif=673 gsw=0 vif=18
[run:tick] tick=1200 pc=0x14c9b0 ra=0x14c9b0 sp=0x1ff7f30 gp=0x22c0f0 dispfb1=0x1400 display1=0x1bf27f00000000 activeThreads=3 dma=11135 gif=703 gsw=0 vif=18
[run:tick] tick=1320 pc=0x14c9b0 ra=0x14c9b0 sp=0x1ff7f30 gp=0x22c0f0 dispfb1=0x1400 display1=0x1bf27f00000000 activeThreads=3 dma=12965 gif=733 gsw=0 vif=18
[run:tick] tick=1440 pc=0x14c9b0 ra=0x14c9b0 sp=0x1ff7f30 gp=0x22c0f0 dispfb1=0x1400 display1=0x1bf27f00000000 activeThreads=3 dma=14795 gif=763 gsw=0 vif=18
[run:tick] tick=1560 pc=0x14c9b0 ra=0x14c9b0 sp=0x1ff7f30 gp=0x22c0f0 dispfb1=0x1400 display1=0x1bf27f00000000 activeThreads=3 dma=16503 gif=791 gsw=0 vif=18
[p4:vbl] ticks=1200\n[p4:isig] sid=9
[run:tick] tick=1680 pc=0x14c9b0 ra=0x14c9b0 sp=0x1ff7f30 gp=0x22c0f0 dispfb1=0x1400 display1=0x1bf27f00000000 activeThreads=3 dma=18333 gif=821 gsw=0 vif=18
[run:tick] tick=1800 pc=0x14c9b0 ra=0x14c9b0 sp=0x1ff7f30 gp=0x22c0f0 dispfb1=0x1400 display1=0x1bf27f00000000 activeThreads=3 dma=20102 gif=850 gsw=0 vif=18
[run:tick] tick=1920 pc=0x14c9b0 ra=0x14c9b0 sp=0x1ff7f30 gp=0x22c0f0 dispfb1=0x1400 display1=0x1bf27f00000000 activeThreads=3 dma=21810 gif=878 gsw=0 vif=18
[run:tick] tick=2040 pc=0x14c9b0 ra=0x14c9b0 sp=0x1ff7f30 gp=0x22c0f0 dispfb1=0x1400 display1=0x1bf27f00000000 activeThreads=3 dma=23701 gif=909 gsw=0 vif=18
[run:tick] tick=2160 pc=0x14c9b0 ra=0x14c9b0 sp=0x1ff7f30 gp=0x22c0f0 dispfb1=0x1400 display1=0x1bf27f00000000 activeThreads=3 dma=25592 gif=940 gsw=0 vif=18
[p4:vbl] ticks=1500\n[p4:isig] sid=9
[p4:new2] size=0x00000054 ra=0x001b4bf4
[p4:malloc] size=0x00000054 ra=0x001006bc
[p4:new2] size=0x00000150 ra=0x001a6bd0
[p4:malloc] size=0x00000150 ra=0x001006bc
[WaitSema:wake] tid=1 sid=1 ret=1 count=0
[WaitSema:wake] tid=1 sid=1 ret=1 count=0
[gzmfs] OPEN fd=1 '\SOUND\GZMVS.RBB;1' -> '<path>' size=110594048
[gzmfs] READ fd=1 pos=0 len=8 -> 8 dst=0x00E0A130
[gzmfs] READ fd=1 pos=8 len=8 -> 8 dst=0x00E0A130
[p4:new2] size=0x00000070 ra=0x00100540
[p4:malloc] size=0x00000070 ra=0x001006bc
[gzmfs] READ fd=1 pos=16 len=112 -> 112 dst=0x00E0A2C0
[gzmfs] READ fd=1 pos=128 len=8 -> 8 dst=0x00E0A130
[p4:new2] size=0x00001b70 ra=0x00100540
[p4:malloc] size=0x00001b70 ra=0x001006bc
[gzmfs] READ fd=1 pos=136 len=7024 -> 7024 dst=0x00E0A2C0
[gzmfs] READ fd=1 pos=7160 len=8 -> 8 dst=0x00E0A130
[WaitSema:wake] tid=1 sid=1 ret=1 count=0
[WaitSema:wake] tid=1 sid=1 ret=1 count=0
[WaitSema:wake] tid=1 sid=1 ret=1 count=0
[dispatch:pc-zero] from=0x152c78 fromRa=0x152c78 ra=0x0 sp=0x1ff7f70 gp=0x22c0f0 trace=[p4:isig] sid=9
0x1a6170 -> 0x1a7230 -> 0x1a6c60 -> 0x1d4078 -> 0x1a6170 -> 0x1a7230 -> 0x1a6c60 -> 0x1d4078 -> 0x100530 -> 0x100630 -> 0x1d0918 -> 0x1d1760 -> 0x10eb50 -> 0x10eca0 -> 0x1d0c10 -> 0x1d1760 -> 0x10eb50 -> 0x1d17e0 -> 0x1d17e0 -> 0x10ec80 -> 0x1a6170 -> 0x1a7230 -> 0x1a6c60 -> 0x1d4078 -> 0x100480 -> 0x1d0970 -> 0x1d1760 -> 0x10eb50 -> 0x10eca0 -> 0x1cfaf0 -> 0x1d1760 -> 0x10eb50 -> 0x1d17e0 -> 0x1d17e0 -> 0x10ec80 -> 0x1a6170 -> 0x1a7230 -> 0x1a6c60 -> 0x1d4078 -> 0x1d4078 -> 0x100530 -> 0x100630 -> 0x1d0918 -> 0x1d1760 -> 0x10eb50 -> 0x10eca0 -> 0x1d0c10 -> 0x1d1760 -> 0x10eb50 -> 0x1d17e0 -> 0x1d17e0 -> 0x10ec80 -> 0x1a6170 -> 0x1a7230 -> 0x1a6c60 -> 0x1d4078 -> 0x1d4078 -> 0x1a6170 -> 0x1a7230 -> 0x1a6c60 -> 0x1d4078 -> 0x1d4078 -> 0x1d4078 -> 0x1d4078
[p4:deathstack] sp=0x01ff7f70: -32:001006bc -24:00000000 -16:008dcb00 -08:00000000 +00:00000000 +08:00000000 +16:001b4bf4 +24:5d52482b +32:00000000 +40:0002c790 +48:008dcb00 +56:00000000 +64:00152c80
[p4:deathring] 001a6170 001a7230 001a6c60 001d4078 001a6170 001a7230 001a6c60 001d4078 00100530 00100630 001d0918 001d1760 0010eb50 0010eca0 001d0c10 001d1760 0010eb50 001d17e0 001d17e0 0010ec80 001a6170 001a7230 001a6c60 001d4078 00100480 001d0970 001d1760 0010eb50 0010eca0 001cfaf0 001d1760 0010eb50 001d17e0 001d17e0 0010ec80 001a6170 001a7230 001a6c60 001d4078 001d4078 00100530 00100630 001d0918 001d1760 0010eb50 0010eca0 001d0c10 001d1760 0010eb50 001d17e0 001d17e0 0010ec80 001a6170 001a7230 001a6c60 001d4078 001d4078 001a6170 001a7230 001a6c60 001d4078 001d4078 001d4078 001d4078
Game thread returned. PC=0x152c78 RA=0x0
[run:tick] tick=2280 pc=0x152c78 ra=0x152c78 sp=0x1ff7fc0 gp=0x22c0f0 dispfb1=0x1400 display1=0x1bf27f00000000 activeThreads=2 dma=27434 gif=984 gsw=0 vif=18
[p4:vbl] ticks=1800\n[p4:isig] sid=9
[p4:vbl] ticks=2100\n[p4:isig] sid=9
[p4:vbl] ticks=2400\n[p4:isig] sid=9
[run:tick] tick=2400 pc=0x152c78 ra=0x152c78 sp=0x1ff7fc0 gp=0x22c0f0 dispfb1=0x1400 display1=0x1bf27f00000000 activeThreads=2 dma=28299 gif=1849 gsw=0 vif=18
[run:tick] tick=2520 pc=0x152c78 ra=0x152c78 sp=0x1ff7fc0 gp=0x22c0f0 dispfb1=0x1400 display1=0x1bf27f00000000 activeThreads=2 dma=28419 gif=1969 gsw=0 vif=18
[run:tick] tick=2640 pc=0x152c78 ra=0x152c78 sp=0x1ff7fc0 gp=0x22c0f0 dispfb1=0x1400 display1=0x1bf27f00000000 activeThreads=2 dma=28539 gif=2089 gsw=0 vif=18
[p4:vbl] ticks=2700\n[p4:isig] sid=9
[run:tick] tick=2760 pc=0x152c78 ra=0x152c78 sp=0x1ff7fc0 gp=0x22c0f0 dispfb1=0x1400 display1=0x1bf27f00000000 activeThreads=2 dma=28659 gif=2209 gsw=0 vif=18
[run:tick] tick=2880 pc=0x152c78 ra=0x152c78 sp=0x1ff7fc0 gp=0x22c0f0 dispfb1=0x1400 display1=0x1bf27f00000000 activeThreads=2 dma=28779 gif=2329 gsw=0 vif=18
[p4:vbl] ticks=3000\n[p4:isig] sid=9
[run:tick] tick=3000 pc=0x152c78 ra=0x152c78 sp=0x1ff7fc0 gp=0x22c0f0 dispfb1=0x1400 display1=0x1bf27f00000000 activeThreads=2 dma=28899 gif=2449 gsw=0 vif=18
[run:tick] tick=3120 pc=0x152c78 ra=0x152c78 sp=0x1ff7fc0 gp=0x22c0f0 dispfb1=0x1400 display1=0x1bf27f00000000 activeThreads=2 dma=29019 gif=2569 gsw=0 vif=18
[run:tick] tick=3240 pc=0x152c78 ra=0x152c78 sp=0x1ff7fc0 gp=0x22c0f0 dispfb1=0x1400 display1=0x1bf27f00000000 activeThreads=2 dma=29139 gif=2689 gsw=0 vif=18
[p4:vbl] ticks=3300\n[p4:isig] sid=9
[run:tick] tick=3360 pc=0x152c78 ra=0x152c78 sp=0x1ff7fc0 gp=0x22c0f0 dispfb1=0x1400 display1=0x1bf27f00000000 activeThreads=2 dma=29259 gif=2809 gsw=0 vif=18
[run:tick] tick=3480 pc=0x152c78 ra=0x152c78 sp=0x1ff7fc0 gp=0x22c0f0 dispfb1=0x1400 display1=0x1bf27f00000000 activeThreads=2 dma=29379 gif=2929 gsw=0 vif=18
[p4:vbl] ticks=3600\n[p4:isig] sid=9
[run:tick] tick=3600 pc=0x152c78 ra=0x152c78 sp=0x1ff7fc0 gp=0x22c0f0 dispfb1=0x1400 display1=0x1bf27f00000000 activeThreads=2 dma=29499 gif=3049 gsw=0 vif=18
[run:tick] tick=3720 pc=0x152c78 ra=0x152c78 sp=0x1ff7fc0 gp=0x22c0f0 dispfb1=0x1400 display1=0x1bf27f00000000 activeThreads=2 dma=29619 gif=3169 gsw=0 vif=18
[run:tick] tick=3840 pc=0x152c78 ra=0x152c78 sp=0x1ff7fc0 gp=0x22c0f0 dispfb1=0x1400 display1=0x1bf27f00000000 activeThreads=2 dma=29739 gif=3289 gsw=0 vif=18
[p4:vbl] ticks=3900\n[p4:isig] sid=9
[run:tick] tick=3960 pc=0x152c78 ra=0x152c78 sp=0x1ff7fc0 gp=0x22c0f0 dispfb1=0x1400 display1=0x1bf27f00000000 activeThreads=2 dma=29859 gif=3409 gsw=0 vif=18
[run:tick] tick=4080 pc=0x152c78 ra=0x152c78 sp=0x1ff7fc0 gp=0x22c0f0 dispfb1=0x1400 display1=0x1bf27f00000000 activeThreads=2 dma=29979 gif=3529 gsw=0 vif=18
[p4:vbl] ticks=4200\n[p4:isig] sid=9
[run:tick] tick=4200 pc=0x152c78 ra=0x152c78 sp=0x1ff7fc0 gp=0x22c0f0 dispfb1=0x1400 display1=0x1bf27f00000000 activeThreads=2 dma=30099 gif=3649 gsw=0 vif=18
[run:tick] tick=4320 pc=0x152c78 ra=0x152c78 sp=0x1ff7fc0 gp=0x22c0f0 dispfb1=0x1400 display1=0x1bf27f00000000 activeThreads=2 dma=30219 gif=3769 gsw=0 vif=18
[run:tick] tick=4440 pc=0x152c78 ra=0x152c78 sp=0x1ff7fc0 gp=0x22c0f0 dispfb1=0x1400 display1=0x1bf27f00000000 activeThreads=2 dma=30340 gif=3890 gsw=0 vif=18
[p4:vbl] ticks=4500\n[p4:isig] sid=9
[run:tick] tick=4560 pc=0x152c78 ra=0x152c78 sp=0x1ff7fc0 gp=0x22c0f0 dispfb1=0x1400 display1=0x1bf27f00000000 activeThreads=2 dma=30460 gif=4010 gsw=0 vif=18
[run:tick] tick=4680 pc=0x152c78 ra=0x152c78 sp=0x1ff7fc0 gp=0x22c0f0 dispfb1=0x1400 display1=0x1bf27f00000000 activeThreads=2 dma=30580 gif=4130 gsw=0 vif=18
[p4:vbl] ticks=4800\n[p4:isig] sid=9
[run:tick] tick=4800 pc=0x152c78 ra=0x152c78 sp=0x1ff7fc0 gp=0x22c0f0 dispfb1=0x1400 display1=0x1bf27f00000000 activeThreads=2 dma=30700 gif=4250 gsw=0 vif=18
[run:tick] tick=4920 pc=0x152c78 ra=0x152c78 sp=0x1ff7fc0 gp=0x22c0f0 dispfb1=0x1400 display1=0x1bf27f00000000 activeThreads=2 dma=30820 gif=4370 gsw=0 vif=18
[run:tick] tick=5040 pc=0x152c78 ra=0x152c78 sp=0x1ff7fc0 gp=0x22c0f0 dispfb1=0x1400 display1=0x1bf27f00000000 activeThreads=2 dma=30940 gif=4490 gsw=0 vif=18
[p4:vbl] ticks=5100\n[p4:isig] sid=9
[run:tick] tick=5160 pc=0x152c78 ra=0x152c78 sp=0x1ff7fc0 gp=0x22c0f0 dispfb1=0x1400 display1=0x1bf27f00000000 activeThreads=2 dma=31060 gif=4610 gsw=0 vif=18
[run:tick] tick=5280 pc=0x152c78 ra=0x152c78 sp=0x1ff7fc0 gp=0x22c0f0 dispfb1=0x1400 display1=0x1bf27f00000000 activeThreads=2 dma=31180 gif=4730 gsw=0 vif=18
[p4:vbl] ticks=5400\n[p4:isig] sid=9
[run:tick] tick=5400 pc=0x152c78 ra=0x152c78 sp=0x1ff7fc0 gp=0x22c0f0 dispfb1=0x1400 display1=0x1bf27f00000000 activeThreads=2 dma=31300 gif=4850 gsw=0 vif=18
[run:tick] tick=5520 pc=0x152c78 ra=0x152c78 sp=0x1ff7fc0 gp=0x22c0f0 dispfb1=0x1400 display1=0x1bf27f00000000 activeThreads=2 dma=31420 gif=4970 gsw=0 vif=18
[run:tick] tick=5640 pc=0x152c78 ra=0x152c78 sp=0x1ff7fc0 gp=0x22c0f0 dispfb1=0x1400 display1=0x1bf27f00000000 activeThreads=2 dma=31541 gif=5091 gsw=0 vif=18
[p4:vbl] ticks=5700\n[p4:isig] sid=9
[run:tick] tick=5760 pc=0x152c78 ra=0x152c78 sp=0x1ff7fc0 gp=0x22c0f0 dispfb1=0x1400 display1=0x1bf27f00000000 activeThreads=2 dma=31661 gif=5211 gsw=0 vif=18
[run:tick] tick=5880 pc=0x152c78 ra=0x152c78 sp=0x1ff7fc0 gp=0x22c0f0 dispfb1=0x1400 display1=0x1bf27f00000000 activeThreads=2 dma=31781 gif=5331 gsw=0 vif=18
[p4:vbl] ticks=6000\n[p4:isig] sid=9
[run:tick] tick=6000 pc=0x152c78 ra=0x152c78 sp=0x1ff7fc0 gp=0x22c0f0 dispfb1=0x1400 display1=0x1bf27f00000000 activeThreads=2 dma=31901 gif=5451 gsw=0 vif=18
[run:tick] tick=6120 pc=0x152c78 ra=0x152c78 sp=0x1ff7fc0 gp=0x22c0f0 dispfb1=0x1400 display1=0x1bf27f00000000 activeThreads=2 dma=32021 gif=5571 gsw=0 vif=18
[run:tick] tick=6240 pc=0x152c78 ra=0x152c78 sp=0x1ff7fc0 gp=0x22c0f0 dispfb1=0x1400 display1=0x1bf27f00000000 activeThreads=2 dma=32141 gif=5691 gsw=0 vif=18
[p4:vbl] ticks=6300\n[p4:isig] sid=9
[run:tick] tick=6360 pc=0x152c78 ra=0x152c78 sp=0x1ff7fc0 gp=0x22c0f0 dispfb1=0x1400 display1=0x1bf27f00000000 activeThreads=2 dma=32261 gif=5811 gsw=0 vif=18
[run:tick] tick=6480 pc=0x152c78 ra=0x152c78 sp=0x1ff7fc0 gp=0x22c0f0 dispfb1=0x1400 display1=0x1bf27f00000000 activeThreads=2 dma=32381 gif=5931 gsw=0 vif=18
[p4:vbl] ticks=6600\n[p4:isig] sid=9
[run:tick] tick=6600 pc=0x152c78 ra=0x152c78 sp=0x1ff7fc0 gp=0x22c0f0 dispfb1=0x1400 display1=0x1bf27f00000000 activeThreads=2 dma=32501 gif=6051 gsw=0 vif=18
[run:tick] tick=6720 pc=0x152c78 ra=0x152c78 sp=0x1ff7fc0 gp=0x22c0f0 dispfb1=0x1400 display1=0x1bf27f00000000 activeThreads=2 dma=32621 gif=6171 gsw=0 vif=18
[run:tick] tick=6840 pc=0x152c78 ra=0x152c78 sp=0x1ff7fc0 gp=0x22c0f0 dispfb1=0x1400 display1=0x1bf27f00000000 activeThreads=2 dma=32741 gif=6291 gsw=0 vif=18
[p4:vbl] ticks=6900\n[p4:isig] sid=9
[run:tick] tick=6960 pc=0x152c78 ra=0x152c78 sp=0x1ff7fc0 gp=0x22c0f0 dispfb1=0x1400 display1=0x1bf27f00000000 activeThreads=2 dma=32862 gif=6412 gsw=0 vif=18
[run:tick] tick=7080 pc=0x152c78 ra=0x152c78 sp=0x1ff7fc0 gp=0x22c0f0 dispfb1=0x1400 display1=0x1bf27f00000000 activeThreads=2 dma=32982 gif=6532 gsw=0 vif=18
[p4:vbl] ticks=7200\n[p4:isig] sid=9
[run:tick] tick=7200 pc=0x152c78 ra=0x152c78 sp=0x1ff7fc0 gp=0x22c0f0 dispfb1=0x1400 display1=0x1bf27f00000000 activeThreads=2 dma=33102 gif=6652 gsw=0 vif=18
        ... [722 more [run:tick] lines elided by export_logs.py] ...
[p4:vbl] ticks=7500\n[p4:isig] sid=9
[p4:vbl] ticks=7800\n[p4:isig] sid=9
[p4:vbl] ticks=8100\n[p4:isig] sid=9
[p4:vbl] ticks=8400\n[p4:isig] sid=9
[p4:vbl] ticks=8700\n[p4:isig] sid=9
[p4:vbl] ticks=9000\n[p4:isig] sid=9
[p4:vbl] ticks=9300\n[p4:isig] sid=9
[p4:vbl] ticks=9600\n[p4:isig] sid=9
[p4:vbl] ticks=9900\n[p4:isig] sid=9
[p4:vbl] ticks=10200\n[p4:isig] sid=9
[p4:vbl] ticks=10500\n[p4:isig] sid=9
[p4:vbl] ticks=10800\n[p4:isig] sid=9
[p4:vbl] ticks=11100\n[p4:isig] sid=9
[p4:vbl] ticks=11400\n[p4:isig] sid=9
[p4:vbl] ticks=11700\n[p4:isig] sid=9
[p4:vbl] ticks=12000\n[p4:isig] sid=9
[p4:vbl] ticks=12300\n[p4:isig] sid=9
[p4:vbl] ticks=12600\n[p4:isig] sid=9
[p4:vbl] ticks=12900\n[p4:isig] sid=9
[p4:vbl] ticks=13200\n[p4:isig] sid=9
[p4:vbl] ticks=13500\n[p4:isig] sid=9
[p4:vbl] ticks=13800\n[p4:isig] sid=9
[p4:vbl] ticks=14100\n[p4:isig] sid=9
[p4:vbl] ticks=14400\n[p4:isig] sid=9
[p4:vbl] ticks=14700\n[p4:isig] sid=9
[p4:vbl] ticks=15000\n[p4:isig] sid=9
[p4:vbl] ticks=15300\n[p4:isig] sid=9
[p4:vbl] ticks=15600\n[p4:isig] sid=9
[p4:vbl] ticks=15900\n[p4:isig] sid=9
[p4:vbl] ticks=16200\n[p4:isig] sid=9
[p4:vbl] ticks=16500\n[p4:isig] sid=9
[p4:vbl] ticks=16800\n[p4:isig] sid=9
[p4:vbl] ticks=17100\n[p4:isig] sid=9
[p4:vbl] ticks=17400\n[p4:isig] sid=9
[p4:vbl] ticks=17700\n[p4:isig] sid=9
[p4:vbl] ticks=18000\n[p4:isig] sid=9
        ... [217 more [p4:vbl] lines elided by export_logs.py] ...
42070 displayFbp=70 sourceFbp=70 size=640x448 preferred=0
42245 displayFbp=0 sourceFbp=0 size=640x448 preferred=0
[p4:vbl] ticks=83400\n[p4:isig] sid=9
[p4:vbl] ticks=83700\n[p4:isig] sid=9
[p4:vbl] ticks=84000\n[p4:isig] sid=9
[p4:vbl] ticks=84300\n[p4:isig] sid=9
[p4:vbl] ticks=84600\n[p4:isig] sid=9
[p4:vbl] ticks=84900\n[p4:isig] sid=9
[p4:vbl] ticks=85200\n[p4:isig] sid=9
[p4:vbl] ticks=85500\n[p4:isig] sid=9
[p4:vbl] ticks=85800\n[p4:isig] sid=9
[p4:vbl] ticks=86100\n[p4:isig] sid=9
[p4:vbl] ticks=86400\n[p4:isig] sid=9
[p4:vbl] ticks=86700\n[p4:isig] sid=9
[p4:vbl] ticks=87000\n[p4:isig] sid=9
[p4:vbl] ticks=87300\n[p4:isig] sid=9
[p4:vbl] ticks=87600\n[p4:isig] sid=9
[p4:vbl] ticks=87900\n[p4:isig] sid=9
[p4:vbl] ticks=88200\n[p4:isig] sid=9
[p4:vbl] ticks=88500\n[p4:isig] sid=9
[p4:vbl] ticks=88800\n[p4:isig] sid=9
[p4:vbl] ticks=89100\n[p4:isig] sid=9
[p4:vbl] ticks=89400\n[p4:isig] sid=9
[p4:vbl] ticks=89700\n[p4:isig] sid=9
[p4:vbl] ticks=90000\n[p4:isig] sid=9
[p4:vbl] ticks=90300\n[p4:isig] sid=9
[p4:vbl] ticks=90600\n[p4:isig] sid=9
[p4:vbl] ticks=90900\n[p4:isig] sid=9
[p4:vbl] ticks=91200\n[p4:isig] sid=9
[p4:vbl] ticks=91500\n[p4:isig] sid=9
[p4:vbl] ticks=91800\n[p4:isig] sid=9
[p4:vbl] ticks=92100\n[p4:isig] sid=9
[p4:vbl] ticks=92400\n[p4:isig] sid=9
[p4:vbl] ticks=92700\n[p4:isig] sid=9
[p4:vbl] ticks=93000\n[p4:isig] sid=9
[p4:vbl] ticks=93300\n[p4:isig] sid=9
[p4:vbl] ticks=93600\n[p4:isig] sid=9
[p4:vbl] ticks=93900\n[p4:isig] sid=9
[run:tick] tick=93960 pc=0x152c78 ra=0x152c78 sp=0x1ff7fc0 gp=0x22c0f0 dispfb1=0x1400 display1=0x1bf27f00000000 activeThreads=2 dma=119892 gif=93442 gsw=0 vif=18
[run:tick] tick=94080 pc=0x152c78 ra=0x152c78 sp=0x1ff7fc0 gp=0x22c0f0 dispfb1=0x1400 display1=0x1bf27f00000000 activeThreads=2 dma=120012 gif=93562 gsw=0 vif=18
[p4:vbl] ticks=94200\n[p4:isig] sid=9
[run:tick] tick=94200 pc=0x152c78 ra=0x152c78 sp=0x1ff7fc0 gp=0x22c0f0 dispfb1=0x1400 display1=0x1bf27f00000000 activeThreads=2 dma=120132 gif=93682 gsw=0 vif=18
[run:tick] tick=94320 pc=0x152c78 ra=0x152c78 sp=0x1ff7fc0 gp=0x22c0f0 dispfb1=0x1400 display1=0x1bf27f00000000 activeThreads=2 dma=120252 gif=93802 gsw=0 vif=18
[run:tick] tick=94440 pc=0x152c78 ra=0x152c78 sp=0x1ff7fc0 gp=0x22c0f0 dispfb1=0x1400 display1=0x1bf27f00000000 activeThreads=2 dma=120372 gif=93922 gsw=0 vif=18
[p4:vbl] ticks=94500\n[p4:isig] sid=9
[run:tick] tick=94560 pc=0x152c78 ra=0x152c78 sp=0x1ff7fc0 gp=0x22c0f0 dispfb1=0x1400 display1=0x1bf27f00000000 activeThreads=2 dma=120492 gif=94042 gsw=0 vif=18
[run:tick] tick=94680 pc=0x152c78 ra=0x152c78 sp=0x1ff7fc0 gp=0x22c0f0 dispfb1=0x1400 display1=0x1bf27f00000000 activeThreads=2 dma=120612 gif=94162 gsw=0 vif=18
[p4:vbl] ticks=94800\n[p4:isig] sid=9
[run:tick] tick=94800 pc=0x152c78 ra=0x152c78 sp=0x1ff7fc0 gp=0x22c0f0 dispfb1=0x1400 display1=0x1bf27f00000000 activeThreads=2 dma=120732 gif=94282 gsw=0 vif=18
[run:tick] tick=94920 pc=0x152c78 ra=0x152c78 sp=0x1ff7fc0 gp=0x22c0f0 dispfb1=0x1400 display1=0x1bf27f00000000 activeThreads=2 dma=120852 gif=94402 gsw=0 vif=18
[run:tick] tick=95040 pc=0x152c78 ra=0x152c78 sp=0x1ff7fc0 gp=0x22c0f0 dispfb1=0x1400 display1=0x1bf27f00000000 activeThreads=2 dma=120972 gif=94522 gsw=0 vif=18
[p4:vbl] ticks=95100\n[p4:isig] sid=9
[run:tick] tick=95160 pc=0x152c78 ra=0x152c78 sp=0x1ff7fc0 gp=0x22c0f0 dispfb1=0x1400 display1=0x1bf27f00000000 activeThreads=2 dma=121092 gif=94642 gsw=0 vif=18
[run:tick] tick=95280 pc=0x152c78 ra=0x152c78 sp=0x1ff7fc0 gp=0x22c0f0 dispfb1=0x1400 display1=0x1bf27f00000000 activeThreads=2 dma=121212 gif=94762 gsw=0 vif=18
[p4:vbl] ticks=95400\n[p4:isig] sid=9
[run:tick] tick=95400 pc=0x152c78 ra=0x152c78 sp=0x1ff7fc0 gp=0x22c0f0 dispfb1=0x1400 display1=0x1bf27f00000000 activeThreads=2 dma=121332 gif=94882 gsw=0 vif=18
[run:tick] tick=95520 pc=0x152c78 ra=0x152c78 sp=0x1ff7fc0 gp=0x22c0f0 dispfb1=0x1400 display1=0x1bf27f00000000 activeThreads=2 dma=121452 gif=95002 gsw=0 vif=18
[run:tick] tick=95640 pc=0x152c78 ra=0x152c78 sp=0x1ff7fc0 gp=0x22c0f0 dispfb1=0x1400 display1=0x1bf27f00000000 activeThreads=2 dma=121572 gif=95122 gsw=0 vif=18
[p4:vbl] ticks=95700\n[p4:isig] sid=9
[run:tick] tick=95760 pc=0x152c78 ra=0x152c78 sp=0x1ff7fc0 gp=0x22c0f0 dispfb1=0x1400 display1=0x1bf27f00000000 activeThreads=2 dma=121692 gif=95242 gsw=0 vif=18
[run:tick] tick=95880 pc=0x152c78 ra=0x152c78 sp=0x1ff7fc0 gp=0x22c0f0 dispfb1=0x1400 display1=0x1bf27f00000000 activeThreads=2 dma=121812 gif=95362 gsw=0 vif=18
[p4:vbl] ticks=96000\n[p4:isig] sid=9
[run:tick] tick=96000 pc=0x152c78 ra=0x152c78 sp=0x1ff7fc0 gp=0x22c0f0 dispfb1=0x1400 display1=0x1bf27f00000000 activeThreads=2 dma=121932 gif=95482 gsw=0 vif=18
[run:tick] tick=96120 pc=0x152c78 ra=0x152c78 sp=0x1ff7fc0 gp=0x22c0f0 dispfb1=0x1400 display1=0x1bf27f00000000 activeThreads=2 dma=122052 gif=95602 gsw=0 vif=18
[run:tick] tick=96240 pc=0x152c78 ra=0x152c78 sp=0x1ff7fc0 gp=0x22c0f0 dispfb1=0x1400 display1=0x1bf27f00000000 activeThreads=2 dma=122173 gif=95723 gsw=0 vif=18
[p4:vbl] ticks=96300\n[p4:isig] sid=9
[run:tick] tick=96360 pc=0x152c78 ra=0x152c78 sp=0x1ff7fc0 gp=0x22c0f0 dispfb1=0x1400 display1=0x1bf27f00000000 activeThreads=2 dma=122293 gif=95843 gsw=0 vif=18
[run:tick] tick=96480 pc=0x152c78 ra=0x152c78 sp=0x1ff7fc0 gp=0x22c0f0 dispfb1=0x1400 display1=0x1bf27f00000000 activeThreads=2 dma=122413 gif=95963 gsw=0 vif=18
[p4:vbl] ticks=96600\n[p4:isig] sid=9
[run:tick] tick=96600 pc=0x152c78 ra=0x152c78 sp=0x1ff7fc0 gp=0x22c0f0 dispfb1=0x1400 display1=0x1bf27f00000000 activeThreads=2 dma=122533 gif=96083 gsw=0 vif=18
[run:tick] tick=96720 pc=0x152c78 ra=0x152c78 sp=0x1ff7fc0 gp=0x22c0f0 dispfb1=0x1400 display1=0x1bf27f00000000 activeThreads=2 dma=122653 gif=96203 gsw=0 vif=18
[run:tick] tick=96840 pc=0x152c78 ra=0x152c78 sp=0x1ff7fc0 gp=0x22c0f0 dispfb1=0x1400 display1=0x1bf27f00000000 activeThreads=2 dma=122773 gif=96323 gsw=0 vif=18
[p4:vbl] ticks=96900\n[p4:isig] sid=9
[run:tick] tick=96960 pc=0x152c78 ra=0x152c78 sp=0x1ff7fc0 gp=0x22c0f0 dispfb1=0x1400 display1=0x1bf27f00000000 activeThreads=2 dma=122893 gif=96443 gsw=0 vif=18
[run:tick] tick=97080 pc=0x152c78 ra=0x152c78 sp=0x1ff7fc0 gp=0x22c0f0 dispfb1=0x1400 display1=0x1bf27f00000000 activeThreads=2 dma=123013 gif=96563 gsw=0 vif=18
[p4:vbl] ticks=97200\n[p4:isig] sid=9
[run:tick] tick=97200 pc=0x152c78 ra=0x152c78 sp=0x1ff7fc0 gp=0x22c0f0 dispfb1=0x1400 display1=0x1bf27f00000000 activeThreads=2 dma=123133 gif=96683 gsw=0 vif=18
[run:tick] tick=97320 pc=0x152c78 ra=0x152c78 sp=0x1ff7fc0 gp=0x22c0f0 dispfb1=0x1400 display1=0x1bf27f00000000 activeThreads=2 dma=123253 gif=96803 gsw=0 vif=18
[run:tick] tick=97440 pc=0x152c78 ra=0x152c78 sp=0x1ff7fc0 gp=0x22c0f0 dispfb1=0x1400 display1=0x1bf27f00000000 activeThreads=2 dma=123373 gif=96923 gsw=0 vif=18
[p4:vbl] ticks=97500\n[p4:isig] sid=9
[run:tick] tick=97560 pc=0x152c78 ra=0x152c78 sp=0x1ff7fc0 gp=0x22c0f0 dispfb1=0x1400 display1=0x1bf27f00000000 activeThreads=2 dma=123493 gif=97043 gsw=0 vif=18
[run:tick] tick=97680 pc=0x152c78 ra=0x152c78 sp=0x1ff7fc0 gp=0x22c0f0 dispfb1=0x1400 display1=0x1bf27f00000000 activeThreads=2 dma=123613 gif=97163 gsw=0 vif=18
[p4:vbl] ticks=97800\n[p4:isig] sid=9
[run:tick] tick=97800 pc=0x152c78 ra=0x152c78 sp=0x1ff7fc0 gp=0x22c0f0 dispfb1=0x1400 display1=0x1bf27f00000000 activeThreads=2 dma=123733 gif=97283 gsw=0 vif=18
[run:tick] tick=97920 pc=0x152c78 ra=0x152c78 sp=0x1ff7fc0 gp=0x22c0f0 dispfb1=0x1400 display1=0x1bf27f00000000 activeThreads=2 dma=123853 gif=97403 gsw=0 vif=18
[run:tick] tick=98040 pc=0x152c78 ra=0x152c78 sp=0x1ff7fc0 gp=0x22c0f0 dispfb1=0x1400 display1=0x1bf27f00000000 activeThreads=2 dma=123973 gif=97523 gsw=0 vif=18
[p4:vbl] ticks=98100\n[p4:isig] sid=9
[run:tick] tick=98160 pc=0x152c78 ra=0x152c78 sp=0x1ff7fc0 gp=0x22c0f0 dispfb1=0x1400 display1=0x1bf27f00000000 activeThreads=2 dma=124093 gif=97643 gsw=0 vif=18
[run:tick] tick=98280 pc=0x152c78 ra=0x152c78 sp=0x1ff7fc0 gp=0x22c0f0 dispfb1=0x1400 display1=0x1bf27f00000000 activeThreads=2 dma=124213 gif=97763 gsw=0 vif=18
[p4:vbl] ticks=98400\n[p4:isig] sid=9
[run:tick] tick=98400 pc=0x152c78 ra=0x152c78 sp=0x1ff7fc0 gp=0x22c0f0 dispfb1=0x1400 display1=0x1bf27f00000000 activeThreads=2 dma=124333 gif=97883 gsw=0 vif=18
[run:tick] tick=98520 pc=0x152c78 ra=0x152c78 sp=0x1ff7fc0 gp=0x22c0f0 dispfb1=0x1400 display1=0x1bf27f00000000 activeThreads=2 dma=124453 gif=98003 gsw=0 vif=18
[run:tick] tick=98640 pc=0x152c78 ra=0x152c78 sp=0x1ff7fc0 gp=0x22c0f0 dispfb1=0x1400 display1=0x1bf27f00000000 activeThreads=2 dma=124573 gif=98123 gsw=0 vif=18
[p4:vbl] ticks=98700\n[p4:isig] sid=9
[run:tick] tick=98760 pc=0x152c78 ra=0x152c78 sp=0x1ff7fc0 gp=0x22c0f0 dispfb1=0x1400 display1=0x1bf27f00000000 activeThreads=2 dma=124694 gif=98244 gsw=0 vif=18
[run:tick] tick=98880 pc=0x152c78 ra=0x152c78 sp=0x1ff7fc0 gp=0x22c0f0 dispfb1=0x1400 display1=0x1bf27f00000000 activeThreads=2 dma=124814 gif=98364 gsw=0 vif=18
[p4:vbl] ticks=99000\n[p4:isig] sid=9
[run:tick] tick=99000 pc=0x152c78 ra=0x152c78 sp=0x1ff7fc0 gp=0x22c0f0 dispfb1=0x1400 display1=0x1bf27f00000000 activeThreads=2 dma=124934 gif=98484 gsw=0 vif=18
[run:tick] tick=99120 pc=0x152c78 ra=0x152c78 sp=0x1ff7fc0 gp=0x22c0f0 dispfb1=0x1400 display1=0x1bf27f00000000 activeThreads=2 dma=125054 gif=98604 gsw=0 vif=18
[run:tick] tick=99240 pc=0x152c78 ra=0x152c78 sp=0x1ff7fc0 gp=0x22c0f0 dispfb1=0x1400 display1=0x1bf27f00000000 activeThreads=2 dma=125174 gif=98724 gsw=0 vif=18
[p4:vbl] ticks=99300\n[p4:isig] sid=9
[run:tick] tick=99360 pc=0x152c78 ra=0x152c78 sp=0x1ff7fc0 gp=0x22c0f0 dispfb1=0x1400 display1=0x1bf27f00000000 activeThreads=2 dma=125294 gif=98844 gsw=0 vif=18
[run:tick] tick=99480 pc=0x152c78 ra=0x152c78 sp=0x1ff7fc0 gp=0x22c0f0 dispfb1=0x1400 display1=0x1bf27f00000000 activeThreads=2 dma=125414 gif=98964 gsw=0 vif=18
[p4:vbl] ticks=99600\n[p4:isig] sid=9
[run:tick] tick=99600 pc=0x152c78 ra=0x152c78 sp=0x1ff7fc0 gp=0x22c0f0 dispfb1=0x1400 display1=0x1bf27f00000000 activeThreads=2 dma=125534 gif=99084 gsw=0 vif=18
[SignalSema] tid=-1 sid=10 count=0->1 ret=10
[SignalSema] tid=-1 sid=10 count=0->1 ret=10
[SignalSema] tid=-1 sid=10 count=0->1 ret=10
[SignalSema] tid=-1 sid=10 count=0->1 ret=10
[run:tick] tick=99720 pc=0x152c78 ra=0x152c78 sp=0x1ff7fc0 gp=0x22c0f0 dispfb1=0x1400 display1=0x1bf27f00000000 activeThreads=2 dma=125654 gif=99204 gsw=0 vif=18
[SignalSema] tid=-1 sid=10 count=0->1 ret=10
[SignalSema] tid=-1 sid=10 count=0->1 ret=10
[SignalSema] tid=-1 sid=10 count=0->1 ret=10
[SignalSema] tid=-1 sid=10 count=0->1 ret=10
[SignalSema] tid=-1 sid=10 count=0->1 ret=10
[run:tick] tick=99840 pc=0x152c78 ra=0x152c78 sp=0x1ff7fc0 gp=0x22c0f0 dispfb1=0x1400 display1=0x1bf27f00000000 activeThreads=2 dma=125774 gif=99324 gsw=0 vif=18
[SignalSema] tid=-1 sid=10 count=0->1 ret=10
[p4:vbl] ticks=99900\n[p4:isig] sid=9
[SignalSema] tid=-1 sid=10 count=0->1 ret=10
[SignalSema] tid=-1 sid=10 count=0->1 ret=10
[SignalSema] tid=-1 sid=10 count=0->1 ret=10
[SignalSema] tid=-1 sid=10 count=0->1 ret=10
[run:tick] tick=99960 pc=0x152c78 ra=0x152c78 sp=0x1ff7fc0 gp=0x22c0f0 dispfb1=0x1400 display1=0x1bf27f00000000 activeThreads=2 dma=125894 gif=99444 gsw=0 vif=18
[SignalSema] tid=-1 sid=10 count=0->1 ret=10
[SignalSema] tid=-1 sid=10 count=0->1 ret=10
[SignalSema] tid=-1 sid=10 count=0->1 ret=10
[SignalSema] tid=-1 sid=10 count=0->1 ret=10
[run:tick] tick=100080 pc=0x152c78 ra=0x152c78 sp=0x1ff7fc0 gp=0x22c0f0 dispfb1=0x1400 display1=0x1bf27f00000000 activeThreads=2 dma=126014 gif=99564 gsw=0 vif=18
[SignalSema] tid=-1 sid=10 count=0->1 ret=10
[SignalSema] tid=-1 sid=10 count=0->1 ret=10
[SignalSema] tid=-1 sid=10 count=0->1 ret=10
[SignalSema] tid=-1 sid=10 count=0->1 ret=10
[p4:vbl] ticks=100200\n[p4:isig] sid=9
[SignalSema] tid=-1 sid=10 count=0->1 ret=10
[run:tick] tick=100200 pc=0x152c78 ra=0x152c78 sp=0x1ff7fc0 gp=0x22c0f0 dispfb1=0x1400 display1=0x1bf27f00000000 activeThreads=2 dma=126134 gif=99684 gsw=0 vif=18
[SignalSema] tid=-1 sid=10 count=0->1 ret=10
[SignalSema] tid=-1 sid=10 count=0->1 ret=10
[SignalSema] tid=-1 sid=10 count=0->1 ret=10
[SignalSema] tid=-1 sid=10 count=0->1 ret=10
[SignalSema] tid=-1 sid=10 count=0->1 ret=10
[run:tick] tick=100320 pc=0x152c78 ra=0x152c78 sp=0x1ff7fc0 gp=0x22c0f0 dispfb1=0x1400 display1=0x1bf27f00000000 activeThreads=2 dma=126254 gif=99804 gsw=0 vif=18
[SignalSema] tid=-1 sid=10 count=0->1 ret=10
[SignalSema] tid=-1 sid=10 count=0->1 ret=10
[SignalSema] tid=-1 sid=10 count=0->1 ret=10
[SignalSema] tid=-1 sid=10 count=0->1 ret=10
[SignalSema] tid=-1 sid=10 count=0->1 ret=10
[run:tick] tick=100440 pc=0x152c78 ra=0x152c78 sp=0x1ff7fc0 gp=0x22c0f0 dispfb1=0x1400 display1=0x1bf27f00000000 activeThreads=2 dma=126374 gif=99924 gsw=0 vif=18
[SignalSema] tid=-1 sid=10 count=0->1 ret=10
[p4:vbl] ticks=100500\n[p4:isig] sid=9
[SignalSema] tid=-1 sid=10 count=0->1 ret=10
[SignalSema] tid=-1 sid=10 count=0->1 ret=10
[SignalSema] tid=-1 sid=10 count=0->1 ret=10
[SignalSema] tid=-1 sid=10 count=0->1 ret=10
[run:tick] tick=100560 pc=0x152c78 ra=0x152c78 sp=0x1ff7fc0 gp=0x22c0f0 dispfb1=0x1400 display1=0x1bf27f00000000 activeThreads=2 dma=126495 gif=100045 gsw=0 vif=18
[SignalSema] tid=-1 sid=10 count=0->1 ret=10
[SignalSema] tid=-1 sid=10 count=0->1 ret=10
[SignalSema] tid=-1 sid=10 count=0->1 ret=10
[SignalSema] tid=-1 sid=10 count=0->1 ret=10
[run:tick] tick=100680 pc=0x152c78 ra=0x152c78 sp=0x1ff7fc0 gp=0x22c0f0 dispfb1=0x1400 display1=0x1bf27f00000000 activeThreads=2 dma=126615 gif=100165 gsw=0 vif=18
[SignalSema] tid=-1 sid=10 count=0->1 ret=10
[SignalSema] tid=-1 sid=10 count=0->1 ret=10
[SignalSema] tid=-1 sid=10 count=0->1 ret=10
[SignalSema] tid=-1 sid=10 count=0->1 ret=10
[p4:vbl] ticks=100800\n[p4:isig] sid=9
[SignalSema] tid=-1 sid=10 count=0->1 ret=10
[run:tick] tick=100800 pc=0x152c78 ra=0x152c78 sp=0x1ff7fc0 gp=0x22c0f0 dispfb1=0x1400 display1=0x1bf27f00000000 activeThreads=2 dma=126735 gif=100285 gsw=0 vif=18
[SignalSema] tid=-1 sid=10 count=0->1 ret=10
[SignalSema] tid=-1 sid=10 count=0->1 ret=10
[SignalSema] tid=-1 sid=10 count=0->1 ret=10
[SignalSema] tid=-1 sid=10 count=0->1 ret=10
[SignalSema] tid=-1 sid=10 count=0->1 ret=10
[run:tick] tick=100920 pc=0x152c78 ra=0x152c78 sp=0x1ff7fc0 gp=0x22c0f0 dispfb1=0x1400 display1=0x1bf27f00000000 activeThreads=2 dma=126855 gif=100405 gsw=0 vif=18
[SignalSema] tid=-1 sid=10 count=0->1 ret=10
[SignalSema] tid=-1 sid=10 count=0->1 ret=10
[SignalSema] tid=-1 sid=10 count=0->1 ret=10
[SignalSema] tid=-1 sid=10 count=0->1 ret=10
[SignalSema] tid=-1 sid=10 count=0->1 ret=10
[run:tick] tick=101040 pc=0x152c78 ra=0x152c78 sp=0x1ff7fc0 gp=0x22c0f0 dispfb1=0x1400 display1=0x1bf27f00000000 activeThreads=2 dma=126975 gif=100525 gsw=0 vif=18
[SignalSema] tid=-1 sid=10 count=0->1 ret=10
[p4:vbl] ticks=101100\n[p4:isig] sid=9
[frame:upload] idx=98119 tick=101108 displayFbp=70 sourceFbp=70 size=640x448 preferred=0
[frame:upload] idx=98120 tick=101109 displayFbp=0 sourceFbp=0 size=640x448 preferred=0
[frame:upload] idx=98121 tick=101110 displayFbp=70 sourceFbp=70 size=640x448 preferred=0
[frame:upload] idx=98122 tick=101111 displayFbp=0 sourceFbp=0 size=640x448 preferred=0
[frame:upload] idx=98123 tick=101112 displayFbp=70 sourceFbp=70 size=640x448 preferred=0
[frame:upload] idx=98124 tick=101113 displayFbp=0 sourceFbp=0 size=640x448 preferred=0
[frame:upload] idx=98125 tick=101114 displayFbp=70 sourceFbp=70 size=640x448 preferred=0
[frame:upload] idx=98126 tick=101115 displayFbp=0 sourceFbp=0 size=640x448 preferred=0
[frame:upload] idx=98127 tick=101116 displayFbp=70 sourceFbp=70 size=640x448 preferred=0
[frame:upload] idx=98128 tick=101117 displayFbp=0 sourceFbp=0 size=640x448 preferred=0
[frame:upload] idx=98129 tick=101118 displayFbp=70 sourceFbp=70 size=640x448 preferred=0
[frame:upload] idx=98130 tick=101119 displayFbp=0 sourceFbp=0 size=640x448 preferred=0
[frame:upload] idx=98131 tick=101120 displayFbp=70 sourceFbp=70 size=640x448 preferred=0
[SignalSema] tid=-1 sid=10 count=0->1 ret=10
[frame:upload] idx=98132 tick=101121 displayFbp=0 sourceFbp=0 size=640x448 preferred=0
[frame:upload] idx=98133 tick=101122 displayFbp=70 sourceFbp=70 size=640x448 preferred=0
[frame:upload] idx=98134 tick=101123 displayFbp=0 sourceFbp=0 size=640x448 preferred=0
[frame:upload] idx=98135 tick=101124 displayFbp=70 sourceFbp=70 size=640x448 preferred=0
[frame:upload] idx=98136 tick=101125 displayFbp=0 sourceFbp=0 size=640x448 preferred=0
[frame:upload] idx=98137 tick=101126 displayFbp=70 sourceFbp=70 size=640x448 preferred=0
[frame:upload] idx=98138 tick=101127 displayFbp=0 sourceFbp=0 size=640x448 preferred=0
[frame:upload] idx=98139 tick=101128 displayFbp=70 sourceFbp=70 size=640x448 preferred=0
[frame:upload] idx=98140 tick=101129 displayFbp=0 sourceFbp=0 size=640x448 preferred=0
[frame:upload] idx=98141 tick=101130 displayFbp=70 sourceFbp=70 size=640x448 preferred=0
[frame:upload] idx=98142 tick=101131 displayFbp=0 sourceFbp=0 size=640x448 preferred=0
[frame:upload] idx=98143 tick=101132 displayFbp=70 sourceFbp=70 size=640x448 preferred=0
[frame:upload] idx=98144 tick=101133 displayFbp=0 sourceFbp=0 size=640x448 preferred=0
[frame:upload] idx=98145 tick=101134 displayFbp=70 sourceFbp=70 size=640x448 preferred=0
[frame:upload] idx=98146 tick=101135 displayFbp=0 sourceFbp=0 size=640x448 preferred=0
[frame:upload] idx=98147 tick=101136 displayFbp=70 sourceFbp=70 size=640x448 preferred=0
[frame:upload] idx=98148 tick=101137 displayFbp=0 sourceFbp=0 size=640x448 preferred=0
[frame:upload] idx=98149 tick=101138 displayFbp=70 sourceFbp=70 size=640x448 preferred=0
[p4:isig] sid=9
[p4:isig] sid=10
[frame:upload] idx=98150 tick=101139 displayFbp=0 sourceFbp=0 size=640x448 preferred=0
[p4:isig] sid=9
[p4:isig] sid=10
[frame:upload] idx=98151 tick=101140 displayFbp=70 sourceFbp=70 size=640x448 preferred=0
[p4:isig] sid=9
[p4:isig] sid=10
[frame:upload] idx=98152 tick=101141 displayFbp=0 sourceFbp=0 size=640x448 preferred=0
[p4:isig] sid=9
[p4:isig] sid=10
[frame:upload] idx=98153 tick=101142 displayFbp=70 sourceFbp=70 size=640x448 preferred=0
[p4:isig] sid=9
[p4:isig] sid=10
[frame:upload] idx=98154 tick=101143 displayFbp=0 sourceFbp=0 size=640x448 preferred=0
[p4:isig] sid=9
[p4:isig] sid=10
[frame:upload] idx=98155 tick=101144 displayFbp=70 sourceFbp=70 size=640x448 preferred=0
[p4:isig] sid=9
[p4:isig] sid=10
[frame:upload] idx=98156 tick=101145 displayFbp=0 sourceFbp=0 size=640x448 preferred=0
[p4:isig] sid=9
[p4:isig] sid=10
[SignalSema] tid=-1 sid=10 count=0->1 ret=10
[frame:upload] idx=98157 tick=101146 displayFbp=70 sourceFbp=70 size=640x448 preferred=0
[p4:isig] sid=9
[p4:isig] sid=10
[frame:upload] idx=98158 tick=101147 displayFbp=0 sourceFbp=0 size=640x448 preferred=0
[p4:isig] sid=9
[p4:isig] sid=10
[frame:upload] idx=98159 tick=101148 displayFbp=70 sourceFbp=70 size=640x448 preferred=0
[p4:isig] sid=9
[p4:isig] sid=10
[frame:upload] idx=98160 tick=101149 displayFbp=0 sourceFbp=0 size=640x448 preferred=0
[p4:isig] sid=9
[p4:isig] sid=10
[frame:upload] idx=98161 tick=101150 displayFbp=70 sourceFbp=70 size=640x448 preferred=0
[p4:isig] sid=9
[p4:isig] sid=10
[frame:upload] idx=98162 tick=101151 displayFbp=0 sourceFbp=0 size=640x448 preferred=0
[p4:isig] sid=9
[p4:isig] sid=10
[frame:upload] idx=98163 tick=101152 displayFbp=70 sourceFbp=70 size=640x448 preferred=0
[p4:isig] sid=9
[p4:isig] sid=10
[frame:upload] idx=98164 tick=101153 displayFbp=0 sourceFbp=0 size=640x448 preferred=0
[p4:isig] sid=9
[p4:isig] sid=10
[frame:upload] idx=98165 tick=101154 displayFbp=70 sourceFbp=70 size=640x448 preferred=0
[p4:isig] sid=9
[p4:isig] sid=10
[frame:upload] idx=98166 tick=101155 displayFbp=0 sourceFbp=0 size=640x448 preferred=0
[p4:isig] sid=9
[p4:isig] sid=10
[frame:upload] idx=98167 tick=101156 displayFbp=70 sourceFbp=70 size=640x448 preferred=0
[p4:isig] sid=9
[p4:isig] sid=10
[frame:upload] idx=98168 tick=101157 displayFbp=0 sourceFbp=0 size=640x448 preferred=0
[p4:isig] sid=9
[p4:isig] sid=10
[frame:upload] idx=98169 tick=101158 displayFbp=70 sourceFbp=70 size=640x448 preferred=0
[p4:isig] sid=9
[p4:isig] sid=10
[frame:upload] idx=98170 tick=101159 displayFbp=0 sourceFbp=0 size=640x448 preferred=0
[p4:isig] sid=9
[p4:isig] sid=10
[frame:upload] idx=98171 tick=101160 displayFbp=70 sourceFbp=70 size=640x448 preferred=0
[p4:isig] sid=9
[p4:isig] sid=10
[frame:upload] idx=98172 tick=101161 displayFbp=0 sourceFbp=0 size=640x448 preferred=0
[p4:isig] sid=9
[p4:isig] sid=10
[frame:upload] idx=98173 tick=101162 displayFbp=70 sourceFbp=70 size=640x448 preferred=0
[p4:isig] sid=9
[p4:isig] sid=10
[frame:upload] idx=98174 tick=101163 displayFbp=0 sourceFbp=0 size=640x448 preferred=0
[p4:isig] sid=9
[p4:isig] sid=10
[frame:upload] idx=98175 tick=101164 displayFbp=70 sourceFbp=70 size=640x448 preferred=0
[p4:isig] sid=9
[p4:isig] sid=10
[frame:upload] idx=98176 tick=101165 displayFbp=0 sourceFbp=0 size=640x448 preferred=0
[p4:isig] sid=9
[p4:isig] sid=10
[frame:upload] idx=98177 tick=101166 displayFbp=70 sourceFbp=70 size=640x448 preferred=0
[p4:isig] sid=9
[p4:isig] sid=10
[frame:upload] idx=98178 tick=101167 displayFbp=0 sourceFbp=0 size=640x448 preferred=0
[p4:isig] sid=9
[p4:isig] sid=10
