# ---------------------------------------------------------------
# Trimmed for publication by tools/export_logs.py.
# Per-tag census of the ORIGINAL file (kept / total):
#   [p4:isig]                  120 /  39,288
#   [p4:px]                    120 /  22,671
#   [gzmfs]                    120 /   3,495
#   [p4:gs-sprite]           2,322 /   2,322  <- all kept (evidence)
#   [p4:spx]                   120 /   2,322
#   [p4:rodata-stomp]          120 /   1,724
#   [p4:clut]                  985 /     985  <- all kept (evidence)
#   [p4:wake-pre]              120 /     840
#   [p4:gzmfs-stomp]           120 /     128
#   [p4:vbl]                    65 /      65
#   [p4:malloc]                 64 /      64
#   [p4:new2]                   64 /      64
#   [mc]                        42 /      42
#   [p4:EndOfHeap]              36 /      36
#   [Deci2:call]                28 /      28
#   [p4:gzmfs-codeoverlap]      24 /      24
#   [sceSifSetDma:CALL]         23 /      23
#   [sceSifSetDma:DESC]         23 /      23
#   [p4:sm]                     20 /      20
#   [p4:alarm]                  16 /      16
#   [p4:hdl]                    16 /      16
#   [p4:texel]                  16 /      16
#   [Deci2Call:kputs]           13 /      13
#   [p4:mallocguard]            12 /      12
#   [SyscallOverride:fallback]      11 /      11
#   [p4:alias]                  11 /      11
#   (untagged)                  10 /      10
#   [p4:gs-trx]                  8 /       8
#   [Deci2Call:send]             7 /       7
#   [p4:rd1]                     6 /       6
#   [p4:ld]                      4 /       4
#   [p4:guestMalloc]             2 /       2
#   [SetupHeap]                  1 /       1
#   [Syscall83:override]         1 /       1
#   [p4:alloc-trap]              1 /       1
#   [dispatch:hle-leaf-ret]       1 /       1
#   [p4:rodata-write]            1 /       1
# Nothing is silently removed; every elision is marked inline.
# ---------------------------------------------------------------

[p4:gzmfs-stomp] addr=0x00c25000 val=0x00000000 sz=16 pc=0x00100018 ra=0x00000000
[p4:gzmfs-stomp] addr=0x00c25010 val=0x00000000 sz=16 pc=0x00100018 ra=0x00000000
[p4:gzmfs-stomp] addr=0x00c25020 val=0x00000000 sz=16 pc=0x00100018 ra=0x00000000
[p4:gzmfs-stomp] addr=0x00c25030 val=0x00000000 sz=16 pc=0x00100018 ra=0x00000000
[p4:gzmfs-stomp] addr=0x00c25040 val=0x00000000 sz=16 pc=0x00100018 ra=0x00000000
[p4:gzmfs-stomp] addr=0x00c25050 val=0x00000000 sz=16 pc=0x00100018 ra=0x00000000
[p4:gzmfs-stomp] addr=0x00c25060 val=0x00000000 sz=16 pc=0x00100018 ra=0x00000000
[p4:gzmfs-stomp] addr=0x00c25070 val=0x00000000 sz=16 pc=0x00100018 ra=0x00000000
[p4:gzmfs-stomp] addr=0x00c25080 val=0x00000000 sz=16 pc=0x00100018 ra=0x00000000
[p4:gzmfs-stomp] addr=0x00c25090 val=0x00000000 sz=16 pc=0x00100018 ra=0x00000000
[p4:gzmfs-stomp] addr=0x00c250a0 val=0x00000000 sz=16 pc=0x00100018 ra=0x00000000
[p4:gzmfs-stomp] addr=0x00c250b0 val=0x00000000 sz=16 pc=0x00100018 ra=0x00000000
[p4:gzmfs-stomp] addr=0x00c250c0 val=0x00000000 sz=16 pc=0x00100018 ra=0x00000000
[p4:gzmfs-stomp] addr=0x00c250d0 val=0x00000000 sz=16 pc=0x00100018 ra=0x00000000
[p4:gzmfs-stomp] addr=0x00c250e0 val=0x00000000 sz=16 pc=0x00100018 ra=0x00000000
[p4:gzmfs-stomp] addr=0x00c250f0 val=0x00000000 sz=16 pc=0x00100018 ra=0x00000000
[p4:gzmfs-stomp] addr=0x00c25100 val=0x00000000 sz=16 pc=0x00100018 ra=0x00000000
[p4:gzmfs-stomp] addr=0x00c25110 val=0x00000000 sz=16 pc=0x00100018 ra=0x00000000
[p4:gzmfs-stomp] addr=0x00c25120 val=0x00000000 sz=16 pc=0x00100018 ra=0x00000000
[p4:gzmfs-stomp] addr=0x00c25130 val=0x00000000 sz=16 pc=0x00100018 ra=0x00000000
[p4:gzmfs-stomp] addr=0x00c25140 val=0x00000000 sz=16 pc=0x00100018 ra=0x00000000
[p4:gzmfs-stomp] addr=0x00c25150 val=0x00000000 sz=16 pc=0x00100018 ra=0x00000000
[p4:gzmfs-stomp] addr=0x00c25160 val=0x00000000 sz=16 pc=0x00100018 ra=0x00000000
[p4:gzmfs-stomp] addr=0x00c25170 val=0x00000000 sz=16 pc=0x00100018 ra=0x00000000
[p4:gzmfs-stomp] addr=0x00c25180 val=0x00000000 sz=16 pc=0x00100018 ra=0x00000000
[p4:gzmfs-stomp] addr=0x00c25190 val=0x00000000 sz=16 pc=0x00100018 ra=0x00000000
[p4:gzmfs-stomp] addr=0x00c251a0 val=0x00000000 sz=16 pc=0x00100018 ra=0x00000000
[p4:gzmfs-stomp] addr=0x00c251b0 val=0x00000000 sz=16 pc=0x00100018 ra=0x00000000
[p4:gzmfs-stomp] addr=0x00c251c0 val=0x00000000 sz=16 pc=0x00100018 ra=0x00000000
[p4:gzmfs-stomp] addr=0x00c251d0 val=0x00000000 sz=16 pc=0x00100018 ra=0x00000000
[p4:gzmfs-stomp] addr=0x00c251e0 val=0x00000000 sz=16 pc=0x00100018 ra=0x00000000
[p4:gzmfs-stomp] addr=0x00c251f0 val=0x00000000 sz=16 pc=0x00100018 ra=0x00000000
[p4:gzmfs-stomp] addr=0x00c25200 val=0x00000000 sz=16 pc=0x00100018 ra=0x00000000
[p4:gzmfs-stomp] addr=0x00c25210 val=0x00000000 sz=16 pc=0x00100018 ra=0x00000000
[p4:gzmfs-stomp] addr=0x00c25220 val=0x00000000 sz=16 pc=0x00100018 ra=0x00000000
[p4:gzmfs-stomp] addr=0x00c25230 val=0x00000000 sz=16 pc=0x00100018 ra=0x00000000
[p4:gzmfs-stomp] addr=0x00c25240 val=0x00000000 sz=16 pc=0x00100018 ra=0x00000000
[p4:gzmfs-stomp] addr=0x00c25250 val=0x00000000 sz=16 pc=0x00100018 ra=0x00000000
[p4:gzmfs-stomp] addr=0x00c25260 val=0x00000000 sz=16 pc=0x00100018 ra=0x00000000
[p4:gzmfs-stomp] addr=0x00c25270 val=0x00000000 sz=16 pc=0x00100018 ra=0x00000000
[p4:gzmfs-stomp] addr=0x00c25280 val=0x00000000 sz=16 pc=0x00100018 ra=0x00000000
[p4:gzmfs-stomp] addr=0x00c25290 val=0x00000000 sz=16 pc=0x00100018 ra=0x00000000
[p4:gzmfs-stomp] addr=0x00c252a0 val=0x00000000 sz=16 pc=0x00100018 ra=0x00000000
[p4:gzmfs-stomp] addr=0x00c252b0 val=0x00000000 sz=16 pc=0x00100018 ra=0x00000000
[p4:gzmfs-stomp] addr=0x00c252c0 val=0x00000000 sz=16 pc=0x00100018 ra=0x00000000
[p4:gzmfs-stomp] addr=0x00c252d0 val=0x00000000 sz=16 pc=0x00100018 ra=0x00000000
[p4:gzmfs-stomp] addr=0x00c252e0 val=0x00000000 sz=16 pc=0x00100018 ra=0x00000000
[p4:gzmfs-stomp] addr=0x00c252f0 val=0x00000000 sz=16 pc=0x00100018 ra=0x00000000
[p4:gzmfs-stomp] addr=0x00c25300 val=0x00000000 sz=16 pc=0x00100018 ra=0x00000000
[p4:gzmfs-stomp] addr=0x00c25310 val=0x00000000 sz=16 pc=0x00100018 ra=0x00000000
[p4:gzmfs-stomp] addr=0x00c25320 val=0x00000000 sz=16 pc=0x00100018 ra=0x00000000
[p4:gzmfs-stomp] addr=0x00c25330 val=0x00000000 sz=16 pc=0x00100018 ra=0x00000000
[p4:gzmfs-stomp] addr=0x00c25340 val=0x00000000 sz=16 pc=0x00100018 ra=0x00000000
[p4:gzmfs-stomp] addr=0x00c25350 val=0x00000000 sz=16 pc=0x00100018 ra=0x00000000
[p4:gzmfs-stomp] addr=0x00c25360 val=0x00000000 sz=16 pc=0x00100018 ra=0x00000000
[p4:gzmfs-stomp] addr=0x00c25370 val=0x00000000 sz=16 pc=0x00100018 ra=0x00000000
[p4:gzmfs-stomp] addr=0x00c25380 val=0x00000000 sz=16 pc=0x00100018 ra=0x00000000
[p4:gzmfs-stomp] addr=0x00c25390 val=0x00000000 sz=16 pc=0x00100018 ra=0x00000000
[p4:gzmfs-stomp] addr=0x00c253a0 val=0x00000000 sz=16 pc=0x00100018 ra=0x00000000
[p4:gzmfs-stomp] addr=0x00c253b0 val=0x00000000 sz=16 pc=0x00100018 ra=0x00000000
        ... [8 more [p4:gzmfs-stomp] lines elided by export_logs.py] ...
[p4:gzmfs-stomp] addr=0x00c25440 val=0x00000000 sz=16 pc=0x00100018 ra=0x00000000
[p4:gzmfs-stomp] addr=0x00c25450 val=0x00000000 sz=16 pc=0x00100018 ra=0x00000000
[p4:gzmfs-stomp] addr=0x00c25460 val=0x00000000 sz=16 pc=0x00100018 ra=0x00000000
[p4:gzmfs-stomp] addr=0x00c25470 val=0x00000000 sz=16 pc=0x00100018 ra=0x00000000
[p4:gzmfs-stomp] addr=0x00c25480 val=0x00000000 sz=16 pc=0x00100018 ra=0x00000000
[p4:gzmfs-stomp] addr=0x00c25490 val=0x00000000 sz=16 pc=0x00100018 ra=0x00000000
[p4:gzmfs-stomp] addr=0x00c254a0 val=0x00000000 sz=16 pc=0x00100018 ra=0x00000000
[p4:gzmfs-stomp] addr=0x00c254b0 val=0x00000000 sz=16 pc=0x00100018 ra=0x00000000
[p4:gzmfs-stomp] addr=0x00c254c0 val=0x00000000 sz=16 pc=0x00100018 ra=0x00000000
[p4:gzmfs-stomp] addr=0x00c254d0 val=0x00000000 sz=16 pc=0x00100018 ra=0x00000000
[p4:gzmfs-stomp] addr=0x00c254e0 val=0x00000000 sz=16 pc=0x00100018 ra=0x00000000
[p4:gzmfs-stomp] addr=0x00c254f0 val=0x00000000 sz=16 pc=0x00100018 ra=0x00000000
[p4:gzmfs-stomp] addr=0x00c25500 val=0x00000000 sz=16 pc=0x00100018 ra=0x00000000
[p4:gzmfs-stomp] addr=0x00c25510 val=0x00000000 sz=16 pc=0x00100018 ra=0x00000000
[p4:gzmfs-stomp] addr=0x00c25520 val=0x00000000 sz=16 pc=0x00100018 ra=0x00000000
[p4:gzmfs-stomp] addr=0x00c25530 val=0x00000000 sz=16 pc=0x00100018 ra=0x00000000
[p4:gzmfs-stomp] addr=0x00c25540 val=0x00000000 sz=16 pc=0x00100018 ra=0x00000000
[p4:gzmfs-stomp] addr=0x00c25550 val=0x00000000 sz=16 pc=0x00100018 ra=0x00000000
[p4:gzmfs-stomp] addr=0x00c25560 val=0x00000000 sz=16 pc=0x00100018 ra=0x00000000
[p4:gzmfs-stomp] addr=0x00c25570 val=0x00000000 sz=16 pc=0x00100018 ra=0x00000000
[p4:gzmfs-stomp] addr=0x00c25580 val=0x00000000 sz=16 pc=0x00100018 ra=0x00000000
[p4:gzmfs-stomp] addr=0x00c25590 val=0x00000000 sz=16 pc=0x00100018 ra=0x00000000
[p4:gzmfs-stomp] addr=0x00c255a0 val=0x00000000 sz=16 pc=0x00100018 ra=0x00000000
[p4:gzmfs-stomp] addr=0x00c255b0 val=0x00000000 sz=16 pc=0x00100018 ra=0x00000000
[p4:gzmfs-stomp] addr=0x00c255c0 val=0x00000000 sz=16 pc=0x00100018 ra=0x00000000
[p4:gzmfs-stomp] addr=0x00c255d0 val=0x00000000 sz=16 pc=0x00100018 ra=0x00000000
[p4:gzmfs-stomp] addr=0x00c255e0 val=0x00000000 sz=16 pc=0x00100018 ra=0x00000000
[p4:gzmfs-stomp] addr=0x00c255f0 val=0x00000000 sz=16 pc=0x00100018 ra=0x00000000
[p4:gzmfs-stomp] addr=0x00c25600 val=0x00000000 sz=16 pc=0x00100018 ra=0x00000000
[p4:gzmfs-stomp] addr=0x00c25610 val=0x00000000 sz=16 pc=0x00100018 ra=0x00000000
[p4:gzmfs-stomp] addr=0x00c25620 val=0x00000000 sz=16 pc=0x00100018 ra=0x00000000
[p4:gzmfs-stomp] addr=0x00c25630 val=0x00000000 sz=16 pc=0x00100018 ra=0x00000000
[p4:gzmfs-stomp] addr=0x00c25640 val=0x00000000 sz=16 pc=0x00100018 ra=0x00000000
[p4:gzmfs-stomp] addr=0x00c25650 val=0x00000000 sz=16 pc=0x00100018 ra=0x00000000
[p4:gzmfs-stomp] addr=0x00c25660 val=0x00000000 sz=16 pc=0x00100018 ra=0x00000000
[p4:gzmfs-stomp] addr=0x00c25670 val=0x00000000 sz=16 pc=0x00100018 ra=0x00000000
[p4:gzmfs-stomp] addr=0x00c25680 val=0x00000000 sz=16 pc=0x00100018 ra=0x00000000
[p4:gzmfs-stomp] addr=0x00c25690 val=0x00000000 sz=16 pc=0x00100018 ra=0x00000000
[p4:gzmfs-stomp] addr=0x00c256a0 val=0x00000000 sz=16 pc=0x00100018 ra=0x00000000
[p4:gzmfs-stomp] addr=0x00c256b0 val=0x00000000 sz=16 pc=0x00100018 ra=0x00000000
[p4:gzmfs-stomp] addr=0x00c256c0 val=0x00000000 sz=16 pc=0x00100018 ra=0x00000000
[p4:gzmfs-stomp] addr=0x00c256d0 val=0x00000000 sz=16 pc=0x00100018 ra=0x00000000
[p4:gzmfs-stomp] addr=0x00c256e0 val=0x00000000 sz=16 pc=0x00100018 ra=0x00000000
[p4:gzmfs-stomp] addr=0x00c256f0 val=0x00000000 sz=16 pc=0x00100018 ra=0x00000000
[p4:gzmfs-stomp] addr=0x00c25700 val=0x00000000 sz=16 pc=0x00100018 ra=0x00000000
[p4:gzmfs-stomp] addr=0x00c25710 val=0x00000000 sz=16 pc=0x00100018 ra=0x00000000
[p4:gzmfs-stomp] addr=0x00c25720 val=0x00000000 sz=16 pc=0x00100018 ra=0x00000000
[p4:gzmfs-stomp] addr=0x00c25730 val=0x00000000 sz=16 pc=0x00100018 ra=0x00000000
[p4:gzmfs-stomp] addr=0x00c25740 val=0x00000000 sz=16 pc=0x00100018 ra=0x00000000
[p4:gzmfs-stomp] addr=0x00c25750 val=0x00000000 sz=16 pc=0x00100018 ra=0x00000000
[p4:gzmfs-stomp] addr=0x00c25760 val=0x00000000 sz=16 pc=0x00100018 ra=0x00000000
[p4:gzmfs-stomp] addr=0x00c25770 val=0x00000000 sz=16 pc=0x00100018 ra=0x00000000
[p4:gzmfs-stomp] addr=0x00c25780 val=0x00000000 sz=16 pc=0x00100018 ra=0x00000000
[p4:gzmfs-stomp] addr=0x00c25790 val=0x00000000 sz=16 pc=0x00100018 ra=0x00000000
[p4:gzmfs-stomp] addr=0x00c257a0 val=0x00000000 sz=16 pc=0x00100018 ra=0x00000000
[p4:gzmfs-stomp] addr=0x00c257b0 val=0x00000000 sz=16 pc=0x00100018 ra=0x00000000
[p4:gzmfs-stomp] addr=0x00c257c0 val=0x00000000 sz=16 pc=0x00100018 ra=0x00000000
[p4:gzmfs-stomp] addr=0x00c257d0 val=0x00000000 sz=16 pc=0x00100018 ra=0x00000000
[p4:gzmfs-stomp] addr=0x00c257e0 val=0x00000000 sz=16 pc=0x00100018 ra=0x00000000
[p4:gzmfs-stomp] addr=0x00c257f0 val=0x00000000 sz=16 pc=0x00100018 ra=0x00000000
[SetupHeap] base=0xc29100 alignedBase=0xc29100 size=0xffffffff runtimeBase=0xc29100 runtimeEnd=0xc29100
[p4:guestMalloc] addr=0x01f00000 size=0x4000 (runtime scratch band)
[Syscall83:override] handler=0x117808 invoked=true pc=0x117844 ra=0x11787c a0=0x117808 a1=0x117808 a2=0x100000 a3=0x224b00 guestRet=0x8001218c builtinRet=0x0 guest-20c=0x80011f80 builtin-20c=0x0 guest-168=0x80012024 builtin-168=0x0 match=false
[SyscallOverride:fallback] syscall=0x5b handler=0x80076000 pc=0x10f9bc ra=0x10fa68
[SyscallOverride:fallback] syscall=0x5b handler=0x80076000 pc=0x10f9bc ra=0x10fa68
[SyscallOverride:fallback] syscall=0x5b handler=0x80076000 pc=0x10f9bc ra=0x10fa68
[SyscallOverride:fallback] syscall=0x5b handler=0x80076000 pc=0x10f9bc ra=0x10fa68
[SyscallOverride:fallback] syscall=0x5b handler=0x80076000 pc=0x10f9bc ra=0x10fa68
[SyscallOverride:fallback] syscall=0x5b handler=0x80076000 pc=0x10f9bc ra=0x10fa68
[SyscallOverride:fallback] syscall=0x5b handler=0x80075000 pc=0x116ffc ra=0x117098
[SyscallOverride:fallback] syscall=0x5b handler=0x80075000 pc=0x116ffc ra=0x117098
[SyscallOverride:fallback] syscall=0x5b handler=0x80075000 pc=0x116ffc ra=0x117098
[SyscallOverride:fallback] syscall=0x5b handler=0x80075000 pc=0x116ffc ra=0x117098
[SyscallOverride:fallback] syscall=0x5b handler=0x80075000 pc=0x116ffc ra=0x117098
[p4:malloc] size=0x072d4ef0 ra=0x00133618
[p4:EndOfHeap] ret=0x01f00000 brk=0x00c29100 a0=0x072d4f10 ra=0x0010f3b8
[p4:malloc] size=0x012d4ef0 ra=0x00133630
[p4:EndOfHeap] ret=0x01f00000 brk=0x00c29100 a0=0x012d4f10 ra=0x0010f3b8
[p4:EndOfHeap] ret=0x01f00000 brk=0x01efe010 a0=0x00000ff0 ra=0x0010f3b8
[p4:EndOfHeap] ret=0x01f00000 brk=0x01eff000 a0=0x00000000 ra=0x0010f3b8
[p4:EndOfHeap] ret=0x01f00000 brk=0x01eff000 a0=0xfed2b000 ra=0x0010f3b8
[Deci2:call] code=1 argsAddr=0x01ff7b50 a0=0x00000210 a1=0x002257d0 a2=0x00110088 sessions=0
[Deci2:call] code=3 argsAddr=0x01ff7b10 a0=0x00000001 a1=0x00000048 a2=0x00000002 sessions=1
[p4:guestMalloc] addr=0x01f04000 size=0x4000 (runtime scratch band)
[Deci2:call] code=-6 argsAddr=0x01f07fa0 a0=0x00000001 a1=0x20225800 a2=0x0000001b sessions=1
[Deci2Call:send] ......EH....InitHeap Done

[p4:alias] target=0x001548c0 owner=0x001548b0 (unexported inner call)
[p4:alias] target=0x001548c8 owner=0x001548b0 (unexported inner call)
[Deci2:call] code=16 argsAddr=0x01ff7d80 a0=0x00225a80 a1=0x00000000 a2=0x00000000 sessions=1
[Deci2Call:kputs] CdVdInit----------
[Deci2:call] code=16 argsAddr=0x01ff7d80 a0=0x00225a80 a1=0x00000000 a2=0x00000000 sessions=1
[Deci2Call:kputs]   DEV:[CD-ROM]
[Deci2:call] code=16 argsAddr=0x01ff7d80 a0=0x00225a80 a1=0x00000000 a2=0x00000000 sessions=1
[Deci2Call:kputs]   PATH:[\]
[Deci2:call] code=16 argsAddr=0x01ff7d80 a0=0x00225a80 a1=0x00000000 a2=0x00000000 sessions=1
[Deci2Call:kputs] IOP Replace:cdrom0:\IOP\MODULES\IOPRP243.IMG;1
[Deci2:call] code=16 argsAddr=0x01ff7c60 a0=0x00225a80 a1=0x00000000 a2=0x00000000 sessions=1
[Deci2Call:kputs] loading module [cdrom0:\IOP\MODULES\SIO2MAN.IRX;1]...done[1]
[Deci2:call] code=16 argsAddr=0x01ff7c60 a0=0x00225a80 a1=0x00000000 a2=0x00000000 sessions=1
[Deci2Call:kputs] loading module [cdrom0:\IOP\MODULES\PADMAN.IRX;1]...done[2]
[Deci2:call] code=16 argsAddr=0x01ff7c60 a0=0x00225a80 a1=0x00000000 a2=0x00000000 sessions=1
[Deci2Call:kputs] loading module [cdrom0:\IOP\MODULES\MCMAN.IRX;1]...done[3]
[Deci2:call] code=16 argsAddr=0x01ff7c60 a0=0x00225a80 a1=0x00000000 a2=0x00000000 sessions=1
[Deci2Call:kputs] loading module [cdrom0:\IOP\MODULES\MCSERV.IRX;1]...done[4]
[Deci2:call] code=16 argsAddr=0x01ff7c60 a0=0x00225a80 a1=0x00000000 a2=0x00000000 sessions=1
[Deci2Call:kputs] loading module [cdrom0:\IOP\MODULES\LIBSD.IRX;1]...done[5]
[Deci2:call] code=16 argsAddr=0x01ff7c60 a0=0x00225a80 a1=0x00000000 a2=0x00000000 sessions=1
[Deci2Call:kputs] loading module [cdrom0:\IOP\MODULES\SDRDRV.IRX;1]...done[6]
[Deci2:call] code=16 argsAddr=0x01ff7c60 a0=0x00225a80 a1=0x00000000 a2=0x00000000 sessions=1
[Deci2Call:kputs] loading module [cdrom0:\IOP\MODULES\GZMFS.IRX;1]...done[7]
[p4:EndOfHeap] ret=0x01f00000 brk=0x00c2a000 a0=0x00005000 ra=0x0010f3b8
[p4:new2] size=0x00000040 ra=0x00100540
[p4:malloc] size=0x00000040 ra=0x001006bc
[p4:alloc-trap] live call#1 size=64 -> 0x00C2D6B0 ra=0x00100540
[p4:new2] size=0x00000018 ra=0x001b53e8
[p4:malloc] size=0x00000018 ra=0x001006bc
[p4:new2] size=0x00000018 ra=0x001b53e8
[p4:malloc] size=0x00000018 ra=0x001006bc
[p4:new2] size=0x00000070 ra=0x00100540
[p4:malloc] size=0x00000070 ra=0x001006bc
[Deci2:call] code=16 argsAddr=0x01ff7e50 a0=0x00225a80 a1=0x00000000 a2=0x001d0948 sessions=1
[Deci2Call:kputs] Init File System Begin
[p4:new2] size=0x00000160 ra=0x001b5df4
[p4:malloc] size=0x00000160 ra=0x001006bc
[gzmfs] OPEN fd=0 '\VOLUME.DAT;1' -> '<path>' size=132314355
[p4:sm] poll n=1 obj=0x00c253e8 ra=0x001b5e54
[p4:EndOfHeap] ret=0x01f00000 brk=0x00c2f000 a0=0x00021000 ra=0x0010f3b8
[p4:rd1] FUN_001b5ca0 obj=0x00c253e8 dst=0x00c2d930 len=0x00020000 ra=0x0019a168
[p4:sm] poll n=2 obj=0x00c253e8 ra=0x001b5cfc
[gzmfs] READ fd=0 pos=0 len=131072 -> 131072 dst=0x00C2D930
[p4:alarm] n=1 id=1 handler=0x0011c570 arg=0x01ff7e48 *arg=8
[p4:hdl] 11c570 entry a2=0x01ff7e48
[p4:isig] sid=8
[p4:wake-pre] sid=8 consumed=1
[p4:sm] poll n=3 obj=0x00c253e8 ra=0x001b5d14
[p4:EndOfHeap] ret=0x01f00000 brk=0x00c50000 a0=0x00006000 ra=0x0010f3b8
[p4:EndOfHeap] ret=0x01f00000 brk=0x00c56000 a0=0x00006000 ra=0x0010f3b8
[Deci2:call] code=16 argsAddr=0x01ff7e50 a0=0x00225a80 a1=0x00000000 a2=0x00000000 sessions=1
[Deci2Call:kputs] Init File System Done
[p4:new2] size=0x00000520 ra=0x00152efc
[p4:malloc] size=0x00000520 ra=0x001006bc
[p4:new2] size=0x00000048 ra=0x0013a61c
[p4:malloc] size=0x00000048 ra=0x001006bc
[p4:new2] size=0x0000002c ra=0x0013a638
[p4:malloc] size=0x0000002c ra=0x001006bc
[p4:new2] size=0x00010000 ra=0x00100540
[p4:malloc] size=0x00010000 ra=0x001006bc
[p4:EndOfHeap] ret=0x01f00000 brk=0x00c5c000 a0=0x00011000 ra=0x0010f3b8
[p4:new2] size=0x00001400 ra=0x0013a654
[p4:malloc] size=0x00001400 ra=0x001006bc
[p4:new2] size=0x0000002c ra=0x0013a7cc
[p4:malloc] size=0x0000002c ra=0x001006bc
[p4:isig] sid=9
[p4:isig] sid=10
[p4:gs-sprite] #1 ctx=0 tme=0 abe=1 FRAME fbp=0x0 fbw=10 psm=0x1 msk=0x00000000 | SCISSOR 0,0..639,223 | TEST=0x0000000000030003 | TEX0 tbp=0x0 tbw=0 psm=0x0 tw=1 th=1 tfx=0 | V0(1728.0,1936.0) V1(2368.0,2160.0) uv0(0,0) uv1(0,0) | XYOFFSET ofx=1728 ofy=1936 -> screen (0,0)..(640,224)
[p4:spx] #1 tme=0 fst=1 vtxRGBA=00000080 span=640x224 tbp=0x0 tw=1 th=1
[p4:px] #1 WriteVram fbp_block=0x0 fbw=10 (x=0,y=0) psm=0x1 pixel=0x80000000
[p4:px] #2 WriteVram fbp_block=0x0 fbw=10 (x=1,y=0) psm=0x1 pixel=0x80000000
[p4:px] #3 WriteVram fbp_block=0x0 fbw=10 (x=2,y=0) psm=0x1 pixel=0x80000000
[p4:px] #4 WriteVram fbp_block=0x0 fbw=10 (x=3,y=0) psm=0x1 pixel=0x80000000
[p4:px] #5 WriteVram fbp_block=0x0 fbw=10 (x=4,y=0) psm=0x1 pixel=0x80000000
[p4:px] #6 WriteVram fbp_block=0x0 fbw=10 (x=5,y=0) psm=0x1 pixel=0x80000000
[p4:px] #7 WriteVram fbp_block=0x0 fbw=10 (x=6,y=0) psm=0x1 pixel=0x80000000
[p4:px] #8 WriteVram fbp_block=0x0 fbw=10 (x=7,y=0) psm=0x1 pixel=0x80000000
[p4:px] #100000 WriteVram fbp_block=0x0 fbw=10 (x=159,y=156) psm=0x1 pixel=0x80000000
[p4:isig] sid=9
[p4:isig] sid=10
[p4:gs-sprite] #2 ctx=0 tme=0 abe=1 FRAME fbp=0x8C0 fbw=10 psm=0x1 msk=0x00000000 | SCISSOR 0,0..639,223 | TEST=0x0000000000030003 | TEX0 tbp=0x0 tbw=0 psm=0x0 tw=1 th=1 tfx=0 | V0(1728.0,1936.0) V1(2368.0,2160.0) uv0(1,0) uv1(0,0) | XYOFFSET ofx=1728 ofy=1936 -> screen (0,0)..(640,224)
[p4:spx] #2 tme=0 fst=1 vtxRGBA=00000080 span=640x224 tbp=0x0 tw=1 th=1
[p4:px] #200000 WriteVram fbp_block=0x8C0 fbw=10 (x=319,y=88) psm=0x1 pixel=0x80000000
[p4:isig] sid=9
[p4:isig] sid=10
[p4:gs-sprite] #3 ctx=0 tme=0 abe=1 FRAME fbp=0x0 fbw=10 psm=0x1 msk=0x00000000 | SCISSOR 0,0..639,223 | TEST=0x0000000000030003 | TEX0 tbp=0x0 tbw=0 psm=0x0 tw=1 th=1 tfx=0 | V0(1728.0,1936.0) V1(2368.0,2160.0) uv0(2,0) uv1(0,0) | XYOFFSET ofx=1728 ofy=1936 -> screen (0,0)..(640,224)
[p4:spx] #3 tme=0 fst=1 vtxRGBA=00000080 span=640x224 tbp=0x0 tw=1 th=1
[p4:px] #300000 WriteVram fbp_block=0x0 fbw=10 (x=479,y=20) psm=0x1 pixel=0x80000000
[p4:px] #400000 WriteVram fbp_block=0x0 fbw=10 (x=639,y=176) psm=0x1 pixel=0x80000000
[p4:isig] sid=9
[p4:isig] sid=10
[p4:isig] sid=9
[p4:isig] sid=10
[p4:gs-sprite] #4 ctx=0 tme=0 abe=1 FRAME fbp=0x8C0 fbw=10 psm=0x1 msk=0x00000000 | SCISSOR 0,0..639,223 | TEST=0x0000000000030003 | TEX0 tbp=0x0 tbw=0 psm=0x0 tw=1 th=1 tfx=0 | V0(1728.0,1936.0) V1(2368.0,2160.0) uv0(3,0) uv1(0,0) | XYOFFSET ofx=1728 ofy=1936 -> screen (0,0)..(640,224)
[p4:spx] #4 tme=0 fst=1 vtxRGBA=00000080 span=640x224 tbp=0x0 tw=1 th=1
[p4:px] #500000 WriteVram fbp_block=0x8C0 fbw=10 (x=159,y=109) psm=0x1 pixel=0x80000000
[p4:isig] sid=9
[p4:isig] sid=10
[p4:gs-sprite] #5 ctx=0 tme=0 abe=1 FRAME fbp=0x0 fbw=10 psm=0x1 msk=0x00000000 | SCISSOR 0,0..639,223 | TEST=0x0000000000030003 | TEX0 tbp=0x0 tbw=0 psm=0x0 tw=1 th=1 tfx=0 | V0(1728.0,1936.0) V1(2368.0,2160.0) uv0(4,0) uv1(0,0) | XYOFFSET ofx=1728 ofy=1936 -> screen (0,0)..(640,224)
[p4:spx] #5 tme=0 fst=1 vtxRGBA=00000080 span=640x224 tbp=0x0 tw=1 th=1
[p4:px] #600000 WriteVram fbp_block=0x0 fbw=10 (x=319,y=41) psm=0x1 pixel=0x80000000
[p4:px] #700000 WriteVram fbp_block=0x0 fbw=10 (x=479,y=197) psm=0x1 pixel=0x80000000
[p4:gs-sprite] #6 ctx=0 tme=0 abe=1 FRAME fbp=0x8C0 fbw=10 psm=0x1 msk=0x00000000 | SCISSOR 0,0..639,223 | TEST=0x0000000000030003 | TEX0 tbp=0x0 tbw=0 psm=0x0 tw=1 th=1 tfx=0 | V0(1728.0,1936.0) V1(2368.0,2160.0) uv0(5,0) uv1(0,0) | XYOFFSET ofx=1728 ofy=1936 -> screen (0,0)..(640,224)
[p4:spx] #6 tme=0 fst=1 vtxRGBA=00000080 span=640x224 tbp=0x0 tw=1 th=1
[p4:px] #800000 WriteVram fbp_block=0x8C0 fbw=10 (x=639,y=129) psm=0x1 pixel=0x80000000
[p4:isig] sid=9
[p4:isig] sid=10
[p4:gs-sprite] #7 ctx=0 tme=0 abe=1 FRAME fbp=0x0 fbw=10 psm=0x1 msk=0x00000000 | SCISSOR 0,0..639,223 | TEST=0x0000000000030003 | TEX0 tbp=0x0 tbw=0 psm=0x0 tw=1 th=1 tfx=0 | V0(1728.0,1936.0) V1(2368.0,2160.0) uv0(6,0) uv1(0,0) | XYOFFSET ofx=1728 ofy=1936 -> screen (0,0)..(640,224)
[p4:spx] #7 tme=0 fst=1 vtxRGBA=00000080 span=640x224 tbp=0x0 tw=1 th=1
[p4:px] #900000 WriteVram fbp_block=0x0 fbw=10 (x=159,y=62) psm=0x1 pixel=0x80000000
[p4:px] #1000000 WriteVram fbp_block=0x0 fbw=10 (x=319,y=218) psm=0x1 pixel=0x80000000
[p4:isig] sid=9
[p4:isig] sid=10
[p4:new2] size=0x0000002c ra=0x00149e80
[p4:malloc] size=0x0000002c ra=0x001006bc
[p4:ld] load obj=0x00c64e50 size=0x00000000 ra=0x00149ed4
[p4:new2] size=0x000200e0 ra=0x00100540
[p4:malloc] size=0x000200e0 ra=0x001006bc
[p4:EndOfHeap] ret=0x01f00000 brk=0x00c6d000 a0=0x00021000 ra=0x0010f3b8
[p4:rd1] FUN_001b5ca0 obj=0x00c253e8 dst=0x00c64e80 len=0x000200e0 ra=0x0019a1d4
[p4:sm] poll n=4 obj=0x00c253e8 ra=0x001b5cfc
[gzmfs] SEEK fd=0 off=49723392 whence=0 -> pos=49723392
[p4:alarm] n=2 id=2 handler=0x0011c570 arg=0x01ff7e18 *arg=11
[p4:isig] sid=9
[p4:isig] sid=10
[p4:hdl] 11c570 entry a2=0x01ff7e18
[p4:isig] sid=11
[p4:wake-pre] sid=11 consumed=1
[p4:sm] poll n=5 obj=0x00c253e8 ra=0x001b5d14
[p4:alarm] n=3 id=3 handler=0x0011c570 arg=0x01ff7e18 *arg=12
[p4:hdl] 11c570 entry a2=0x01ff7e18
[p4:isig] sid=12
[p4:wake-pre] sid=12 consumed=1
[p4:sm] poll n=6 obj=0x00c253e8 ra=0x001b5d14
[gzmfs] READ fd=0 pos=49723392 len=131296 -> 131296 dst=0x00C64E80
[p4:alarm] n=4 id=4 handler=0x0011c570 arg=0x01ff7e18 *arg=13
[p4:hdl] 11c570 entry a2=0x01ff7e18
[p4:isig] sid=13
[p4:wake-pre] sid=13 consumed=1
[p4:sm] poll n=7 obj=0x00c253e8 ra=0x001b5d14
[p4:new2] size=0x00000060 ra=0x00100540
[p4:malloc] size=0x00000060 ra=0x001006bc
[p4:new2] size=0x0000002c ra=0x00149f48
[p4:malloc] size=0x0000002c ra=0x001006bc
[p4:ld] load obj=0x00c64e50 size=0x00000000 ra=0x00149f9c
[p4:new2] size=0x00001a5c ra=0x00100540
[p4:malloc] size=0x00001a5c ra=0x001006bc
[p4:rd1] FUN_001b5ca0 obj=0x00c253e8 dst=0x00c2d930 len=0x00020000 ra=0x0019a168
[p4:sm] poll n=8 obj=0x00c253e8 ra=0x001b5cfc
[gzmfs] SEEK fd=0 off=49715200 whence=0 -> pos=49715200
[p4:alarm] n=5 id=5 handler=0x0011c570 arg=0x01ff7e18 *arg=14
[p4:hdl] 11c570 entry a2=0x01ff7e18
[p4:isig] sid=14
[p4:wake-pre] sid=14 consumed=1
[p4:sm] poll n=9 obj=0x00c253e8 ra=0x001b5d14
[p4:alarm] n=6 id=6 handler=0x0011c570 arg=0x01ff7e18 *arg=15
[p4:isig] sid=9
[p4:isig] sid=10
[p4:hdl] 11c570 entry a2=0x01ff7e18
[p4:isig] sid=15
[p4:wake-pre] sid=15 consumed=1
[p4:sm] poll n=10 obj=0x00c253e8 ra=0x001b5d14
[gzmfs] READ fd=0 pos=49715200 len=131072 -> 131072 dst=0x00C2D930
[p4:alarm] n=7 id=7 handler=0x0011c570 arg=0x01ff7e18 *arg=16
[p4:hdl] 11c570 entry a2=0x01ff7e18
[p4:isig] sid=16
[p4:wake-pre] sid=16 consumed=1
[p4:sm] poll n=11 obj=0x00c253e8 ra=0x001b5d14
[p4:gs-sprite] #8 ctx=0 tme=0 abe=1 FRAME fbp=0x8C0 fbw=10 psm=0x1 msk=0x00000000 | SCISSOR 0,0..639,223 | TEST=0x0000000000030003 | TEX0 tbp=0x0 tbw=0 psm=0x0 tw=1 th=1 tfx=0 | V0(1728.0,1936.0) V1(2368.0,2160.0) uv0(7,0) uv1(0,0) | XYOFFSET ofx=1728 ofy=1936 -> screen (0,0)..(640,224)
[p4:spx] #8 tme=0 fst=1 vtxRGBA=00000080 span=640x224 tbp=0x0 tw=1 th=1
[p4:px] #1100000 WriteVram fbp_block=0x8C0 fbw=10 (x=479,y=150) psm=0x1 pixel=0x80000000
[p4:gs-trx] #1 dir=0 dst=0x0 dbw=8 dpsm=0x2C rrw=512 rrh=512 pixels=262144
[p4:gs-trx] #2 dir=0 dst=0xED000 dbw=0 dpsm=0x0 rrw=8 rrh=2 pixels=16
[p4:gs-trx] #3 dir=0 dst=0xED040 dbw=0 dpsm=0x0 rrw=8 rrh=2 pixels=16
[p4:gs-trx] #4 dir=0 dst=0x0 dbw=0 dpsm=0x24 rrw=0 rrh=512 pixels=0
[p4:gs-trx] #5 dir=0 dst=0xED080 dbw=0 dpsm=0x0 rrw=8 rrh=2 pixels=16
[p4:gs-trx] #6 dir=0 dst=0xED0C0 dbw=0 dpsm=0x0 rrw=8 rrh=2 pixels=16
[p4:isig] sid=9
[p4:isig] sid=10
[p4:new2] size=0x00014700 ra=0x00100540
[p4:malloc] size=0x00014700 ra=0x001006bc
[p4:new2] size=0x00000030 ra=0x0014b994
[p4:malloc] size=0x00000030 ra=0x001006bc
[p4:new2] size=0x000002c0 ra=0x001e2548
[p4:malloc] size=0x000002c0 ra=0x001006bc
[mc] Init enter
[mc] Init exit
[mc] Sync idle -> -1
[mc] GetInfo port=0 slot=0 type=2 free=8192 fmt=1 result=0 fmtPtr=0x00C79820
[mc] GetInfo port=0 slot=0 type=2 free=8192 fmt=1 result=0 fmtPtr=0x00C79820
[p4:gs-sprite] #9 ctx=0 tme=0 abe=1 FRAME fbp=0x0 fbw=10 psm=0x1 msk=0x00000000 | SCISSOR 0,0..639,223 | TEST=0x0000000000030003 | TEX0 tbp=0x0 tbw=0 psm=0x0 tw=1 th=1 tfx=0 | V0(1728.0,1936.0) V1(2368.0,2160.0) uv0(1,0) uv1(0,0) | XYOFFSET ofx=1728 ofy=1936 -> screen (0,0)..(640,224)
[p4:spx] #9 tme=0 fst=1 vtxRGBA=00000080 span=640x224 tbp=0x0 tw=1 th=1
[p4:px] #1200000 WriteVram fbp_block=0x0 fbw=10 (x=639,y=82) psm=0x1 pixel=0x80000000
[mc] GetDir port=0 slot=0 path='/BASLUS-20407/BASLUS-20407' maxent=8 table=0x00C795E0 result=-4 entries=0
[p4:isig] sid=9
[p4:isig] sid=10
[p4:gs-sprite] #10 ctx=0 tme=0 abe=1 FRAME fbp=0x8C0 fbw=10 psm=0x1 msk=0x00000000 | SCISSOR 0,0..639,223 | TEST=0x0000000000030003 | TEX0 tbp=0x0 tbw=0 psm=0x0 tw=1 th=1 tfx=0 | V0(1728.0,1936.0) V1(2368.0,2160.0) uv0(2816,141) uv1(0,0) | XYOFFSET ofx=1728 ofy=1936 -> screen (0,0)..(640,224)
[p4:spx] #10 tme=0 fst=1 vtxRGBA=00000080 span=640x224 tbp=0x0 tw=1 th=1
[p4:px] #1300000 WriteVram fbp_block=0x8C0 fbw=10 (x=159,y=15) psm=0x1 pixel=0x80000000
[p4:px] #1400000 WriteVram fbp_block=0x8C0 fbw=10 (x=319,y=171) psm=0x1 pixel=0x80000000
[p4:isig] sid=9
[p4:isig] sid=10
[p4:gs-sprite] #11 ctx=0 tme=0 abe=1 FRAME fbp=0x0 fbw=10 psm=0x1 msk=0x00000000 | SCISSOR 0,0..639,223 | TEST=0x0000000000030003 | TEX0 tbp=0x0 tbw=0 psm=0x0 tw=1 th=1 tfx=0 | V0(1728.0,1936.0) V1(2368.0,2160.0) uv0(0,0) uv1(0,0) | XYOFFSET ofx=1728 ofy=1936 -> screen (0,0)..(640,224)
[p4:spx] #11 tme=0 fst=1 vtxRGBA=00000080 span=640x224 tbp=0x0 tw=1 th=1
[p4:px] #1500000 WriteVram fbp_block=0x0 fbw=10 (x=479,y=103) psm=0x1 pixel=0x80000000
[p4:isig] sid=9
[p4:isig] sid=10
[p4:gs-sprite] #12 ctx=0 tme=0 abe=1 FRAME fbp=0x8C0 fbw=10 psm=0x1 msk=0x00000000 | SCISSOR 0,0..639,223 | TEST=0x0000000000030003 | TEX0 tbp=0x0 tbw=0 psm=0x0 tw=1 th=1 tfx=0 | V0(1728.0,1936.0) V1(2368.0,2160.0) uv0(5472,199) uv1(0,0) | XYOFFSET ofx=1728 ofy=1936 -> screen (0,0)..(640,224)
[p4:spx] #12 tme=0 fst=1 vtxRGBA=00000080 span=640x224 tbp=0x0 tw=1 th=1
[p4:px] #1600000 WriteVram fbp_block=0x8C0 fbw=10 (x=639,y=35) psm=0x1 pixel=0x80000000
[p4:px] #1700000 WriteVram fbp_block=0x8C0 fbw=10 (x=159,y=192) psm=0x1 pixel=0x80000000
[p4:isig] sid=9
[p4:isig] sid=10
[p4:spx] #13 tme=0 fst=1 vtxRGBA=00000080 span=640x224 tbp=0x0 tw=1 th=1
[p4:px] #1800000 WriteVram fbp_block=0x0 fbw=10 (x=319,y=124) psm=0x1 pixel=0x80000000
[p4:isig] sid=9
[p4:isig] sid=10
[p4:spx] #14 tme=0 fst=1 vtxRGBA=00000080 span=640x224 tbp=0x0 tw=1 th=1
[p4:px] #1900000 WriteVram fbp_block=0x8C0 fbw=10 (x=479,y=56) psm=0x1 pixel=0x80000000
[p4:px] #2000000 WriteVram fbp_block=0x8C0 fbw=10 (x=639,y=212) psm=0x1 pixel=0x80000000
[p4:isig] sid=9
[p4:isig] sid=10
[p4:spx] #15 tme=0 fst=1 vtxRGBA=00000080 span=640x224 tbp=0x0 tw=1 th=1
[p4:px] #2100000 WriteVram fbp_block=0x0 fbw=10 (x=159,y=145) psm=0x1 pixel=0x80000000
[p4:isig] sid=9
[p4:isig] sid=10
[p4:isig] sid=9
[p4:isig] sid=10
[p4:spx] #16 tme=0 fst=1 vtxRGBA=00000080 span=640x224 tbp=0x0 tw=1 th=1
[p4:px] #2200000 WriteVram fbp_block=0x8C0 fbw=10 (x=319,y=77) psm=0x1 pixel=0x80000000
[p4:isig] sid=9
[p4:isig] sid=10
[p4:px] #2300000 WriteVram fbp_block=0x0 fbw=10 (x=479,y=9) psm=0x1 pixel=0x80000000
[p4:px] #2400000 WriteVram fbp_block=0x0 fbw=10 (x=639,y=165) psm=0x1 pixel=0x80000000
[p4:px] #2500000 WriteVram fbp_block=0x8C0 fbw=10 (x=159,y=98) psm=0x1 pixel=0x80000000
[p4:isig] sid=9
[p4:isig] sid=10
[p4:new2] size=0x0000002c ra=0x0014a3c4
[p4:malloc] size=0x0000002c ra=0x001006bc
[p4:ld] load obj=0x00c64e50 size=0x00000000 ra=0x0014a418
[p4:new2] size=0x00020430 ra=0x00100540
[p4:malloc] size=0x00020430 ra=0x001006bc
[p4:EndOfHeap] ret=0x01f00000 brk=0x00c8e000 a0=0x00021000 ra=0x0010f3b8
[p4:rd1] FUN_001b5ca0 obj=0x00c253e8 dst=0x00c86a40 len=0x00020430 ra=0x0019a1d4
[p4:sm] poll n=12 obj=0x00c253e8 ra=0x001b5cfc
[gzmfs] SEEK fd=0 off=90687488 whence=0 -> pos=90687488
[p4:isig] sid=9
[p4:isig] sid=10
[p4:alarm] n=8 id=8 handler=0x0011c570 arg=0x01ff7da8 *arg=17
[p4:hdl] 11c570 entry a2=0x01ff7da8
[p4:isig] sid=17
[p4:wake-pre] sid=17 consumed=1
[p4:sm] poll n=13 obj=0x00c253e8 ra=0x001b5d14
[p4:alarm] n=9 id=9 handler=0x0011c570 arg=0x01ff7da8 *arg=18
[p4:hdl] 11c570 entry a2=0x01ff7da8
[p4:isig] sid=18
[p4:wake-pre] sid=18 consumed=1
[p4:sm] poll n=14 obj=0x00c253e8 ra=0x001b5d14
[gzmfs] READ fd=0 pos=90687488 len=132144 -> 132144 dst=0x00C86A40
[p4:alarm] n=10 id=10 handler=0x0011c570 arg=0x01ff7da8 *arg=19
[p4:hdl] 11c570 entry a2=0x01ff7da8
[p4:isig] sid=19
[p4:wake-pre] sid=19 consumed=1
[p4:sm] poll n=15 obj=0x00c253e8 ra=0x001b5d14
[p4:px] #2600000 WriteVram fbp_block=0x0 fbw=10 (x=319,y=30) psm=0x1 pixel=0x80000000
[p4:px] #2700000 WriteVram fbp_block=0x0 fbw=10 (x=479,y=186) psm=0x1 pixel=0x80000000
[p4:gs-trx] #7 dir=0 dst=0x69000 dbw=4 dpsm=0x0 rrw=256 rrh=128 pixels=32768
[p4:gs-trx] #8 dir=0 dst=0xED100 dbw=0 dpsm=0x0 rrw=16 rrh=16 pixels=256
[p4:malloc] size=0x00011ee0 ra=0x0014a818
[p4:isig] sid=9
[p4:isig] sid=10
[p4:sm] poll n=16 obj=0x00c253e8 ra=0x0014a8f0
[gzmfs] SEEK fd=0 off=131764224 whence=0 -> pos=131764224
[p4:px] #2800000 WriteVram fbp_block=0x8C0 fbw=10 (x=639,y=118) psm=0x1 pixel=0x80000000
[p4:texel] #1 texel=0x80000000 -> combined RGBA=00000080 tbp=0x1A40 tpsm=0x13
[p4:texel] #2 texel=0x80000000 -> combined RGBA=00000080 tbp=0x1A40 tpsm=0x13
[p4:texel] #3 texel=0x80000000 -> combined RGBA=00000080 tbp=0x1A40 tpsm=0x13
[p4:texel] #4 texel=0x80000000 -> combined RGBA=00000080 tbp=0x1A40 tpsm=0x13
[p4:texel] #5 texel=0x80000000 -> combined RGBA=00000080 tbp=0x1A40 tpsm=0x13
[p4:texel] #6 texel=0x80000000 -> combined RGBA=00000080 tbp=0x1A40 tpsm=0x13
[p4:texel] #7 texel=0x80000000 -> combined RGBA=00000080 tbp=0x1A40 tpsm=0x13
[p4:texel] #8 texel=0x80000000 -> combined RGBA=00000080 tbp=0x1A40 tpsm=0x13
[p4:texel] #9 texel=0x80000000 -> combined RGBA=00000080 tbp=0x1A40 tpsm=0x13
[p4:texel] #10 texel=0x80000000 -> combined RGBA=00000080 tbp=0x1A40 tpsm=0x13
[p4:texel] #11 texel=0x80000000 -> combined RGBA=00000080 tbp=0x1A40 tpsm=0x13
[p4:texel] #12 texel=0x80000000 -> combined RGBA=00000080 tbp=0x1A40 tpsm=0x13
[p4:texel] #13 texel=0x80000000 -> combined RGBA=00000080 tbp=0x1A40 tpsm=0x13
[p4:texel] #14 texel=0x80000000 -> combined RGBA=00000080 tbp=0x1A40 tpsm=0x13
[p4:texel] #15 texel=0x80000000 -> combined RGBA=00000080 tbp=0x1A40 tpsm=0x13
[p4:texel] #16 texel=0x80000000 -> combined RGBA=00000080 tbp=0x1A40 tpsm=0x13
[p4:clut] samples=1000 nonzero=0 (0.00%) u=[0..250] v=[0..1] distinctIdx=1 topNonZeroIdx=0x00(0) psm=0x13 tbp0=0x1A40 tbw=8 cbp=0x3B44 csa=0
[p4:clut] samples=50000 nonzero=3030 (6.06%) u=[0..480] v=[0..53] distinctIdx=146 topNonZeroIdx=0x01(172) psm=0x13 tbp0=0x1A40 tbw=8 cbp=0x3B44 csa=0
[p4:px] #2900000 WriteVram fbp_block=0x8C0 fbw=10 (x=239,y=116) psm=0x1 pixel=0x80000000
[p4:isig] sid=9
[p4:isig] sid=10
[p4:isig] sid=9
[p4:isig] sid=10
[p4:sm] poll n=17 obj=0x00c253e8 ra=0x0014a8f0
[p4:px] #3000000 WriteVram fbp_block=0x0 fbw=10 (x=319,y=111) psm=0x1 pixel=0x80000000
[p4:px] #3100000 WriteVram fbp_block=0x0 fbw=10 (x=239,y=106) psm=0x1 pixel=0x80000007
        ... [39,168 more [p4:isig] lines elided by export_logs.py] ...
[p4:sm] poll n=18 obj=0x00c253e8 ra=0x0014a8f0
[gzmfs] READ fd=0 pos=131764224 len=73440 -> 73440 dst=0x00C64E50
[p4:px] #3200000 WriteVram fbp_block=0x8C0 fbw=10 (x=639,y=103) psm=0x1 pixel=0x80000000
[p4:clut] samples=500000 nonzero=176056 (35.21%) u=[0..480] v=[0..255] distinctIdx=256 topNonZeroIdx=0x9E(88536) psm=0x13 tbp0=0x1A40 tbw=8 cbp=0x3B44 csa=0
[p4:px] #3300000 WriteVram fbp_block=0x8C0 fbw=10 (x=239,y=96) psm=0x1 pixel=0x80000000
[p4:sm] poll n=19 obj=0x00c253e8 ra=0x0014a8f0
[p4:px] #3400000 WriteVram fbp_block=0x0 fbw=10 (x=319,y=96) psm=0x1 pixel=0x80000000
[p4:px] #3500000 WriteVram fbp_block=0x0 fbw=10 (x=239,y=86) psm=0x1 pixel=0x80000000
[p4:malloc] size=0x00000140 ra=0x0014a8a4
[p4:px] #3600000 WriteVram fbp_block=0x8C0 fbw=10 (x=639,y=88) psm=0x1 pixel=0x80000000
[p4:clut] samples=1000000 nonzero=352574 (35.26%) u=[0..480] v=[0..255] distinctIdx=256 topNonZeroIdx=0x9E(177072) psm=0x13 tbp0=0x1A40 tbw=8 cbp=0x3B44 csa=0
[p4:px] #3700000 WriteVram fbp_block=0x8C0 fbw=10 (x=239,y=76) psm=0x1 pixel=0x80000000
[p4:sm] poll n=20 obj=0x00c253e8 ra=0x0014a8f0
[gzmfs] SEEK fd=0 off=131837952 whence=0 -> pos=131837952
[p4:px] #3800000 WriteVram fbp_block=0x0 fbw=10 (x=319,y=81) psm=0x1 pixel=0x80000000
[p4:px] #3900000 WriteVram fbp_block=0x0 fbw=10 (x=239,y=66) psm=0x1 pixel=0x80000000
[p4:px] #4000000 WriteVram fbp_block=0x8C0 fbw=10 (x=639,y=73) psm=0x1 pixel=0x80000000
[p4:px] #4100000 WriteVram fbp_block=0x8C0 fbw=10 (x=239,y=56) psm=0x1 pixel=0x80000000
[p4:clut] samples=1500000 nonzero=529564 (35.30%) u=[0..480] v=[0..255] distinctIdx=256 topNonZeroIdx=0x9E(265608) psm=0x13 tbp0=0x1A40 tbw=8 cbp=0x3B44 csa=0
[gzmfs] READ fd=0 pos=131837952 len=320 -> 320 dst=0x00C76D40
[p4:px] #4200000 WriteVram fbp_block=0x0 fbw=10 (x=319,y=66) psm=0x1 pixel=0x80000000
[p4:px] #4300000 WriteVram fbp_block=0x0 fbw=10 (x=479,y=222) psm=0x1 pixel=0x80000000
[p4:new2] size=0x00000048 ra=0x0014a924
[p4:malloc] size=0x00000048 ra=0x001006bc
[p4:new2] size=0x00000b8c ra=0x0015f594
[p4:malloc] size=0x00000b8c ra=0x001006bc
[p4:new2] size=0x00000060 ra=0x00100540
[p4:malloc] size=0x00000060 ra=0x001006bc
[p4:px] #4400000 WriteVram fbp_block=0x8C0 fbw=10 (x=639,y=58) psm=0x1 pixel=0x80000000
[p4:px] #4500000 WriteVram fbp_block=0x8C0 fbw=10 (x=159,y=215) psm=0x1 pixel=0x80000000
[p4:clut] samples=2000000 nonzero=706202 (35.31%) u=[0..480] v=[0..255] distinctIdx=256 topNonZeroIdx=0x9E(354144) psm=0x13 tbp0=0x1A40 tbw=8 cbp=0x3B44 csa=0
[p4:new2] size=0x00000140 ra=0x00100540
[p4:malloc] size=0x00000140 ra=0x001006bc
[p4:px] #4600000 WriteVram fbp_block=0x0 fbw=10 (x=319,y=51) psm=0x1 pixel=0x80000000
[p4:px] #4700000 WriteVram fbp_block=0x0 fbw=10 (x=479,y=207) psm=0x1 pixel=0x80000000
[p4:px] #4800000 WriteVram fbp_block=0x8C0 fbw=10 (x=639,y=43) psm=0x1 pixel=0x80000000
[p4:px] #4900000 WriteVram fbp_block=0x8C0 fbw=10 (x=159,y=200) psm=0x1 pixel=0x80000000
[p4:clut] samples=2500000 nonzero=882846 (35.31%) u=[0..480] v=[0..255] distinctIdx=256 topNonZeroIdx=0x9E(442680) psm=0x13 tbp0=0x1A40 tbw=8 cbp=0x3B44 csa=0
[p4:px] #5000000 WriteVram fbp_block=0x0 fbw=10 (x=319,y=36) psm=0x1 pixel=0x80000000
[p4:px] #5100000 WriteVram fbp_block=0x0 fbw=10 (x=479,y=192) psm=0x1 pixel=0x80000000
[p4:px] #5200000 WriteVram fbp_block=0x8C0 fbw=10 (x=639,y=28) psm=0x1 pixel=0x80000000
        ... [22,551 more [p4:px] lines elided by export_logs.py] ...
[p4:clut] samples=3000000 nonzero=1059366 (35.31%) u=[0..480] v=[0..255] distinctIdx=256 topNonZeroIdx=0x9E(531216) psm=0x13 tbp0=0x1A40 tbw=8 cbp=0x3B44 csa=0
[p4:clut] samples=3500000 nonzero=1236820 (35.34%) u=[0..480] v=[0..255] distinctIdx=256 topNonZeroIdx=0x9E(619752) psm=0x13 tbp0=0x1A40 tbw=8 cbp=0x3B44 csa=0
[p4:clut] samples=4000000 nonzero=1414654 (35.37%) u=[0..480] v=[0..255] distinctIdx=256 topNonZeroIdx=0x9E(708708) psm=0x13 tbp0=0x1A40 tbw=8 cbp=0x3B44 csa=0
[p4:clut] samples=4500000 nonzero=1592238 (35.38%) u=[0..480] v=[0..255] distinctIdx=256 topNonZeroIdx=0x9E(797916) psm=0x13 tbp0=0x1A40 tbw=8 cbp=0x3B44 csa=0
[p4:clut] samples=5000000 nonzero=1770162 (35.40%) u=[0..480] v=[0..255] distinctIdx=256 topNonZeroIdx=0x9E(887292) psm=0x13 tbp0=0x1A40 tbw=8 cbp=0x3B44 csa=0
[p4:clut] samples=5500000 nonzero=1947900 (35.42%) u=[0..480] v=[0..255] distinctIdx=256 topNonZeroIdx=0x9E(976500) psm=0x13 tbp0=0x1A40 tbw=8 cbp=0x3B44 csa=0
[p4:clut] samples=6000000 nonzero=2129130 (35.49%) u=[0..480] v=[0..255] distinctIdx=256 topNonZeroIdx=0x9E(1065706) psm=0x13 tbp0=0x1A40 tbw=8 cbp=0x3B44 csa=0
[p4:clut] samples=6500000 nonzero=2311668 (35.56%) u=[0..480] v=[0..255] distinctIdx=256 topNonZeroIdx=0x9E(1156652) psm=0x13 tbp0=0x1A40 tbw=8 cbp=0x3B44 csa=0
[p4:clut] samples=7000000 nonzero=2494130 (35.63%) u=[0..480] v=[0..255] distinctIdx=256 topNonZeroIdx=0x9E(1250014) psm=0x13 tbp0=0x1A40 tbw=8 cbp=0x3B44 csa=0
[p4:clut] samples=7500000 nonzero=2676338 (35.68%) u=[0..480] v=[0..255] distinctIdx=256 topNonZeroIdx=0x9E(1343862) psm=0x13 tbp0=0x1A40 tbw=8 cbp=0x3B44 csa=0
[p4:clut] samples=8000000 nonzero=2858936 (35.74%) u=[0..480] v=[0..255] distinctIdx=256 topNonZeroIdx=0x9E(1437822) psm=0x13 tbp0=0x1A40 tbw=8 cbp=0x3B44 csa=0
[p4:clut] samples=8500000 nonzero=3041396 (35.78%) u=[0..480] v=[0..255] distinctIdx=256 topNonZeroIdx=0x9E(1530508) psm=0x13 tbp0=0x1A40 tbw=8 cbp=0x3B44 csa=0
[p4:clut] samples=9000000 nonzero=3224100 (35.82%) u=[0..480] v=[0..255] distinctIdx=256 topNonZeroIdx=0x9E(1623536) psm=0x13 tbp0=0x1A40 tbw=8 cbp=0x3B44 csa=0
[p4:clut] samples=9500000 nonzero=3405854 (35.85%) u=[0..480] v=[0..255] distinctIdx=256 topNonZeroIdx=0x9E(1716304) psm=0x13 tbp0=0x1A40 tbw=8 cbp=0x3B44 csa=0
[p4:clut] samples=10000000 nonzero=3587508 (35.88%) u=[0..480] v=[0..255] distinctIdx=256 topNonZeroIdx=0x9E(1809312) psm=0x13 tbp0=0x1A40 tbw=8 cbp=0x3B44 csa=0
[p4:clut] samples=10500000 nonzero=3769058 (35.90%) u=[0..480] v=[0..255] distinctIdx=256 topNonZeroIdx=0x9E(1901862) psm=0x13 tbp0=0x1A40 tbw=8 cbp=0x3B44 csa=0
[p4:clut] samples=11000000 nonzero=3950234 (35.91%) u=[0..480] v=[0..255] distinctIdx=256 topNonZeroIdx=0x9E(1992060) psm=0x13 tbp0=0x1A40 tbw=8 cbp=0x3B44 csa=0
[p4:clut] samples=11500000 nonzero=4130901 (35.92%) u=[0..480] v=[0..255] distinctIdx=256 topNonZeroIdx=0x9E(2080596) psm=0x13 tbp0=0x1A40 tbw=8 cbp=0x3B44 csa=0
[p4:clut] samples=12000000 nonzero=4308804 (35.91%) u=[0..480] v=[0..255] distinctIdx=256 topNonZeroIdx=0x9E(2169132) psm=0x13 tbp0=0x1A40 tbw=8 cbp=0x3B44 csa=0
[p4:clut] samples=12500000 nonzero=4487050 (35.90%) u=[0..480] v=[0..255] distinctIdx=256 topNonZeroIdx=0x9E(2257668) psm=0x13 tbp0=0x1A40 tbw=8 cbp=0x3B44 csa=0
[p4:clut] samples=13000000 nonzero=4664994 (35.88%) u=[0..480] v=[0..255] distinctIdx=256 topNonZeroIdx=0x9E(2346204) psm=0x13 tbp0=0x1A40 tbw=8 cbp=0x3B44 csa=0
[p4:clut] samples=13500000 nonzero=4841540 (35.86%) u=[0..480] v=[0..255] distinctIdx=256 topNonZeroIdx=0x9E(2434740) psm=0x13 tbp0=0x1A40 tbw=8 cbp=0x3B44 csa=0
[p4:clut] samples=14000000 nonzero=5017596 (35.84%) u=[0..480] v=[0..255] distinctIdx=256 topNonZeroIdx=0x9E(2523276) psm=0x13 tbp0=0x1A40 tbw=8 cbp=0x3B44 csa=0
[p4:clut] samples=14500000 nonzero=5193652 (35.82%) u=[0..480] v=[0..255] distinctIdx=256 topNonZeroIdx=0x9E(2611812) psm=0x13 tbp0=0x1A40 tbw=8 cbp=0x3B44 csa=0
[p4:clut] samples=15000000 nonzero=5369708 (35.80%) u=[0..480] v=[0..255] distinctIdx=256 topNonZeroIdx=0x9E(2700348) psm=0x13 tbp0=0x1A40 tbw=8 cbp=0x3B44 csa=0
[p4:clut] samples=15500000 nonzero=5546312 (35.78%) u=[0..480] v=[0..255] distinctIdx=256 topNonZeroIdx=0x9E(2788884) psm=0x13 tbp0=0x1A40 tbw=8 cbp=0x3B44 csa=0
[p4:clut] samples=16000000 nonzero=5723216 (35.77%) u=[0..480] v=[0..255] distinctIdx=256 topNonZeroIdx=0x9E(2877420) psm=0x13 tbp0=0x1A40 tbw=8 cbp=0x3B44 csa=0
[p4:clut] samples=16500000 nonzero=5899854 (35.76%) u=[0..480] v=[0..255] distinctIdx=256 topNonZeroIdx=0x9E(2965956) psm=0x13 tbp0=0x1A40 tbw=8 cbp=0x3B44 csa=0
[p4:clut] samples=17000000 nonzero=6076498 (35.74%) u=[0..480] v=[0..255] distinctIdx=256 topNonZeroIdx=0x9E(3054492) psm=0x13 tbp0=0x1A40 tbw=8 cbp=0x3B44 csa=0
[p4:clut] samples=17500000 nonzero=6253018 (35.73%) u=[0..480] v=[0..255] distinctIdx=256 topNonZeroIdx=0x9E(3143028) psm=0x13 tbp0=0x1A40 tbw=8 cbp=0x3B44 csa=0
[p4:clut] samples=18000000 nonzero=6430484 (35.72%) u=[0..480] v=[0..255] distinctIdx=256 topNonZeroIdx=0x9E(3231564) psm=0x13 tbp0=0x1A40 tbw=8 cbp=0x3B44 csa=0
[p4:clut] samples=18500000 nonzero=6608306 (35.72%) u=[0..480] v=[0..255] distinctIdx=256 topNonZeroIdx=0x9E(3320520) psm=0x13 tbp0=0x1A40 tbw=8 cbp=0x3B44 csa=0
[p4:clut] samples=19000000 nonzero=6785928 (35.72%) u=[0..480] v=[0..255] distinctIdx=256 topNonZeroIdx=0x9E(3409728) psm=0x13 tbp0=0x1A40 tbw=8 cbp=0x3B44 csa=0
[p4:clut] samples=19500000 nonzero=6963824 (35.71%) u=[0..480] v=[0..255] distinctIdx=256 topNonZeroIdx=0x9E(3499104) psm=0x13 tbp0=0x1A40 tbw=8 cbp=0x3B44 csa=0
[p4:clut] samples=20000000 nonzero=7141579 (35.71%) u=[0..480] v=[0..255] distinctIdx=256 topNonZeroIdx=0x9E(3588312) psm=0x13 tbp0=0x1A40 tbw=8 cbp=0x3B44 csa=0
[p4:clut] samples=20500000 nonzero=7322884 (35.72%) u=[0..480] v=[0..255] distinctIdx=256 topNonZeroIdx=0x9E(3677568) psm=0x13 tbp0=0x1A40 tbw=8 cbp=0x3B44 csa=0
[p4:clut] samples=21000000 nonzero=7505480 (35.74%) u=[0..480] v=[0..255] distinctIdx=256 topNonZeroIdx=0x9E(3768610) psm=0x13 tbp0=0x1A40 tbw=8 cbp=0x3B44 csa=0
[p4:clut] samples=21500000 nonzero=7687810 (35.76%) u=[0..480] v=[0..255] distinctIdx=256 topNonZeroIdx=0x9E(3861826) psm=0x13 tbp0=0x1A40 tbw=8 cbp=0x3B44 csa=0
[p4:clut] samples=22000000 nonzero=7870150 (35.77%) u=[0..480] v=[0..255] distinctIdx=256 topNonZeroIdx=0x9E(3955826) psm=0x13 tbp0=0x1A40 tbw=8 cbp=0x3B44 csa=0
[p4:clut] samples=22500000 nonzero=8052748 (35.79%) u=[0..480] v=[0..255] distinctIdx=256 topNonZeroIdx=0x9E(4049744) psm=0x13 tbp0=0x1A40 tbw=8 cbp=0x3B44 csa=0
[p4:clut] samples=23000000 nonzero=8235208 (35.81%) u=[0..480] v=[0..255] distinctIdx=256 topNonZeroIdx=0x9E(4142434) psm=0x13 tbp0=0x1A40 tbw=8 cbp=0x3B44 csa=0
[p4:clut] samples=23500000 nonzero=8417912 (35.82%) u=[0..480] v=[0..255] distinctIdx=256 topNonZeroIdx=0x9E(4235462) psm=0x13 tbp0=0x1A40 tbw=8 cbp=0x3B44 csa=0
[p4:clut] samples=24000000 nonzero=8599506 (35.83%) u=[0..480] v=[0..255] distinctIdx=256 topNonZeroIdx=0x9E(4328116) psm=0x13 tbp0=0x1A40 tbw=8 cbp=0x3B44 csa=0
[p4:clut] samples=24500000 nonzero=8781320 (35.84%) u=[0..480] v=[0..255] distinctIdx=256 topNonZeroIdx=0x9E(4421284) psm=0x13 tbp0=0x1A40 tbw=8 cbp=0x3B44 csa=0
[p4:clut] samples=25000000 nonzero=8962758 (35.85%) u=[0..480] v=[0..255] distinctIdx=256 topNonZeroIdx=0x9E(4513674) psm=0x13 tbp0=0x1A40 tbw=8 cbp=0x3B44 csa=0
[p4:clut] samples=25500000 nonzero=9144046 (35.86%) u=[0..480] v=[0..255] distinctIdx=256 topNonZeroIdx=0x9E(4603872) psm=0x13 tbp0=0x1A40 tbw=8 cbp=0x3B44 csa=0
[p4:clut] samples=26000000 nonzero=9324638 (35.86%) u=[0..480] v=[0..255] distinctIdx=256 topNonZeroIdx=0x9E(4692408) psm=0x13 tbp0=0x1A40 tbw=8 cbp=0x3B44 csa=0
[p4:clut] samples=26500000 nonzero=9502470 (35.86%) u=[0..480] v=[0..255] distinctIdx=256 topNonZeroIdx=0x9E(4780944) psm=0x13 tbp0=0x1A40 tbw=8 cbp=0x3B44 csa=0
[p4:clut] samples=27000000 nonzero=9680742 (35.85%) u=[0..480] v=[0..255] distinctIdx=256 topNonZeroIdx=0x9E(4869480) psm=0x13 tbp0=0x1A40 tbw=8 cbp=0x3B44 csa=0
[p4:clut] samples=27500000 nonzero=9858646 (35.85%) u=[0..480] v=[0..255] distinctIdx=256 topNonZeroIdx=0x9E(4958016) psm=0x13 tbp0=0x1A40 tbw=8 cbp=0x3B44 csa=0
[p4:clut] samples=28000000 nonzero=10035192 (35.84%) u=[0..480] v=[0..255] distinctIdx=256 topNonZeroIdx=0x9E(5046552) psm=0x13 tbp0=0x1A40 tbw=8 cbp=0x3B44 csa=0
[p4:clut] samples=28500000 nonzero=10211248 (35.83%) u=[0..480] v=[0..255] distinctIdx=256 topNonZeroIdx=0x9E(5135088) psm=0x13 tbp0=0x1A40 tbw=8 cbp=0x3B44 csa=0
[p4:clut] samples=29000000 nonzero=10387304 (35.82%) u=[0..480] v=[0..255] distinctIdx=256 topNonZeroIdx=0x9E(5223624) psm=0x13 tbp0=0x1A40 tbw=8 cbp=0x3B44 csa=0
[p4:clut] samples=29500000 nonzero=10563360 (35.81%) u=[0..480] v=[0..255] distinctIdx=256 topNonZeroIdx=0x9E(5312160) psm=0x13 tbp0=0x1A40 tbw=8 cbp=0x3B44 csa=0
[p4:clut] samples=30000000 nonzero=10739964 (35.80%) u=[0..480] v=[0..255] distinctIdx=256 topNonZeroIdx=0x9E(5400696) psm=0x13 tbp0=0x1A40 tbw=8 cbp=0x3B44 csa=0
[p4:clut] samples=30500000 nonzero=10916868 (35.79%) u=[0..480] v=[0..255] distinctIdx=256 topNonZeroIdx=0x9E(5489232) psm=0x13 tbp0=0x1A40 tbw=8 cbp=0x3B44 csa=0
[p4:clut] samples=31000000 nonzero=11093558 (35.79%) u=[0..480] v=[0..255] distinctIdx=256 topNonZeroIdx=0x9E(5577768) psm=0x13 tbp0=0x1A40 tbw=8 cbp=0x3B44 csa=0
[p4:clut] samples=31500000 nonzero=11270150 (35.78%) u=[0..480] v=[0..255] distinctIdx=256 topNonZeroIdx=0x9E(5666304) psm=0x13 tbp0=0x1A40 tbw=8 cbp=0x3B44 csa=0
[p4:clut] samples=32000000 nonzero=11446670 (35.77%) u=[0..480] v=[0..255] distinctIdx=256 topNonZeroIdx=0x9E(5754840) psm=0x13 tbp0=0x1A40 tbw=8 cbp=0x3B44 csa=0
[p4:clut] samples=32500000 nonzero=11624232 (35.77%) u=[0..480] v=[0..255] distinctIdx=256 topNonZeroIdx=0x9E(5843376) psm=0x13 tbp0=0x1A40 tbw=8 cbp=0x3B44 csa=0
[p4:clut] samples=33000000 nonzero=11801958 (35.76%) u=[0..480] v=[0..255] distinctIdx=256 topNonZeroIdx=0x9E(5932332) psm=0x13 tbp0=0x1A40 tbw=8 cbp=0x3B44 csa=0
[p4:clut] samples=33500000 nonzero=11979636 (35.76%) u=[0..480] v=[0..255] distinctIdx=256 topNonZeroIdx=0x9E(6021540) psm=0x13 tbp0=0x1A40 tbw=8 cbp=0x3B44 csa=0
[p4:clut] samples=34000000 nonzero=12157476 (35.76%) u=[0..480] v=[0..255] distinctIdx=256 topNonZeroIdx=0x9E(6110916) psm=0x13 tbp0=0x1A40 tbw=8 cbp=0x3B44 csa=0
[p4:clut] samples=34500000 nonzero=12335284 (35.75%) u=[0..480] v=[0..255] distinctIdx=256 topNonZeroIdx=0x9E(6200124) psm=0x13 tbp0=0x1A40 tbw=8 cbp=0x3B44 csa=0
[p4:clut] samples=35000000 nonzero=12516696 (35.76%) u=[0..480] v=[0..255] distinctIdx=256 topNonZeroIdx=0x9E(6289498) psm=0x13 tbp0=0x1A40 tbw=8 cbp=0x3B44 csa=0
[p4:clut] samples=35500000 nonzero=12699292 (35.77%) u=[0..480] v=[0..255] distinctIdx=256 topNonZeroIdx=0x9E(6380558) psm=0x13 tbp0=0x1A40 tbw=8 cbp=0x3B44 csa=0
[p4:clut] samples=36000000 nonzero=12881462 (35.78%) u=[0..480] v=[0..255] distinctIdx=256 topNonZeroIdx=0x9E(6473638) psm=0x13 tbp0=0x1A40 tbw=8 cbp=0x3B44 csa=0
[p4:clut] samples=36500000 nonzero=13063962 (35.79%) u=[0..480] v=[0..255] distinctIdx=256 topNonZeroIdx=0x9E(6567798) psm=0x13 tbp0=0x1A40 tbw=8 cbp=0x3B44 csa=0
[p4:clut] samples=37000000 nonzero=13246500 (35.80%) u=[0..480] v=[0..255] distinctIdx=256 topNonZeroIdx=0x9E(6661556) psm=0x13 tbp0=0x1A40 tbw=8 cbp=0x3B44 csa=0
[p4:clut] samples=37500000 nonzero=13429020 (35.81%) u=[0..480] v=[0..255] distinctIdx=256 topNonZeroIdx=0x9E(6754360) psm=0x13 tbp0=0x1A40 tbw=8 cbp=0x3B44 csa=0
[p4:EndOfHeap] ret=0x01f00000 brk=0x00caf000 a0=0x00000000 ra=0x0010f3b8
[p4:EndOfHeap] ret=0x01f00000 brk=0x00caf000 a0=0xfffd8000 ra=0x0010f3b8
[p4:malloc] size=0x000ca800 ra=0x001eefac
[p4:EndOfHeap] ret=0x01f00000 brk=0x00c87000 a0=0x000cb000 ra=0x0010f3b8
[p4:malloc] size=0x00003068 ra=0x001ebaec
[p4:EndOfHeap] ret=0x01f00000 brk=0x00d52000 a0=0x0032b000 ra=0x0010f3b8
[p4:EndOfHeap] ret=0x01f00000 brk=0x0107d000 a0=0x0009a000 ra=0x0010f3b8
[p4:EndOfHeap] ret=0x01f00000 brk=0x01117000 a0=0x001ca000 ra=0x0010f3b8
[p4:EndOfHeap] ret=0x01f00000 brk=0x012e1000 a0=0x00081000 ra=0x0010f3b8
[p4:EndOfHeap] ret=0x01f00000 brk=0x01362000 a0=0x00051000 ra=0x0010f3b8
[p4:EndOfHeap] ret=0x01f00000 brk=0x013b3000 a0=0x00000000 ra=0x0010f3b8
[p4:EndOfHeap] ret=0x01f00000 brk=0x013b3000 a0=0xff99f000 ra=0x0010f3b8
[Deci2:call] code=3 argsAddr=0x01ff7910 a0=0x00000001 a1=0x00000048 a2=0x00000073 sessions=1
[Deci2:call] code=-6 argsAddr=0x01f07fa0 a0=0x00000001 a1=0x20225800 a2=0x00000037 sessions=1
[Deci2Call:send] 7.....EH....Can't Open file cdrom0:/MOVIE/SPIKE.PSS;1

[p4:EndOfHeap] ret=0x01f00000 brk=0x00d52000 a0=0x00000000 ra=0x0010f3b8
[p4:EndOfHeap] ret=0x01f00000 brk=0x00d52000 a0=0xfff35000 ra=0x0010f3b8
[p4:malloc] size=0x000ca800 ra=0x001eefac
[p4:EndOfHeap] ret=0x01f00000 brk=0x00c87000 a0=0x000cb000 ra=0x0010f3b8
[p4:malloc] size=0x00003068 ra=0x001ebaec
[p4:EndOfHeap] ret=0x01f00000 brk=0x00d52000 a0=0x0032b000 ra=0x0010f3b8
[p4:EndOfHeap] ret=0x01f00000 brk=0x0107d000 a0=0x0009a000 ra=0x0010f3b8
[p4:EndOfHeap] ret=0x01f00000 brk=0x01117000 a0=0x001ca000 ra=0x0010f3b8
[p4:EndOfHeap] ret=0x01f00000 brk=0x012e1000 a0=0x00081000 ra=0x0010f3b8
[p4:EndOfHeap] ret=0x01f00000 brk=0x01362000 a0=0x00051000 ra=0x0010f3b8
[p4:EndOfHeap] ret=0x01f00000 brk=0x013b3000 a0=0x00000000 ra=0x0010f3b8
[p4:EndOfHeap] ret=0x01f00000 brk=0x013b3000 a0=0xff99f000 ra=0x0010f3b8
[Deci2:call] code=3 argsAddr=0x01ff7910 a0=0x00000001 a1=0x00000048 a2=0x00000073 sessions=1
[Deci2:call] code=-6 argsAddr=0x01f07fa0 a0=0x00000001 a1=0x20225800 a2=0x00000039 sessions=1
[Deci2Call:send] 9.....EH....Can't Open file cdrom0:/MOVIE/ACQUIRE.PSS;1

[p4:EndOfHeap] ret=0x01f00000 brk=0x00d52000 a0=0x00000000 ra=0x0010f3b8
[p4:EndOfHeap] ret=0x01f00000 brk=0x00d52000 a0=0xfff35000 ra=0x0010f3b8
[p4:new2] size=0x00002bc0 ra=0x00152c5c
[p4:malloc] size=0x00002bc0 ra=0x001006bc
[p4:malloc] size=0x004958c0 ra=0x0014bec8
[p4:EndOfHeap] ret=0x01f00000 brk=0x00c87000 a0=0x00496000 ra=0x0010f3b8
[gzmfs] SEEK fd=0 off=2007040 whence=0 -> pos=2007040
[gzmfs] READ fd=0 pos=2007040 len=4806848 -> 4806848 dst=0x00C86A40
[p4:malloc] size=0x0075e000 ra=0x00157d68
[p4:EndOfHeap] ret=0x01f00000 brk=0x0111d000 a0=0x0075f000 ra=0x0010f3b8
[p4:vbl] ticks=300
[p4:malloc] size=0x0000000c ra=0x00157da0
[p4:malloc] size=0x00001390 ra=0x00157dc0
[p4:new2] size=0x0016f241 ra=0x00100540
[p4:malloc] size=0x0016f241 ra=0x001006bc
[gzmfs] SEEK fd=0 off=104867840 whence=0 -> pos=104867840
[gzmfs] READ fd=0 pos=104867840 len=1503809 -> 1503809 dst=0x00C86A40
[p4:new2] size=0x00000040 ra=0x0019ce38
[p4:malloc] size=0x00000040 ra=0x001006bc
[p4:malloc] size=0x00000ad8 ra=0x001b4208
[p4:new2] size=0x00000018 ra=0x001b4274
[p4:malloc] size=0x00000018 ra=0x001006bc
[p4:wake-pre] sid=7 consumed=1
[sceSifSetDma:CALL] pc=0x10f020 ra=0x11c070 list=0x22bbc0 count=1
[sceSifSetDma:DESC] i=0 src=0xc87540 dst=0x10000 size=0x10000 attr=0x0 pc=0x10f020 ra=0x11c070
[sceSifSetDma:CALL] pc=0x10f020 ra=0x11c070 list=0x22bbc0 count=1
[sceSifSetDma:DESC] i=0 src=0xc97540 dst=0x10000 size=0x10000 attr=0x0 pc=0x10f020 ra=0x11c070
[sceSifSetDma:CALL] pc=0x10f020 ra=0x11c070 list=0x22bbc0 count=1
[sceSifSetDma:DESC] i=0 src=0xca7540 dst=0x10000 size=0x10000 attr=0x0 pc=0x10f020 ra=0x11c070
[sceSifSetDma:CALL] pc=0x10f020 ra=0x11c070 list=0x22bbc0 count=1
[sceSifSetDma:DESC] i=0 src=0xcb7540 dst=0x10000 size=0x10000 attr=0x0 pc=0x10f020 ra=0x11c070
[sceSifSetDma:CALL] pc=0x10f020 ra=0x11c070 list=0x22bbc0 count=1
[sceSifSetDma:DESC] i=0 src=0xcc7540 dst=0x10000 size=0x10000 attr=0x0 pc=0x10f020 ra=0x11c070
[sceSifSetDma:CALL] pc=0x10f020 ra=0x11c070 list=0x22bbc0 count=1
[sceSifSetDma:DESC] i=0 src=0xcd7540 dst=0x10000 size=0x10000 attr=0x0 pc=0x10f020 ra=0x11c070
[sceSifSetDma:CALL] pc=0x10f020 ra=0x11c070 list=0x22bbc0 count=1
[sceSifSetDma:DESC] i=0 src=0xce7540 dst=0x10000 size=0x10000 attr=0x0 pc=0x10f020 ra=0x11c070
[sceSifSetDma:CALL] pc=0x10f020 ra=0x11c070 list=0x22bbc0 count=1
[sceSifSetDma:DESC] i=0 src=0xcf7540 dst=0x10000 size=0x10000 attr=0x0 pc=0x10f020 ra=0x11c070
[sceSifSetDma:CALL] pc=0x10f020 ra=0x11c070 list=0x22bbc0 count=1
[sceSifSetDma:DESC] i=0 src=0xd07540 dst=0x10000 size=0x10000 attr=0x0 pc=0x10f020 ra=0x11c070
[sceSifSetDma:CALL] pc=0x10f020 ra=0x11c070 list=0x22bbc0 count=1
[sceSifSetDma:DESC] i=0 src=0xd17540 dst=0x10000 size=0x10000 attr=0x0 pc=0x10f020 ra=0x11c070
[sceSifSetDma:CALL] pc=0x10f020 ra=0x11c070 list=0x22bbc0 count=1
[sceSifSetDma:DESC] i=0 src=0xd27540 dst=0x10000 size=0x10000 attr=0x0 pc=0x10f020 ra=0x11c070
[sceSifSetDma:CALL] pc=0x10f020 ra=0x11c070 list=0x22bbc0 count=1
[sceSifSetDma:DESC] i=0 src=0xd37540 dst=0x10000 size=0x10000 attr=0x0 pc=0x10f020 ra=0x11c070
[sceSifSetDma:CALL] pc=0x10f020 ra=0x11c070 list=0x22bbc0 count=1
[sceSifSetDma:DESC] i=0 src=0xd47540 dst=0x10000 size=0x10000 attr=0x0 pc=0x10f020 ra=0x11c070
[sceSifSetDma:CALL] pc=0x10f020 ra=0x11c070 list=0x22bbc0 count=1
[sceSifSetDma:DESC] i=0 src=0xd57540 dst=0x10000 size=0x10000 attr=0x0 pc=0x10f020 ra=0x11c070
[sceSifSetDma:CALL] pc=0x10f020 ra=0x11c070 list=0x22bbc0 count=1
[sceSifSetDma:DESC] i=0 src=0xd67540 dst=0x10000 size=0x10000 attr=0x0 pc=0x10f020 ra=0x11c070
[sceSifSetDma:CALL] pc=0x10f020 ra=0x11c070 list=0x22bbc0 count=1
[sceSifSetDma:DESC] i=0 src=0xd77540 dst=0x10000 size=0x10000 attr=0x0 pc=0x10f020 ra=0x11c070
[sceSifSetDma:CALL] pc=0x10f020 ra=0x11c070 list=0x22bbc0 count=1
[sceSifSetDma:DESC] i=0 src=0xd87540 dst=0x10000 size=0x10000 attr=0x0 pc=0x10f020 ra=0x11c070
[sceSifSetDma:CALL] pc=0x10f020 ra=0x11c070 list=0x22bbc0 count=1
[sceSifSetDma:DESC] i=0 src=0xd97540 dst=0x10000 size=0x10000 attr=0x0 pc=0x10f020 ra=0x11c070
[sceSifSetDma:CALL] pc=0x10f020 ra=0x11c070 list=0x22bbc0 count=1
[sceSifSetDma:DESC] i=0 src=0xda7540 dst=0x10000 size=0x10000 attr=0x0 pc=0x10f020 ra=0x11c070
[sceSifSetDma:CALL] pc=0x10f020 ra=0x11c070 list=0x22bbc0 count=1
[sceSifSetDma:DESC] i=0 src=0xdb7540 dst=0x10000 size=0x10000 attr=0x0 pc=0x10f020 ra=0x11c070
[sceSifSetDma:CALL] pc=0x10f020 ra=0x11c070 list=0x22bbc0 count=1
[sceSifSetDma:DESC] i=0 src=0xdc7540 dst=0x10000 size=0x10000 attr=0x0 pc=0x10f020 ra=0x11c070
[sceSifSetDma:CALL] pc=0x10f020 ra=0x11c070 list=0x22bbc0 count=1
[sceSifSetDma:DESC] i=0 src=0xdd7540 dst=0x10000 size=0x10000 attr=0x0 pc=0x10f020 ra=0x11c070
[sceSifSetDma:CALL] pc=0x10f020 ra=0x11c070 list=0x22bbc0 count=1
[sceSifSetDma:DESC] i=0 src=0xde7540 dst=0x10000 size=0xe740 attr=0x0 pc=0x10f020 ra=0x11c070
[p4:wake-pre] sid=7 consumed=1
[p4:malloc] size=0x000002f0 ra=0x0014bfc8
[gzmfs] SEEK fd=0 off=43862016 whence=0 -> pos=43862016
[gzmfs] READ fd=0 pos=43862016 len=752 -> 752 dst=0x00DF67E0
[p4:malloc] size=0x00001800 ra=0x00157d68
[p4:malloc] size=0x0000000c ra=0x00157da0
[p4:malloc] size=0x00001390 ra=0x00157dc0
[p4:malloc] size=0x000008c4 ra=0x0014c040
[gzmfs] SEEK fd=0 off=49186816 whence=0 -> pos=49186816
[gzmfs] READ fd=0 pos=49186816 len=2244 -> 2244 dst=0x00DF96A0
[p4:malloc] size=0x000093e0 ra=0x0014c0c8
[gzmfs] SEEK fd=0 off=96229376 whence=0 -> pos=96229376
[p4:clut] samples=38000000 nonzero=13612271 (35.82%) u=[0..480] v=[0..255] distinctIdx=256 topNonZeroIdx=0x9E(6817386) psm=0x13 tbp0=0x1C40 tbw=2 cbp=0x3B48 csa=0
[gzmfs] READ fd=0 pos=96229376 len=37856 -> 37856 dst=0x00DF9F70
[p4:malloc] size=0x00006bd0 ra=0x0014c144
[gzmfs] SEEK fd=0 off=96200704 whence=0 -> pos=96200704
[gzmfs] READ fd=0 pos=96200704 len=27600 -> 27600 dst=0x00E03360
[p4:malloc] size=0x00000134 ra=0x0014c1c0
[gzmfs] SEEK fd=0 off=96198656 whence=0 -> pos=96198656
[gzmfs] READ fd=0 pos=96198656 len=308 -> 308 dst=0x00E09F40
[p4:malloc] size=0x0002fb90 ra=0x001337cc
[gzmfs] SEEK fd=0 off=47202304 whence=0 -> pos=47202304
[gzmfs] READ fd=0 pos=47202304 len=195472 -> 195472 dst=0x00E0A080
[p4:new2] size=0x00000008 ra=0x00135764
[p4:malloc] size=0x00000008 ra=0x001006bc
[p4:new2] size=0x00000008 ra=0x00135764
[p4:malloc] size=0x00000008 ra=0x001006bc
[p4:new2] size=0x00000008 ra=0x00135764
[p4:malloc] size=0x00000008 ra=0x001006bc
[p4:new2] size=0x00000008 ra=0x00135764
[p4:malloc] size=0x00000008 ra=0x001006bc
[p4:malloc] size=0x0002c790 ra=0x001337cc
[gzmfs] SEEK fd=0 off=415744 whence=0 -> pos=415744
[gzmfs] READ fd=0 pos=415744 len=182160 -> 182160 dst=0x00E0A0C0
[p4:new2] size=0x00000008 ra=0x00135764
[p4:malloc] size=0x00000008 ra=0x001006bc
[p4:new2] size=0x00000008 ra=0x00135764
[p4:malloc] size=0x00000008 ra=0x001006bc
[p4:new2] size=0x00000008 ra=0x00135764
[p4:malloc] size=0x00000008 ra=0x001006bc
[p4:new2] size=0x00000008 ra=0x00135764
[p4:malloc] size=0x00000008 ra=0x001006bc
[p4:clut] samples=38500000 nonzero=13794102 (35.83%) u=[0..480] v=[0..255] distinctIdx=256 topNonZeroIdx=0x9E(6817752) psm=0x13 tbp0=0x1C40 tbw=2 cbp=0x3B48 csa=0
[p4:gs-sprite] #500 ctx=0 tme=1 abe=1 FRAME fbp=0x0 fbw=10 psm=0x1 msk=0x00000000 | SCISSOR 0,0..639,223 | TEST=0x000000000005001B | TEX0 tbp=0x71000 tbw=2 psm=0x13 tw=128 th=512 tfx=0 | V0(2203.0,2086.0) V1(2331.0,2150.0) uv0(16,16) uv1(2032,2032) | XYOFFSET ofx=1728 ofy=1936 -> screen (475,150)..(603,214)
[p4:spx] #500 tme=1 fst=1 vtxRGBA=00000000 span=128x64 tbp=0x1C40 tw=128 th=512
[p4:clut] samples=39000000 nonzero=13975945 (35.84%) u=[0..480] v=[0..255] distinctIdx=256 topNonZeroIdx=0x9E(6818118) psm=0x13 tbp0=0x1C40 tbw=2 cbp=0x3B48 csa=0
[p4:vbl] ticks=600
[p4:clut] samples=39500000 nonzero=14157782 (35.84%) u=[0..480] v=[0..255] distinctIdx=256 topNonZeroIdx=0x9E(6818484) psm=0x13 tbp0=0x1C40 tbw=2 cbp=0x3B48 csa=0
[p4:clut] samples=40000000 nonzero=14339498 (35.85%) u=[0..480] v=[0..255] distinctIdx=256 topNonZeroIdx=0x9E(6818850) psm=0x13 tbp0=0x1C40 tbw=2 cbp=0x3B48 csa=0
[p4:clut] samples=40500000 nonzero=14521184 (35.85%) u=[0..480] v=[0..255] distinctIdx=256 topNonZeroIdx=0x9E(6819216) psm=0x13 tbp0=0x1C40 tbw=2 cbp=0x3B48 csa=0
[p4:gs-sprite] #1000 ctx=0 tme=1 abe=1 FRAME fbp=0x0 fbw=10 psm=0x1 msk=0x00000000 | SCISSOR 0,0..639,223 | TEST=0x000000000005001B | TEX0 tbp=0x71000 tbw=2 psm=0x13 tw=128 th=512 tfx=0 | V0(2216.0,2088.5) V1(2344.0,2152.5) uv0(16,16) uv1(2032,2032) | XYOFFSET ofx=1728 ofy=1936 -> screen (488,152)..(616,216)
[p4:spx] #1000 tme=1 fst=1 vtxRGBA=00000002 span=128x64 tbp=0x1C40 tw=128 th=512
[p4:clut] samples=41000000 nonzero=14702842 (35.86%) u=[0..480] v=[0..255] distinctIdx=256 topNonZeroIdx=0x9E(6819582) psm=0x13 tbp0=0x1C40 tbw=2 cbp=0x3B48 csa=0
[p4:clut] samples=41500000 nonzero=14884500 (35.87%) u=[0..480] v=[0..255] distinctIdx=256 topNonZeroIdx=0x9E(6819948) psm=0x13 tbp0=0x1C40 tbw=2 cbp=0x3B48 csa=0
[p4:clut] samples=42000000 nonzero=15066158 (35.87%) u=[0..480] v=[0..255] distinctIdx=256 topNonZeroIdx=0x9E(6820314) psm=0x13 tbp0=0x1C40 tbw=2 cbp=0x3B48 csa=0
[p4:clut] samples=42500000 nonzero=15247816 (35.88%) u=[0..480] v=[0..255] distinctIdx=256 topNonZeroIdx=0x9E(6820680) psm=0x13 tbp0=0x1C40 tbw=2 cbp=0x3B48 csa=0
[p4:clut] samples=43000000 nonzero=15429474 (35.88%) u=[0..480] v=[0..255] distinctIdx=256 topNonZeroIdx=0x9E(6821046) psm=0x13 tbp0=0x1C40 tbw=2 cbp=0x3B48 csa=0
[p4:clut] samples=43500000 nonzero=15611132 (35.89%) u=[0..480] v=[0..255] distinctIdx=256 topNonZeroIdx=0x9E(6821412) psm=0x13 tbp0=0x1C40 tbw=2 cbp=0x3B48 csa=0
[p4:clut] samples=44000000 nonzero=15792790 (35.89%) u=[0..480] v=[0..255] distinctIdx=256 topNonZeroIdx=0x9E(6821778) psm=0x13 tbp0=0x1C40 tbw=2 cbp=0x3B48 csa=0
[p4:clut] samples=44500000 nonzero=15974472 (35.90%) u=[0..480] v=[0..255] distinctIdx=256 topNonZeroIdx=0x9E(6822144) psm=0x13 tbp0=0x1C40 tbw=2 cbp=0x3B48 csa=0
[p4:gs-sprite] #1500 ctx=0 tme=1 abe=1 FRAME fbp=0x0 fbw=10 psm=0x1 msk=0x00000000 | SCISSOR 0,0..639,223 | TEST=0x000000000005001B | TEX0 tbp=0x71000 tbw=2 psm=0x13 tw=128 th=512 tfx=0 | V0(2212.0,2092.5) V1(2340.0,2156.5) uv0(16,16) uv1(2032,2032) | XYOFFSET ofx=1728 ofy=1936 -> screen (484,156)..(612,220)
[p4:spx] #1500 tme=1 fst=1 vtxRGBA=00000002 span=128x64 tbp=0x1C40 tw=128 th=512
[p4:clut] samples=45000000 nonzero=16156162 (35.90%) u=[0..480] v=[0..255] distinctIdx=256 topNonZeroIdx=0x9E(6822510) psm=0x13 tbp0=0x1C40 tbw=2 cbp=0x3B48 csa=0
[p4:clut] samples=45500000 nonzero=16337875 (35.91%) u=[0..480] v=[0..255] distinctIdx=256 topNonZeroIdx=0x9E(6822876) psm=0x13 tbp0=0x1C40 tbw=2 cbp=0x3B48 csa=0
[p4:clut] samples=46000000 nonzero=16519565 (35.91%) u=[0..480] v=[0..255] distinctIdx=256 topNonZeroIdx=0x9E(6823242) psm=0x13 tbp0=0x1C40 tbw=2 cbp=0x3B48 csa=0
[p4:clut] samples=46500000 nonzero=16701332 (35.92%) u=[0..480] v=[0..255] distinctIdx=256 topNonZeroIdx=0x9E(6823608) psm=0x13 tbp0=0x1C40 tbw=2 cbp=0x3B48 csa=0
[p4:clut] samples=47000000 nonzero=16883168 (35.92%) u=[0..480] v=[0..255] distinctIdx=256 topNonZeroIdx=0x9E(6823975) psm=0x13 tbp0=0x1C40 tbw=2 cbp=0x3B48 csa=0
[p4:clut] samples=47500000 nonzero=17065003 (35.93%) u=[0..480] v=[0..255] distinctIdx=256 topNonZeroIdx=0x9E(6824341) psm=0x13 tbp0=0x1C40 tbw=2 cbp=0x3B48 csa=0
[p4:clut] samples=48000000 nonzero=17246842 (35.93%) u=[0..480] v=[0..255] distinctIdx=256 topNonZeroIdx=0x9E(6824707) psm=0x13 tbp0=0x1C40 tbw=2 cbp=0x3B48 csa=0
[p4:clut] samples=48500000 nonzero=17428693 (35.94%) u=[0..480] v=[0..255] distinctIdx=256 topNonZeroIdx=0x9E(6825073) psm=0x13 tbp0=0x1C40 tbw=2 cbp=0x3B48 csa=0
[p4:gs-sprite] #2000 ctx=0 tme=1 abe=1 FRAME fbp=0x0 fbw=10 psm=0x1 msk=0x00000000 | SCISSOR 0,0..639,223 | TEST=0x000000000005001B | TEX0 tbp=0x71000 tbw=2 psm=0x13 tw=128 th=512 tfx=0 | V0(2210.0,2089.5) V1(2338.0,2153.5) uv0(16,16) uv1(2032,2032) | XYOFFSET ofx=1728 ofy=1936 -> screen (482,153)..(610,217)
[p4:spx] #2000 tme=1 fst=1 vtxRGBA=00000002 span=128x64 tbp=0x1C40 tw=128 th=512
[p4:clut] samples=49000000 nonzero=17610562 (35.94%) u=[0..480] v=[0..255] distinctIdx=256 topNonZeroIdx=0x9E(6825442) psm=0x13 tbp0=0x1C40 tbw=2 cbp=0x3B48 csa=0
[p4:clut] samples=49500000 nonzero=17792421 (35.94%) u=[0..480] v=[0..255] distinctIdx=256 topNonZeroIdx=0x9E(6825808) psm=0x13 tbp0=0x1C40 tbw=2 cbp=0x3B48 csa=0
[p4:clut] samples=50000000 nonzero=17974249 (35.95%) u=[0..480] v=[0..255] distinctIdx=256 topNonZeroIdx=0x9E(6826175) psm=0x13 tbp0=0x1C40 tbw=2 cbp=0x3B48 csa=0
[p4:clut] samples=50500000 nonzero=18156098 (35.95%) u=[0..480] v=[0..255] distinctIdx=256 topNonZeroIdx=0x9E(6826542) psm=0x13 tbp0=0x1C40 tbw=2 cbp=0x3B48 csa=0
[p4:clut] samples=51000000 nonzero=18337946 (35.96%) u=[0..480] v=[0..255] distinctIdx=256 topNonZeroIdx=0x9E(6826908) psm=0x13 tbp0=0x1C40 tbw=2 cbp=0x3B48 csa=0
[p4:clut] samples=51500000 nonzero=18519784 (35.96%) u=[0..480] v=[0..255] distinctIdx=256 topNonZeroIdx=0x9E(6827274) psm=0x13 tbp0=0x1C40 tbw=2 cbp=0x3B48 csa=0
[p4:clut] samples=52000000 nonzero=18701596 (35.96%) u=[0..480] v=[0..255] distinctIdx=256 topNonZeroIdx=0x9E(6827640) psm=0x13 tbp0=0x1C40 tbw=2 cbp=0x3B48 csa=0
[p4:clut] samples=52500000 nonzero=18883427 (35.97%) u=[0..480] v=[0..255] distinctIdx=256 topNonZeroIdx=0x9E(6828006) psm=0x13 tbp0=0x1C40 tbw=2 cbp=0x3B48 csa=0
[p4:gs-sprite] #2500 ctx=0 tme=1 abe=1 FRAME fbp=0x0 fbw=10 psm=0x1 msk=0x00000000 | SCISSOR 0,0..639,223 | TEST=0x000000000005001B | TEX0 tbp=0x71000 tbw=2 psm=0x13 tw=128 th=512 tfx=0 | V0(2208.0,2086.5) V1(2336.0,2150.5) uv0(16,16) uv1(2032,2032) | XYOFFSET ofx=1728 ofy=1936 -> screen (480,150)..(608,214)
[p4:spx] #2500 tme=1 fst=1 vtxRGBA=00000002 span=128x64 tbp=0x1C40 tw=128 th=512
[p4:clut] samples=53000000 nonzero=19065271 (35.97%) u=[0..480] v=[0..255] distinctIdx=256 topNonZeroIdx=0x9E(6828372) psm=0x13 tbp0=0x1C40 tbw=2 cbp=0x3B48 csa=0
[p4:clut] samples=53500000 nonzero=19247107 (35.98%) u=[0..480] v=[0..255] distinctIdx=256 topNonZeroIdx=0x9E(6828738) psm=0x13 tbp0=0x1C40 tbw=2 cbp=0x3B48 csa=0
[p4:clut] samples=54000000 nonzero=19428883 (35.98%) u=[0..480] v=[0..255] distinctIdx=256 topNonZeroIdx=0x9E(6829104) psm=0x13 tbp0=0x1C40 tbw=2 cbp=0x3B48 csa=0
[p4:clut] samples=54500000 nonzero=19610573 (35.98%) u=[0..480] v=[0..255] distinctIdx=256 topNonZeroIdx=0x9E(6829470) psm=0x13 tbp0=0x1C40 tbw=2 cbp=0x3B48 csa=0
[p4:clut] samples=55000000 nonzero=19792244 (35.99%) u=[0..480] v=[0..255] distinctIdx=256 topNonZeroIdx=0x9E(6829836) psm=0x13 tbp0=0x1C40 tbw=2 cbp=0x3B48 csa=0
[p4:clut] samples=55500000 nonzero=19973902 (35.99%) u=[0..480] v=[0..255] distinctIdx=256 topNonZeroIdx=0x9E(6830202) psm=0x13 tbp0=0x1C40 tbw=2 cbp=0x3B48 csa=0
[p4:clut] samples=56000000 nonzero=20155560 (35.99%) u=[0..480] v=[0..255] distinctIdx=256 topNonZeroIdx=0x9E(6830568) psm=0x13 tbp0=0x1C40 tbw=2 cbp=0x3B48 csa=0
[p4:clut] samples=56500000 nonzero=20337218 (36.00%) u=[0..480] v=[0..255] distinctIdx=256 topNonZeroIdx=0x9E(6830934) psm=0x13 tbp0=0x1C40 tbw=2 cbp=0x3B48 csa=0
[p4:gs-sprite] #3000 ctx=0 tme=1 abe=1 FRAME fbp=0x0 fbw=10 psm=0x1 msk=0x00000000 | SCISSOR 0,0..639,223 | TEST=0x000000000005001B | TEX0 tbp=0x71000 tbw=2 psm=0x13 tw=128 th=512 tfx=0 | V0(2204.0,2090.5) V1(2332.0,2154.5) uv0(16,16) uv1(2032,2032) | XYOFFSET ofx=1728 ofy=1936 -> screen (476,154)..(604,218)
[p4:spx] #3000 tme=1 fst=1 vtxRGBA=00000002 span=128x64 tbp=0x1C40 tw=128 th=512
[p4:clut] samples=57000000 nonzero=20518876 (36.00%) u=[0..480] v=[0..255] distinctIdx=256 topNonZeroIdx=0x9E(6831300) psm=0x13 tbp0=0x1C40 tbw=2 cbp=0x3B48 csa=0
[p4:clut] samples=57500000 nonzero=20700534 (36.00%) u=[0..480] v=[0..255] distinctIdx=256 topNonZeroIdx=0x9E(6831666) psm=0x13 tbp0=0x1C40 tbw=2 cbp=0x3B48 csa=0
[p4:clut] samples=58000000 nonzero=20882192 (36.00%) u=[0..480] v=[0..255] distinctIdx=256 topNonZeroIdx=0x9E(6832032) psm=0x13 tbp0=0x1C40 tbw=2 cbp=0x3B48 csa=0
[p4:clut] samples=58500000 nonzero=21063861 (36.01%) u=[0..480] v=[0..255] distinctIdx=256 topNonZeroIdx=0x9E(6832398) psm=0x13 tbp0=0x1C40 tbw=2 cbp=0x3B48 csa=0
[p4:clut] samples=59000000 nonzero=21245547 (36.01%) u=[0..480] v=[0..255] distinctIdx=256 topNonZeroIdx=0x9E(6832764) psm=0x13 tbp0=0x1C40 tbw=2 cbp=0x3B48 csa=0
[p4:clut] samples=59500000 nonzero=21427260 (36.01%) u=[0..480] v=[0..255] distinctIdx=256 topNonZeroIdx=0x9E(6833130) psm=0x13 tbp0=0x1C40 tbw=2 cbp=0x3B48 csa=0
[p4:clut] samples=60000000 nonzero=21608950 (36.01%) u=[0..480] v=[0..255] distinctIdx=256 topNonZeroIdx=0x9E(6833496) psm=0x13 tbp0=0x1C40 tbw=2 cbp=0x3B48 csa=0
[p4:clut] samples=60500000 nonzero=21790661 (36.02%) u=[0..480] v=[0..255] distinctIdx=256 topNonZeroIdx=0x9E(6833862) psm=0x13 tbp0=0x1C40 tbw=2 cbp=0x3B48 csa=0
[p4:gs-sprite] #3500 ctx=0 tme=1 abe=1 FRAME fbp=0x0 fbw=10 psm=0x1 msk=0x00000000 | SCISSOR 0,0..639,223 | TEST=0x000000000005001B | TEX0 tbp=0x71000 tbw=2 psm=0x13 tw=128 th=512 tfx=0 | V0(2216.0,2089.5) V1(2344.0,2153.5) uv0(16,16) uv1(2032,2032) | XYOFFSET ofx=1728 ofy=1936 -> screen (488,153)..(616,217)
[p4:spx] #3500 tme=1 fst=1 vtxRGBA=00000002 span=128x64 tbp=0x1C40 tw=128 th=512
[p4:clut] samples=61000000 nonzero=21972497 (36.02%) u=[0..480] v=[0..255] distinctIdx=256 topNonZeroIdx=0x9E(6834229) psm=0x13 tbp0=0x1C40 tbw=2 cbp=0x3B48 csa=0
[p4:clut] samples=61500000 nonzero=22154325 (36.02%) u=[0..480] v=[0..255] distinctIdx=256 topNonZeroIdx=0x9E(6834595) psm=0x13 tbp0=0x1C40 tbw=2 cbp=0x3B48 csa=0
[p4:clut] samples=62000000 nonzero=22336157 (36.03%) u=[0..480] v=[0..255] distinctIdx=256 topNonZeroIdx=0x9E(6834961) psm=0x13 tbp0=0x1C40 tbw=2 cbp=0x3B48 csa=0
[p4:clut] samples=62500000 nonzero=22518006 (36.03%) u=[0..480] v=[0..255] distinctIdx=256 topNonZeroIdx=0x9E(6835327) psm=0x13 tbp0=0x1C40 tbw=2 cbp=0x3B48 csa=0
[p4:clut] samples=63000000 nonzero=22699874 (36.03%) u=[0..480] v=[0..255] distinctIdx=256 topNonZeroIdx=0x9E(6835695) psm=0x13 tbp0=0x1C40 tbw=2 cbp=0x3B48 csa=0
[p4:clut] samples=63500000 nonzero=22881740 (36.03%) u=[0..480] v=[0..255] distinctIdx=256 topNonZeroIdx=0x9E(6836062) psm=0x13 tbp0=0x1C40 tbw=2 cbp=0x3B48 csa=0
[p4:clut] samples=64000000 nonzero=23063565 (36.04%) u=[0..480] v=[0..255] distinctIdx=256 topNonZeroIdx=0x9E(6836428) psm=0x13 tbp0=0x1C40 tbw=2 cbp=0x3B48 csa=0
[p4:clut] samples=64500000 nonzero=23245414 (36.04%) u=[0..480] v=[0..255] distinctIdx=256 topNonZeroIdx=0x9E(6836796) psm=0x13 tbp0=0x1C40 tbw=2 cbp=0x3B48 csa=0
[p4:gs-sprite] #4000 ctx=0 tme=1 abe=1 FRAME fbp=0x0 fbw=10 psm=0x1 msk=0x00000000 | SCISSOR 0,0..639,223 | TEST=0x000000000005001B | TEX0 tbp=0x71000 tbw=2 psm=0x13 tw=128 th=512 tfx=0 | V0(2214.0,2086.5) V1(2342.0,2150.5) uv0(16,16) uv1(2032,2032) | XYOFFSET ofx=1728 ofy=1936 -> screen (486,150)..(614,214)
[p4:spx] #4000 tme=1 fst=1 vtxRGBA=00000002 span=128x64 tbp=0x1C40 tw=128 th=512
[p4:clut] samples=65000000 nonzero=23427272 (36.04%) u=[0..480] v=[0..255] distinctIdx=256 topNonZeroIdx=0x9E(6837162) psm=0x13 tbp0=0x1C40 tbw=2 cbp=0x3B48 csa=0
[p4:clut] samples=65500000 nonzero=23609109 (36.04%) u=[0..480] v=[0..255] distinctIdx=256 topNonZeroIdx=0x9E(6837528) psm=0x13 tbp0=0x1C40 tbw=2 cbp=0x3B48 csa=0
[p4:clut] samples=66000000 nonzero=23790921 (36.05%) u=[0..480] v=[0..255] distinctIdx=256 topNonZeroIdx=0x9E(6837894) psm=0x13 tbp0=0x1C40 tbw=2 cbp=0x3B48 csa=0
[p4:clut] samples=66500000 nonzero=23972752 (36.05%) u=[0..480] v=[0..255] distinctIdx=256 topNonZeroIdx=0x9E(6838260) psm=0x13 tbp0=0x1C40 tbw=2 cbp=0x3B48 csa=0
[p4:clut] samples=67000000 nonzero=24154596 (36.05%) u=[0..480] v=[0..255] distinctIdx=256 topNonZeroIdx=0x9E(6838626) psm=0x13 tbp0=0x1C40 tbw=2 cbp=0x3B48 csa=0
[p4:clut] samples=67500000 nonzero=24336432 (36.05%) u=[0..480] v=[0..255] distinctIdx=256 topNonZeroIdx=0x9E(6838992) psm=0x13 tbp0=0x1C40 tbw=2 cbp=0x3B48 csa=0
[p4:clut] samples=68000000 nonzero=24518244 (36.06%) u=[0..480] v=[0..255] distinctIdx=256 topNonZeroIdx=0x9E(6839358) psm=0x13 tbp0=0x1C40 tbw=2 cbp=0x3B48 csa=0
[p4:clut] samples=68500000 nonzero=24699960 (36.06%) u=[0..480] v=[0..255] distinctIdx=256 topNonZeroIdx=0x9E(6839724) psm=0x13 tbp0=0x1C40 tbw=2 cbp=0x3B48 csa=0
[p4:gs-sprite] #4500 ctx=0 tme=1 abe=1 FRAME fbp=0x0 fbw=10 psm=0x1 msk=0x00000000 | SCISSOR 0,0..639,223 | TEST=0x000000000005001B | TEX0 tbp=0x71000 tbw=2 psm=0x13 tw=128 th=512 tfx=0 | V0(2210.0,2090.5) V1(2338.0,2154.5) uv0(16,16) uv1(2032,2032) | XYOFFSET ofx=1728 ofy=1936 -> screen (482,154)..(610,218)
[p4:spx] #4500 tme=1 fst=1 vtxRGBA=00000002 span=128x64 tbp=0x1C40 tw=128 th=512
[p4:clut] samples=69000000 nonzero=24881646 (36.06%) u=[0..480] v=[0..255] distinctIdx=256 topNonZeroIdx=0x9E(6840090) psm=0x13 tbp0=0x1C40 tbw=2 cbp=0x3B48 csa=0
[p4:clut] samples=69500000 nonzero=25063304 (36.06%) u=[0..480] v=[0..255] distinctIdx=256 topNonZeroIdx=0x9E(6840456) psm=0x13 tbp0=0x1C40 tbw=2 cbp=0x3B48 csa=0
[p4:clut] samples=70000000 nonzero=25244962 (36.06%) u=[0..480] v=[0..255] distinctIdx=256 topNonZeroIdx=0x9E(6840822) psm=0x13 tbp0=0x1C40 tbw=2 cbp=0x3B48 csa=0
[p4:clut] samples=70500000 nonzero=25426620 (36.07%) u=[0..480] v=[0..255] distinctIdx=256 topNonZeroIdx=0x9E(6841188) psm=0x13 tbp0=0x1C40 tbw=2 cbp=0x3B48 csa=0
[p4:clut] samples=71000000 nonzero=25608278 (36.07%) u=[0..480] v=[0..255] distinctIdx=256 topNonZeroIdx=0x9E(6841554) psm=0x13 tbp0=0x1C40 tbw=2 cbp=0x3B48 csa=0
[p4:clut] samples=71500000 nonzero=25789936 (36.07%) u=[0..480] v=[0..255] distinctIdx=256 topNonZeroIdx=0x9E(6841920) psm=0x13 tbp0=0x1C40 tbw=2 cbp=0x3B48 csa=0
[p4:clut] samples=72000000 nonzero=25971594 (36.07%) u=[0..480] v=[0..255] distinctIdx=256 topNonZeroIdx=0x9E(6842286) psm=0x13 tbp0=0x1C40 tbw=2 cbp=0x3B48 csa=0
[p4:clut] samples=72500000 nonzero=26153252 (36.07%) u=[0..480] v=[0..255] distinctIdx=256 topNonZeroIdx=0x9E(6842652) psm=0x13 tbp0=0x1C40 tbw=2 cbp=0x3B48 csa=0
[p4:gs-sprite] #5000 ctx=0 tme=1 abe=1 FRAME fbp=0x0 fbw=10 psm=0x1 msk=0x00000000 | SCISSOR 0,0..639,223 | TEST=0x000000000005001B | TEX0 tbp=0x71000 tbw=2 psm=0x13 tw=128 th=512 tfx=0 | V0(2208.0,2087.5) V1(2336.0,2151.5) uv0(16,16) uv1(2032,2032) | XYOFFSET ofx=1728 ofy=1936 -> screen (480,151)..(608,215)
[p4:spx] #5000 tme=1 fst=1 vtxRGBA=00000002 span=128x64 tbp=0x1C40 tw=128 th=512
[p4:clut] samples=73000000 nonzero=26334934 (36.08%) u=[0..480] v=[0..255] distinctIdx=256 topNonZeroIdx=0x9E(6843018) psm=0x13 tbp0=0x1C40 tbw=2 cbp=0x3B48 csa=0
[p4:clut] samples=73500000 nonzero=26516643 (36.08%) u=[0..480] v=[0..255] distinctIdx=256 topNonZeroIdx=0x9E(6843384) psm=0x13 tbp0=0x1C40 tbw=2 cbp=0x3B48 csa=0
[p4:clut] samples=74000000 nonzero=26698337 (36.08%) u=[0..480] v=[0..255] distinctIdx=256 topNonZeroIdx=0x9E(6843750) psm=0x13 tbp0=0x1C40 tbw=2 cbp=0x3B48 csa=0
[p4:clut] samples=74500000 nonzero=26880027 (36.08%) u=[0..480] v=[0..255] distinctIdx=256 topNonZeroIdx=0x9E(6844116) psm=0x13 tbp0=0x1C40 tbw=2 cbp=0x3B48 csa=0
[p4:clut] samples=75000000 nonzero=27061826 (36.08%) u=[0..480] v=[0..255] distinctIdx=256 topNonZeroIdx=0x9E(6844483) psm=0x13 tbp0=0x1C40 tbw=2 cbp=0x3B48 csa=0
[p4:clut] samples=75500000 nonzero=27243655 (36.08%) u=[0..480] v=[0..255] distinctIdx=256 topNonZeroIdx=0x9E(6844849) psm=0x13 tbp0=0x1C40 tbw=2 cbp=0x3B48 csa=0
[p4:clut] samples=76000000 nonzero=27425472 (36.09%) u=[0..480] v=[0..255] distinctIdx=256 topNonZeroIdx=0x9E(6845215) psm=0x13 tbp0=0x1C40 tbw=2 cbp=0x3B48 csa=0
[p4:clut] samples=76500000 nonzero=27607319 (36.09%) u=[0..480] v=[0..255] distinctIdx=256 topNonZeroIdx=0x9E(6845581) psm=0x13 tbp0=0x1C40 tbw=2 cbp=0x3B48 csa=0
[p4:gs-sprite] #5500 ctx=0 tme=1 abe=1 FRAME fbp=0x0 fbw=10 psm=0x1 msk=0x00000000 | SCISSOR 0,0..639,223 | TEST=0x000000000005001B | TEX0 tbp=0x71000 tbw=2 psm=0x13 tw=128 th=512 tfx=0 | V0(2204.0,2091.5) V1(2332.0,2155.5) uv0(16,16) uv1(2032,2032) | XYOFFSET ofx=1728 ofy=1936 -> screen (476,155)..(604,219)
[p4:spx] #5500 tme=1 fst=1 vtxRGBA=00000002 span=128x64 tbp=0x1C40 tw=128 th=512
[p4:clut] samples=77000000 nonzero=27789187 (36.09%) u=[0..480] v=[0..255] distinctIdx=256 topNonZeroIdx=0x9E(6845947) psm=0x13 tbp0=0x1C40 tbw=2 cbp=0x3B48 csa=0
[p4:clut] samples=77500000 nonzero=27971056 (36.09%) u=[0..480] v=[0..255] distinctIdx=256 topNonZeroIdx=0x9E(6846316) psm=0x13 tbp0=0x1C40 tbw=2 cbp=0x3B48 csa=0
[p4:clut] samples=78000000 nonzero=28152883 (36.09%) u=[0..480] v=[0..255] distinctIdx=256 topNonZeroIdx=0x9E(6846682) psm=0x13 tbp0=0x1C40 tbw=2 cbp=0x3B48 csa=0
[p4:clut] samples=78500000 nonzero=28334730 (36.10%) u=[0..480] v=[0..255] distinctIdx=256 topNonZeroIdx=0x9E(6847049) psm=0x13 tbp0=0x1C40 tbw=2 cbp=0x3B48 csa=0
[p4:clut] samples=79000000 nonzero=28516592 (36.10%) u=[0..480] v=[0..255] distinctIdx=256 topNonZeroIdx=0x9E(6847416) psm=0x13 tbp0=0x1C40 tbw=2 cbp=0x3B48 csa=0
[p4:clut] samples=79500000 nonzero=28698434 (36.10%) u=[0..480] v=[0..255] distinctIdx=256 topNonZeroIdx=0x9E(6847782) psm=0x13 tbp0=0x1C40 tbw=2 cbp=0x3B48 csa=0
[p4:clut] samples=80000000 nonzero=28880246 (36.10%) u=[0..480] v=[0..255] distinctIdx=256 topNonZeroIdx=0x9E(6848148) psm=0x13 tbp0=0x1C40 tbw=2 cbp=0x3B48 csa=0
[p4:clut] samples=80500000 nonzero=29062077 (36.10%) u=[0..480] v=[0..255] distinctIdx=256 topNonZeroIdx=0x9E(6848514) psm=0x13 tbp0=0x1C40 tbw=2 cbp=0x3B48 csa=0
[p4:gs-sprite] #6000 ctx=0 tme=1 abe=1 FRAME fbp=0x0 fbw=10 psm=0x1 msk=0x00000000 | SCISSOR 0,0..639,223 | TEST=0x000000000005001B | TEX0 tbp=0x71000 tbw=2 psm=0x13 tw=128 th=512 tfx=0 | V0(2216.0,2090.5) V1(2344.0,2154.5) uv0(16,16) uv1(2032,2032) | XYOFFSET ofx=1728 ofy=1936 -> screen (488,154)..(616,218)
[p4:spx] #6000 tme=1 fst=1 vtxRGBA=00000002 span=128x64 tbp=0x1C40 tw=128 th=512
[p4:clut] samples=81000000 nonzero=29243921 (36.10%) u=[0..480] v=[0..255] distinctIdx=256 topNonZeroIdx=0x9E(6848880) psm=0x13 tbp0=0x1C40 tbw=2 cbp=0x3B48 csa=0
[p4:clut] samples=81500000 nonzero=29425758 (36.11%) u=[0..480] v=[0..255] distinctIdx=256 topNonZeroIdx=0x9E(6849246) psm=0x13 tbp0=0x1C40 tbw=2 cbp=0x3B48 csa=0
[p4:clut] samples=82000000 nonzero=29607569 (36.11%) u=[0..480] v=[0..255] distinctIdx=256 topNonZeroIdx=0x9E(6849612) psm=0x13 tbp0=0x1C40 tbw=2 cbp=0x3B48 csa=0
[p4:clut] samples=82500000 nonzero=29789345 (36.11%) u=[0..480] v=[0..255] distinctIdx=256 topNonZeroIdx=0x9E(6849978) psm=0x13 tbp0=0x1C40 tbw=2 cbp=0x3B48 csa=0
[p4:clut] samples=83000000 nonzero=29971035 (36.11%) u=[0..480] v=[0..255] distinctIdx=256 topNonZeroIdx=0x9E(6850344) psm=0x13 tbp0=0x1C40 tbw=2 cbp=0x3B48 csa=0
[p4:clut] samples=83500000 nonzero=30152706 (36.11%) u=[0..480] v=[0..255] distinctIdx=256 topNonZeroIdx=0x9E(6850710) psm=0x13 tbp0=0x1C40 tbw=2 cbp=0x3B48 csa=0
[p4:clut] samples=84000000 nonzero=30334364 (36.11%) u=[0..480] v=[0..255] distinctIdx=256 topNonZeroIdx=0x9E(6851076) psm=0x13 tbp0=0x1C40 tbw=2 cbp=0x3B48 csa=0
[p4:clut] samples=84500000 nonzero=30516022 (36.11%) u=[0..480] v=[0..255] distinctIdx=256 topNonZeroIdx=0x9E(6851442) psm=0x13 tbp0=0x1C40 tbw=2 cbp=0x3B48 csa=0
[p4:vbl] ticks=900
[p4:gs-sprite] #6500 ctx=0 tme=1 abe=1 FRAME fbp=0x0 fbw=10 psm=0x1 msk=0x00000000 | SCISSOR 0,0..639,223 | TEST=0x000000000005001B | TEX0 tbp=0x71000 tbw=2 psm=0x13 tw=128 th=512 tfx=0 | V0(2214.0,2087.5) V1(2342.0,2151.5) uv0(16,16) uv1(2032,2032) | XYOFFSET ofx=1728 ofy=1936 -> screen (486,151)..(614,215)
[p4:spx] #6500 tme=1 fst=1 vtxRGBA=00000002 span=128x64 tbp=0x1C40 tw=128 th=512
[p4:clut] samples=85000000 nonzero=30697680 (36.11%) u=[0..480] v=[0..255] distinctIdx=256 topNonZeroIdx=0x9E(6851808) psm=0x13 tbp0=0x1C40 tbw=2 cbp=0x3B48 csa=0
[p4:clut] samples=85500000 nonzero=30879338 (36.12%) u=[0..480] v=[0..255] distinctIdx=256 topNonZeroIdx=0x9E(6852174) psm=0x13 tbp0=0x1C40 tbw=2 cbp=0x3B48 csa=0
[p4:clut] samples=86000000 nonzero=31060996 (36.12%) u=[0..480] v=[0..255] distinctIdx=256 topNonZeroIdx=0x9E(6852540) psm=0x13 tbp0=0x1C40 tbw=2 cbp=0x3B48 csa=0
[p4:clut] samples=86500000 nonzero=31242654 (36.12%) u=[0..480] v=[0..255] distinctIdx=256 topNonZeroIdx=0x9E(6852906) psm=0x13 tbp0=0x1C40 tbw=2 cbp=0x3B48 csa=0
[p4:clut] samples=87000000 nonzero=31424323 (36.12%) u=[0..480] v=[0..255] distinctIdx=256 topNonZeroIdx=0x9E(6853272) psm=0x13 tbp0=0x1C40 tbw=2 cbp=0x3B48 csa=0
[p4:clut] samples=87500000 nonzero=31606026 (36.12%) u=[0..480] v=[0..255] distinctIdx=256 topNonZeroIdx=0x9E(6853638) psm=0x13 tbp0=0x1C40 tbw=2 cbp=0x3B48 csa=0
[p4:clut] samples=88000000 nonzero=31787722 (36.12%) u=[0..480] v=[0..255] distinctIdx=256 topNonZeroIdx=0x9E(6854004) psm=0x13 tbp0=0x1C40 tbw=2 cbp=0x3B48 csa=0
[p4:clut] samples=88500000 nonzero=31969412 (36.12%) u=[0..480] v=[0..255] distinctIdx=256 topNonZeroIdx=0x9E(6854370) psm=0x13 tbp0=0x1C40 tbw=2 cbp=0x3B48 csa=0
[p4:gs-sprite] #7000 ctx=0 tme=1 abe=1 FRAME fbp=0x0 fbw=10 psm=0x1 msk=0x00000000 | SCISSOR 0,0..639,223 | TEST=0x000000000005001B | TEX0 tbp=0x71000 tbw=2 psm=0x13 tw=128 th=512 tfx=0 | V0(2210.0,2091.5) V1(2338.0,2155.5) uv0(16,16) uv1(2032,2032) | XYOFFSET ofx=1728 ofy=1936 -> screen (482,155)..(610,219)
[p4:spx] #7000 tme=1 fst=1 vtxRGBA=00000002 span=128x64 tbp=0x1C40 tw=128 th=512
[p4:clut] samples=89000000 nonzero=32151155 (36.12%) u=[0..480] v=[0..255] distinctIdx=256 topNonZeroIdx=0x9E(6854736) psm=0x13 tbp0=0x1C40 tbw=2 cbp=0x3B48 csa=0
[p4:clut] samples=89500000 nonzero=32332985 (36.13%) u=[0..480] v=[0..255] distinctIdx=256 topNonZeroIdx=0x9E(6855103) psm=0x13 tbp0=0x1C40 tbw=2 cbp=0x3B48 csa=0
[p4:clut] samples=90000000 nonzero=32514788 (36.13%) u=[0..480] v=[0..255] distinctIdx=256 topNonZeroIdx=0x9E(6855469) psm=0x13 tbp0=0x1C40 tbw=2 cbp=0x3B48 csa=0
[p4:clut] samples=90500000 nonzero=32696634 (36.13%) u=[0..480] v=[0..255] distinctIdx=256 topNonZeroIdx=0x9E(6855835) psm=0x13 tbp0=0x1C40 tbw=2 cbp=0x3B48 csa=0
[p4:clut] samples=91000000 nonzero=32878500 (36.13%) u=[0..480] v=[0..255] distinctIdx=256 topNonZeroIdx=0x9E(6856201) psm=0x13 tbp0=0x1C40 tbw=2 cbp=0x3B48 csa=0
[p4:clut] samples=91500000 nonzero=33060368 (36.13%) u=[0..480] v=[0..255] distinctIdx=256 topNonZeroIdx=0x9E(6856569) psm=0x13 tbp0=0x1C40 tbw=2 cbp=0x3B48 csa=0
[p4:clut] samples=92000000 nonzero=33242202 (36.13%) u=[0..480] v=[0..255] distinctIdx=256 topNonZeroIdx=0x9E(6856936) psm=0x13 tbp0=0x1C40 tbw=2 cbp=0x3B48 csa=0
[p4:clut] samples=92500000 nonzero=33424046 (36.13%) u=[0..480] v=[0..255] distinctIdx=256 topNonZeroIdx=0x9E(6857302) psm=0x13 tbp0=0x1C40 tbw=2 cbp=0x3B48 csa=0
[p4:gs-sprite] #7500 ctx=0 tme=1 abe=1 FRAME fbp=0x0 fbw=10 psm=0x1 msk=0x00000000 | SCISSOR 0,0..639,223 | TEST=0x000000000005001B | TEX0 tbp=0x71000 tbw=2 psm=0x13 tw=128 th=512 tfx=0 | V0(2208.0,2088.5) V1(2336.0,2152.5) uv0(16,16) uv1(2032,2032) | XYOFFSET ofx=1728 ofy=1936 -> screen (480,152)..(608,216)
[p4:spx] #7500 tme=1 fst=1 vtxRGBA=00000002 span=128x64 tbp=0x1C40 tw=128 th=512
[p4:clut] samples=93000000 nonzero=33605908 (36.14%) u=[0..480] v=[0..255] distinctIdx=256 topNonZeroIdx=0x9E(6857670) psm=0x13 tbp0=0x1C40 tbw=2 cbp=0x3B48 csa=0
[p4:clut] samples=93500000 nonzero=33787759 (36.14%) u=[0..480] v=[0..255] distinctIdx=256 topNonZeroIdx=0x9E(6858036) psm=0x13 tbp0=0x1C40 tbw=2 cbp=0x3B48 csa=0
[p4:clut] samples=94000000 nonzero=33969571 (36.14%) u=[0..480] v=[0..255] distinctIdx=256 topNonZeroIdx=0x9E(6858402) psm=0x13 tbp0=0x1C40 tbw=2 cbp=0x3B48 csa=0
[p4:clut] samples=94500000 nonzero=34151402 (36.14%) u=[0..480] v=[0..255] distinctIdx=256 topNonZeroIdx=0x9E(6858768) psm=0x13 tbp0=0x1C40 tbw=2 cbp=0x3B48 csa=0
[p4:clut] samples=95000000 nonzero=34333246 (36.14%) u=[0..480] v=[0..255] distinctIdx=256 topNonZeroIdx=0x9E(6859134) psm=0x13 tbp0=0x1C40 tbw=2 cbp=0x3B48 csa=0
[p4:clut] samples=95500000 nonzero=34515084 (36.14%) u=[0..480] v=[0..255] distinctIdx=256 topNonZeroIdx=0x9E(6859500) psm=0x13 tbp0=0x1C40 tbw=2 cbp=0x3B48 csa=0
[p4:clut] samples=96000000 nonzero=34696894 (36.14%) u=[0..480] v=[0..255] distinctIdx=256 topNonZeroIdx=0x9E(6859866) psm=0x13 tbp0=0x1C40 tbw=2 cbp=0x3B48 csa=0
[p4:clut] samples=96500000 nonzero=34878708 (36.14%) u=[0..480] v=[0..255] distinctIdx=256 topNonZeroIdx=0x9E(6860232) psm=0x13 tbp0=0x1C40 tbw=2 cbp=0x3B48 csa=0
[p4:gs-sprite] #8000 ctx=0 tme=1 abe=1 FRAME fbp=0x0 fbw=10 psm=0x1 msk=0x00000000 | SCISSOR 0,0..639,223 | TEST=0x000000000005001B | TEX0 tbp=0x71000 tbw=2 psm=0x13 tw=128 th=512 tfx=0 | V0(2204.0,2092.5) V1(2332.0,2156.5) uv0(16,16) uv1(2032,2032) | XYOFFSET ofx=1728 ofy=1936 -> screen (476,156)..(604,220)
[p4:spx] #8000 tme=1 fst=1 vtxRGBA=00000002 span=128x64 tbp=0x1C40 tw=128 th=512
[p4:clut] samples=97000000 nonzero=35060422 (36.14%) u=[0..480] v=[0..255] distinctIdx=256 topNonZeroIdx=0x9E(6860598) psm=0x13 tbp0=0x1C40 tbw=2 cbp=0x3B48 csa=0
[p4:clut] samples=97500000 nonzero=35242108 (36.15%) u=[0..480] v=[0..255] distinctIdx=256 topNonZeroIdx=0x9E(6860964) psm=0x13 tbp0=0x1C40 tbw=2 cbp=0x3B48 csa=0
[p4:clut] samples=98000000 nonzero=35423766 (36.15%) u=[0..480] v=[0..255] distinctIdx=256 topNonZeroIdx=0x9E(6861330) psm=0x13 tbp0=0x1C40 tbw=2 cbp=0x3B48 csa=0
[p4:clut] samples=98500000 nonzero=35605424 (36.15%) u=[0..480] v=[0..255] distinctIdx=256 topNonZeroIdx=0x9E(6861696) psm=0x13 tbp0=0x1C40 tbw=2 cbp=0x3B48 csa=0
[p4:clut] samples=99000000 nonzero=35787082 (36.15%) u=[0..480] v=[0..255] distinctIdx=256 topNonZeroIdx=0x9E(6862062) psm=0x13 tbp0=0x1C40 tbw=2 cbp=0x3B48 csa=0
[p4:clut] samples=99500000 nonzero=35968740 (36.15%) u=[0..480] v=[0..255] distinctIdx=256 topNonZeroIdx=0x9E(6862428) psm=0x13 tbp0=0x1C40 tbw=2 cbp=0x3B48 csa=0
[p4:clut] samples=100000000 nonzero=36150398 (36.15%) u=[0..480] v=[0..255] distinctIdx=256 topNonZeroIdx=0x9E(6862794) psm=0x13 tbp0=0x1C40 tbw=2 cbp=0x3B48 csa=0
[p4:clut] samples=100500000 nonzero=36332056 (36.15%) u=[0..480] v=[0..255] distinctIdx=256 topNonZeroIdx=0x9E(6863160) psm=0x13 tbp0=0x1C40 tbw=2 cbp=0x3B48 csa=0
[p4:gs-sprite] #8500 ctx=0 tme=1 abe=1 FRAME fbp=0x0 fbw=10 psm=0x1 msk=0x00000000 | SCISSOR 0,0..639,223 | TEST=0x000000000005001B | TEX0 tbp=0x71000 tbw=2 psm=0x13 tw=128 th=512 tfx=0 | V0(2216.0,2091.5) V1(2344.0,2155.5) uv0(16,16) uv1(2032,2032) | XYOFFSET ofx=1728 ofy=1936 -> screen (488,155)..(616,219)
[p4:spx] #8500 tme=1 fst=1 vtxRGBA=00000002 span=128x64 tbp=0x1C40 tw=128 th=512
[p4:clut] samples=101000000 nonzero=36513714 (36.15%) u=[0..480] v=[0..255] distinctIdx=256 topNonZeroIdx=0x9E(6863526) psm=0x13 tbp0=0x1C40 tbw=2 cbp=0x3B48 csa=0
[p4:clut] samples=101500000 nonzero=36695411 (36.15%) u=[0..480] v=[0..255] distinctIdx=256 topNonZeroIdx=0x9E(6863892) psm=0x13 tbp0=0x1C40 tbw=2 cbp=0x3B48 csa=0
[p4:clut] samples=102000000 nonzero=36877105 (36.15%) u=[0..480] v=[0..255] distinctIdx=256 topNonZeroIdx=0x9E(6864258) psm=0x13 tbp0=0x1C40 tbw=2 cbp=0x3B48 csa=0
[p4:clut] samples=102500000 nonzero=37058799 (36.15%) u=[0..480] v=[0..255] distinctIdx=256 topNonZeroIdx=0x9E(6864624) psm=0x13 tbp0=0x1C40 tbw=2 cbp=0x3B48 csa=0
[p4:clut] samples=103000000 nonzero=37240489 (36.16%) u=[0..480] v=[0..255] distinctIdx=256 topNonZeroIdx=0x9E(6864990) psm=0x13 tbp0=0x1C40 tbw=2 cbp=0x3B48 csa=0
[p4:clut] samples=103500000 nonzero=37422314 (36.16%) u=[0..480] v=[0..255] distinctIdx=256 topNonZeroIdx=0x9E(6865357) psm=0x13 tbp0=0x1C40 tbw=2 cbp=0x3B48 csa=0
[p4:clut] samples=104000000 nonzero=37604117 (36.16%) u=[0..480] v=[0..255] distinctIdx=256 topNonZeroIdx=0x9E(6865723) psm=0x13 tbp0=0x1C40 tbw=2 cbp=0x3B48 csa=0
[p4:clut] samples=104500000 nonzero=37785949 (36.16%) u=[0..480] v=[0..255] distinctIdx=256 topNonZeroIdx=0x9E(6866089) psm=0x13 tbp0=0x1C40 tbw=2 cbp=0x3B48 csa=0
[p4:gs-sprite] #9000 ctx=0 tme=1 abe=1 FRAME fbp=0x0 fbw=10 psm=0x1 msk=0x00000000 | SCISSOR 0,0..639,223 | TEST=0x000000000005001B | TEX0 tbp=0x71000 tbw=2 psm=0x13 tw=128 th=512 tfx=0 | V0(2214.0,2088.5) V1(2342.0,2152.5) uv0(16,16) uv1(2032,2032) | XYOFFSET ofx=1728 ofy=1936 -> screen (486,152)..(614,216)
[p4:spx] #9000 tme=1 fst=1 vtxRGBA=00000002 span=128x64 tbp=0x1C40 tw=128 th=512
[p4:clut] samples=105000000 nonzero=37967813 (36.16%) u=[0..480] v=[0..255] distinctIdx=256 topNonZeroIdx=0x9E(6866455) psm=0x13 tbp0=0x1C40 tbw=2 cbp=0x3B48 csa=0
[p4:clut] samples=105500000 nonzero=38149681 (36.16%) u=[0..480] v=[0..255] distinctIdx=256 topNonZeroIdx=0x9E(6866821) psm=0x13 tbp0=0x1C40 tbw=2 cbp=0x3B48 csa=0
[p4:clut] samples=106000000 nonzero=38331523 (36.16%) u=[0..480] v=[0..255] distinctIdx=256 topNonZeroIdx=0x9E(6867190) psm=0x13 tbp0=0x1C40 tbw=2 cbp=0x3B48 csa=0
[p4:clut] samples=106500000 nonzero=38513364 (36.16%) u=[0..480] v=[0..255] distinctIdx=256 topNonZeroIdx=0x9E(6867556) psm=0x13 tbp0=0x1C40 tbw=2 cbp=0x3B48 csa=0
[p4:clut] samples=107000000 nonzero=38695224 (36.16%) u=[0..480] v=[0..255] distinctIdx=256 topNonZeroIdx=0x9E(6867924) psm=0x13 tbp0=0x1C40 tbw=2 cbp=0x3B48 csa=0
[p4:clut] samples=107500000 nonzero=38877085 (36.16%) u=[0..480] v=[0..255] distinctIdx=256 topNonZeroIdx=0x9E(6868290) psm=0x13 tbp0=0x1C40 tbw=2 cbp=0x3B48 csa=0
[p4:clut] samples=108000000 nonzero=39058896 (36.17%) u=[0..480] v=[0..255] distinctIdx=256 topNonZeroIdx=0x9E(6868656) psm=0x13 tbp0=0x1C40 tbw=2 cbp=0x3B48 csa=0
[p4:clut] samples=108500000 nonzero=39240727 (36.17%) u=[0..480] v=[0..255] distinctIdx=256 topNonZeroIdx=0x9E(6869022) psm=0x13 tbp0=0x1C40 tbw=2 cbp=0x3B48 csa=0
[p4:gs-sprite] #9500 ctx=0 tme=1 abe=1 FRAME fbp=0x0 fbw=10 psm=0x1 msk=0x00000000 | SCISSOR 0,0..639,223 | TEST=0x000000000005001B | TEX0 tbp=0x71000 tbw=2 psm=0x13 tw=128 th=512 tfx=0 | V0(2210.0,2092.5) V1(2338.0,2156.5) uv0(16,16) uv1(2032,2032) | XYOFFSET ofx=1728 ofy=1936 -> screen (482,156)..(610,220)
[p4:spx] #9500 tme=1 fst=1 vtxRGBA=00000002 span=128x64 tbp=0x1C40 tw=128 th=512
[p4:clut] samples=109000000 nonzero=39422571 (36.17%) u=[0..480] v=[0..255] distinctIdx=256 topNonZeroIdx=0x9E(6869388) psm=0x13 tbp0=0x1C40 tbw=2 cbp=0x3B48 csa=0
[p4:clut] samples=109500000 nonzero=39604409 (36.17%) u=[0..480] v=[0..255] distinctIdx=256 topNonZeroIdx=0x9E(6869754) psm=0x13 tbp0=0x1C40 tbw=2 cbp=0x3B48 csa=0
[p4:clut] samples=110000000 nonzero=39786220 (36.17%) u=[0..480] v=[0..255] distinctIdx=256 topNonZeroIdx=0x9E(6870120) psm=0x13 tbp0=0x1C40 tbw=2 cbp=0x3B48 csa=0
[p4:clut] samples=110500000 nonzero=39968051 (36.17%) u=[0..480] v=[0..255] distinctIdx=256 topNonZeroIdx=0x9E(6870486) psm=0x13 tbp0=0x1C40 tbw=2 cbp=0x3B48 csa=0
[p4:clut] samples=111000000 nonzero=40149807 (36.17%) u=[0..480] v=[0..255] distinctIdx=256 topNonZeroIdx=0x9E(6870852) psm=0x13 tbp0=0x1C40 tbw=2 cbp=0x3B48 csa=0
[p4:clut] samples=111500000 nonzero=40331510 (36.17%) u=[0..480] v=[0..255] distinctIdx=256 topNonZeroIdx=0x9E(6871218) psm=0x13 tbp0=0x1C40 tbw=2 cbp=0x3B48 csa=0
[p4:clut] samples=112000000 nonzero=40513168 (36.17%) u=[0..480] v=[0..255] distinctIdx=256 topNonZeroIdx=0x9E(6871584) psm=0x13 tbp0=0x1C40 tbw=2 cbp=0x3B48 csa=0
[p4:clut] samples=112500000 nonzero=40694826 (36.17%) u=[0..480] v=[0..255] distinctIdx=256 topNonZeroIdx=0x9E(6871950) psm=0x13 tbp0=0x1C40 tbw=2 cbp=0x3B48 csa=0
[p4:gs-sprite] #10000 ctx=0 tme=1 abe=1 FRAME fbp=0x0 fbw=10 psm=0x1 msk=0x00000000 | SCISSOR 0,0..639,223 | TEST=0x000000000005001B | TEX0 tbp=0x71000 tbw=2 psm=0x13 tw=128 th=512 tfx=0 | V0(2208.0,2089.5) V1(2336.0,2153.5) uv0(16,16) uv1(2032,2032) | XYOFFSET ofx=1728 ofy=1936 -> screen (480,153)..(608,217)
[p4:spx] #10000 tme=1 fst=1 vtxRGBA=00000002 span=128x64 tbp=0x1C40 tw=128 th=512
[p4:clut] samples=113000000 nonzero=40876484 (36.17%) u=[0..480] v=[0..255] distinctIdx=256 topNonZeroIdx=0x9E(6872316) psm=0x13 tbp0=0x1C40 tbw=2 cbp=0x3B48 csa=0
[p4:clut] samples=113500000 nonzero=41058142 (36.17%) u=[0..480] v=[0..255] distinctIdx=256 topNonZeroIdx=0x9E(6872682) psm=0x13 tbp0=0x1C40 tbw=2 cbp=0x3B48 csa=0
[p4:clut] samples=114000000 nonzero=41239800 (36.18%) u=[0..480] v=[0..255] distinctIdx=256 topNonZeroIdx=0x9E(6873048) psm=0x13 tbp0=0x1C40 tbw=2 cbp=0x3B48 csa=0
[p4:clut] samples=114500000 nonzero=41421458 (36.18%) u=[0..480] v=[0..255] distinctIdx=256 topNonZeroIdx=0x9E(6873414) psm=0x13 tbp0=0x1C40 tbw=2 cbp=0x3B48 csa=0
[p4:clut] samples=115000000 nonzero=41603116 (36.18%) u=[0..480] v=[0..255] distinctIdx=256 topNonZeroIdx=0x9E(6873780) psm=0x13 tbp0=0x1C40 tbw=2 cbp=0x3B48 csa=0
[p4:clut] samples=115500000 nonzero=41784798 (36.18%) u=[0..480] v=[0..255] distinctIdx=256 topNonZeroIdx=0x9E(6874146) psm=0x13 tbp0=0x1C40 tbw=2 cbp=0x3B48 csa=0
[p4:clut] samples=116000000 nonzero=41966488 (36.18%) u=[0..480] v=[0..255] distinctIdx=256 topNonZeroIdx=0x9E(6874512) psm=0x13 tbp0=0x1C40 tbw=2 cbp=0x3B48 csa=0
[p4:clut] samples=116500000 nonzero=42148184 (36.18%) u=[0..480] v=[0..255] distinctIdx=256 topNonZeroIdx=0x9E(6874878) psm=0x13 tbp0=0x1C40 tbw=2 cbp=0x3B48 csa=0
[p4:gs-sprite] #10500 ctx=0 tme=1 abe=1 FRAME fbp=0x0 fbw=10 psm=0x1 msk=0x00000000 | SCISSOR 0,0..639,223 | TEST=0x000000000005001B | TEX0 tbp=0x71000 tbw=2 psm=0x13 tw=128 th=512 tfx=0 | V0(2206.0,2086.5) V1(2334.0,2150.5) uv0(16,16) uv1(2032,2032) | XYOFFSET ofx=1728 ofy=1936 -> screen (478,150)..(606,214)
[p4:spx] #10500 tme=1 fst=1 vtxRGBA=00000002 span=128x64 tbp=0x1C40 tw=128 th=512
[p4:clut] samples=117000000 nonzero=42329874 (36.18%) u=[0..480] v=[0..255] distinctIdx=256 topNonZeroIdx=0x9E(6875244) psm=0x13 tbp0=0x1C40 tbw=2 cbp=0x3B48 csa=0
[p4:clut] samples=117500000 nonzero=42511643 (36.18%) u=[0..480] v=[0..255] distinctIdx=256 topNonZeroIdx=0x9E(6875610) psm=0x13 tbp0=0x1C40 tbw=2 cbp=0x3B48 csa=0
[p4:clut] samples=118000000 nonzero=42693447 (36.18%) u=[0..480] v=[0..255] distinctIdx=256 topNonZeroIdx=0x9E(6875977) psm=0x13 tbp0=0x1C40 tbw=2 cbp=0x3B48 csa=0
[p4:clut] samples=118500000 nonzero=42875265 (36.18%) u=[0..480] v=[0..255] distinctIdx=256 topNonZeroIdx=0x9E(6876343) psm=0x13 tbp0=0x1C40 tbw=2 cbp=0x3B48 csa=0
[p4:clut] samples=119000000 nonzero=43057128 (36.18%) u=[0..480] v=[0..255] distinctIdx=256 topNonZeroIdx=0x9E(6876709) psm=0x13 tbp0=0x1C40 tbw=2 cbp=0x3B48 csa=0
[p4:clut] samples=119500000 nonzero=43238994 (36.18%) u=[0..480] v=[0..255] distinctIdx=256 topNonZeroIdx=0x9E(6877075) psm=0x13 tbp0=0x1C40 tbw=2 cbp=0x3B48 csa=0
[p4:clut] samples=120000000 nonzero=43420837 (36.18%) u=[0..480] v=[0..255] distinctIdx=256 topNonZeroIdx=0x87(6891752) psm=0x13 tbp0=0x1C40 tbw=2 cbp=0x3B48 csa=0
[p4:clut] samples=120500000 nonzero=43602683 (36.18%) u=[0..480] v=[0..255] distinctIdx=256 topNonZeroIdx=0x87(6933507) psm=0x13 tbp0=0x1C40 tbw=2 cbp=0x3B48 csa=0
[p4:gs-sprite] #11000 ctx=0 tme=1 abe=1 FRAME fbp=0x0 fbw=10 psm=0x1 msk=0x00000000 | SCISSOR 0,0..639,223 | TEST=0x000000000005001B | TEX0 tbp=0x71000 tbw=2 psm=0x13 tw=128 th=512 tfx=0 | V0(2216.0,2092.5) V1(2344.0,2156.5) uv0(16,16) uv1(2032,2032) | XYOFFSET ofx=1728 ofy=1936 -> screen (488,156)..(616,220)
[p4:spx] #11000 tme=1 fst=1 vtxRGBA=00000002 span=128x64 tbp=0x1C40 tw=128 th=512
[p4:clut] samples=121000000 nonzero=43784540 (36.19%) u=[0..480] v=[0..255] distinctIdx=256 topNonZeroIdx=0x87(6975236) psm=0x13 tbp0=0x1C40 tbw=2 cbp=0x3B48 csa=0
[p4:clut] samples=121500000 nonzero=43966402 (36.19%) u=[0..480] v=[0..255] distinctIdx=256 topNonZeroIdx=0x87(7016964) psm=0x13 tbp0=0x1C40 tbw=2 cbp=0x3B48 csa=0
[p4:clut] samples=122000000 nonzero=44148221 (36.19%) u=[0..480] v=[0..255] distinctIdx=256 topNonZeroIdx=0x87(7058731) psm=0x13 tbp0=0x1C40 tbw=2 cbp=0x3B48 csa=0
[p4:clut] samples=122500000 nonzero=44330052 (36.19%) u=[0..480] v=[0..255] distinctIdx=256 topNonZeroIdx=0x87(7100525) psm=0x13 tbp0=0x1C40 tbw=2 cbp=0x3B48 csa=0
[p4:clut] samples=123000000 nonzero=44511896 (36.19%) u=[0..480] v=[0..255] distinctIdx=256 topNonZeroIdx=0x87(7142323) psm=0x13 tbp0=0x1C40 tbw=2 cbp=0x3B48 csa=0
[p4:clut] samples=123500000 nonzero=44693734 (36.19%) u=[0..480] v=[0..255] distinctIdx=256 topNonZeroIdx=0x87(7184107) psm=0x13 tbp0=0x1C40 tbw=2 cbp=0x3B48 csa=0
[p4:clut] samples=124000000 nonzero=44875546 (36.19%) u=[0..480] v=[0..255] distinctIdx=256 topNonZeroIdx=0x87(7225896) psm=0x13 tbp0=0x1C40 tbw=2 cbp=0x3B48 csa=0
[p4:clut] samples=124500000 nonzero=45057376 (36.19%) u=[0..480] v=[0..255] distinctIdx=256 topNonZeroIdx=0x87(7267655) psm=0x13 tbp0=0x1C40 tbw=2 cbp=0x3B48 csa=0
[p4:clut] samples=125000000 nonzero=45239184 (36.19%) u=[0..480] v=[0..255] distinctIdx=256 topNonZeroIdx=0x87(7309416) psm=0x13 tbp0=0x1C40 tbw=2 cbp=0x3B48 csa=0
[p4:gs-sprite] #11500 ctx=0 tme=1 abe=1 FRAME fbp=0x0 fbw=10 psm=0x1 msk=0x00000000 | SCISSOR 0,0..639,223 | TEST=0x000000000005001B | TEX0 tbp=0x71000 tbw=2 psm=0x13 tw=128 th=512 tfx=0 | V0(2214.0,2089.5) V1(2342.0,2153.5) uv0(16,16) uv1(2032,2032) | XYOFFSET ofx=1728 ofy=1936 -> screen (486,153)..(614,217)
[p4:spx] #11500 tme=1 fst=1 vtxRGBA=00000002 span=128x64 tbp=0x1C40 tw=128 th=512
[p4:clut] samples=125500000 nonzero=45420899 (36.19%) u=[0..480] v=[0..255] distinctIdx=256 topNonZeroIdx=0x87(7351140) psm=0x13 tbp0=0x1C40 tbw=2 cbp=0x3B48 csa=0
[p4:clut] samples=126000000 nonzero=45602570 (36.19%) u=[0..480] v=[0..255] distinctIdx=256 topNonZeroIdx=0x87(7392864) psm=0x13 tbp0=0x1C40 tbw=2 cbp=0x3B48 csa=0
[p4:clut] samples=126500000 nonzero=45784228 (36.19%) u=[0..480] v=[0..255] distinctIdx=256 topNonZeroIdx=0x87(7434588) psm=0x13 tbp0=0x1C40 tbw=2 cbp=0x3B48 csa=0
[p4:clut] samples=127000000 nonzero=45965886 (36.19%) u=[0..480] v=[0..255] distinctIdx=256 topNonZeroIdx=0x87(7476312) psm=0x13 tbp0=0x1C40 tbw=2 cbp=0x3B48 csa=0
[p4:clut] samples=127500000 nonzero=46147544 (36.19%) u=[0..480] v=[0..255] distinctIdx=256 topNonZeroIdx=0x87(7518036) psm=0x13 tbp0=0x1C40 tbw=2 cbp=0x3B48 csa=0
[p4:clut] samples=128000000 nonzero=46329202 (36.19%) u=[0..480] v=[0..255] distinctIdx=256 topNonZeroIdx=0x87(7559760) psm=0x13 tbp0=0x1C40 tbw=2 cbp=0x3B48 csa=0
[p4:clut] samples=128500000 nonzero=46510860 (36.20%) u=[0..480] v=[0..255] distinctIdx=256 topNonZeroIdx=0x87(7601484) psm=0x13 tbp0=0x1C40 tbw=2 cbp=0x3B48 csa=0
[p4:clut] samples=129000000 nonzero=46692518 (36.20%) u=[0..480] v=[0..255] distinctIdx=256 topNonZeroIdx=0x87(7643208) psm=0x13 tbp0=0x1C40 tbw=2 cbp=0x3B48 csa=0
[p4:gs-sprite] #12000 ctx=0 tme=1 abe=1 FRAME fbp=0x0 fbw=10 psm=0x1 msk=0x00000000 | SCISSOR 0,0..639,223 | TEST=0x000000000005001B | TEX0 tbp=0x71000 tbw=2 psm=0x13 tw=128 th=512 tfx=0 | V0(2212.0,2086.5) V1(2340.0,2150.5) uv0(16,16) uv1(2032,2032) | XYOFFSET ofx=1728 ofy=1936 -> screen (484,150)..(612,214)
[p4:spx] #12000 tme=1 fst=1 vtxRGBA=00000002 span=128x64 tbp=0x1C40 tw=128 th=512
[p4:clut] samples=129500000 nonzero=46874187 (36.20%) u=[0..480] v=[0..255] distinctIdx=256 topNonZeroIdx=0x87(7684932) psm=0x13 tbp0=0x1C40 tbw=2 cbp=0x3B48 csa=0
[p4:clut] samples=130000000 nonzero=47055873 (36.20%) u=[0..480] v=[0..255] distinctIdx=256 topNonZeroIdx=0x87(7726656) psm=0x13 tbp0=0x1C40 tbw=2 cbp=0x3B48 csa=0
[p4:clut] samples=130500000 nonzero=47237567 (36.20%) u=[0..480] v=[0..255] distinctIdx=256 topNonZeroIdx=0x87(7768380) psm=0x13 tbp0=0x1C40 tbw=2 cbp=0x3B48 csa=0
[p4:clut] samples=131000000 nonzero=47419261 (36.20%) u=[0..480] v=[0..255] distinctIdx=256 topNonZeroIdx=0x87(7810104) psm=0x13 tbp0=0x1C40 tbw=2 cbp=0x3B48 csa=0
[p4:clut] samples=131500000 nonzero=47600972 (36.20%) u=[0..480] v=[0..255] distinctIdx=256 topNonZeroIdx=0x87(7851828) psm=0x13 tbp0=0x1C40 tbw=2 cbp=0x3B48 csa=0
[p4:clut] samples=132000000 nonzero=47782776 (36.20%) u=[0..480] v=[0..255] distinctIdx=256 topNonZeroIdx=0x87(7893590) psm=0x13 tbp0=0x1C40 tbw=2 cbp=0x3B48 csa=0
[p4:clut] samples=132500000 nonzero=47964594 (36.20%) u=[0..480] v=[0..255] distinctIdx=256 topNonZeroIdx=0x87(7935378) psm=0x13 tbp0=0x1C40 tbw=2 cbp=0x3B48 csa=0
[p4:clut] samples=133000000 nonzero=48146443 (36.20%) u=[0..480] v=[0..255] distinctIdx=256 topNonZeroIdx=0x87(7977172) psm=0x13 tbp0=0x1C40 tbw=2 cbp=0x3B48 csa=0
[p4:gs-sprite] #12500 ctx=0 tme=1 abe=1 FRAME fbp=0x0 fbw=10 psm=0x1 msk=0x00000000 | SCISSOR 0,0..639,223 | TEST=0x000000000005001B | TEX0 tbp=0x71000 tbw=2 psm=0x13 tw=128 th=512 tfx=0 | V0(2208.0,2090.5) V1(2336.0,2154.5) uv0(16,16) uv1(2032,2032) | XYOFFSET ofx=1728 ofy=1936 -> screen (480,154)..(608,218)
[p4:spx] #12500 tme=1 fst=1 vtxRGBA=00000002 span=128x64 tbp=0x1C40 tw=128 th=512
[p4:clut] samples=133500000 nonzero=48328307 (36.20%) u=[0..480] v=[0..255] distinctIdx=256 topNonZeroIdx=0x87(8018939) psm=0x13 tbp0=0x1C40 tbw=2 cbp=0x3B48 csa=0
[p4:clut] samples=134000000 nonzero=48510150 (36.20%) u=[0..480] v=[0..255] distinctIdx=256 topNonZeroIdx=0x87(8060694) psm=0x13 tbp0=0x1C40 tbw=2 cbp=0x3B48 csa=0
[p4:clut] samples=134500000 nonzero=48692004 (36.20%) u=[0..480] v=[0..255] distinctIdx=256 topNonZeroIdx=0x87(8102454) psm=0x13 tbp0=0x1C40 tbw=2 cbp=0x3B48 csa=0
[p4:clut] samples=135000000 nonzero=48873858 (36.20%) u=[0..480] v=[0..255] distinctIdx=256 topNonZeroIdx=0x87(8144190) psm=0x13 tbp0=0x1C40 tbw=2 cbp=0x3B48 csa=0
[p4:clut] samples=135500000 nonzero=49055718 (36.20%) u=[0..480] v=[0..255] distinctIdx=256 topNonZeroIdx=0x87(8185917) psm=0x13 tbp0=0x1C40 tbw=2 cbp=0x3B48 csa=0
[p4:clut] samples=136000000 nonzero=49237547 (36.20%) u=[0..480] v=[0..255] distinctIdx=256 topNonZeroIdx=0x87(8227658) psm=0x13 tbp0=0x1C40 tbw=2 cbp=0x3B48 csa=0
[p4:clut] samples=136500000 nonzero=49419377 (36.20%) u=[0..480] v=[0..255] distinctIdx=256 topNonZeroIdx=0x87(8269453) psm=0x13 tbp0=0x1C40 tbw=2 cbp=0x3B48 csa=0
[p4:clut] samples=137000000 nonzero=49601221 (36.21%) u=[0..480] v=[0..255] distinctIdx=256 topNonZeroIdx=0x87(8311249) psm=0x13 tbp0=0x1C40 tbw=2 cbp=0x3B48 csa=0
[p4:gs-sprite] #13000 ctx=0 tme=1 abe=1 FRAME fbp=0x0 fbw=10 psm=0x1 msk=0x00000000 | SCISSOR 0,0..639,223 | TEST=0x000000000005001B | TEX0 tbp=0x71000 tbw=2 psm=0x13 tw=128 th=512 tfx=0 | V0(2206.0,2087.5) V1(2334.0,2151.5) uv0(16,16) uv1(2032,2032) | XYOFFSET ofx=1728 ofy=1936 -> screen (478,151)..(606,215)
[p4:spx] #13000 tme=1 fst=1 vtxRGBA=00000002 span=128x64 tbp=0x1C40 tw=128 th=512
[p4:clut] samples=137500000 nonzero=49783059 (36.21%) u=[0..480] v=[0..255] distinctIdx=256 topNonZeroIdx=0x87(8353033) psm=0x13 tbp0=0x1C40 tbw=2 cbp=0x3B48 csa=0
[p4:clut] samples=138000000 nonzero=49964871 (36.21%) u=[0..480] v=[0..255] distinctIdx=256 topNonZeroIdx=0x87(8394820) psm=0x13 tbp0=0x1C40 tbw=2 cbp=0x3B48 csa=0
[p4:clut] samples=138500000 nonzero=50146701 (36.21%) u=[0..480] v=[0..255] distinctIdx=256 topNonZeroIdx=0x87(8436611) psm=0x13 tbp0=0x1C40 tbw=2 cbp=0x3B48 csa=0
[p4:clut] samples=139000000 nonzero=50328545 (36.21%) u=[0..480] v=[0..255] distinctIdx=256 topNonZeroIdx=0x87(8478366) psm=0x13 tbp0=0x1C40 tbw=2 cbp=0x3B48 csa=0
[p4:clut] samples=139500000 nonzero=50510286 (36.21%) u=[0..480] v=[0..255] distinctIdx=256 topNonZeroIdx=0x87(8520096) psm=0x13 tbp0=0x1C40 tbw=2 cbp=0x3B48 csa=0
[p4:clut] samples=140000000 nonzero=50691972 (36.21%) u=[0..480] v=[0..255] distinctIdx=256 topNonZeroIdx=0x87(8561820) psm=0x13 tbp0=0x1C40 tbw=2 cbp=0x3B48 csa=0
[p4:clut] samples=140500000 nonzero=50873630 (36.21%) u=[0..480] v=[0..255] distinctIdx=256 topNonZeroIdx=0x87(8603544) psm=0x13 tbp0=0x1C40 tbw=2 cbp=0x3B48 csa=0
[p4:clut] samples=141000000 nonzero=51055288 (36.21%) u=[0..480] v=[0..255] distinctIdx=256 topNonZeroIdx=0x87(8645268) psm=0x13 tbp0=0x1C40 tbw=2 cbp=0x3B48 csa=0
[p4:gs-sprite] #13500 ctx=0 tme=1 abe=1 FRAME fbp=0x0 fbw=10 psm=0x1 msk=0x00000000 | SCISSOR 0,0..639,223 | TEST=0x000000000005001B | TEX0 tbp=0x71000 tbw=2 psm=0x13 tw=128 th=512 tfx=0 | V0(2203.0,2086.0) V1(2331.0,2150.0) uv0(16,16) uv1(2032,2032) | XYOFFSET ofx=1728 ofy=1936 -> screen (475,150)..(603,214)
[p4:spx] #13500 tme=1 fst=1 vtxRGBA=80808080 span=128x64 tbp=0x1C40 tw=128 th=512
[p4:clut] samples=141500000 nonzero=51236946 (36.21%) u=[0..480] v=[0..255] distinctIdx=256 topNonZeroIdx=0x87(8686992) psm=0x13 tbp0=0x1C40 tbw=2 cbp=0x3B48 csa=0
[p4:clut] samples=142000000 nonzero=51418604 (36.21%) u=[0..480] v=[0..255] distinctIdx=256 topNonZeroIdx=0x87(8728716) psm=0x13 tbp0=0x1C40 tbw=2 cbp=0x3B48 csa=0
[p4:clut] samples=142500000 nonzero=51600262 (36.21%) u=[0..480] v=[0..255] distinctIdx=256 topNonZeroIdx=0x87(8770440) psm=0x13 tbp0=0x1C40 tbw=2 cbp=0x3B48 csa=0
[p4:clut] samples=143000000 nonzero=51781920 (36.21%) u=[0..480] v=[0..255] distinctIdx=256 topNonZeroIdx=0x87(8812164) psm=0x13 tbp0=0x1C40 tbw=2 cbp=0x3B48 csa=0
[p4:clut] samples=143500000 nonzero=51963578 (36.21%) u=[0..480] v=[0..255] distinctIdx=256 topNonZeroIdx=0x87(8853888) psm=0x13 tbp0=0x1C40 tbw=2 cbp=0x3B48 csa=0
[p4:clut] samples=144000000 nonzero=52145260 (36.21%) u=[0..480] v=[0..255] distinctIdx=256 topNonZeroIdx=0x87(8895612) psm=0x13 tbp0=0x1C40 tbw=2 cbp=0x3B48 csa=0
[p4:clut] samples=144500000 nonzero=52326950 (36.21%) u=[0..480] v=[0..255] distinctIdx=256 topNonZeroIdx=0x87(8937336) psm=0x13 tbp0=0x1C40 tbw=2 cbp=0x3B48 csa=0
[p4:clut] samples=145000000 nonzero=52508646 (36.21%) u=[0..480] v=[0..255] distinctIdx=256 topNonZeroIdx=0x87(8979060) psm=0x13 tbp0=0x1C40 tbw=2 cbp=0x3B48 csa=0
[p4:gs-sprite] #14000 ctx=0 tme=1 abe=1 FRAME fbp=0x0 fbw=10 psm=0x1 msk=0x00000000 | SCISSOR 0,0..639,223 | TEST=0x000000000005001B | TEX0 tbp=0x71000 tbw=2 psm=0x13 tw=128 th=512 tfx=0 | V0(2214.0,2090.5) V1(2342.0,2154.5) uv0(16,16) uv1(2032,2032) | XYOFFSET ofx=1728 ofy=1936 -> screen (486,154)..(614,218)
[p4:spx] #14000 tme=1 fst=1 vtxRGBA=00000002 span=128x64 tbp=0x1C40 tw=128 th=512
[p4:clut] samples=145500000 nonzero=52690353 (36.21%) u=[0..480] v=[0..255] distinctIdx=256 topNonZeroIdx=0x87(9020784) psm=0x13 tbp0=0x1C40 tbw=2 cbp=0x3B48 csa=0
[p4:clut] samples=146000000 nonzero=52872105 (36.21%) u=[0..480] v=[0..255] distinctIdx=256 topNonZeroIdx=0x87(9062513) psm=0x13 tbp0=0x1C40 tbw=2 cbp=0x3B48 csa=0
[p4:clut] samples=146500000 nonzero=53053924 (36.21%) u=[0..480] v=[0..255] distinctIdx=256 topNonZeroIdx=0x87(9104309) psm=0x13 tbp0=0x1C40 tbw=2 cbp=0x3B48 csa=0
[p4:clut] samples=147000000 nonzero=53235759 (36.21%) u=[0..480] v=[0..255] distinctIdx=256 topNonZeroIdx=0x87(9146097) psm=0x13 tbp0=0x1C40 tbw=2 cbp=0x3B48 csa=0
[p4:clut] samples=147500000 nonzero=53417622 (36.22%) u=[0..480] v=[0..255] distinctIdx=256 topNonZeroIdx=0x87(9187877) psm=0x13 tbp0=0x1C40 tbw=2 cbp=0x3B48 csa=0
[p4:clut] samples=148000000 nonzero=53599463 (36.22%) u=[0..480] v=[0..255] distinctIdx=256 topNonZeroIdx=0x87(9229636) psm=0x13 tbp0=0x1C40 tbw=2 cbp=0x3B48 csa=0
[p4:clut] samples=148500000 nonzero=53781318 (36.22%) u=[0..480] v=[0..255] distinctIdx=256 topNonZeroIdx=0x87(9271400) psm=0x13 tbp0=0x1C40 tbw=2 cbp=0x3B48 csa=0
[p4:clut] samples=149000000 nonzero=53963177 (36.22%) u=[0..480] v=[0..255] distinctIdx=256 topNonZeroIdx=0x87(9313143) psm=0x13 tbp0=0x1C40 tbw=2 cbp=0x3B48 csa=0
[p4:gs-sprite] #14500 ctx=0 tme=1 abe=1 FRAME fbp=0x0 fbw=10 psm=0x1 msk=0x00000000 | SCISSOR 0,0..639,223 | TEST=0x000000000005001B | TEX0 tbp=0x71000 tbw=2 psm=0x13 tw=128 th=512 tfx=0 | V0(2212.0,2087.5) V1(2340.0,2151.5) uv0(16,16) uv1(2032,2032) | XYOFFSET ofx=1728 ofy=1936 -> screen (484,151)..(612,215)
[p4:spx] #14500 tme=1 fst=1 vtxRGBA=00000002 span=128x64 tbp=0x1C40 tw=128 th=512
[p4:clut] samples=149500000 nonzero=54145034 (36.22%) u=[0..480] v=[0..255] distinctIdx=256 topNonZeroIdx=0x87(9354872) psm=0x13 tbp0=0x1C40 tbw=2 cbp=0x3B48 csa=0
[p4:clut] samples=150000000 nonzero=54326867 (36.22%) u=[0..480] v=[0..255] distinctIdx=256 topNonZeroIdx=0x87(9396600) psm=0x13 tbp0=0x1C40 tbw=2 cbp=0x3B48 csa=0
[p4:clut] samples=150500000 nonzero=54508702 (36.22%) u=[0..480] v=[0..255] distinctIdx=256 topNonZeroIdx=0x87(9438380) psm=0x13 tbp0=0x1C40 tbw=2 cbp=0x3B48 csa=0
[p4:clut] samples=151000000 nonzero=54690546 (36.22%) u=[0..480] v=[0..255] distinctIdx=256 topNonZeroIdx=0x87(9480175) psm=0x13 tbp0=0x1C40 tbw=2 cbp=0x3B48 csa=0
[p4:clut] samples=151500000 nonzero=54872384 (36.22%) u=[0..480] v=[0..255] distinctIdx=256 topNonZeroIdx=0x87(9521959) psm=0x13 tbp0=0x1C40 tbw=2 cbp=0x3B48 csa=0
[p4:clut] samples=152000000 nonzero=55054196 (36.22%) u=[0..480] v=[0..255] distinctIdx=256 topNonZeroIdx=0x87(9563743) psm=0x13 tbp0=0x1C40 tbw=2 cbp=0x3B48 csa=0
[p4:clut] samples=152500000 nonzero=55236027 (36.22%) u=[0..480] v=[0..255] distinctIdx=256 topNonZeroIdx=0x87(9605545) psm=0x13 tbp0=0x1C40 tbw=2 cbp=0x3B48 csa=0
[p4:clut] samples=153000000 nonzero=55417870 (36.22%) u=[0..480] v=[0..255] distinctIdx=256 topNonZeroIdx=0x87(9647291) psm=0x13 tbp0=0x1C40 tbw=2 cbp=0x3B48 csa=0
[p4:gs-sprite] #15000 ctx=0 tme=1 abe=1 FRAME fbp=0x0 fbw=10 psm=0x1 msk=0x00000000 | SCISSOR 0,0..639,223 | TEST=0x000000000005001B | TEX0 tbp=0x71000 tbw=2 psm=0x13 tw=128 th=512 tfx=0 | V0(2208.0,2091.5) V1(2336.0,2155.5) uv0(16,16) uv1(2032,2032) | XYOFFSET ofx=1728 ofy=1936 -> screen (480,155)..(608,219)
[p4:spx] #15000 tme=1 fst=1 vtxRGBA=00000002 span=128x64 tbp=0x1C40 tw=128 th=512
[p4:clut] samples=153500000 nonzero=55599671 (36.22%) u=[0..480] v=[0..255] distinctIdx=256 topNonZeroIdx=0x87(9689052) psm=0x13 tbp0=0x1C40 tbw=2 cbp=0x3B48 csa=0
[p4:clut] samples=154000000 nonzero=55781361 (36.22%) u=[0..480] v=[0..255] distinctIdx=256 topNonZeroIdx=0x87(9730776) psm=0x13 tbp0=0x1C40 tbw=2 cbp=0x3B48 csa=0
[p4:clut] samples=154500000 nonzero=55963032 (36.22%) u=[0..480] v=[0..255] distinctIdx=256 topNonZeroIdx=0x87(9772500) psm=0x13 tbp0=0x1C40 tbw=2 cbp=0x3B48 csa=0
[p4:clut] samples=155000000 nonzero=56144690 (36.22%) u=[0..480] v=[0..255] distinctIdx=256 topNonZeroIdx=0x87(9814224) psm=0x13 tbp0=0x1C40 tbw=2 cbp=0x3B48 csa=0
[p4:clut] samples=155500000 nonzero=56326348 (36.22%) u=[0..480] v=[0..255] distinctIdx=256 topNonZeroIdx=0x87(9855948) psm=0x13 tbp0=0x1C40 tbw=2 cbp=0x3B48 csa=0
[p4:clut] samples=156000000 nonzero=56508006 (36.22%) u=[0..480] v=[0..255] distinctIdx=256 topNonZeroIdx=0x87(9897672) psm=0x13 tbp0=0x1C40 tbw=2 cbp=0x3B48 csa=0
[p4:clut] samples=156500000 nonzero=56689664 (36.22%) u=[0..480] v=[0..255] distinctIdx=256 topNonZeroIdx=0x87(9939396) psm=0x13 tbp0=0x1C40 tbw=2 cbp=0x3B48 csa=0
[p4:vbl] ticks=1200
[p4:clut] samples=157000000 nonzero=56871322 (36.22%) u=[0..480] v=[0..255] distinctIdx=256 topNonZeroIdx=0x87(9981120) psm=0x13 tbp0=0x1C40 tbw=2 cbp=0x3B48 csa=0
[p4:gs-sprite] #15500 ctx=0 tme=1 abe=1 FRAME fbp=0x0 fbw=10 psm=0x1 msk=0x00000000 | SCISSOR 0,0..639,223 | TEST=0x000000000005001B | TEX0 tbp=0x71000 tbw=2 psm=0x13 tw=128 th=512 tfx=0 | V0(2206.0,2088.5) V1(2334.0,2152.5) uv0(16,16) uv1(2032,2032) | XYOFFSET ofx=1728 ofy=1936 -> screen (478,152)..(606,216)
[p4:spx] #15500 tme=1 fst=1 vtxRGBA=00000002 span=128x64 tbp=0x1C40 tw=128 th=512
[p4:clut] samples=157500000 nonzero=57052980 (36.22%) u=[0..480] v=[0..255] distinctIdx=256 topNonZeroIdx=0x87(10022844) psm=0x13 tbp0=0x1C40 tbw=2 cbp=0x3B48 csa=0
[p4:clut] samples=158000000 nonzero=57234649 (36.22%) u=[0..480] v=[0..255] distinctIdx=256 topNonZeroIdx=0x87(10064568) psm=0x13 tbp0=0x1C40 tbw=2 cbp=0x3B48 csa=0
[p4:clut] samples=158500000 nonzero=57416335 (36.22%) u=[0..480] v=[0..255] distinctIdx=256 topNonZeroIdx=0x87(10106292) psm=0x13 tbp0=0x1C40 tbw=2 cbp=0x3B48 csa=0
[p4:clut] samples=159000000 nonzero=57598029 (36.23%) u=[0..480] v=[0..255] distinctIdx=256 topNonZeroIdx=0x87(10148016) psm=0x13 tbp0=0x1C40 tbw=2 cbp=0x3B48 csa=0
[p4:clut] samples=159500000 nonzero=57779738 (36.23%) u=[0..480] v=[0..255] distinctIdx=256 topNonZeroIdx=0x87(10189740) psm=0x13 tbp0=0x1C40 tbw=2 cbp=0x3B48 csa=0
[p4:clut] samples=160000000 nonzero=57961434 (36.23%) u=[0..480] v=[0..255] distinctIdx=256 topNonZeroIdx=0x87(10231464) psm=0x13 tbp0=0x1C40 tbw=2 cbp=0x3B48 csa=0
[p4:clut] samples=160500000 nonzero=58143253 (36.23%) u=[0..480] v=[0..255] distinctIdx=256 topNonZeroIdx=0x87(10273239) psm=0x13 tbp0=0x1C40 tbw=2 cbp=0x3B48 csa=0
[p4:clut] samples=161000000 nonzero=58325088 (36.23%) u=[0..480] v=[0..255] distinctIdx=256 topNonZeroIdx=0x87(10315027) psm=0x13 tbp0=0x1C40 tbw=2 cbp=0x3B48 csa=0
[p4:gs-sprite] #16000 ctx=0 tme=0 abe=1 FRAME fbp=0x0 fbw=10 psm=0x1 msk=0x00000000 | SCISSOR 0,0..639,223 | TEST=0x0000000000030003 | TEX0 tbp=0x0 tbw=0 psm=0x0 tw=1 th=1 tfx=0 | V0(1728.0,1936.0) V1(2368.0,2160.0) uv0(0,0) uv1(0,0) | XYOFFSET ofx=1728 ofy=1936 -> screen (0,0)..(640,224)
[p4:spx] #16000 tme=0 fst=1 vtxRGBA=00000080 span=640x224 tbp=0x0 tw=1 th=1
[p4:clut] samples=161500000 nonzero=58506937 (36.23%) u=[0..480] v=[0..255] distinctIdx=256 topNonZeroIdx=0x87(10356811) psm=0x13 tbp0=0x1C40 tbw=2 cbp=0x3B48 csa=0
[p4:clut] samples=162000000 nonzero=58688777 (36.23%) u=[0..480] v=[0..255] distinctIdx=256 topNonZeroIdx=0x87(10398575) psm=0x13 tbp0=0x1C40 tbw=2 cbp=0x3B48 csa=0
[p4:clut] samples=162500000 nonzero=58870630 (36.23%) u=[0..480] v=[0..255] distinctIdx=256 topNonZeroIdx=0x87(10440343) psm=0x13 tbp0=0x1C40 tbw=2 cbp=0x3B48 csa=0
[p4:clut] samples=163000000 nonzero=59052498 (36.23%) u=[0..480] v=[0..255] distinctIdx=256 topNonZeroIdx=0x87(10482094) psm=0x13 tbp0=0x1C40 tbw=2 cbp=0x3B48 csa=0
[p4:clut] samples=163500000 nonzero=59234352 (36.23%) u=[0..480] v=[0..255] distinctIdx=256 topNonZeroIdx=0x87(10523826) psm=0x13 tbp0=0x1C40 tbw=2 cbp=0x3B48 csa=0
[p4:clut] samples=164000000 nonzero=59416183 (36.23%) u=[0..480] v=[0..255] distinctIdx=256 topNonZeroIdx=0x87(10565553) psm=0x13 tbp0=0x1C40 tbw=2 cbp=0x3B48 csa=0
[p4:clut] samples=164500000 nonzero=59598028 (36.23%) u=[0..480] v=[0..255] distinctIdx=256 topNonZeroIdx=0x87(10607307) psm=0x13 tbp0=0x1C40 tbw=2 cbp=0x3B48 csa=0
[p4:clut] samples=165000000 nonzero=59779871 (36.23%) u=[0..480] v=[0..255] distinctIdx=256 topNonZeroIdx=0x87(10649102) psm=0x13 tbp0=0x1C40 tbw=2 cbp=0x3B48 csa=0
[p4:gs-sprite] #16500 ctx=0 tme=1 abe=1 FRAME fbp=0x0 fbw=10 psm=0x1 msk=0x00000000 | SCISSOR 0,0..639,223 | TEST=0x000000000005001B | TEX0 tbp=0x71000 tbw=2 psm=0x13 tw=128 th=512 tfx=0 | V0(2214.0,2091.5) V1(2342.0,2155.5) uv0(16,16) uv1(2032,2032) | XYOFFSET ofx=1728 ofy=1936 -> screen (486,155)..(614,219)
[p4:spx] #16500 tme=1 fst=1 vtxRGBA=00000002 span=128x64 tbp=0x1C40 tw=128 th=512
[p4:clut] samples=165500000 nonzero=59961709 (36.23%) u=[0..480] v=[0..255] distinctIdx=256 topNonZeroIdx=0x87(10690885) psm=0x13 tbp0=0x1C40 tbw=2 cbp=0x3B48 csa=0
[p4:clut] samples=166000000 nonzero=60143521 (36.23%) u=[0..480] v=[0..255] distinctIdx=256 topNonZeroIdx=0x87(10732669) psm=0x13 tbp0=0x1C40 tbw=2 cbp=0x3B48 csa=0
[p4:clut] samples=166500000 nonzero=60325352 (36.23%) u=[0..480] v=[0..255] distinctIdx=256 topNonZeroIdx=0x87(10774469) psm=0x13 tbp0=0x1C40 tbw=2 cbp=0x3B48 csa=0
[p4:clut] samples=167000000 nonzero=60507195 (36.23%) u=[0..480] v=[0..255] distinctIdx=256 topNonZeroIdx=0x87(10816247) psm=0x13 tbp0=0x1C40 tbw=2 cbp=0x3B48 csa=0
[p4:clut] samples=167500000 nonzero=60689032 (36.23%) u=[0..480] v=[0..255] distinctIdx=256 topNonZeroIdx=0x87(10858008) psm=0x13 tbp0=0x1C40 tbw=2 cbp=0x3B48 csa=0
[p4:clut] samples=168000000 nonzero=60870748 (36.23%) u=[0..480] v=[0..255] distinctIdx=256 topNonZeroIdx=0x87(10899732) psm=0x13 tbp0=0x1C40 tbw=2 cbp=0x3B48 csa=0
[p4:clut] samples=168500000 nonzero=61052434 (36.23%) u=[0..480] v=[0..255] distinctIdx=256 topNonZeroIdx=0x87(10941456) psm=0x13 tbp0=0x1C40 tbw=2 cbp=0x3B48 csa=0
[p4:clut] samples=169000000 nonzero=61234092 (36.23%) u=[0..480] v=[0..255] distinctIdx=256 topNonZeroIdx=0x87(10983180) psm=0x13 tbp0=0x1C40 tbw=2 cbp=0x3B48 csa=0
[p4:gs-sprite] #17000 ctx=0 tme=1 abe=1 FRAME fbp=0x0 fbw=10 psm=0x1 msk=0x00000000 | SCISSOR 0,0..639,223 | TEST=0x000000000005001B | TEX0 tbp=0x71000 tbw=2 psm=0x13 tw=128 th=512 tfx=0 | V0(2212.0,2088.5) V1(2340.0,2152.5) uv0(16,16) uv1(2032,2032) | XYOFFSET ofx=1728 ofy=1936 -> screen (484,152)..(612,216)
[p4:spx] #17000 tme=1 fst=1 vtxRGBA=00000002 span=128x64 tbp=0x1C40 tw=128 th=512
[p4:clut] samples=169500000 nonzero=61415750 (36.23%) u=[0..480] v=[0..255] distinctIdx=256 topNonZeroIdx=0x87(11024904) psm=0x13 tbp0=0x1C40 tbw=2 cbp=0x3B48 csa=0
[p4:clut] samples=170000000 nonzero=61597408 (36.23%) u=[0..480] v=[0..255] distinctIdx=256 topNonZeroIdx=0x87(11066628) psm=0x13 tbp0=0x1C40 tbw=2 cbp=0x3B48 csa=0
[p4:clut] samples=170500000 nonzero=61779066 (36.23%) u=[0..480] v=[0..255] distinctIdx=256 topNonZeroIdx=0x87(11108352) psm=0x13 tbp0=0x1C40 tbw=2 cbp=0x3B48 csa=0
[p4:clut] samples=171000000 nonzero=61960724 (36.23%) u=[0..480] v=[0..255] distinctIdx=256 topNonZeroIdx=0x87(11150076) psm=0x13 tbp0=0x1C40 tbw=2 cbp=0x3B48 csa=0
[p4:clut] samples=171500000 nonzero=62142382 (36.23%) u=[0..480] v=[0..255] distinctIdx=256 topNonZeroIdx=0x87(11191800) psm=0x13 tbp0=0x1C40 tbw=2 cbp=0x3B48 csa=0
[p4:clut] samples=172000000 nonzero=62324040 (36.23%) u=[0..480] v=[0..255] distinctIdx=256 topNonZeroIdx=0x87(11233524) psm=0x13 tbp0=0x1C40 tbw=2 cbp=0x3B48 csa=0
[p4:clut] samples=172500000 nonzero=62505722 (36.24%) u=[0..480] v=[0..255] distinctIdx=256 topNonZeroIdx=0x87(11275248) psm=0x13 tbp0=0x1C40 tbw=2 cbp=0x3B48 csa=0
[p4:clut] samples=173000000 nonzero=62687412 (36.24%) u=[0..480] v=[0..255] distinctIdx=256 topNonZeroIdx=0x87(11316972) psm=0x13 tbp0=0x1C40 tbw=2 cbp=0x3B48 csa=0
[p4:gs-sprite] #17500 ctx=0 tme=1 abe=1 FRAME fbp=0x0 fbw=10 psm=0x1 msk=0x00000000 | SCISSOR 0,0..639,223 | TEST=0x000000000005001B | TEX0 tbp=0x71000 tbw=2 psm=0x13 tw=128 th=512 tfx=0 | V0(2208.0,2092.5) V1(2336.0,2156.5) uv0(16,16) uv1(2032,2032) | XYOFFSET ofx=1728 ofy=1936 -> screen (480,156)..(608,220)
[p4:spx] #17500 tme=1 fst=1 vtxRGBA=00000002 span=128x64 tbp=0x1C40 tw=128 th=512
[p4:clut] samples=173500000 nonzero=62869125 (36.24%) u=[0..480] v=[0..255] distinctIdx=256 topNonZeroIdx=0x87(11358696) psm=0x13 tbp0=0x1C40 tbw=2 cbp=0x3B48 csa=0
[p4:clut] samples=174000000 nonzero=63050815 (36.24%) u=[0..480] v=[0..255] distinctIdx=256 topNonZeroIdx=0x87(11400420) psm=0x13 tbp0=0x1C40 tbw=2 cbp=0x3B48 csa=0
[p4:clut] samples=174500000 nonzero=63232582 (36.24%) u=[0..480] v=[0..255] distinctIdx=256 topNonZeroIdx=0x87(11442162) psm=0x13 tbp0=0x1C40 tbw=2 cbp=0x3B48 csa=0
[p4:clut] samples=175000000 nonzero=63414418 (36.24%) u=[0..480] v=[0..255] distinctIdx=256 topNonZeroIdx=0x87(11483957) psm=0x13 tbp0=0x1C40 tbw=2 cbp=0x3B48 csa=0
[p4:clut] samples=175500000 nonzero=63596253 (36.24%) u=[0..480] v=[0..255] distinctIdx=256 topNonZeroIdx=0x87(11525737) psm=0x13 tbp0=0x1C40 tbw=2 cbp=0x3B48 csa=0
[p4:clut] samples=176000000 nonzero=63778092 (36.24%) u=[0..480] v=[0..255] distinctIdx=256 topNonZeroIdx=0x87(11567513) psm=0x13 tbp0=0x1C40 tbw=2 cbp=0x3B48 csa=0
[p4:clut] samples=176500000 nonzero=63959943 (36.24%) u=[0..480] v=[0..255] distinctIdx=256 topNonZeroIdx=0x87(11609285) psm=0x13 tbp0=0x1C40 tbw=2 cbp=0x3B48 csa=0
[p4:clut] samples=177000000 nonzero=64141812 (36.24%) u=[0..480] v=[0..255] distinctIdx=256 topNonZeroIdx=0x87(11651036) psm=0x13 tbp0=0x1C40 tbw=2 cbp=0x3B48 csa=0
[p4:gs-sprite] #18000 ctx=0 tme=1 abe=1 FRAME fbp=0x0 fbw=10 psm=0x1 msk=0x00000000 | SCISSOR 0,0..639,223 | TEST=0x000000000005001B | TEX0 tbp=0x71000 tbw=2 psm=0x13 tw=128 th=512 tfx=0 | V0(2206.0,2089.5) V1(2334.0,2153.5) uv0(16,16) uv1(2032,2032) | XYOFFSET ofx=1728 ofy=1936 -> screen (478,153)..(606,217)
[p4:spx] #18000 tme=1 fst=1 vtxRGBA=00000002 span=128x64 tbp=0x1C40 tw=128 th=512
[p4:clut] samples=177500000 nonzero=64323671 (36.24%) u=[0..480] v=[0..255] distinctIdx=256 topNonZeroIdx=0x87(11692779) psm=0x13 tbp0=0x1C40 tbw=2 cbp=0x3B48 csa=0
[p4:clut] samples=178000000 nonzero=64505499 (36.24%) u=[0..480] v=[0..255] distinctIdx=256 topNonZeroIdx=0x87(11734508) psm=0x13 tbp0=0x1C40 tbw=2 cbp=0x3B48 csa=0
[p4:clut] samples=178500000 nonzero=64687348 (36.24%) u=[0..480] v=[0..255] distinctIdx=256 topNonZeroIdx=0x87(11776240) psm=0x13 tbp0=0x1C40 tbw=2 cbp=0x3B48 csa=0
[p4:clut] samples=179000000 nonzero=64869196 (36.24%) u=[0..480] v=[0..255] distinctIdx=256 topNonZeroIdx=0x87(11818028) psm=0x13 tbp0=0x1C40 tbw=2 cbp=0x3B48 csa=0
[p4:clut] samples=179500000 nonzero=65051034 (36.24%) u=[0..480] v=[0..255] distinctIdx=256 topNonZeroIdx=0x87(11859812) psm=0x13 tbp0=0x1C40 tbw=2 cbp=0x3B48 csa=0
[p4:clut] samples=180000000 nonzero=65232846 (36.24%) u=[0..480] v=[0..255] distinctIdx=256 topNonZeroIdx=0x87(11901595) psm=0x13 tbp0=0x1C40 tbw=2 cbp=0x3B48 csa=0
[p4:clut] samples=180500000 nonzero=65414677 (36.24%) u=[0..480] v=[0..255] distinctIdx=256 topNonZeroIdx=0x87(11943392) psm=0x13 tbp0=0x1C40 tbw=2 cbp=0x3B48 csa=0
[p4:clut] samples=181000000 nonzero=65596521 (36.24%) u=[0..480] v=[0..255] distinctIdx=256 topNonZeroIdx=0x87(11985199) psm=0x13 tbp0=0x1C40 tbw=2 cbp=0x3B48 csa=0
[p4:gs-sprite] #18500 ctx=0 tme=1 abe=1 FRAME fbp=0x0 fbw=10 psm=0x1 msk=0x00000000 | SCISSOR 0,0..639,223 | TEST=0x000000000005001B | TEX0 tbp=0x71000 tbw=2 psm=0x13 tw=128 th=512 tfx=0 | V0(2204.0,2086.5) V1(2332.0,2150.5) uv0(16,16) uv1(2032,2032) | XYOFFSET ofx=1728 ofy=1936 -> screen (476,150)..(604,214)
[p4:spx] #18500 tme=1 fst=1 vtxRGBA=00000002 span=128x64 tbp=0x1C40 tw=128 th=512
[p4:clut] samples=181500000 nonzero=65778357 (36.24%) u=[0..480] v=[0..255] distinctIdx=256 topNonZeroIdx=0x87(12026927) psm=0x13 tbp0=0x1C40 tbw=2 cbp=0x3B48 csa=0
[p4:clut] samples=182000000 nonzero=65960133 (36.24%) u=[0..480] v=[0..255] distinctIdx=256 topNonZeroIdx=0x87(12068688) psm=0x13 tbp0=0x1C40 tbw=2 cbp=0x3B48 csa=0
[p4:clut] samples=182500000 nonzero=66141823 (36.24%) u=[0..480] v=[0..255] distinctIdx=256 topNonZeroIdx=0x87(12110412) psm=0x13 tbp0=0x1C40 tbw=2 cbp=0x3B48 csa=0
[p4:clut] samples=183000000 nonzero=66323494 (36.24%) u=[0..480] v=[0..255] distinctIdx=256 topNonZeroIdx=0x87(12152136) psm=0x13 tbp0=0x1C40 tbw=2 cbp=0x3B48 csa=0
[p4:clut] samples=183500000 nonzero=66505152 (36.24%) u=[0..480] v=[0..255] distinctIdx=256 topNonZeroIdx=0x87(12193860) psm=0x13 tbp0=0x1C40 tbw=2 cbp=0x3B48 csa=0
[p4:clut] samples=184000000 nonzero=66686810 (36.24%) u=[0..480] v=[0..255] distinctIdx=256 topNonZeroIdx=0x87(12235584) psm=0x13 tbp0=0x1C40 tbw=2 cbp=0x3B48 csa=0
[p4:clut] samples=184500000 nonzero=66868468 (36.24%) u=[0..480] v=[0..255] distinctIdx=256 topNonZeroIdx=0x87(12277308) psm=0x13 tbp0=0x1C40 tbw=2 cbp=0x3B48 csa=0
[p4:clut] samples=185000000 nonzero=67050126 (36.24%) u=[0..480] v=[0..255] distinctIdx=256 topNonZeroIdx=0x87(12319032) psm=0x13 tbp0=0x1C40 tbw=2 cbp=0x3B48 csa=0
[p4:gs-sprite] #19000 ctx=0 tme=1 abe=1 FRAME fbp=0x0 fbw=10 psm=0x1 msk=0x00000000 | SCISSOR 0,0..639,223 | TEST=0x000000000005001B | TEX0 tbp=0x71000 tbw=2 psm=0x13 tw=128 th=512 tfx=0 | V0(2214.0,2092.5) V1(2342.0,2156.5) uv0(16,16) uv1(2032,2032) | XYOFFSET ofx=1728 ofy=1936 -> screen (486,156)..(614,220)
[p4:spx] #19000 tme=1 fst=1 vtxRGBA=00000002 span=128x64 tbp=0x1C40 tw=128 th=512
[p4:clut] samples=185500000 nonzero=67231784 (36.24%) u=[0..480] v=[0..255] distinctIdx=256 topNonZeroIdx=0x87(12360756) psm=0x13 tbp0=0x1C40 tbw=2 cbp=0x3B48 csa=0
[p4:clut] samples=186000000 nonzero=67413442 (36.24%) u=[0..480] v=[0..255] distinctIdx=256 topNonZeroIdx=0x87(12402480) psm=0x13 tbp0=0x1C40 tbw=2 cbp=0x3B48 csa=0
[p4:clut] samples=186500000 nonzero=67595111 (36.24%) u=[0..480] v=[0..255] distinctIdx=256 topNonZeroIdx=0x87(12444204) psm=0x13 tbp0=0x1C40 tbw=2 cbp=0x3B48 csa=0
[p4:clut] samples=187000000 nonzero=67776797 (36.24%) u=[0..480] v=[0..255] distinctIdx=256 topNonZeroIdx=0x87(12485928) psm=0x13 tbp0=0x1C40 tbw=2 cbp=0x3B48 csa=0
[p4:new2] size=0x00000054 ra=0x001b4bf4
[p4:malloc] size=0x00000054 ra=0x001006bc
[p4:new2] size=0x00000150 ra=0x001a6bd0
[p4:malloc] size=0x00000150 ra=0x001006bc
[gzmfs] OPEN fd=1 '\SOUND\GZMVS.RBB;1' -> '<path>' size=110594048
[gzmfs] READ fd=1 pos=0 len=8 -> 8 dst=0x00E0A130
[gzmfs] READ fd=1 pos=8 len=8 -> 8 dst=0x00E0A130
[p4:new2] size=0x00000070 ra=0x00100540
[p4:malloc] size=0x00000070 ra=0x001006bc
[gzmfs] READ fd=1 pos=16 len=112 -> 112 dst=0x00E0A2C0
[gzmfs] READ fd=1 pos=128 len=8 -> 8 dst=0x00E0A130
[p4:new2] size=0x00001b70 ra=0x00100540
[p4:malloc] size=0x00001b70 ra=0x001006bc
[gzmfs] READ fd=1 pos=136 len=7024 -> 7024 dst=0x00E0A2C0
[gzmfs] READ fd=1 pos=7160 len=8 -> 8 dst=0x00E0A130
[p4:new2] size=0x00000db8 ra=0x00100540
[gzmfs] READ fd=1 pos=7168 len=3512 -> 3512 dst=0x00E0BE40
[gzmfs] READ fd=1 pos=10680 len=8 -> 8 dst=0x00E0A130
[gzmfs] SEEK fd=1 off=1592 whence=1 -> pos=12280
[gzmfs] READ fd=1 pos=12280 len=8 -> 8 dst=0x00E0A130
[gzmfs] CLOSE fd=1
[p4:new2] size=0x0000002c ra=0x001632a4
[p4:ld] load obj=0x00e0cc00 size=0x00000000 ra=0x001632f8
[p4:new2] size=0x000420a0 ra=0x00100540
[p4:rd1] FUN_001b5ca0 obj=0x00c253e8 dst=0x00e0cc30 len=0x000420a0 ra=0x0019a1d4
[gzmfs] SEEK fd=0 off=131909632 whence=0 -> pos=131909632
[p4:alarm] n=11 id=11 handler=0x0011c570 arg=0x01ff7d68 *arg=23
[p4:hdl] 11c570 entry a2=0x01ff7d68
[p4:wake-pre] sid=23 consumed=1
[p4:alarm] n=12 id=12 handler=0x0011c570 arg=0x01ff7d68 *arg=24
[p4:hdl] 11c570 entry a2=0x01ff7d68
[p4:wake-pre] sid=24 consumed=1
[gzmfs] READ fd=0 pos=131909632 len=270496 -> 270496 dst=0x00E0CC30
[p4:alarm] n=13 id=13 handler=0x0011c570 arg=0x01ff7d68 *arg=25
[p4:hdl] 11c570 entry a2=0x01ff7d68
[p4:wake-pre] sid=25 consumed=1
[p4:new2] size=0x00000060 ra=0x00100540
[p4:rd1] FUN_001b5ca0 obj=0x00c253e8 dst=0x00e4ed50 len=0x000204e0 ra=0x0019a1d4
[gzmfs] SEEK fd=0 off=132182016 whence=0 -> pos=132182016
[p4:alarm] n=14 id=14 handler=0x0011c570 arg=0x01ff7da8 *arg=26
[p4:hdl] 11c570 entry a2=0x01ff7da8
[p4:wake-pre] sid=26 consumed=1
[p4:alarm] n=15 id=15 handler=0x0011c570 arg=0x01ff7da8 *arg=27
[p4:hdl] 11c570 entry a2=0x01ff7da8
[p4:wake-pre] sid=27 consumed=1
[gzmfs] READ fd=0 pos=132182016 len=132320 -> 132320 dst=0x00E4ED50
[p4:alarm] n=16 id=16 handler=0x0011c570 arg=0x01ff7da8 *arg=28
[p4:hdl] 11c570 entry a2=0x01ff7da8
[p4:wake-pre] sid=28 consumed=1
[p4:new2] size=0x0019f000 ra=0x00100540
[p4:new2] size=0x00000008 ra=0x00162fcc
[p4:new2] size=0x00000008 ra=0x00162fcc
[p4:new2] size=0x00000008 ra=0x00162fcc
[p4:new2] size=0x00000008 ra=0x00162fcc
[p4:new2] size=0x00000008 ra=0x00162fcc
[p4:new2] size=0x00000008 ra=0x00162fcc
[p4:new2] size=0x00000008 ra=0x00162fcc
[p4:new2] size=0x00000008 ra=0x00162fcc
[p4:new2] size=0x00000008 ra=0x00162fcc
[p4:new2] size=0x00000008 ra=0x00162fcc
[p4:new2] size=0x00000008 ra=0x00162fcc
[p4:new2] size=0x00000008 ra=0x00162fcc
[p4:new2] size=0x00000008 ra=0x00162fcc
[p4:new2] size=0x00000008 ra=0x00162fcc
[p4:new2] size=0x00000008 ra=0x00162fcc
[p4:new2] size=0x00000008 ra=0x00162fcc
[p4:new2] size=0x00000008 ra=0x00162fcc
[p4:new2] size=0x00000008 ra=0x00162fcc
[p4:clut] samples=187500000 nonzero=67958510 (36.24%) u=[0..480] v=[0..255] distinctIdx=256 topNonZeroIdx=0x87(12527652) psm=0x13 tbp0=0x1C40 tbw=2 cbp=0x3B48 csa=0
[p4:alias] target=0x001548d4 owner=0x001548b0 (unexported inner call)
[p4:wake-pre] sid=9 consumed=1
[p4:wake-pre] sid=9 consumed=1
[p4:wake-pre] sid=9 consumed=1
[p4:wake-pre] sid=9 consumed=1
[p4:wake-pre] sid=9 consumed=1
[p4:wake-pre] sid=9 consumed=1
[p4:wake-pre] sid=9 consumed=1
[p4:wake-pre] sid=9 consumed=1
[p4:wake-pre] sid=9 consumed=1
[p4:wake-pre] sid=9 consumed=1
[p4:wake-pre] sid=9 consumed=1
[p4:wake-pre] sid=9 consumed=1
[p4:wake-pre] sid=9 consumed=1
[p4:wake-pre] sid=9 consumed=1
[p4:wake-pre] sid=9 consumed=1
[p4:wake-pre] sid=9 consumed=1
[p4:wake-pre] sid=9 consumed=1
[p4:wake-pre] sid=9 consumed=1
[mc] Init enter
[mc] Init exit
[mc] Init enter
[mc] Init exit
[mc] Init enter
[mc] Init exit
[dispatch:hle-leaf-ret] pc=0x11a720 -> ra=0x1ce130
[p4:wake-pre] sid=9 consumed=1
[p4:rodata-write] addr=0x00224760 val=0x0000000000000000 sz=1 op=WRITE8 pc=0x0019cfc4 ra=0x001522cc
[p4:alias] target=0x0014ebb4 owner=0x0014eba0 (unexported inner call)
[p4:wake-pre] sid=9 consumed=1
[p4:alias] target=0x001517e4 owner=0x00151720 (unexported inner call)
[mc] Sync idle -> -1
[mc] GetInfo port=0 slot=0 type=2 free=8192 fmt=1 result=0 fmtPtr=0x01033670
[mc] GetInfo port=0 slot=0 type=2 free=8192 fmt=1 result=0 fmtPtr=0x01033670
[p4:alias] target=0x00151910 owner=0x00151720 (unexported inner call)
[mc] GetDir port=0 slot=0 path='/BASLUS-20407/BASLUS-20407' maxent=8 table=0x01033430 result=-4 entries=0
[p4:wake-pre] sid=9 consumed=1
[p4:wake-pre] sid=9 consumed=1
[p4:wake-pre] sid=9 consumed=1
[mc] Sync idle -> -1
[mc] GetInfo port=0 slot=0 type=2 free=8192 fmt=1 result=0 fmtPtr=0x01033670
[p4:wake-pre] sid=9 consumed=1
[p4:alias] target=0x00151808 owner=0x00151720 (unexported inner call)
[p4:wake-pre] sid=9 consumed=1
[p4:gs-sprite] #19500 ctx=0 tme=1 abe=1 FRAME fbp=0x0 fbw=10 psm=0x1 msk=0x00000000 | SCISSOR 0,0..639,223 | TEST=0x000000000005008B | TEX0 tbp=0x0 tbw=8 psm=0x2C tw=512 th=512 tfx=0 | V0(2177.5,2013.0) V1(2184.5,2022.0) uv0(8008,8) uv1(8112,288) | XYOFFSET ofx=1728 ofy=1936 -> screen (449,77)..(456,86)
[p4:spx] #19500 tme=1 fst=1 vtxRGBA=2D2A2880 span=7x9 tbp=0x0 tw=512 th=512
[mc] Sync idle -> -1
[mc] GetInfo port=0 slot=0 type=2 free=8192 fmt=1 result=0 fmtPtr=0x01033670
[p4:wake-pre] sid=9 consumed=1
[p4:wake-pre] sid=9 consumed=1
[p4:wake-pre] sid=9 consumed=1
[p4:wake-pre] sid=9 consumed=1
[p4:wake-pre] sid=9 consumed=1
[p4:wake-pre] sid=9 consumed=1
[mc] Sync idle -> -1
[mc] GetInfo port=0 slot=0 type=2 free=8192 fmt=1 result=0 fmtPtr=0x01033670
[p4:wake-pre] sid=9 consumed=1
[p4:gs-sprite] #20000 ctx=0 tme=1 abe=1 FRAME fbp=0x0 fbw=10 psm=0x1 msk=0x00000000 | SCISSOR 0,0..639,223 | TEST=0x000000000005008B | TEX0 tbp=0x0 tbw=8 psm=0x2C tw=512 th=512 tfx=0 | V0(1973.5,2069.0) V1(1991.5,2079.0) uv0(3368,1096) uv1(3648,1408) | XYOFFSET ofx=1728 ofy=1936 -> screen (245,133)..(263,143)
[p4:spx] #20000 tme=1 fst=1 vtxRGBA=2D2A2880 span=18x10 tbp=0x0 tw=512 th=512
[p4:wake-pre] sid=9 consumed=1
[mc] Sync idle -> -1
[mc] GetInfo port=0 slot=0 type=2 free=8192 fmt=1 result=0 fmtPtr=0x01033670
[p4:clut] samples=188000000 nonzero=68147611 (36.25%) u=[0..507] v=[0..255] distinctIdx=256 topNonZeroIdx=0x87(12550224) psm=0x2C tbp0=0x0 tbw=8 cbp=0x3B40 csa=0
[p4:wake-pre] sid=9 consumed=1
[p4:wake-pre] sid=9 consumed=1
[p4:wake-pre] sid=9 consumed=1
[mc] Sync idle -> -1
[mc] GetInfo port=0 slot=0 type=2 free=8192 fmt=1 result=0 fmtPtr=0x01033670
[p4:wake-pre] sid=9 consumed=1
[p4:gs-sprite] #20500 ctx=0 tme=1 abe=1 FRAME fbp=0x0 fbw=10 psm=0x1 msk=0x00000000 | SCISSOR 0,0..639,223 | TEST=0x000000000005008B | TEX0 tbp=0x0 tbw=8 psm=0x2C tw=512 th=512 tfx=0 | V0(2066.0,2041.0) V1(2075.0,2050.0) uv0(6040,8) uv1(6176,288) | XYOFFSET ofx=1728 ofy=1936 -> screen (338,105)..(347,114)
[p4:spx] #20500 tme=1 fst=1 vtxRGBA=2D2A2880 span=9x9 tbp=0x0 tw=512 th=512
[p4:wake-pre] sid=9 consumed=1
[p4:wake-pre] sid=9 consumed=1
[p4:wake-pre] sid=9 consumed=1
[mc] Sync idle -> -1
[mc] GetInfo port=0 slot=0 type=2 free=8192 fmt=1 result=0 fmtPtr=0x01033670
[p4:wake-pre] sid=9 consumed=1
[p4:wake-pre] sid=9 consumed=1
        ... [720 more [p4:wake-pre] lines elided by export_logs.py] ...
[mc] GetInfo port=0 slot=0 type=2 free=8192 fmt=1 result=0 fmtPtr=0x01033670
[p4:gs-sprite] #21000 ctx=0 tme=1 abe=1 FRAME fbp=0x0 fbw=10 psm=0x1 msk=0x00000000 | SCISSOR 0,0..639,223 | TEST=0x000000000005008B | TEX0 tbp=0x0 tbw=8 psm=0x2C tw=512 th=512 tfx=0 | V0(1944.0,2027.0) V1(1953.0,2036.0) uv0(1416,360) uv1(1552,640) | XYOFFSET ofx=1728 ofy=1936 -> screen (216,91)..(225,100)
[p4:spx] #21000 tme=1 fst=1 vtxRGBA=2D2A2880 span=9x9 tbp=0x0 tw=512 th=512
[mc] GetInfo port=0 slot=0 type=2 free=8192 fmt=1 result=0 fmtPtr=0x01033670
[mc] GetInfo port=0 slot=0 type=2 free=8192 fmt=1 result=0 fmtPtr=0x01033670
[p4:gs-sprite] #21500 ctx=0 tme=1 abe=1 FRAME fbp=0x0 fbw=10 psm=0x1 msk=0x00000000 | SCISSOR 0,0..639,223 | TEST=0x000000000005008B | TEX0 tbp=0x0 tbw=8 psm=0x2C tw=512 th=512 tfx=0 | V0(1886.5,2013.0) V1(1893.5,2022.0) uv0(8008,8) uv1(8112,288) | XYOFFSET ofx=1728 ofy=1936 -> screen (158,77)..(165,86)
[p4:spx] #21500 tme=1 fst=1 vtxRGBA=2D2A2880 span=7x9 tbp=0x0 tw=512 th=512
[mc] GetInfo port=0 slot=0 type=2 free=8192 fmt=1 result=0 fmtPtr=0x01033670
[p4:gs-sprite] #22000 ctx=0 tme=1 abe=1 FRAME fbp=0x0 fbw=10 psm=0x1 msk=0x00000000 | SCISSOR 0,0..639,223 | TEST=0x000000000005008B | TEX0 tbp=0x0 tbw=8 psm=0x2C tw=512 th=512 tfx=0 | V0(1950.5,2055.0) V1(1958.5,2064.0) uv0(1288,360) uv1(1408,640) | XYOFFSET ofx=1728 ofy=1936 -> screen (222,119)..(230,128)
[p4:spx] #22000 tme=1 fst=1 vtxRGBA=2D2A2880 span=8x9 tbp=0x0 tw=512 th=512
[mc] GetInfo port=0 slot=0 type=2 free=8192 fmt=1 result=0 fmtPtr=0x01033670
[p4:clut] samples=188500000 nonzero=68344287 (36.26%) u=[0..507] v=[0..255] distinctIdx=256 topNonZeroIdx=0x87(12550224) psm=0x2C tbp0=0x0 tbw=8 cbp=0x3B40 csa=0
[mc] GetInfo port=0 slot=0 type=2 free=8192 fmt=1 result=0 fmtPtr=0x01033670
[p4:gs-sprite] #22500 ctx=0 tme=1 abe=1 FRAME fbp=0x0 fbw=10 psm=0x1 msk=0x00000000 | SCISSOR 0,0..639,223 | TEST=0x000000000005008B | TEX0 tbp=0x0 tbw=8 psm=0x2C tw=512 th=512 tfx=0 | V0(2112.0,2027.0) V1(2117.0,2036.0) uv0(1784,360) uv1(1856,640) | XYOFFSET ofx=1728 ofy=1936 -> screen (384,91)..(389,100)
        ... [2,202 more [p4:spx] lines elided by export_logs.py] ...
[mc] GetInfo port=0 slot=0 type=2 free=8192 fmt=1 result=0 fmtPtr=0x01033670
[mc] GetInfo port=0 slot=0 type=2 free=8192 fmt=1 result=0 fmtPtr=0x01033670
[p4:gs-sprite] #23000 ctx=0 tme=1 abe=1 FRAME fbp=0x0 fbw=10 psm=0x1 msk=0x00000000 | SCISSOR 0,0..639,223 | TEST=0x000000000005008B | TEX0 tbp=0x0 tbw=8 psm=0x2C tw=512 th=512 tfx=0 | V0(2066.5,2013.0) V1(2074.5,2024.0) uv0(2584,360) uv1(2704,704) | XYOFFSET ofx=1728 ofy=1936 -> screen (338,77)..(346,88)
[mc] GetInfo port=0 slot=0 type=2 free=8192 fmt=1 result=0 fmtPtr=0x01033670
[mc] GetInfo port=0 slot=0 type=2 free=8192 fmt=1 result=0 fmtPtr=0x01033670
[p4:gs-sprite] #23500 ctx=0 tme=1 abe=1 FRAME fbp=0x0 fbw=10 psm=0x1 msk=0x00000000 | SCISSOR 0,0..639,223 | TEST=0x000000000005008B | TEX0 tbp=0x0 tbw=8 psm=0x2C tw=512 th=512 tfx=0 | V0(2144.5,2055.0) V1(2152.5,2066.0) uv0(2584,360) uv1(2704,704) | XYOFFSET ofx=1728 ofy=1936 -> screen (416,119)..(424,130)
[mc] GetInfo port=0 slot=0 type=2 free=8192 fmt=1 result=0 fmtPtr=0x01033670
[p4:clut] samples=189000000 nonzero=68541029 (36.27%) u=[0..507] v=[0..255] distinctIdx=256 topNonZeroIdx=0x87(12550224) psm=0x2C tbp0=0x0 tbw=8 cbp=0x3B40 csa=0
[mc] GetInfo port=0 slot=0 type=2 free=8192 fmt=1 result=0 fmtPtr=0x01033670
[p4:gs-sprite] #24000 ctx=0 tme=1 abe=1 FRAME fbp=0x0 fbw=10 psm=0x1 msk=0x00000000 | SCISSOR 0,0..639,223 | TEST=0x000000000005008B | TEX0 tbp=0x0 tbw=8 psm=0x2C tw=512 th=512 tfx=0 | V0(1939.0,2041.0) V1(1942.0,2050.0) uv0(872,360) uv1(912,640) | XYOFFSET ofx=1728 ofy=1936 -> screen (211,105)..(214,114)
[mc] GetInfo port=0 slot=0 type=2 free=8192 fmt=1 result=0 fmtPtr=0x01033670
[mc] GetInfo port=0 slot=0 type=2 free=8192 fmt=1 result=0 fmtPtr=0x01033670
[p4:gs-sprite] #24500 ctx=0 tme=1 abe=1 FRAME fbp=0x0 fbw=10 psm=0x1 msk=0x00000000 | SCISSOR 0,0..639,223 | TEST=0x000000000005008B | TEX0 tbp=0x0 tbw=8 psm=0x2C tw=512 th=512 tfx=0 | V0(2235.5,2013.0) V1(2243.5,2022.0) uv0(1288,360) uv1(1408,640) | XYOFFSET ofx=1728 ofy=1936 -> screen (507,77)..(515,86)
[p4:gs-sprite] #25000 ctx=0 tme=1 abe=1 FRAME fbp=0x0 fbw=10 psm=0x1 msk=0x00000000 | SCISSOR 0,0..639,223 | TEST=0x000000000005008B | TEX0 tbp=0x0 tbw=8 psm=0x2C tw=512 th=512 tfx=0 | V0(2060.5,2069.0) V1(2081.5,2079.5) uv0(5112,1432) uv1(5440,1760) | XYOFFSET ofx=1728 ofy=1936 -> screen (332,133)..(353,143)
[p4:gs-sprite] #25500 ctx=0 tme=1 abe=1 FRAME fbp=0x0 fbw=10 psm=0x1 msk=0x00000000 | SCISSOR 0,0..639,223 | TEST=0x000000000005008B | TEX0 tbp=0x0 tbw=8 psm=0x2C tw=512 th=512 tfx=0 | V0(2124.0,2041.0) V1(2130.0,2050.0) uv0(1960,360) uv1(2048,640) | XYOFFSET ofx=1728 ofy=1936 -> screen (396,105)..(402,114)
[p4:clut] samples=189500000 nonzero=68737949 (36.27%) u=[0..507] v=[0..255] distinctIdx=256 topNonZeroIdx=0x87(12550224) psm=0x2C tbp0=0x0 tbw=8 cbp=0x3B40 csa=0
[p4:gs-sprite] #26000 ctx=0 tme=1 abe=1 FRAME fbp=0x0 fbw=10 psm=0x1 msk=0x00000000 | SCISSOR 0,0..639,223 | TEST=0x000000000005008B | TEX0 tbp=0x0 tbw=8 psm=0x2C tw=512 th=512 tfx=0 | V0(2001.0,2027.0) V1(2006.0,2036.0) uv0(1784,360) uv1(1856,640) | XYOFFSET ofx=1728 ofy=1936 -> screen (273,91)..(278,100)
[p4:gs-sprite] #26500 ctx=0 tme=1 abe=1 FRAME fbp=0x0 fbw=10 psm=0x1 msk=0x00000000 | SCISSOR 0,0..639,223 | TEST=0x000000000005008B | TEX0 tbp=0x0 tbw=8 psm=0x2C tw=512 th=512 tfx=0 | V0(1956.5,2013.0) V1(1964.5,2022.0) uv0(744,360) uv1(864,640) | XYOFFSET ofx=1728 ofy=1936 -> screen (228,77)..(236,86)
[p4:gs-sprite] #27000 ctx=0 tme=1 abe=1 FRAME fbp=0x0 fbw=10 psm=0x1 msk=0x00000000 | SCISSOR 0,0..639,223 | TEST=0x000000000005008B | TEX0 tbp=0x0 tbw=8 psm=0x2C tw=512 th=512 tfx=0 | V0(2018.5,2055.0) V1(2023.5,2064.0) uv0(1784,360) uv1(1856,640) | XYOFFSET ofx=1728 ofy=1936 -> screen (290,119)..(295,128)
[p4:gs-sprite] #27500 ctx=0 tme=1 abe=1 FRAME fbp=0x0 fbw=10 psm=0x1 msk=0x00000000 | SCISSOR 0,0..639,223 | TEST=0x000000000005008B | TEX0 tbp=0x0 tbw=8 psm=0x2C tw=512 th=512 tfx=0 | V0(2164.0,2027.0) V1(2172.0,2036.0) uv0(6184,8) uv1(6304,288) | XYOFFSET ofx=1728 ofy=1936 -> screen (436,91)..(444,100)
[p4:clut] samples=190000000 nonzero=68934418 (36.28%) u=[0..507] v=[0..255] distinctIdx=256 topNonZeroIdx=0x87(12550224) psm=0x2C tbp0=0x0 tbw=8 cbp=0x3B40 csa=0
[p4:gs-sprite] #28000 ctx=0 tme=1 abe=1 FRAME fbp=0x0 fbw=10 psm=0x1 msk=0x00000000 | SCISSOR 0,0..639,223 | TEST=0x000000000005008B | TEX0 tbp=0x0 tbw=8 psm=0x2C tw=512 th=512 tfx=0 | V0(2124.5,2013.0) V1(2132.5,2022.0) uv0(488,360) uv1(608,640) | XYOFFSET ofx=1728 ofy=1936 -> screen (396,77)..(404,86)
[p4:gs-sprite] #28500 ctx=0 tme=1 abe=1 FRAME fbp=0x0 fbw=10 psm=0x1 msk=0x00000000 | SCISSOR 0,0..639,223 | TEST=0x000000000005008B | TEX0 tbp=0x0 tbw=8 psm=0x2C tw=512 th=512 tfx=0 | V0(2202.5,2055.0) V1(2210.5,2064.0) uv0(488,360) uv1(608,640) | XYOFFSET ofx=1728 ofy=1936 -> screen (474,119)..(482,128)
[p4:gs-sprite] #29000 ctx=0 tme=1 abe=1 FRAME fbp=0x0 fbw=10 psm=0x1 msk=0x00000000 | SCISSOR 0,0..639,223 | TEST=0x000000000005008B | TEX0 tbp=0x0 tbw=8 psm=0x2C tw=512 th=512 tfx=0 | V0(1998.0,2041.0) V1(2008.0,2050.0) uv0(5592,8) uv1(5744,288) | XYOFFSET ofx=1728 ofy=1936 -> screen (270,105)..(280,114)
[p4:gs-sprite] #29500 ctx=0 tme=1 abe=1 FRAME fbp=0x0 fbw=10 psm=0x1 msk=0x00000000 | SCISSOR 0,0..639,223 | TEST=0x000000000005008B | TEX0 tbp=0x0 tbw=8 psm=0x2C tw=512 th=512 tfx=0 | V0(1881.0,2027.0) V1(1889.0,2036.0) uv0(744,360) uv1(864,640) | XYOFFSET ofx=1728 ofy=1936 -> screen (153,91)..(161,100)
[p4:clut] samples=190500000 nonzero=69130982 (36.29%) u=[0..507] v=[0..255] distinctIdx=256 topNonZeroIdx=0x87(12550224) psm=0x2C tbp0=0x0 tbw=8 cbp=0x3B40 csa=0
[p4:gs-sprite] #30000 ctx=0 tme=0 abe=0 FRAME fbp=0x0 fbw=10 psm=0x1 msk=0x00000000 | SCISSOR 0,0..639,223 | TEST=0x000000000005008B | TEX0 tbp=0x0 tbw=0 psm=0x0 tw=1 th=1 tfx=0 | V0(1829.0,2007.0) V1(2267.0,2087.0) uv0(0,0) uv1(0,0) | XYOFFSET ofx=1728 ofy=1936 -> screen (101,71)..(539,151)
[p4:gs-sprite] #30500 ctx=0 tme=1 abe=1 FRAME fbp=0x0 fbw=10 psm=0x1 msk=0x00000000 | SCISSOR 0,0..639,223 | TEST=0x000000000005008B | TEX0 tbp=0x0 tbw=8 psm=0x2C tw=512 th=512 tfx=0 | V0(1888.5,2055.0) V1(1896.5,2066.0) uv0(2584,360) uv1(2704,704) | XYOFFSET ofx=1728 ofy=1936 -> screen (160,119)..(168,130)
[p4:gs-sprite] #31000 ctx=0 tme=1 abe=1 FRAME fbp=0x0 fbw=10 psm=0x1 msk=0x00000000 | SCISSOR 0,0..639,223 | TEST=0x000000000005008B | TEX0 tbp=0x0 tbw=8 psm=0x2C tw=512 th=512 tfx=0 | V0(2057.0,2027.0) V1(2066.0,2036.0) uv0(3912,8) uv1(4048,288) | XYOFFSET ofx=1728 ofy=1936 -> screen (329,91)..(338,100)
[p4:clut] samples=191000000 nonzero=69327620 (36.30%) u=[0..507] v=[0..255] distinctIdx=256 topNonZeroIdx=0x87(12550224) psm=0x2C tbp0=0x0 tbw=8 cbp=0x3B40 csa=0
[p4:gs-sprite] #31500 ctx=0 tme=1 abe=1 FRAME fbp=0x0 fbw=10 psm=0x1 msk=0x00000000 | SCISSOR 0,0..639,223 | TEST=0x000000000005008B | TEX0 tbp=0x0 tbw=8 psm=0x2C tw=512 th=512 tfx=0 | V0(2017.5,2013.0) V1(2024.5,2022.0) uv0(2056,360) uv1(2160,640) | XYOFFSET ofx=1728 ofy=1936 -> screen (289,77)..(296,86)
[p4:gs-sprite] #32000 ctx=0 tme=1 abe=1 FRAME fbp=0x0 fbw=10 psm=0x1 msk=0x00000000 | SCISSOR 0,0..639,223 | TEST=0x000000000005008B | TEX0 tbp=0x0 tbw=8 psm=0x2C tw=512 th=512 tfx=0 | V0(2073.5,2055.0) V1(2080.5,2064.0) uv0(8008,8) uv1(8112,288) | XYOFFSET ofx=1728 ofy=1936 -> screen (345,119)..(352,128)
[p4:vbl] ticks=1500
[p4:alias] target=0x001517d4 owner=0x00151720 (unexported inner call)
[p4:gs-sprite] #32500 ctx=0 tme=1 abe=1 FRAME fbp=0x0 fbw=10 psm=0x1 msk=0x00000000 | SCISSOR 0,0..639,223 | TEST=0x000000000005008B | TEX0 tbp=0x0 tbw=8 psm=0x2C tw=512 th=512 tfx=0 | V0(2204.0,2027.0) V1(2213.0,2036.0) uv0(1416,360) uv1(1552,640) | XYOFFSET ofx=1728 ofy=1936 -> screen (476,91)..(485,100)
[p4:gs-sprite] #33000 ctx=0 tme=1 abe=1 FRAME fbp=0x0 fbw=10 psm=0x1 msk=0x00000000 | SCISSOR 0,0..639,223 | TEST=0x000000000005008B | TEX0 tbp=0x0 tbw=8 psm=0x2C tw=512 th=512 tfx=0 | V0(2177.5,2013.0) V1(2184.5,2022.0) uv0(8008,8) uv1(8112,288) | XYOFFSET ofx=1728 ofy=1936 -> screen (449,77)..(456,86)
[p4:clut] samples=191500000 nonzero=69524488 (36.31%) u=[0..507] v=[0..255] distinctIdx=256 topNonZeroIdx=0x87(12550224) psm=0x2C tbp0=0x0 tbw=8 cbp=0x3B40 csa=0
[p4:gs-sprite] #33500 ctx=0 tme=1 abe=1 FRAME fbp=0x0 fbw=10 psm=0x1 msk=0x00000000 | SCISSOR 0,0..639,223 | TEST=0x000000000005008B | TEX0 tbp=0x0 tbw=8 psm=0x2C tw=512 th=512 tfx=0 | V0(1973.5,2069.0) V1(1991.5,2079.0) uv0(3368,1096) uv1(3648,1408) | XYOFFSET ofx=1728 ofy=1936 -> screen (245,133)..(263,143)
[p4:gs-sprite] #34000 ctx=0 tme=1 abe=1 FRAME fbp=0x0 fbw=10 psm=0x1 msk=0x00000000 | SCISSOR 0,0..639,223 | TEST=0x000000000005008B | TEX0 tbp=0x0 tbw=8 psm=0x2C tw=512 th=512 tfx=0 | V0(2066.0,2041.0) V1(2075.0,2050.0) uv0(6040,8) uv1(6176,288) | XYOFFSET ofx=1728 ofy=1936 -> screen (338,105)..(347,114)
[p4:gs-sprite] #34500 ctx=0 tme=1 abe=1 FRAME fbp=0x0 fbw=10 psm=0x1 msk=0x00000000 | SCISSOR 0,0..639,223 | TEST=0x000000000005008B | TEX0 tbp=0x0 tbw=8 psm=0x2C tw=512 th=512 tfx=0 | V0(1944.0,2027.0) V1(1953.0,2036.0) uv0(1416,360) uv1(1552,640) | XYOFFSET ofx=1728 ofy=1936 -> screen (216,91)..(225,100)
[p4:gs-sprite] #35000 ctx=0 tme=1 abe=1 FRAME fbp=0x0 fbw=10 psm=0x1 msk=0x00000000 | SCISSOR 0,0..639,223 | TEST=0x000000000005008B | TEX0 tbp=0x0 tbw=8 psm=0x2C tw=512 th=512 tfx=0 | V0(1886.5,2013.0) V1(1893.5,2022.0) uv0(8008,8) uv1(8112,288) | XYOFFSET ofx=1728 ofy=1936 -> screen (158,77)..(165,86)
[p4:clut] samples=192000000 nonzero=69721300 (36.31%) u=[0..507] v=[0..255] distinctIdx=256 topNonZeroIdx=0x87(12550224) psm=0x2C tbp0=0x0 tbw=8 cbp=0x3B40 csa=0
[p4:gs-sprite] #35500 ctx=0 tme=1 abe=1 FRAME fbp=0x0 fbw=10 psm=0x1 msk=0x00000000 | SCISSOR 0,0..639,223 | TEST=0x000000000005008B | TEX0 tbp=0x0 tbw=8 psm=0x2C tw=512 th=512 tfx=0 | V0(1950.5,2055.0) V1(1958.5,2064.0) uv0(1288,360) uv1(1408,640) | XYOFFSET ofx=1728 ofy=1936 -> screen (222,119)..(230,128)
[p4:gs-sprite] #36000 ctx=0 tme=1 abe=1 FRAME fbp=0x0 fbw=10 psm=0x1 msk=0x00000000 | SCISSOR 0,0..639,223 | TEST=0x000000000005008B | TEX0 tbp=0x0 tbw=8 psm=0x2C tw=512 th=512 tfx=0 | V0(2112.0,2027.0) V1(2117.0,2036.0) uv0(1784,360) uv1(1856,640) | XYOFFSET ofx=1728 ofy=1936 -> screen (384,91)..(389,100)
[p4:alias] target=0x001517f4 owner=0x00151720 (unexported inner call)
[p4:gs-sprite] #36500 ctx=0 tme=1 abe=1 FRAME fbp=0x0 fbw=10 psm=0x1 msk=0x00000000 | SCISSOR 0,0..639,223 | TEST=0x000000000005008B | TEX0 tbp=0x0 tbw=8 psm=0x2C tw=512 th=512 tfx=0 | V0(2066.5,2013.0) V1(2074.5,2024.0) uv0(2584,360) uv1(2704,704) | XYOFFSET ofx=1728 ofy=1936 -> screen (338,77)..(346,88)
[p4:clut] samples=192500000 nonzero=69917751 (36.32%) u=[0..507] v=[0..255] distinctIdx=256 topNonZeroIdx=0x87(12550224) psm=0x2C tbp0=0x0 tbw=8 cbp=0x3B40 csa=0
[p4:gs-sprite] #37000 ctx=0 tme=1 abe=1 FRAME fbp=0x0 fbw=10 psm=0x1 msk=0x00000000 | SCISSOR 0,0..639,223 | TEST=0x000000000005008B | TEX0 tbp=0x0 tbw=8 psm=0x2C tw=512 th=512 tfx=0 | V0(2144.5,2055.0) V1(2152.5,2066.0) uv0(2584,360) uv1(2704,704) | XYOFFSET ofx=1728 ofy=1936 -> screen (416,119)..(424,130)
[p4:gs-sprite] #37500 ctx=0 tme=1 abe=1 FRAME fbp=0x0 fbw=10 psm=0x1 msk=0x00000000 | SCISSOR 0,0..639,223 | TEST=0x000000000005008B | TEX0 tbp=0x0 tbw=8 psm=0x2C tw=512 th=512 tfx=0 | V0(1939.0,2041.0) V1(1942.0,2050.0) uv0(872,360) uv1(912,640) | XYOFFSET ofx=1728 ofy=1936 -> screen (211,105)..(214,114)
[p4:gs-sprite] #38000 ctx=0 tme=1 abe=1 FRAME fbp=0x0 fbw=10 psm=0x1 msk=0x00000000 | SCISSOR 0,0..639,223 | TEST=0x000000000005008B | TEX0 tbp=0x0 tbw=8 psm=0x2C tw=512 th=512 tfx=0 | V0(2235.5,2013.0) V1(2243.5,2022.0) uv0(1288,360) uv1(1408,640) | XYOFFSET ofx=1728 ofy=1936 -> screen (507,77)..(515,86)
[p4:gs-sprite] #38500 ctx=0 tme=1 abe=1 FRAME fbp=0x0 fbw=10 psm=0x1 msk=0x00000000 | SCISSOR 0,0..639,223 | TEST=0x000000000005008B | TEX0 tbp=0x0 tbw=8 psm=0x2C tw=512 th=512 tfx=0 | V0(2060.5,2069.0) V1(2081.5,2079.5) uv0(5112,1432) uv1(5440,1760) | XYOFFSET ofx=1728 ofy=1936 -> screen (332,133)..(353,143)
[p4:clut] samples=193000000 nonzero=70114274 (36.33%) u=[0..507] v=[0..255] distinctIdx=256 topNonZeroIdx=0x87(12550224) psm=0x2C tbp0=0x0 tbw=8 cbp=0x3B40 csa=0
[p4:gs-sprite] #39000 ctx=0 tme=1 abe=1 FRAME fbp=0x0 fbw=10 psm=0x1 msk=0x00000000 | SCISSOR 0,0..639,223 | TEST=0x000000000005008B | TEX0 tbp=0x0 tbw=8 psm=0x2C tw=512 th=512 tfx=0 | V0(2124.0,2041.0) V1(2130.0,2050.0) uv0(1960,360) uv1(2048,640) | XYOFFSET ofx=1728 ofy=1936 -> screen (396,105)..(402,114)
[p4:gs-sprite] #39500 ctx=0 tme=1 abe=1 FRAME fbp=0x0 fbw=10 psm=0x1 msk=0x00000000 | SCISSOR 0,0..639,223 | TEST=0x000000000005008B | TEX0 tbp=0x0 tbw=8 psm=0x2C tw=512 th=512 tfx=0 | V0(2001.0,2027.0) V1(2006.0,2036.0) uv0(1784,360) uv1(1856,640) | XYOFFSET ofx=1728 ofy=1936 -> screen (273,91)..(278,100)
[p4:gs-sprite] #40000 ctx=0 tme=1 abe=1 FRAME fbp=0x0 fbw=10 psm=0x1 msk=0x00000000 | SCISSOR 0,0..639,223 | TEST=0x000000000005008B | TEX0 tbp=0x0 tbw=8 psm=0x2C tw=512 th=512 tfx=0 | V0(1956.5,2013.0) V1(1964.5,2022.0) uv0(744,360) uv1(864,640) | XYOFFSET ofx=1728 ofy=1936 -> screen (228,77)..(236,86)
[p4:gs-sprite] #40500 ctx=0 tme=1 abe=1 FRAME fbp=0x0 fbw=10 psm=0x1 msk=0x00000000 | SCISSOR 0,0..639,223 | TEST=0x000000000005008B | TEX0 tbp=0x0 tbw=8 psm=0x2C tw=512 th=512 tfx=0 | V0(2018.5,2055.0) V1(2023.5,2064.0) uv0(1784,360) uv1(1856,640) | XYOFFSET ofx=1728 ofy=1936 -> screen (290,119)..(295,128)
[p4:clut] samples=193500000 nonzero=70310935 (36.34%) u=[0..507] v=[0..255] distinctIdx=256 topNonZeroIdx=0x87(12550224) psm=0x2C tbp0=0x0 tbw=8 cbp=0x3B40 csa=0
[p4:gs-sprite] #41000 ctx=0 tme=1 abe=1 FRAME fbp=0x0 fbw=10 psm=0x1 msk=0x00000000 | SCISSOR 0,0..639,223 | TEST=0x000000000005008B | TEX0 tbp=0x0 tbw=8 psm=0x2C tw=512 th=512 tfx=0 | V0(2164.0,2027.0) V1(2172.0,2036.0) uv0(6184,8) uv1(6304,288) | XYOFFSET ofx=1728 ofy=1936 -> screen (436,91)..(444,100)
[p4:alias] target=0x001517ec owner=0x00151720 (unexported inner call)
[p4:gs-sprite] #41500 ctx=0 tme=1 abe=1 FRAME fbp=0x0 fbw=10 psm=0x1 msk=0x00000000 | SCISSOR 0,0..639,223 | TEST=0x000000000005008B | TEX0 tbp=0x0 tbw=8 psm=0x2C tw=512 th=512 tfx=0 | V0(2124.5,2013.0) V1(2132.5,2022.0) uv0(488,360) uv1(608,640) | XYOFFSET ofx=1728 ofy=1936 -> screen (396,77)..(404,86)
[p4:gs-sprite] #42000 ctx=0 tme=1 abe=1 FRAME fbp=0x0 fbw=10 psm=0x1 msk=0x00000000 | SCISSOR 0,0..639,223 | TEST=0x000000000005008B | TEX0 tbp=0x0 tbw=8 psm=0x2C tw=512 th=512 tfx=0 | V0(2202.5,2055.0) V1(2210.5,2064.0) uv0(488,360) uv1(608,640) | XYOFFSET ofx=1728 ofy=1936 -> screen (474,119)..(482,128)
[p4:gs-sprite] #42500 ctx=0 tme=1 abe=1 FRAME fbp=0x0 fbw=10 psm=0x1 msk=0x00000000 | SCISSOR 0,0..639,223 | TEST=0x000000000005008B | TEX0 tbp=0x0 tbw=8 psm=0x2C tw=512 th=512 tfx=0 | V0(1998.0,2041.0) V1(2008.0,2050.0) uv0(5592,8) uv1(5744,288) | XYOFFSET ofx=1728 ofy=1936 -> screen (270,105)..(280,114)
[p4:clut] samples=194000000 nonzero=70507906 (36.34%) u=[0..507] v=[0..255] distinctIdx=256 topNonZeroIdx=0x87(12550224) psm=0x2C tbp0=0x0 tbw=8 cbp=0x3B40 csa=0
[p4:gs-sprite] #43000 ctx=0 tme=1 abe=1 FRAME fbp=0x0 fbw=10 psm=0x1 msk=0x00000000 | SCISSOR 0,0..639,223 | TEST=0x000000000005008B | TEX0 tbp=0x0 tbw=8 psm=0x2C tw=512 th=512 tfx=0 | V0(1881.0,2027.0) V1(1889.0,2036.0) uv0(744,360) uv1(864,640) | XYOFFSET ofx=1728 ofy=1936 -> screen (153,91)..(161,100)
[p4:gs-sprite] #43500 ctx=0 tme=0 abe=0 FRAME fbp=0x0 fbw=10 psm=0x1 msk=0x00000000 | SCISSOR 0,0..639,223 | TEST=0x000000000005008B | TEX0 tbp=0x0 tbw=0 psm=0x0 tw=1 th=1 tfx=0 | V0(1829.0,2007.0) V1(2267.0,2087.0) uv0(0,0) uv1(0,0) | XYOFFSET ofx=1728 ofy=1936 -> screen (101,71)..(539,151)
[p4:gs-sprite] #44000 ctx=0 tme=1 abe=1 FRAME fbp=0x0 fbw=10 psm=0x1 msk=0x00000000 | SCISSOR 0,0..639,223 | TEST=0x000000000005008B | TEX0 tbp=0x0 tbw=8 psm=0x2C tw=512 th=512 tfx=0 | V0(1888.5,2055.0) V1(1896.5,2066.0) uv0(2584,360) uv1(2704,704) | XYOFFSET ofx=1728 ofy=1936 -> screen (160,119)..(168,130)
[p4:clut] samples=194500000 nonzero=70704561 (36.35%) u=[0..507] v=[0..255] distinctIdx=256 topNonZeroIdx=0x87(12550224) psm=0x2C tbp0=0x0 tbw=8 cbp=0x3B40 csa=0
[p4:gs-sprite] #44500 ctx=0 tme=1 abe=1 FRAME fbp=0x0 fbw=10 psm=0x1 msk=0x00000000 | SCISSOR 0,0..639,223 | TEST=0x000000000005008B | TEX0 tbp=0x0 tbw=8 psm=0x2C tw=512 th=512 tfx=0 | V0(2057.0,2027.0) V1(2066.0,2036.0) uv0(3912,8) uv1(4048,288) | XYOFFSET ofx=1728 ofy=1936 -> screen (329,91)..(338,100)
[p4:gs-sprite] #45000 ctx=0 tme=1 abe=1 FRAME fbp=0x0 fbw=10 psm=0x1 msk=0x00000000 | SCISSOR 0,0..639,223 | TEST=0x000000000005008B | TEX0 tbp=0x0 tbw=8 psm=0x2C tw=512 th=512 tfx=0 | V0(2017.5,2013.0) V1(2024.5,2022.0) uv0(2056,360) uv1(2160,640) | XYOFFSET ofx=1728 ofy=1936 -> screen (289,77)..(296,86)
[p4:gs-sprite] #45500 ctx=0 tme=1 abe=1 FRAME fbp=0x0 fbw=10 psm=0x1 msk=0x00000000 | SCISSOR 0,0..639,223 | TEST=0x000000000005008B | TEX0 tbp=0x0 tbw=8 psm=0x2C tw=512 th=512 tfx=0 | V0(2073.5,2055.0) V1(2080.5,2064.0) uv0(8008,8) uv1(8112,288) | XYOFFSET ofx=1728 ofy=1936 -> screen (345,119)..(352,128)
[p4:gs-sprite] #46000 ctx=0 tme=1 abe=1 FRAME fbp=0x0 fbw=10 psm=0x1 msk=0x00000000 | SCISSOR 0,0..639,223 | TEST=0x000000000005008B | TEX0 tbp=0x0 tbw=8 psm=0x2C tw=512 th=512 tfx=0 | V0(2204.0,2027.0) V1(2213.0,2036.0) uv0(1416,360) uv1(1552,640) | XYOFFSET ofx=1728 ofy=1936 -> screen (476,91)..(485,100)
[p4:clut] samples=195000000 nonzero=70900930 (36.36%) u=[0..507] v=[0..255] distinctIdx=256 topNonZeroIdx=0x87(12550224) psm=0x2C tbp0=0x0 tbw=8 cbp=0x3B40 csa=0
[p4:gs-sprite] #46500 ctx=0 tme=1 abe=1 FRAME fbp=0x0 fbw=10 psm=0x1 msk=0x00000000 | SCISSOR 0,0..639,223 | TEST=0x000000000005008B | TEX0 tbp=0x0 tbw=8 psm=0x2C tw=512 th=512 tfx=0 | V0(2177.5,2013.0) V1(2184.5,2022.0) uv0(8008,8) uv1(8112,288) | XYOFFSET ofx=1728 ofy=1936 -> screen (449,77)..(456,86)
[p4:gs-sprite] #47000 ctx=0 tme=1 abe=1 FRAME fbp=0x0 fbw=10 psm=0x1 msk=0x00000000 | SCISSOR 0,0..639,223 | TEST=0x000000000005008B | TEX0 tbp=0x0 tbw=8 psm=0x2C tw=512 th=512 tfx=0 | V0(1973.5,2069.0) V1(1991.5,2079.0) uv0(3368,1096) uv1(3648,1408) | XYOFFSET ofx=1728 ofy=1936 -> screen (245,133)..(263,143)
[p4:gs-sprite] #47500 ctx=0 tme=1 abe=1 FRAME fbp=0x0 fbw=10 psm=0x1 msk=0x00000000 | SCISSOR 0,0..639,223 | TEST=0x000000000005008B | TEX0 tbp=0x0 tbw=8 psm=0x2C tw=512 th=512 tfx=0 | V0(2066.0,2041.0) V1(2075.0,2050.0) uv0(6040,8) uv1(6176,288) | XYOFFSET ofx=1728 ofy=1936 -> screen (338,105)..(347,114)
[p4:gs-sprite] #48000 ctx=0 tme=1 abe=1 FRAME fbp=0x0 fbw=10 psm=0x1 msk=0x00000000 | SCISSOR 0,0..639,223 | TEST=0x000000000005008B | TEX0 tbp=0x0 tbw=8 psm=0x2C tw=512 th=512 tfx=0 | V0(1944.0,2027.0) V1(1953.0,2036.0) uv0(1416,360) uv1(1552,640) | XYOFFSET ofx=1728 ofy=1936 -> screen (216,91)..(225,100)
[p4:clut] samples=195500000 nonzero=71097642 (36.37%) u=[0..507] v=[0..255] distinctIdx=256 topNonZeroIdx=0x87(12550224) psm=0x2C tbp0=0x0 tbw=8 cbp=0x3B40 csa=0
[p4:gs-sprite] #48500 ctx=0 tme=1 abe=1 FRAME fbp=0x0 fbw=10 psm=0x1 msk=0x00000000 | SCISSOR 0,0..639,223 | TEST=0x000000000005008B | TEX0 tbp=0x0 tbw=8 psm=0x2C tw=512 th=512 tfx=0 | V0(1886.5,2013.0) V1(1893.5,2022.0) uv0(8008,8) uv1(8112,288) | XYOFFSET ofx=1728 ofy=1936 -> screen (158,77)..(165,86)
[p4:gs-sprite] #49000 ctx=0 tme=1 abe=1 FRAME fbp=0x0 fbw=10 psm=0x1 msk=0x00000000 | SCISSOR 0,0..639,223 | TEST=0x000000000005008B | TEX0 tbp=0x0 tbw=8 psm=0x2C tw=512 th=512 tfx=0 | V0(1950.5,2055.0) V1(1958.5,2064.0) uv0(1288,360) uv1(1408,640) | XYOFFSET ofx=1728 ofy=1936 -> screen (222,119)..(230,128)
[p4:gs-sprite] #49500 ctx=0 tme=1 abe=1 FRAME fbp=0x0 fbw=10 psm=0x1 msk=0x00000000 | SCISSOR 0,0..639,223 | TEST=0x000000000005008B | TEX0 tbp=0x0 tbw=8 psm=0x2C tw=512 th=512 tfx=0 | V0(2112.0,2027.0) V1(2117.0,2036.0) uv0(1784,360) uv1(1856,640) | XYOFFSET ofx=1728 ofy=1936 -> screen (384,91)..(389,100)
[p4:clut] samples=196000000 nonzero=71294421 (36.37%) u=[0..507] v=[0..255] distinctIdx=256 topNonZeroIdx=0x87(12550224) psm=0x2C tbp0=0x0 tbw=8 cbp=0x3B40 csa=0
[p4:gs-sprite] #50000 ctx=0 tme=1 abe=1 FRAME fbp=0x0 fbw=10 psm=0x1 msk=0x00000000 | SCISSOR 0,0..639,223 | TEST=0x000000000005008B | TEX0 tbp=0x0 tbw=8 psm=0x2C tw=512 th=512 tfx=0 | V0(2066.5,2013.0) V1(2074.5,2024.0) uv0(2584,360) uv1(2704,704) | XYOFFSET ofx=1728 ofy=1936 -> screen (338,77)..(346,88)
[p4:gs-sprite] #50500 ctx=0 tme=1 abe=1 FRAME fbp=0x0 fbw=10 psm=0x1 msk=0x00000000 | SCISSOR 0,0..639,223 | TEST=0x000000000005008B | TEX0 tbp=0x0 tbw=8 psm=0x2C tw=512 th=512 tfx=0 | V0(2144.5,2055.0) V1(2152.5,2066.0) uv0(2584,360) uv1(2704,704) | XYOFFSET ofx=1728 ofy=1936 -> screen (416,119)..(424,130)
[p4:gs-sprite] #51000 ctx=0 tme=1 abe=1 FRAME fbp=0x0 fbw=10 psm=0x1 msk=0x00000000 | SCISSOR 0,0..639,223 | TEST=0x000000000005008B | TEX0 tbp=0x0 tbw=8 psm=0x2C tw=512 th=512 tfx=0 | V0(1939.0,2041.0) V1(1942.0,2050.0) uv0(872,360) uv1(912,640) | XYOFFSET ofx=1728 ofy=1936 -> screen (211,105)..(214,114)
[p4:gs-sprite] #51500 ctx=0 tme=1 abe=1 FRAME fbp=0x0 fbw=10 psm=0x1 msk=0x00000000 | SCISSOR 0,0..639,223 | TEST=0x000000000005008B | TEX0 tbp=0x0 tbw=8 psm=0x2C tw=512 th=512 tfx=0 | V0(2235.5,2013.0) V1(2243.5,2022.0) uv0(1288,360) uv1(1408,640) | XYOFFSET ofx=1728 ofy=1936 -> screen (507,77)..(515,86)
[p4:clut] samples=196500000 nonzero=71491257 (36.38%) u=[0..507] v=[0..255] distinctIdx=256 topNonZeroIdx=0x87(12550224) psm=0x2C tbp0=0x0 tbw=8 cbp=0x3B40 csa=0
[p4:gs-sprite] #52000 ctx=0 tme=1 abe=1 FRAME fbp=0x0 fbw=10 psm=0x1 msk=0x00000000 | SCISSOR 0,0..639,223 | TEST=0x000000000005008B | TEX0 tbp=0x0 tbw=8 psm=0x2C tw=512 th=512 tfx=0 | V0(2060.5,2069.0) V1(2081.5,2079.5) uv0(5112,1432) uv1(5440,1760) | XYOFFSET ofx=1728 ofy=1936 -> screen (332,133)..(353,143)
[p4:gs-sprite] #52500 ctx=0 tme=1 abe=1 FRAME fbp=0x0 fbw=10 psm=0x1 msk=0x00000000 | SCISSOR 0,0..639,223 | TEST=0x000000000005008B | TEX0 tbp=0x0 tbw=8 psm=0x2C tw=512 th=512 tfx=0 | V0(2124.0,2041.0) V1(2130.0,2050.0) uv0(1960,360) uv1(2048,640) | XYOFFSET ofx=1728 ofy=1936 -> screen (396,105)..(402,114)
[p4:gs-sprite] #53000 ctx=0 tme=1 abe=1 FRAME fbp=0x0 fbw=10 psm=0x1 msk=0x00000000 | SCISSOR 0,0..639,223 | TEST=0x000000000005008B | TEX0 tbp=0x0 tbw=8 psm=0x2C tw=512 th=512 tfx=0 | V0(2001.0,2027.0) V1(2006.0,2036.0) uv0(1784,360) uv1(1856,640) | XYOFFSET ofx=1728 ofy=1936 -> screen (273,91)..(278,100)
[p4:gs-sprite] #53500 ctx=0 tme=1 abe=1 FRAME fbp=0x0 fbw=10 psm=0x1 msk=0x00000000 | SCISSOR 0,0..639,223 | TEST=0x000000000005008B | TEX0 tbp=0x0 tbw=8 psm=0x2C tw=512 th=512 tfx=0 | V0(1956.5,2013.0) V1(1964.5,2022.0) uv0(744,360) uv1(864,640) | XYOFFSET ofx=1728 ofy=1936 -> screen (228,77)..(236,86)
[p4:clut] samples=197000000 nonzero=71687733 (36.39%) u=[0..507] v=[0..255] distinctIdx=256 topNonZeroIdx=0x87(12550224) psm=0x2C tbp0=0x0 tbw=8 cbp=0x3B40 csa=0
[p4:gs-sprite] #54000 ctx=0 tme=1 abe=1 FRAME fbp=0x0 fbw=10 psm=0x1 msk=0x00000000 | SCISSOR 0,0..639,223 | TEST=0x000000000005008B | TEX0 tbp=0x0 tbw=8 psm=0x2C tw=512 th=512 tfx=0 | V0(2018.5,2055.0) V1(2023.5,2064.0) uv0(1784,360) uv1(1856,640) | XYOFFSET ofx=1728 ofy=1936 -> screen (290,119)..(295,128)
[p4:gs-sprite] #54500 ctx=0 tme=1 abe=1 FRAME fbp=0x0 fbw=10 psm=0x1 msk=0x00000000 | SCISSOR 0,0..639,223 | TEST=0x000000000005008B | TEX0 tbp=0x0 tbw=8 psm=0x2C tw=512 th=512 tfx=0 | V0(2164.0,2027.0) V1(2172.0,2036.0) uv0(6184,8) uv1(6304,288) | XYOFFSET ofx=1728 ofy=1936 -> screen (436,91)..(444,100)
[p4:gs-sprite] #55000 ctx=0 tme=1 abe=1 FRAME fbp=0x0 fbw=10 psm=0x1 msk=0x00000000 | SCISSOR 0,0..639,223 | TEST=0x000000000005008B | TEX0 tbp=0x0 tbw=8 psm=0x2C tw=512 th=512 tfx=0 | V0(2124.5,2013.0) V1(2132.5,2022.0) uv0(488,360) uv1(608,640) | XYOFFSET ofx=1728 ofy=1936 -> screen (396,77)..(404,86)
[p4:gs-sprite] #55500 ctx=0 tme=1 abe=1 FRAME fbp=0x0 fbw=10 psm=0x1 msk=0x00000000 | SCISSOR 0,0..639,223 | TEST=0x000000000005008B | TEX0 tbp=0x0 tbw=8 psm=0x2C tw=512 th=512 tfx=0 | V0(2202.5,2055.0) V1(2210.5,2064.0) uv0(488,360) uv1(608,640) | XYOFFSET ofx=1728 ofy=1936 -> screen (474,119)..(482,128)
[p4:clut] samples=197500000 nonzero=71884274 (36.40%) u=[0..507] v=[0..255] distinctIdx=256 topNonZeroIdx=0x87(12550224) psm=0x2C tbp0=0x0 tbw=8 cbp=0x3B40 csa=0
[p4:gs-sprite] #56000 ctx=0 tme=1 abe=1 FRAME fbp=0x0 fbw=10 psm=0x1 msk=0x00000000 | SCISSOR 0,0..639,223 | TEST=0x000000000005008B | TEX0 tbp=0x0 tbw=8 psm=0x2C tw=512 th=512 tfx=0 | V0(1998.0,2041.0) V1(2008.0,2050.0) uv0(5592,8) uv1(5744,288) | XYOFFSET ofx=1728 ofy=1936 -> screen (270,105)..(280,114)
[p4:gs-sprite] #56500 ctx=0 tme=1 abe=1 FRAME fbp=0x0 fbw=10 psm=0x1 msk=0x00000000 | SCISSOR 0,0..639,223 | TEST=0x000000000005008B | TEX0 tbp=0x0 tbw=8 psm=0x2C tw=512 th=512 tfx=0 | V0(1881.0,2027.0) V1(1889.0,2036.0) uv0(744,360) uv1(864,640) | XYOFFSET ofx=1728 ofy=1936 -> screen (153,91)..(161,100)
[p4:gs-sprite] #57000 ctx=0 tme=0 abe=0 FRAME fbp=0x0 fbw=10 psm=0x1 msk=0x00000000 | SCISSOR 0,0..639,223 | TEST=0x000000000005008B | TEX0 tbp=0x0 tbw=0 psm=0x0 tw=1 th=1 tfx=0 | V0(1829.0,2007.0) V1(2267.0,2087.0) uv0(0,0) uv1(0,0) | XYOFFSET ofx=1728 ofy=1936 -> screen (101,71)..(539,151)
[p4:clut] samples=198000000 nonzero=72080949 (36.40%) u=[0..507] v=[0..255] distinctIdx=256 topNonZeroIdx=0x87(12550224) psm=0x2C tbp0=0x0 tbw=8 cbp=0x3B40 csa=0
[p4:gs-sprite] #57500 ctx=0 tme=1 abe=1 FRAME fbp=0x0 fbw=10 psm=0x1 msk=0x00000000 | SCISSOR 0,0..639,223 | TEST=0x000000000005008B | TEX0 tbp=0x0 tbw=8 psm=0x2C tw=512 th=512 tfx=0 | V0(1888.5,2055.0) V1(1896.5,2066.0) uv0(2584,360) uv1(2704,704) | XYOFFSET ofx=1728 ofy=1936 -> screen (160,119)..(168,130)
[p4:gs-sprite] #58000 ctx=0 tme=1 abe=1 FRAME fbp=0x0 fbw=10 psm=0x1 msk=0x00000000 | SCISSOR 0,0..639,223 | TEST=0x000000000005008B | TEX0 tbp=0x0 tbw=8 psm=0x2C tw=512 th=512 tfx=0 | V0(2057.0,2027.0) V1(2066.0,2036.0) uv0(3912,8) uv1(4048,288) | XYOFFSET ofx=1728 ofy=1936 -> screen (329,91)..(338,100)
[p4:gs-sprite] #58500 ctx=0 tme=1 abe=1 FRAME fbp=0x0 fbw=10 psm=0x1 msk=0x00000000 | SCISSOR 0,0..639,223 | TEST=0x000000000005008B | TEX0 tbp=0x0 tbw=8 psm=0x2C tw=512 th=512 tfx=0 | V0(2017.5,2013.0) V1(2024.5,2022.0) uv0(2056,360) uv1(2160,640) | XYOFFSET ofx=1728 ofy=1936 -> screen (289,77)..(296,86)
[p4:gs-sprite] #59000 ctx=0 tme=1 abe=1 FRAME fbp=0x0 fbw=10 psm=0x1 msk=0x00000000 | SCISSOR 0,0..639,223 | TEST=0x000000000005008B | TEX0 tbp=0x0 tbw=8 psm=0x2C tw=512 th=512 tfx=0 | V0(2073.5,2055.0) V1(2080.5,2064.0) uv0(8008,8) uv1(8112,288) | XYOFFSET ofx=1728 ofy=1936 -> screen (345,119)..(352,128)
[p4:clut] samples=198500000 nonzero=72277849 (36.41%) u=[0..507] v=[0..255] distinctIdx=256 topNonZeroIdx=0x87(12550224) psm=0x2C tbp0=0x0 tbw=8 cbp=0x3B40 csa=0
[p4:gs-sprite] #59500 ctx=0 tme=1 abe=1 FRAME fbp=0x0 fbw=10 psm=0x1 msk=0x00000000 | SCISSOR 0,0..639,223 | TEST=0x000000000005008B | TEX0 tbp=0x0 tbw=8 psm=0x2C tw=512 th=512 tfx=0 | V0(2204.0,2027.0) V1(2213.0,2036.0) uv0(1416,360) uv1(1552,640) | XYOFFSET ofx=1728 ofy=1936 -> screen (476,91)..(485,100)
[p4:gs-sprite] #60000 ctx=0 tme=1 abe=1 FRAME fbp=0x0 fbw=10 psm=0x1 msk=0x00000000 | SCISSOR 0,0..639,223 | TEST=0x000000000005008B | TEX0 tbp=0x0 tbw=8 psm=0x2C tw=512 th=512 tfx=0 | V0(2177.5,2013.0) V1(2184.5,2022.0) uv0(8008,8) uv1(8112,288) | XYOFFSET ofx=1728 ofy=1936 -> screen (449,77)..(456,86)
[p4:gs-sprite] #60500 ctx=0 tme=1 abe=1 FRAME fbp=0x0 fbw=10 psm=0x1 msk=0x00000000 | SCISSOR 0,0..639,223 | TEST=0x000000000005008B | TEX0 tbp=0x0 tbw=8 psm=0x2C tw=512 th=512 tfx=0 | V0(1973.5,2069.0) V1(1991.5,2079.0) uv0(3368,1096) uv1(3648,1408) | XYOFFSET ofx=1728 ofy=1936 -> screen (245,133)..(263,143)
[p4:gs-sprite] #61000 ctx=0 tme=1 abe=1 FRAME fbp=0x0 fbw=10 psm=0x1 msk=0x00000000 | SCISSOR 0,0..639,223 | TEST=0x000000000005008B | TEX0 tbp=0x0 tbw=8 psm=0x2C tw=512 th=512 tfx=0 | V0(2066.0,2041.0) V1(2075.0,2050.0) uv0(6040,8) uv1(6176,288) | XYOFFSET ofx=1728 ofy=1936 -> screen (338,105)..(347,114)
[p4:clut] samples=199000000 nonzero=72474662 (36.42%) u=[0..507] v=[0..255] distinctIdx=256 topNonZeroIdx=0x87(12550224) psm=0x2C tbp0=0x0 tbw=8 cbp=0x3B40 csa=0
[p4:vbl] ticks=1800
[p4:gs-sprite] #61500 ctx=0 tme=1 abe=1 FRAME fbp=0x0 fbw=10 psm=0x1 msk=0x00000000 | SCISSOR 0,0..639,223 | TEST=0x000000000005008B | TEX0 tbp=0x0 tbw=8 psm=0x2C tw=512 th=512 tfx=0 | V0(1944.0,2027.0) V1(1953.0,2036.0) uv0(1416,360) uv1(1552,640) | XYOFFSET ofx=1728 ofy=1936 -> screen (216,91)..(225,100)
[p4:gs-sprite] #62000 ctx=0 tme=1 abe=1 FRAME fbp=0x0 fbw=10 psm=0x1 msk=0x00000000 | SCISSOR 0,0..639,223 | TEST=0x000000000005008B | TEX0 tbp=0x0 tbw=8 psm=0x2C tw=512 th=512 tfx=0 | V0(1886.5,2013.0) V1(1893.5,2022.0) uv0(8008,8) uv1(8112,288) | XYOFFSET ofx=1728 ofy=1936 -> screen (158,77)..(165,86)
[p4:gs-sprite] #62500 ctx=0 tme=1 abe=1 FRAME fbp=0x0 fbw=10 psm=0x1 msk=0x00000000 | SCISSOR 0,0..639,223 | TEST=0x000000000005008B | TEX0 tbp=0x0 tbw=8 psm=0x2C tw=512 th=512 tfx=0 | V0(1950.5,2055.0) V1(1958.5,2064.0) uv0(1288,360) uv1(1408,640) | XYOFFSET ofx=1728 ofy=1936 -> screen (222,119)..(230,128)
[p4:clut] samples=199500000 nonzero=72671108 (36.43%) u=[0..507] v=[0..255] distinctIdx=256 topNonZeroIdx=0x87(12550224) psm=0x2C tbp0=0x0 tbw=8 cbp=0x3B40 csa=0
[p4:gs-sprite] #63000 ctx=0 tme=1 abe=1 FRAME fbp=0x0 fbw=10 psm=0x1 msk=0x00000000 | SCISSOR 0,0..639,223 | TEST=0x000000000005008B | TEX0 tbp=0x0 tbw=8 psm=0x2C tw=512 th=512 tfx=0 | V0(2112.0,2027.0) V1(2117.0,2036.0) uv0(1784,360) uv1(1856,640) | XYOFFSET ofx=1728 ofy=1936 -> screen (384,91)..(389,100)
[p4:gs-sprite] #63500 ctx=0 tme=1 abe=1 FRAME fbp=0x0 fbw=10 psm=0x1 msk=0x00000000 | SCISSOR 0,0..639,223 | TEST=0x000000000005008B | TEX0 tbp=0x0 tbw=8 psm=0x2C tw=512 th=512 tfx=0 | V0(2066.5,2013.0) V1(2074.5,2024.0) uv0(2584,360) uv1(2704,704) | XYOFFSET ofx=1728 ofy=1936 -> screen (338,77)..(346,88)
[p4:gs-sprite] #64000 ctx=0 tme=1 abe=1 FRAME fbp=0x0 fbw=10 psm=0x1 msk=0x00000000 | SCISSOR 0,0..639,223 | TEST=0x000000000005008B | TEX0 tbp=0x0 tbw=8 psm=0x2C tw=512 th=512 tfx=0 | V0(2144.5,2055.0) V1(2152.5,2066.0) uv0(2584,360) uv1(2704,704) | XYOFFSET ofx=1728 ofy=1936 -> screen (416,119)..(424,130)
[p4:gs-sprite] #64500 ctx=0 tme=1 abe=1 FRAME fbp=0x0 fbw=10 psm=0x1 msk=0x00000000 | SCISSOR 0,0..639,223 | TEST=0x000000000005008B | TEX0 tbp=0x0 tbw=8 psm=0x2C tw=512 th=512 tfx=0 | V0(1939.0,2041.0) V1(1942.0,2050.0) uv0(872,360) uv1(912,640) | XYOFFSET ofx=1728 ofy=1936 -> screen (211,105)..(214,114)
[p4:clut] samples=200000000 nonzero=72867624 (36.43%) u=[0..507] v=[0..255] distinctIdx=256 topNonZeroIdx=0x87(12550224) psm=0x2C tbp0=0x0 tbw=8 cbp=0x3B40 csa=0
[p4:gs-sprite] #65000 ctx=0 tme=1 abe=1 FRAME fbp=0x0 fbw=10 psm=0x1 msk=0x00000000 | SCISSOR 0,0..639,223 | TEST=0x000000000005008B | TEX0 tbp=0x0 tbw=8 psm=0x2C tw=512 th=512 tfx=0 | V0(2235.5,2013.0) V1(2243.5,2022.0) uv0(1288,360) uv1(1408,640) | XYOFFSET ofx=1728 ofy=1936 -> screen (507,77)..(515,86)
[p4:gs-sprite] #65500 ctx=0 tme=1 abe=1 FRAME fbp=0x0 fbw=10 psm=0x1 msk=0x00000000 | SCISSOR 0,0..639,223 | TEST=0x000000000005008B | TEX0 tbp=0x0 tbw=8 psm=0x2C tw=512 th=512 tfx=0 | V0(2060.5,2069.0) V1(2081.5,2079.5) uv0(5112,1432) uv1(5440,1760) | XYOFFSET ofx=1728 ofy=1936 -> screen (332,133)..(353,143)
[p4:gs-sprite] #66000 ctx=0 tme=1 abe=1 FRAME fbp=0x0 fbw=10 psm=0x1 msk=0x00000000 | SCISSOR 0,0..639,223 | TEST=0x000000000005008B | TEX0 tbp=0x0 tbw=8 psm=0x2C tw=512 th=512 tfx=0 | V0(2124.0,2041.0) V1(2130.0,2050.0) uv0(1960,360) uv1(2048,640) | XYOFFSET ofx=1728 ofy=1936 -> screen (396,105)..(402,114)
[p4:gs-sprite] #66500 ctx=0 tme=1 abe=1 FRAME fbp=0x0 fbw=10 psm=0x1 msk=0x00000000 | SCISSOR 0,0..639,223 | TEST=0x000000000005008B | TEX0 tbp=0x0 tbw=8 psm=0x2C tw=512 th=512 tfx=0 | V0(2001.0,2027.0) V1(2006.0,2036.0) uv0(1784,360) uv1(1856,640) | XYOFFSET ofx=1728 ofy=1936 -> screen (273,91)..(278,100)
[p4:clut] samples=200500000 nonzero=73064288 (36.44%) u=[0..507] v=[0..255] distinctIdx=256 topNonZeroIdx=0x87(12550224) psm=0x2C tbp0=0x0 tbw=8 cbp=0x3B40 csa=0
[p4:gs-sprite] #67000 ctx=0 tme=1 abe=1 FRAME fbp=0x0 fbw=10 psm=0x1 msk=0x00000000 | SCISSOR 0,0..639,223 | TEST=0x000000000005008B | TEX0 tbp=0x0 tbw=8 psm=0x2C tw=512 th=512 tfx=0 | V0(1956.5,2013.0) V1(1964.5,2022.0) uv0(744,360) uv1(864,640) | XYOFFSET ofx=1728 ofy=1936 -> screen (228,77)..(236,86)
[p4:gs-sprite] #67500 ctx=0 tme=1 abe=1 FRAME fbp=0x0 fbw=10 psm=0x1 msk=0x00000000 | SCISSOR 0,0..639,223 | TEST=0x000000000005008B | TEX0 tbp=0x0 tbw=8 psm=0x2C tw=512 th=512 tfx=0 | V0(2018.5,2055.0) V1(2023.5,2064.0) uv0(1784,360) uv1(1856,640) | XYOFFSET ofx=1728 ofy=1936 -> screen (290,119)..(295,128)
[p4:gs-sprite] #68000 ctx=0 tme=1 abe=1 FRAME fbp=0x0 fbw=10 psm=0x1 msk=0x00000000 | SCISSOR 0,0..639,223 | TEST=0x000000000005008B | TEX0 tbp=0x0 tbw=8 psm=0x2C tw=512 th=512 tfx=0 | V0(2164.0,2027.0) V1(2172.0,2036.0) uv0(6184,8) uv1(6304,288) | XYOFFSET ofx=1728 ofy=1936 -> screen (436,91)..(444,100)
[p4:gs-sprite] #68500 ctx=0 tme=1 abe=1 FRAME fbp=0x0 fbw=10 psm=0x1 msk=0x00000000 | SCISSOR 0,0..639,223 | TEST=0x000000000005008B | TEX0 tbp=0x0 tbw=8 psm=0x2C tw=512 th=512 tfx=0 | V0(2124.5,2013.0) V1(2132.5,2022.0) uv0(488,360) uv1(608,640) | XYOFFSET ofx=1728 ofy=1936 -> screen (396,77)..(404,86)
[p4:clut] samples=201000000 nonzero=73261240 (36.45%) u=[0..507] v=[0..255] distinctIdx=256 topNonZeroIdx=0x87(12550224) psm=0x2C tbp0=0x0 tbw=8 cbp=0x3B40 csa=0
[p4:gs-sprite] #69000 ctx=0 tme=1 abe=1 FRAME fbp=0x0 fbw=10 psm=0x1 msk=0x00000000 | SCISSOR 0,0..639,223 | TEST=0x000000000005008B | TEX0 tbp=0x0 tbw=8 psm=0x2C tw=512 th=512 tfx=0 | V0(2202.5,2055.0) V1(2210.5,2064.0) uv0(488,360) uv1(608,640) | XYOFFSET ofx=1728 ofy=1936 -> screen (474,119)..(482,128)
[p4:gs-sprite] #69500 ctx=0 tme=1 abe=1 FRAME fbp=0x0 fbw=10 psm=0x1 msk=0x00000000 | SCISSOR 0,0..639,223 | TEST=0x000000000005008B | TEX0 tbp=0x0 tbw=8 psm=0x2C tw=512 th=512 tfx=0 | V0(1998.0,2041.0) V1(2008.0,2050.0) uv0(5592,8) uv1(5744,288) | XYOFFSET ofx=1728 ofy=1936 -> screen (270,105)..(280,114)
[p4:gs-sprite] #70000 ctx=0 tme=1 abe=1 FRAME fbp=0x0 fbw=10 psm=0x1 msk=0x00000000 | SCISSOR 0,0..639,223 | TEST=0x000000000005008B | TEX0 tbp=0x0 tbw=8 psm=0x2C tw=512 th=512 tfx=0 | V0(1881.0,2027.0) V1(1889.0,2036.0) uv0(744,360) uv1(864,640) | XYOFFSET ofx=1728 ofy=1936 -> screen (153,91)..(161,100)
[p4:clut] samples=201500000 nonzero=73457858 (36.46%) u=[0..507] v=[0..255] distinctIdx=256 topNonZeroIdx=0x87(12550224) psm=0x2C tbp0=0x0 tbw=8 cbp=0x3B40 csa=0
[p4:gs-sprite] #70500 ctx=0 tme=0 abe=0 FRAME fbp=0x0 fbw=10 psm=0x1 msk=0x00000000 | SCISSOR 0,0..639,223 | TEST=0x000000000005008B | TEX0 tbp=0x0 tbw=0 psm=0x0 tw=1 th=1 tfx=0 | V0(1829.0,2007.0) V1(2267.0,2087.0) uv0(0,0) uv1(0,0) | XYOFFSET ofx=1728 ofy=1936 -> screen (101,71)..(539,151)
[p4:gs-sprite] #71000 ctx=0 tme=1 abe=1 FRAME fbp=0x0 fbw=10 psm=0x1 msk=0x00000000 | SCISSOR 0,0..639,223 | TEST=0x000000000005008B | TEX0 tbp=0x0 tbw=8 psm=0x2C tw=512 th=512 tfx=0 | V0(1888.5,2055.0) V1(1896.5,2066.0) uv0(2584,360) uv1(2704,704) | XYOFFSET ofx=1728 ofy=1936 -> screen (160,119)..(168,130)
[p4:gs-sprite] #71500 ctx=0 tme=1 abe=1 FRAME fbp=0x0 fbw=10 psm=0x1 msk=0x00000000 | SCISSOR 0,0..639,223 | TEST=0x000000000005008B | TEX0 tbp=0x0 tbw=8 psm=0x2C tw=512 th=512 tfx=0 | V0(2057.0,2027.0) V1(2066.0,2036.0) uv0(3912,8) uv1(4048,288) | XYOFFSET ofx=1728 ofy=1936 -> screen (329,91)..(338,100)
[p4:gs-sprite] #72000 ctx=0 tme=1 abe=1 FRAME fbp=0x0 fbw=10 psm=0x1 msk=0x00000000 | SCISSOR 0,0..639,223 | TEST=0x000000000005008B | TEX0 tbp=0x0 tbw=8 psm=0x2C tw=512 th=512 tfx=0 | V0(2017.5,2013.0) V1(2024.5,2022.0) uv0(2056,360) uv1(2160,640) | XYOFFSET ofx=1728 ofy=1936 -> screen (289,77)..(296,86)
[p4:clut] samples=202000000 nonzero=73654291 (36.46%) u=[0..507] v=[0..255] distinctIdx=256 topNonZeroIdx=0x87(12550224) psm=0x2C tbp0=0x0 tbw=8 cbp=0x3B40 csa=0
[p4:gs-sprite] #72500 ctx=0 tme=1 abe=1 FRAME fbp=0x0 fbw=10 psm=0x1 msk=0x00000000 | SCISSOR 0,0..639,223 | TEST=0x000000000005008B | TEX0 tbp=0x0 tbw=8 psm=0x2C tw=512 th=512 tfx=0 | V0(2073.5,2055.0) V1(2080.5,2064.0) uv0(8008,8) uv1(8112,288) | XYOFFSET ofx=1728 ofy=1936 -> screen (345,119)..(352,128)
[p4:gs-sprite] #73000 ctx=0 tme=1 abe=1 FRAME fbp=0x0 fbw=10 psm=0x1 msk=0x00000000 | SCISSOR 0,0..639,223 | TEST=0x000000000005008B | TEX0 tbp=0x0 tbw=8 psm=0x2C tw=512 th=512 tfx=0 | V0(2204.0,2027.0) V1(2213.0,2036.0) uv0(1416,360) uv1(1552,640) | XYOFFSET ofx=1728 ofy=1936 -> screen (476,91)..(485,100)
[p4:gs-sprite] #73500 ctx=0 tme=1 abe=1 FRAME fbp=0x0 fbw=10 psm=0x1 msk=0x00000000 | SCISSOR 0,0..639,223 | TEST=0x000000000005008B | TEX0 tbp=0x0 tbw=8 psm=0x2C tw=512 th=512 tfx=0 | V0(2177.5,2013.0) V1(2184.5,2022.0) uv0(8008,8) uv1(8112,288) | XYOFFSET ofx=1728 ofy=1936 -> screen (449,77)..(456,86)
[p4:gs-sprite] #74000 ctx=0 tme=1 abe=1 FRAME fbp=0x0 fbw=10 psm=0x1 msk=0x00000000 | SCISSOR 0,0..639,223 | TEST=0x000000000005008B | TEX0 tbp=0x0 tbw=8 psm=0x2C tw=512 th=512 tfx=0 | V0(1973.5,2069.0) V1(1991.5,2079.0) uv0(3368,1096) uv1(3648,1408) | XYOFFSET ofx=1728 ofy=1936 -> screen (245,133)..(263,143)
[p4:clut] samples=202500000 nonzero=73850977 (36.47%) u=[0..507] v=[0..255] distinctIdx=256 topNonZeroIdx=0x87(12550224) psm=0x2C tbp0=0x0 tbw=8 cbp=0x3B40 csa=0
[p4:gs-sprite] #74500 ctx=0 tme=1 abe=1 FRAME fbp=0x0 fbw=10 psm=0x1 msk=0x00000000 | SCISSOR 0,0..639,223 | TEST=0x000000000005008B | TEX0 tbp=0x0 tbw=8 psm=0x2C tw=512 th=512 tfx=0 | V0(2066.0,2041.0) V1(2075.0,2050.0) uv0(6040,8) uv1(6176,288) | XYOFFSET ofx=1728 ofy=1936 -> screen (338,105)..(347,114)
[p4:gs-sprite] #75000 ctx=0 tme=1 abe=1 FRAME fbp=0x0 fbw=10 psm=0x1 msk=0x00000000 | SCISSOR 0,0..639,223 | TEST=0x000000000005008B | TEX0 tbp=0x0 tbw=8 psm=0x2C tw=512 th=512 tfx=0 | V0(1944.0,2027.0) V1(1953.0,2036.0) uv0(1416,360) uv1(1552,640) | XYOFFSET ofx=1728 ofy=1936 -> screen (216,91)..(225,100)
[p4:gs-sprite] #75500 ctx=0 tme=1 abe=1 FRAME fbp=0x0 fbw=10 psm=0x1 msk=0x00000000 | SCISSOR 0,0..639,223 | TEST=0x000000000005008B | TEX0 tbp=0x0 tbw=8 psm=0x2C tw=512 th=512 tfx=0 | V0(1886.5,2013.0) V1(1893.5,2022.0) uv0(8008,8) uv1(8112,288) | XYOFFSET ofx=1728 ofy=1936 -> screen (158,77)..(165,86)
[p4:gs-sprite] #76000 ctx=0 tme=1 abe=1 FRAME fbp=0x0 fbw=10 psm=0x1 msk=0x00000000 | SCISSOR 0,0..639,223 | TEST=0x000000000005008B | TEX0 tbp=0x0 tbw=8 psm=0x2C tw=512 th=512 tfx=0 | V0(1950.5,2055.0) V1(1958.5,2064.0) uv0(1288,360) uv1(1408,640) | XYOFFSET ofx=1728 ofy=1936 -> screen (222,119)..(230,128)
[p4:clut] samples=203000000 nonzero=74047789 (36.48%) u=[0..507] v=[0..255] distinctIdx=256 topNonZeroIdx=0x87(12550224) psm=0x2C tbp0=0x0 tbw=8 cbp=0x3B40 csa=0
[p4:gs-sprite] #76500 ctx=0 tme=1 abe=1 FRAME fbp=0x0 fbw=10 psm=0x1 msk=0x00000000 | SCISSOR 0,0..639,223 | TEST=0x000000000005008B | TEX0 tbp=0x0 tbw=8 psm=0x2C tw=512 th=512 tfx=0 | V0(2112.0,2027.0) V1(2117.0,2036.0) uv0(1784,360) uv1(1856,640) | XYOFFSET ofx=1728 ofy=1936 -> screen (384,91)..(389,100)
[p4:gs-sprite] #77000 ctx=0 tme=1 abe=1 FRAME fbp=0x0 fbw=10 psm=0x1 msk=0x00000000 | SCISSOR 0,0..639,223 | TEST=0x000000000005008B | TEX0 tbp=0x0 tbw=8 psm=0x2C tw=512 th=512 tfx=0 | V0(2066.5,2013.0) V1(2074.5,2024.0) uv0(2584,360) uv1(2704,704) | XYOFFSET ofx=1728 ofy=1936 -> screen (338,77)..(346,88)
[p4:gs-sprite] #77500 ctx=0 tme=1 abe=1 FRAME fbp=0x0 fbw=10 psm=0x1 msk=0x00000000 | SCISSOR 0,0..639,223 | TEST=0x000000000005008B | TEX0 tbp=0x0 tbw=8 psm=0x2C tw=512 th=512 tfx=0 | V0(2144.5,2055.0) V1(2152.5,2066.0) uv0(2584,360) uv1(2704,704) | XYOFFSET ofx=1728 ofy=1936 -> screen (416,119)..(424,130)
[p4:clut] samples=203500000 nonzero=74244649 (36.48%) u=[0..507] v=[0..255] distinctIdx=256 topNonZeroIdx=0x87(12550224) psm=0x2C tbp0=0x0 tbw=8 cbp=0x3B40 csa=0
[p4:gs-sprite] #78000 ctx=0 tme=1 abe=1 FRAME fbp=0x0 fbw=10 psm=0x1 msk=0x00000000 | SCISSOR 0,0..639,223 | TEST=0x000000000005008B | TEX0 tbp=0x0 tbw=8 psm=0x2C tw=512 th=512 tfx=0 | V0(1939.0,2041.0) V1(1942.0,2050.0) uv0(872,360) uv1(912,640) | XYOFFSET ofx=1728 ofy=1936 -> screen (211,105)..(214,114)
[p4:gs-sprite] #78500 ctx=0 tme=1 abe=1 FRAME fbp=0x0 fbw=10 psm=0x1 msk=0x00000000 | SCISSOR 0,0..639,223 | TEST=0x000000000005008B | TEX0 tbp=0x0 tbw=8 psm=0x2C tw=512 th=512 tfx=0 | V0(2235.5,2013.0) V1(2243.5,2022.0) uv0(1288,360) uv1(1408,640) | XYOFFSET ofx=1728 ofy=1936 -> screen (507,77)..(515,86)
[p4:gs-sprite] #79000 ctx=0 tme=1 abe=1 FRAME fbp=0x0 fbw=10 psm=0x1 msk=0x00000000 | SCISSOR 0,0..639,223 | TEST=0x000000000005008B | TEX0 tbp=0x0 tbw=8 psm=0x2C tw=512 th=512 tfx=0 | V0(2060.5,2069.0) V1(2081.5,2079.5) uv0(5112,1432) uv1(5440,1760) | XYOFFSET ofx=1728 ofy=1936 -> screen (332,133)..(353,143)
[p4:gs-sprite] #79500 ctx=0 tme=1 abe=1 FRAME fbp=0x0 fbw=10 psm=0x1 msk=0x00000000 | SCISSOR 0,0..639,223 | TEST=0x000000000005008B | TEX0 tbp=0x0 tbw=8 psm=0x2C tw=512 th=512 tfx=0 | V0(2124.0,2041.0) V1(2130.0,2050.0) uv0(1960,360) uv1(2048,640) | XYOFFSET ofx=1728 ofy=1936 -> screen (396,105)..(402,114)
[p4:clut] samples=204000000 nonzero=74441102 (36.49%) u=[0..507] v=[0..255] distinctIdx=256 topNonZeroIdx=0x87(12550224) psm=0x2C tbp0=0x0 tbw=8 cbp=0x3B40 csa=0
[p4:gs-sprite] #80000 ctx=0 tme=1 abe=1 FRAME fbp=0x0 fbw=10 psm=0x1 msk=0x00000000 | SCISSOR 0,0..639,223 | TEST=0x000000000005008B | TEX0 tbp=0x0 tbw=8 psm=0x2C tw=512 th=512 tfx=0 | V0(2001.0,2027.0) V1(2006.0,2036.0) uv0(1784,360) uv1(1856,640) | XYOFFSET ofx=1728 ofy=1936 -> screen (273,91)..(278,100)
[p4:gs-sprite] #80500 ctx=0 tme=1 abe=1 FRAME fbp=0x0 fbw=10 psm=0x1 msk=0x00000000 | SCISSOR 0,0..639,223 | TEST=0x000000000005008B | TEX0 tbp=0x0 tbw=8 psm=0x2C tw=512 th=512 tfx=0 | V0(1956.5,2013.0) V1(1964.5,2022.0) uv0(744,360) uv1(864,640) | XYOFFSET ofx=1728 ofy=1936 -> screen (228,77)..(236,86)
[p4:gs-sprite] #81000 ctx=0 tme=1 abe=1 FRAME fbp=0x0 fbw=10 psm=0x1 msk=0x00000000 | SCISSOR 0,0..639,223 | TEST=0x000000000005008B | TEX0 tbp=0x0 tbw=8 psm=0x2C tw=512 th=512 tfx=0 | V0(2018.5,2055.0) V1(2023.5,2064.0) uv0(1784,360) uv1(1856,640) | XYOFFSET ofx=1728 ofy=1936 -> screen (290,119)..(295,128)
[p4:gs-sprite] #81500 ctx=0 tme=1 abe=1 FRAME fbp=0x0 fbw=10 psm=0x1 msk=0x00000000 | SCISSOR 0,0..639,223 | TEST=0x000000000005008B | TEX0 tbp=0x0 tbw=8 psm=0x2C tw=512 th=512 tfx=0 | V0(2164.0,2027.0) V1(2172.0,2036.0) uv0(6184,8) uv1(6304,288) | XYOFFSET ofx=1728 ofy=1936 -> screen (436,91)..(444,100)
[p4:clut] samples=204500000 nonzero=74637601 (36.50%) u=[0..507] v=[0..255] distinctIdx=256 topNonZeroIdx=0x87(12550224) psm=0x2C tbp0=0x0 tbw=8 cbp=0x3B40 csa=0
[p4:gs-sprite] #82000 ctx=0 tme=1 abe=1 FRAME fbp=0x0 fbw=10 psm=0x1 msk=0x00000000 | SCISSOR 0,0..639,223 | TEST=0x000000000005008B | TEX0 tbp=0x0 tbw=8 psm=0x2C tw=512 th=512 tfx=0 | V0(2124.5,2013.0) V1(2132.5,2022.0) uv0(488,360) uv1(608,640) | XYOFFSET ofx=1728 ofy=1936 -> screen (396,77)..(404,86)
[p4:gs-sprite] #82500 ctx=0 tme=1 abe=1 FRAME fbp=0x0 fbw=10 psm=0x1 msk=0x00000000 | SCISSOR 0,0..639,223 | TEST=0x000000000005008B | TEX0 tbp=0x0 tbw=8 psm=0x2C tw=512 th=512 tfx=0 | V0(2202.5,2055.0) V1(2210.5,2064.0) uv0(488,360) uv1(608,640) | XYOFFSET ofx=1728 ofy=1936 -> screen (474,119)..(482,128)
[p4:gs-sprite] #83000 ctx=0 tme=1 abe=1 FRAME fbp=0x0 fbw=10 psm=0x1 msk=0x00000000 | SCISSOR 0,0..639,223 | TEST=0x000000000005008B | TEX0 tbp=0x0 tbw=8 psm=0x2C tw=512 th=512 tfx=0 | V0(1998.0,2041.0) V1(2008.0,2050.0) uv0(5592,8) uv1(5744,288) | XYOFFSET ofx=1728 ofy=1936 -> screen (270,105)..(280,114)
[p4:vbl] ticks=2100
[p4:clut] samples=205000000 nonzero=74834292 (36.50%) u=[0..507] v=[0..255] distinctIdx=256 topNonZeroIdx=0x87(12550224) psm=0x2C tbp0=0x0 tbw=8 cbp=0x3B40 csa=0
[p4:gs-sprite] #83500 ctx=0 tme=1 abe=1 FRAME fbp=0x0 fbw=10 psm=0x1 msk=0x00000000 | SCISSOR 0,0..639,223 | TEST=0x000000000005008B | TEX0 tbp=0x0 tbw=8 psm=0x2C tw=512 th=512 tfx=0 | V0(1881.0,2027.0) V1(1889.0,2036.0) uv0(744,360) uv1(864,640) | XYOFFSET ofx=1728 ofy=1936 -> screen (153,91)..(161,100)
[p4:gs-sprite] #84000 ctx=0 tme=0 abe=0 FRAME fbp=0x0 fbw=10 psm=0x1 msk=0x00000000 | SCISSOR 0,0..639,223 | TEST=0x000000000005008B | TEX0 tbp=0x0 tbw=0 psm=0x0 tw=1 th=1 tfx=0 | V0(1829.0,2007.0) V1(2267.0,2087.0) uv0(0,0) uv1(0,0) | XYOFFSET ofx=1728 ofy=1936 -> screen (101,71)..(539,151)
[p4:gs-sprite] #84500 ctx=0 tme=1 abe=1 FRAME fbp=0x0 fbw=10 psm=0x1 msk=0x00000000 | SCISSOR 0,0..639,223 | TEST=0x000000000005008B | TEX0 tbp=0x0 tbw=8 psm=0x2C tw=512 th=512 tfx=0 | V0(1888.5,2055.0) V1(1896.5,2066.0) uv0(2584,360) uv1(2704,704) | XYOFFSET ofx=1728 ofy=1936 -> screen (160,119)..(168,130)
[p4:gs-sprite] #85000 ctx=0 tme=1 abe=1 FRAME fbp=0x0 fbw=10 psm=0x1 msk=0x00000000 | SCISSOR 0,0..639,223 | TEST=0x000000000005008B | TEX0 tbp=0x0 tbw=8 psm=0x2C tw=512 th=512 tfx=0 | V0(2057.0,2027.0) V1(2066.0,2036.0) uv0(3912,8) uv1(4048,288) | XYOFFSET ofx=1728 ofy=1936 -> screen (329,91)..(338,100)
[p4:clut] samples=205500000 nonzero=75031184 (36.51%) u=[0..507] v=[0..255] distinctIdx=256 topNonZeroIdx=0x87(12550224) psm=0x2C tbp0=0x0 tbw=8 cbp=0x3B40 csa=0
[p4:gs-sprite] #85500 ctx=0 tme=1 abe=1 FRAME fbp=0x0 fbw=10 psm=0x1 msk=0x00000000 | SCISSOR 0,0..639,223 | TEST=0x000000000005008B | TEX0 tbp=0x0 tbw=8 psm=0x2C tw=512 th=512 tfx=0 | V0(2017.5,2013.0) V1(2024.5,2022.0) uv0(2056,360) uv1(2160,640) | XYOFFSET ofx=1728 ofy=1936 -> screen (289,77)..(296,86)
[p4:gs-sprite] #86000 ctx=0 tme=1 abe=1 FRAME fbp=0x0 fbw=10 psm=0x1 msk=0x00000000 | SCISSOR 0,0..639,223 | TEST=0x000000000005008B | TEX0 tbp=0x0 tbw=8 psm=0x2C tw=512 th=512 tfx=0 | V0(2073.5,2055.0) V1(2080.5,2064.0) uv0(8008,8) uv1(8112,288) | XYOFFSET ofx=1728 ofy=1936 -> screen (345,119)..(352,128)
[p4:gs-sprite] #86500 ctx=0 tme=1 abe=1 FRAME fbp=0x0 fbw=10 psm=0x1 msk=0x00000000 | SCISSOR 0,0..639,223 | TEST=0x000000000005008B | TEX0 tbp=0x0 tbw=8 psm=0x2C tw=512 th=512 tfx=0 | V0(2204.0,2027.0) V1(2213.0,2036.0) uv0(1416,360) uv1(1552,640) | XYOFFSET ofx=1728 ofy=1936 -> screen (476,91)..(485,100)
[p4:gs-sprite] #87000 ctx=0 tme=1 abe=1 FRAME fbp=0x0 fbw=10 psm=0x1 msk=0x00000000 | SCISSOR 0,0..639,223 | TEST=0x000000000005008B | TEX0 tbp=0x0 tbw=8 psm=0x2C tw=512 th=512 tfx=0 | V0(2177.5,2013.0) V1(2184.5,2022.0) uv0(8008,8) uv1(8112,288) | XYOFFSET ofx=1728 ofy=1936 -> screen (449,77)..(456,86)
[p4:clut] samples=206000000 nonzero=75227935 (36.52%) u=[0..507] v=[0..255] distinctIdx=256 topNonZeroIdx=0x87(12550224) psm=0x2C tbp0=0x0 tbw=8 cbp=0x3B40 csa=0
[p4:gs-sprite] #87500 ctx=0 tme=1 abe=1 FRAME fbp=0x0 fbw=10 psm=0x1 msk=0x00000000 | SCISSOR 0,0..639,223 | TEST=0x000000000005008B | TEX0 tbp=0x0 tbw=8 psm=0x2C tw=512 th=512 tfx=0 | V0(1973.5,2069.0) V1(1991.5,2079.0) uv0(3368,1096) uv1(3648,1408) | XYOFFSET ofx=1728 ofy=1936 -> screen (245,133)..(263,143)
[p4:gs-sprite] #88000 ctx=0 tme=1 abe=1 FRAME fbp=0x0 fbw=10 psm=0x1 msk=0x00000000 | SCISSOR 0,0..639,223 | TEST=0x000000000005008B | TEX0 tbp=0x0 tbw=8 psm=0x2C tw=512 th=512 tfx=0 | V0(2066.0,2041.0) V1(2075.0,2050.0) uv0(6040,8) uv1(6176,288) | XYOFFSET ofx=1728 ofy=1936 -> screen (338,105)..(347,114)
[p4:gs-sprite] #88500 ctx=0 tme=1 abe=1 FRAME fbp=0x0 fbw=10 psm=0x1 msk=0x00000000 | SCISSOR 0,0..639,223 | TEST=0x000000000005008B | TEX0 tbp=0x0 tbw=8 psm=0x2C tw=512 th=512 tfx=0 | V0(1944.0,2027.0) V1(1953.0,2036.0) uv0(1416,360) uv1(1552,640) | XYOFFSET ofx=1728 ofy=1936 -> screen (216,91)..(225,100)
[p4:gs-sprite] #89000 ctx=0 tme=1 abe=1 FRAME fbp=0x0 fbw=10 psm=0x1 msk=0x00000000 | SCISSOR 0,0..639,223 | TEST=0x000000000005008B | TEX0 tbp=0x0 tbw=8 psm=0x2C tw=512 th=512 tfx=0 | V0(1886.5,2013.0) V1(1893.5,2022.0) uv0(8008,8) uv1(8112,288) | XYOFFSET ofx=1728 ofy=1936 -> screen (158,77)..(165,86)
[p4:clut] samples=206500000 nonzero=75424425 (36.53%) u=[0..507] v=[0..255] distinctIdx=256 topNonZeroIdx=0x87(12550224) psm=0x2C tbp0=0x0 tbw=8 cbp=0x3B40 csa=0
[p4:gs-sprite] #89500 ctx=0 tme=1 abe=1 FRAME fbp=0x0 fbw=10 psm=0x1 msk=0x00000000 | SCISSOR 0,0..639,223 | TEST=0x000000000005008B | TEX0 tbp=0x0 tbw=8 psm=0x2C tw=512 th=512 tfx=0 | V0(1950.5,2055.0) V1(1958.5,2064.0) uv0(1288,360) uv1(1408,640) | XYOFFSET ofx=1728 ofy=1936 -> screen (222,119)..(230,128)
[p4:gs-sprite] #90000 ctx=0 tme=1 abe=1 FRAME fbp=0x0 fbw=10 psm=0x1 msk=0x00000000 | SCISSOR 0,0..639,223 | TEST=0x000000000005008B | TEX0 tbp=0x0 tbw=8 psm=0x2C tw=512 th=512 tfx=0 | V0(2112.0,2027.0) V1(2117.0,2036.0) uv0(1784,360) uv1(1856,640) | XYOFFSET ofx=1728 ofy=1936 -> screen (384,91)..(389,100)
[p4:gs-sprite] #90500 ctx=0 tme=1 abe=1 FRAME fbp=0x0 fbw=10 psm=0x1 msk=0x00000000 | SCISSOR 0,0..639,223 | TEST=0x000000000005008B | TEX0 tbp=0x0 tbw=8 psm=0x2C tw=512 th=512 tfx=0 | V0(2066.5,2013.0) V1(2074.5,2024.0) uv0(2584,360) uv1(2704,704) | XYOFFSET ofx=1728 ofy=1936 -> screen (338,77)..(346,88)
[p4:clut] samples=207000000 nonzero=75620957 (36.53%) u=[0..507] v=[0..255] distinctIdx=256 topNonZeroIdx=0x87(12550224) psm=0x2C tbp0=0x0 tbw=8 cbp=0x3B40 csa=0
[p4:gs-sprite] #91000 ctx=0 tme=1 abe=1 FRAME fbp=0x0 fbw=10 psm=0x1 msk=0x00000000 | SCISSOR 0,0..639,223 | TEST=0x000000000005008B | TEX0 tbp=0x0 tbw=8 psm=0x2C tw=512 th=512 tfx=0 | V0(2144.5,2055.0) V1(2152.5,2066.0) uv0(2584,360) uv1(2704,704) | XYOFFSET ofx=1728 ofy=1936 -> screen (416,119)..(424,130)
[p4:gs-sprite] #91500 ctx=0 tme=1 abe=1 FRAME fbp=0x0 fbw=10 psm=0x1 msk=0x00000000 | SCISSOR 0,0..639,223 | TEST=0x000000000005008B | TEX0 tbp=0x0 tbw=8 psm=0x2C tw=512 th=512 tfx=0 | V0(1939.0,2041.0) V1(1942.0,2050.0) uv0(872,360) uv1(912,640) | XYOFFSET ofx=1728 ofy=1936 -> screen (211,105)..(214,114)
[p4:gs-sprite] #92000 ctx=0 tme=1 abe=1 FRAME fbp=0x0 fbw=10 psm=0x1 msk=0x00000000 | SCISSOR 0,0..639,223 | TEST=0x000000000005008B | TEX0 tbp=0x0 tbw=8 psm=0x2C tw=512 th=512 tfx=0 | V0(2235.5,2013.0) V1(2243.5,2022.0) uv0(1288,360) uv1(1408,640) | XYOFFSET ofx=1728 ofy=1936 -> screen (507,77)..(515,86)
[p4:gs-sprite] #92500 ctx=0 tme=1 abe=1 FRAME fbp=0x0 fbw=10 psm=0x1 msk=0x00000000 | SCISSOR 0,0..639,223 | TEST=0x000000000005008B | TEX0 tbp=0x0 tbw=8 psm=0x2C tw=512 th=512 tfx=0 | V0(2060.5,2069.0) V1(2081.5,2079.5) uv0(5112,1432) uv1(5440,1760) | XYOFFSET ofx=1728 ofy=1936 -> screen (332,133)..(353,143)
[p4:clut] samples=207500000 nonzero=75817626 (36.54%) u=[0..507] v=[0..255] distinctIdx=256 topNonZeroIdx=0x87(12550224) psm=0x2C tbp0=0x0 tbw=8 cbp=0x3B40 csa=0
[p4:gs-sprite] #93000 ctx=0 tme=1 abe=1 FRAME fbp=0x0 fbw=10 psm=0x1 msk=0x00000000 | SCISSOR 0,0..639,223 | TEST=0x000000000005008B | TEX0 tbp=0x0 tbw=8 psm=0x2C tw=512 th=512 tfx=0 | V0(2124.0,2041.0) V1(2130.0,2050.0) uv0(1960,360) uv1(2048,640) | XYOFFSET ofx=1728 ofy=1936 -> screen (396,105)..(402,114)
[p4:gs-sprite] #93500 ctx=0 tme=1 abe=1 FRAME fbp=0x0 fbw=10 psm=0x1 msk=0x00000000 | SCISSOR 0,0..639,223 | TEST=0x000000000005008B | TEX0 tbp=0x0 tbw=8 psm=0x2C tw=512 th=512 tfx=0 | V0(2001.0,2027.0) V1(2006.0,2036.0) uv0(1784,360) uv1(1856,640) | XYOFFSET ofx=1728 ofy=1936 -> screen (273,91)..(278,100)
[p4:gs-sprite] #94000 ctx=0 tme=1 abe=1 FRAME fbp=0x0 fbw=10 psm=0x1 msk=0x00000000 | SCISSOR 0,0..639,223 | TEST=0x000000000005008B | TEX0 tbp=0x0 tbw=8 psm=0x2C tw=512 th=512 tfx=0 | V0(1956.5,2013.0) V1(1964.5,2022.0) uv0(744,360) uv1(864,640) | XYOFFSET ofx=1728 ofy=1936 -> screen (228,77)..(236,86)
[p4:gs-sprite] #94500 ctx=0 tme=1 abe=1 FRAME fbp=0x0 fbw=10 psm=0x1 msk=0x00000000 | SCISSOR 0,0..639,223 | TEST=0x000000000005008B | TEX0 tbp=0x0 tbw=8 psm=0x2C tw=512 th=512 tfx=0 | V0(2018.5,2055.0) V1(2023.5,2064.0) uv0(1784,360) uv1(1856,640) | XYOFFSET ofx=1728 ofy=1936 -> screen (290,119)..(295,128)
[p4:clut] samples=208000000 nonzero=76014623 (36.55%) u=[0..507] v=[0..255] distinctIdx=256 topNonZeroIdx=0x87(12550224) psm=0x2C tbp0=0x0 tbw=8 cbp=0x3B40 csa=0
[p4:gs-sprite] #95000 ctx=0 tme=1 abe=1 FRAME fbp=0x0 fbw=10 psm=0x1 msk=0x00000000 | SCISSOR 0,0..639,223 | TEST=0x000000000005008B | TEX0 tbp=0x0 tbw=8 psm=0x2C tw=512 th=512 tfx=0 | V0(2164.0,2027.0) V1(2172.0,2036.0) uv0(6184,8) uv1(6304,288) | XYOFFSET ofx=1728 ofy=1936 -> screen (436,91)..(444,100)
[p4:gs-sprite] #95500 ctx=0 tme=1 abe=1 FRAME fbp=0x0 fbw=10 psm=0x1 msk=0x00000000 | SCISSOR 0,0..639,223 | TEST=0x000000000005008B | TEX0 tbp=0x0 tbw=8 psm=0x2C tw=512 th=512 tfx=0 | V0(2124.5,2013.0) V1(2132.5,2022.0) uv0(488,360) uv1(608,640) | XYOFFSET ofx=1728 ofy=1936 -> screen (396,77)..(404,86)
[p4:gs-sprite] #96000 ctx=0 tme=1 abe=1 FRAME fbp=0x0 fbw=10 psm=0x1 msk=0x00000000 | SCISSOR 0,0..639,223 | TEST=0x000000000005008B | TEX0 tbp=0x0 tbw=8 psm=0x2C tw=512 th=512 tfx=0 | V0(2202.5,2055.0) V1(2210.5,2064.0) uv0(488,360) uv1(608,640) | XYOFFSET ofx=1728 ofy=1936 -> screen (474,119)..(482,128)
[p4:clut] samples=208500000 nonzero=76211123 (36.55%) u=[0..507] v=[0..255] distinctIdx=256 topNonZeroIdx=0x87(12550224) psm=0x2C tbp0=0x0 tbw=8 cbp=0x3B40 csa=0
[p4:gs-sprite] #96500 ctx=0 tme=1 abe=1 FRAME fbp=0x0 fbw=10 psm=0x1 msk=0x00000000 | SCISSOR 0,0..639,223 | TEST=0x000000000005008B | TEX0 tbp=0x0 tbw=8 psm=0x2C tw=512 th=512 tfx=0 | V0(1998.0,2041.0) V1(2008.0,2050.0) uv0(5592,8) uv1(5744,288) | XYOFFSET ofx=1728 ofy=1936 -> screen (270,105)..(280,114)
[p4:gs-sprite] #97000 ctx=0 tme=1 abe=1 FRAME fbp=0x0 fbw=10 psm=0x1 msk=0x00000000 | SCISSOR 0,0..639,223 | TEST=0x000000000005008B | TEX0 tbp=0x0 tbw=8 psm=0x2C tw=512 th=512 tfx=0 | V0(1881.0,2027.0) V1(1889.0,2036.0) uv0(744,360) uv1(864,640) | XYOFFSET ofx=1728 ofy=1936 -> screen (153,91)..(161,100)
[p4:gs-sprite] #97500 ctx=0 tme=0 abe=0 FRAME fbp=0x0 fbw=10 psm=0x1 msk=0x00000000 | SCISSOR 0,0..639,223 | TEST=0x000000000005008B | TEX0 tbp=0x0 tbw=0 psm=0x0 tw=1 th=1 tfx=0 | V0(1829.0,2007.0) V1(2267.0,2087.0) uv0(0,0) uv1(0,0) | XYOFFSET ofx=1728 ofy=1936 -> screen (101,71)..(539,151)
[p4:gs-sprite] #98000 ctx=0 tme=1 abe=1 FRAME fbp=0x0 fbw=10 psm=0x1 msk=0x00000000 | SCISSOR 0,0..639,223 | TEST=0x000000000005008B | TEX0 tbp=0x0 tbw=8 psm=0x2C tw=512 th=512 tfx=0 | V0(1888.5,2055.0) V1(1896.5,2066.0) uv0(2584,360) uv1(2704,704) | XYOFFSET ofx=1728 ofy=1936 -> screen (160,119)..(168,130)
[p4:clut] samples=209000000 nonzero=76407649 (36.56%) u=[0..507] v=[0..255] distinctIdx=256 topNonZeroIdx=0x87(12550224) psm=0x2C tbp0=0x0 tbw=8 cbp=0x3B40 csa=0
[p4:gs-sprite] #98500 ctx=0 tme=1 abe=1 FRAME fbp=0x0 fbw=10 psm=0x1 msk=0x00000000 | SCISSOR 0,0..639,223 | TEST=0x000000000005008B | TEX0 tbp=0x0 tbw=8 psm=0x2C tw=512 th=512 tfx=0 | V0(2057.0,2027.0) V1(2066.0,2036.0) uv0(3912,8) uv1(4048,288) | XYOFFSET ofx=1728 ofy=1936 -> screen (329,91)..(338,100)
[p4:gs-sprite] #99000 ctx=0 tme=1 abe=1 FRAME fbp=0x0 fbw=10 psm=0x1 msk=0x00000000 | SCISSOR 0,0..639,223 | TEST=0x000000000005008B | TEX0 tbp=0x0 tbw=8 psm=0x2C tw=512 th=512 tfx=0 | V0(2017.5,2013.0) V1(2024.5,2022.0) uv0(2056,360) uv1(2160,640) | XYOFFSET ofx=1728 ofy=1936 -> screen (289,77)..(296,86)
[p4:gs-sprite] #99500 ctx=0 tme=1 abe=1 FRAME fbp=0x0 fbw=10 psm=0x1 msk=0x00000000 | SCISSOR 0,0..639,223 | TEST=0x000000000005008B | TEX0 tbp=0x0 tbw=8 psm=0x2C tw=512 th=512 tfx=0 | V0(2073.5,2055.0) V1(2080.5,2064.0) uv0(8008,8) uv1(8112,288) | XYOFFSET ofx=1728 ofy=1936 -> screen (345,119)..(352,128)
[p4:gs-sprite] #100000 ctx=0 tme=1 abe=1 FRAME fbp=0x0 fbw=10 psm=0x1 msk=0x00000000 | SCISSOR 0,0..639,223 | TEST=0x000000000005008B | TEX0 tbp=0x0 tbw=8 psm=0x2C tw=512 th=512 tfx=0 | V0(2204.0,2027.0) V1(2213.0,2036.0) uv0(1416,360) uv1(1552,640) | XYOFFSET ofx=1728 ofy=1936 -> screen (476,91)..(485,100)
[p4:clut] samples=209500000 nonzero=76604296 (36.57%) u=[0..507] v=[0..255] distinctIdx=256 topNonZeroIdx=0x87(12550224) psm=0x2C tbp0=0x0 tbw=8 cbp=0x3B40 csa=0
[p4:gs-sprite] #100500 ctx=0 tme=1 abe=1 FRAME fbp=0x0 fbw=10 psm=0x1 msk=0x00000000 | SCISSOR 0,0..639,223 | TEST=0x000000000005008B | TEX0 tbp=0x0 tbw=8 psm=0x2C tw=512 th=512 tfx=0 | V0(2177.5,2013.0) V1(2184.5,2022.0) uv0(8008,8) uv1(8112,288) | XYOFFSET ofx=1728 ofy=1936 -> screen (449,77)..(456,86)
[p4:gs-sprite] #101000 ctx=0 tme=1 abe=1 FRAME fbp=0x0 fbw=10 psm=0x1 msk=0x00000000 | SCISSOR 0,0..639,223 | TEST=0x000000000005008B | TEX0 tbp=0x0 tbw=8 psm=0x2C tw=512 th=512 tfx=0 | V0(1973.5,2069.0) V1(1991.5,2079.0) uv0(3368,1096) uv1(3648,1408) | XYOFFSET ofx=1728 ofy=1936 -> screen (245,133)..(263,143)
[p4:gs-sprite] #101500 ctx=0 tme=1 abe=1 FRAME fbp=0x0 fbw=10 psm=0x1 msk=0x00000000 | SCISSOR 0,0..639,223 | TEST=0x000000000005008B | TEX0 tbp=0x0 tbw=8 psm=0x2C tw=512 th=512 tfx=0 | V0(2066.0,2041.0) V1(2075.0,2050.0) uv0(6040,8) uv1(6176,288) | XYOFFSET ofx=1728 ofy=1936 -> screen (338,105)..(347,114)
[p4:gs-sprite] #102000 ctx=0 tme=1 abe=1 FRAME fbp=0x0 fbw=10 psm=0x1 msk=0x00000000 | SCISSOR 0,0..639,223 | TEST=0x000000000005008B | TEX0 tbp=0x0 tbw=8 psm=0x2C tw=512 th=512 tfx=0 | V0(1944.0,2027.0) V1(1953.0,2036.0) uv0(1416,360) uv1(1552,640) | XYOFFSET ofx=1728 ofy=1936 -> screen (216,91)..(225,100)
[p4:clut] samples=210000000 nonzero=76801208 (36.57%) u=[0..507] v=[0..255] distinctIdx=256 topNonZeroIdx=0x87(12550224) psm=0x2C tbp0=0x0 tbw=8 cbp=0x3B40 csa=0
[p4:gs-sprite] #102500 ctx=0 tme=1 abe=1 FRAME fbp=0x0 fbw=10 psm=0x1 msk=0x00000000 | SCISSOR 0,0..639,223 | TEST=0x000000000005008B | TEX0 tbp=0x0 tbw=8 psm=0x2C tw=512 th=512 tfx=0 | V0(1886.5,2013.0) V1(1893.5,2022.0) uv0(8008,8) uv1(8112,288) | XYOFFSET ofx=1728 ofy=1936 -> screen (158,77)..(165,86)
[p4:gs-sprite] #103000 ctx=0 tme=1 abe=1 FRAME fbp=0x0 fbw=10 psm=0x1 msk=0x00000000 | SCISSOR 0,0..639,223 | TEST=0x000000000005008B | TEX0 tbp=0x0 tbw=8 psm=0x2C tw=512 th=512 tfx=0 | V0(1950.5,2055.0) V1(1958.5,2064.0) uv0(1288,360) uv1(1408,640) | XYOFFSET ofx=1728 ofy=1936 -> screen (222,119)..(230,128)
[p4:gs-sprite] #103500 ctx=0 tme=1 abe=1 FRAME fbp=0x0 fbw=10 psm=0x1 msk=0x00000000 | SCISSOR 0,0..639,223 | TEST=0x000000000005008B | TEX0 tbp=0x0 tbw=8 psm=0x2C tw=512 th=512 tfx=0 | V0(2112.0,2027.0) V1(2117.0,2036.0) uv0(1784,360) uv1(1856,640) | XYOFFSET ofx=1728 ofy=1936 -> screen (384,91)..(389,100)
[p4:vbl] ticks=2400
[p4:clut] samples=210500000 nonzero=76997950 (36.58%) u=[0..507] v=[0..255] distinctIdx=256 topNonZeroIdx=0x87(12550224) psm=0x2C tbp0=0x0 tbw=8 cbp=0x3B40 csa=0
[p4:gs-sprite] #104000 ctx=0 tme=1 abe=1 FRAME fbp=0x0 fbw=10 psm=0x1 msk=0x00000000 | SCISSOR 0,0..639,223 | TEST=0x000000000005008B | TEX0 tbp=0x0 tbw=8 psm=0x2C tw=512 th=512 tfx=0 | V0(2066.5,2013.0) V1(2074.5,2024.0) uv0(2584,360) uv1(2704,704) | XYOFFSET ofx=1728 ofy=1936 -> screen (338,77)..(346,88)
[p4:gs-sprite] #104500 ctx=0 tme=1 abe=1 FRAME fbp=0x0 fbw=10 psm=0x1 msk=0x00000000 | SCISSOR 0,0..639,223 | TEST=0x000000000005008B | TEX0 tbp=0x0 tbw=8 psm=0x2C tw=512 th=512 tfx=0 | V0(2144.5,2055.0) V1(2152.5,2066.0) uv0(2584,360) uv1(2704,704) | XYOFFSET ofx=1728 ofy=1936 -> screen (416,119)..(424,130)
[p4:gs-sprite] #105000 ctx=0 tme=1 abe=1 FRAME fbp=0x0 fbw=10 psm=0x1 msk=0x00000000 | SCISSOR 0,0..639,223 | TEST=0x000000000005008B | TEX0 tbp=0x0 tbw=8 psm=0x2C tw=512 th=512 tfx=0 | V0(1939.0,2041.0) V1(1942.0,2050.0) uv0(872,360) uv1(912,640) | XYOFFSET ofx=1728 ofy=1936 -> screen (211,105)..(214,114)
[p4:gs-sprite] #105500 ctx=0 tme=1 abe=1 FRAME fbp=0x0 fbw=10 psm=0x1 msk=0x00000000 | SCISSOR 0,0..639,223 | TEST=0x000000000005008B | TEX0 tbp=0x0 tbw=8 psm=0x2C tw=512 th=512 tfx=0 | V0(2235.5,2013.0) V1(2243.5,2022.0) uv0(1288,360) uv1(1408,640) | XYOFFSET ofx=1728 ofy=1936 -> screen (507,77)..(515,86)
[p4:clut] samples=211000000 nonzero=77194439 (36.59%) u=[0..507] v=[0..255] distinctIdx=256 topNonZeroIdx=0x87(12550224) psm=0x2C tbp0=0x0 tbw=8 cbp=0x3B40 csa=0
[p4:gs-sprite] #106000 ctx=0 tme=1 abe=1 FRAME fbp=0x0 fbw=10 psm=0x1 msk=0x00000000 | SCISSOR 0,0..639,223 | TEST=0x000000000005008B | TEX0 tbp=0x0 tbw=8 psm=0x2C tw=512 th=512 tfx=0 | V0(2060.5,2069.0) V1(2081.5,2079.5) uv0(5112,1432) uv1(5440,1760) | XYOFFSET ofx=1728 ofy=1936 -> screen (332,133)..(353,143)
[p4:gs-sprite] #106500 ctx=0 tme=1 abe=1 FRAME fbp=0x0 fbw=10 psm=0x1 msk=0x00000000 | SCISSOR 0,0..639,223 | TEST=0x000000000005008B | TEX0 tbp=0x0 tbw=8 psm=0x2C tw=512 th=512 tfx=0 | V0(2124.0,2041.0) V1(2130.0,2050.0) uv0(1960,360) uv1(2048,640) | XYOFFSET ofx=1728 ofy=1936 -> screen (396,105)..(402,114)
[p4:gs-sprite] #107000 ctx=0 tme=1 abe=1 FRAME fbp=0x0 fbw=10 psm=0x1 msk=0x00000000 | SCISSOR 0,0..639,223 | TEST=0x000000000005008B | TEX0 tbp=0x0 tbw=8 psm=0x2C tw=512 th=512 tfx=0 | V0(2001.0,2027.0) V1(2006.0,2036.0) uv0(1784,360) uv1(1856,640) | XYOFFSET ofx=1728 ofy=1936 -> screen (273,91)..(278,100)
[p4:gs-sprite] #107500 ctx=0 tme=1 abe=1 FRAME fbp=0x0 fbw=10 psm=0x1 msk=0x00000000 | SCISSOR 0,0..639,223 | TEST=0x000000000005008B | TEX0 tbp=0x0 tbw=8 psm=0x2C tw=512 th=512 tfx=0 | V0(1956.5,2013.0) V1(1964.5,2022.0) uv0(744,360) uv1(864,640) | XYOFFSET ofx=1728 ofy=1936 -> screen (228,77)..(236,86)
[p4:clut] samples=211500000 nonzero=77390952 (36.59%) u=[0..507] v=[0..255] distinctIdx=256 topNonZeroIdx=0x87(12550224) psm=0x2C tbp0=0x0 tbw=8 cbp=0x3B40 csa=0
[p4:gs-sprite] #108000 ctx=0 tme=1 abe=1 FRAME fbp=0x0 fbw=10 psm=0x1 msk=0x00000000 | SCISSOR 0,0..639,223 | TEST=0x000000000005008B | TEX0 tbp=0x0 tbw=8 psm=0x2C tw=512 th=512 tfx=0 | V0(2018.5,2055.0) V1(2023.5,2064.0) uv0(1784,360) uv1(1856,640) | XYOFFSET ofx=1728 ofy=1936 -> screen (290,119)..(295,128)
[p4:gs-sprite] #108500 ctx=0 tme=1 abe=1 FRAME fbp=0x0 fbw=10 psm=0x1 msk=0x00000000 | SCISSOR 0,0..639,223 | TEST=0x000000000005008B | TEX0 tbp=0x0 tbw=8 psm=0x2C tw=512 th=512 tfx=0 | V0(2164.0,2027.0) V1(2172.0,2036.0) uv0(6184,8) uv1(6304,288) | XYOFFSET ofx=1728 ofy=1936 -> screen (436,91)..(444,100)
[p4:gs-sprite] #109000 ctx=0 tme=1 abe=1 FRAME fbp=0x0 fbw=10 psm=0x1 msk=0x00000000 | SCISSOR 0,0..639,223 | TEST=0x000000000005008B | TEX0 tbp=0x0 tbw=8 psm=0x2C tw=512 th=512 tfx=0 | V0(2124.5,2013.0) V1(2132.5,2022.0) uv0(488,360) uv1(608,640) | XYOFFSET ofx=1728 ofy=1936 -> screen (396,77)..(404,86)
[p4:gs-sprite] #109500 ctx=0 tme=1 abe=1 FRAME fbp=0x0 fbw=10 psm=0x1 msk=0x00000000 | SCISSOR 0,0..639,223 | TEST=0x000000000005008B | TEX0 tbp=0x0 tbw=8 psm=0x2C tw=512 th=512 tfx=0 | V0(2202.5,2055.0) V1(2210.5,2064.0) uv0(488,360) uv1(608,640) | XYOFFSET ofx=1728 ofy=1936 -> screen (474,119)..(482,128)
[p4:clut] samples=212000000 nonzero=77587625 (36.60%) u=[0..507] v=[0..255] distinctIdx=256 topNonZeroIdx=0x87(12550224) psm=0x2C tbp0=0x0 tbw=8 cbp=0x3B40 csa=0
[p4:gs-sprite] #110000 ctx=0 tme=1 abe=1 FRAME fbp=0x0 fbw=10 psm=0x1 msk=0x00000000 | SCISSOR 0,0..639,223 | TEST=0x000000000005008B | TEX0 tbp=0x0 tbw=8 psm=0x2C tw=512 th=512 tfx=0 | V0(1998.0,2041.0) V1(2008.0,2050.0) uv0(5592,8) uv1(5744,288) | XYOFFSET ofx=1728 ofy=1936 -> screen (270,105)..(280,114)
[p4:gs-sprite] #110500 ctx=0 tme=1 abe=1 FRAME fbp=0x0 fbw=10 psm=0x1 msk=0x00000000 | SCISSOR 0,0..639,223 | TEST=0x000000000005008B | TEX0 tbp=0x0 tbw=8 psm=0x2C tw=512 th=512 tfx=0 | V0(1881.0,2027.0) V1(1889.0,2036.0) uv0(744,360) uv1(864,640) | XYOFFSET ofx=1728 ofy=1936 -> screen (153,91)..(161,100)
[p4:gs-sprite] #111000 ctx=0 tme=0 abe=0 FRAME fbp=0x0 fbw=10 psm=0x1 msk=0x00000000 | SCISSOR 0,0..639,223 | TEST=0x000000000005008B | TEX0 tbp=0x0 tbw=0 psm=0x0 tw=1 th=1 tfx=0 | V0(1829.0,2007.0) V1(2267.0,2087.0) uv0(0,0) uv1(0,0) | XYOFFSET ofx=1728 ofy=1936 -> screen (101,71)..(539,151)
[p4:clut] samples=212500000 nonzero=77784560 (36.60%) u=[0..507] v=[0..255] distinctIdx=256 topNonZeroIdx=0x87(12550224) psm=0x2C tbp0=0x0 tbw=8 cbp=0x3B40 csa=0
[p4:gs-sprite] #111500 ctx=0 tme=1 abe=1 FRAME fbp=0x0 fbw=10 psm=0x1 msk=0x00000000 | SCISSOR 0,0..639,223 | TEST=0x000000000005008B | TEX0 tbp=0x0 tbw=8 psm=0x2C tw=512 th=512 tfx=0 | V0(1888.5,2055.0) V1(1896.5,2066.0) uv0(2584,360) uv1(2704,704) | XYOFFSET ofx=1728 ofy=1936 -> screen (160,119)..(168,130)
[p4:gs-sprite] #112000 ctx=0 tme=1 abe=1 FRAME fbp=0x0 fbw=10 psm=0x1 msk=0x00000000 | SCISSOR 0,0..639,223 | TEST=0x000000000005008B | TEX0 tbp=0x0 tbw=8 psm=0x2C tw=512 th=512 tfx=0 | V0(2057.0,2027.0) V1(2066.0,2036.0) uv0(3912,8) uv1(4048,288) | XYOFFSET ofx=1728 ofy=1936 -> screen (329,91)..(338,100)
[p4:gs-sprite] #112500 ctx=0 tme=1 abe=1 FRAME fbp=0x0 fbw=10 psm=0x1 msk=0x00000000 | SCISSOR 0,0..639,223 | TEST=0x000000000005008B | TEX0 tbp=0x0 tbw=8 psm=0x2C tw=512 th=512 tfx=0 | V0(2017.5,2013.0) V1(2024.5,2022.0) uv0(2056,360) uv1(2160,640) | XYOFFSET ofx=1728 ofy=1936 -> screen (289,77)..(296,86)
[p4:gs-sprite] #113000 ctx=0 tme=1 abe=1 FRAME fbp=0x0 fbw=10 psm=0x1 msk=0x00000000 | SCISSOR 0,0..639,223 | TEST=0x000000000005008B | TEX0 tbp=0x0 tbw=8 psm=0x2C tw=512 th=512 tfx=0 | V0(2073.5,2055.0) V1(2080.5,2064.0) uv0(8008,8) uv1(8112,288) | XYOFFSET ofx=1728 ofy=1936 -> screen (345,119)..(352,128)
[p4:clut] samples=213000000 nonzero=77981288 (36.61%) u=[0..507] v=[0..255] distinctIdx=256 topNonZeroIdx=0x87(12550224) psm=0x2C tbp0=0x0 tbw=8 cbp=0x3B40 csa=0
[p4:gs-sprite] #113500 ctx=0 tme=1 abe=1 FRAME fbp=0x0 fbw=10 psm=0x1 msk=0x00000000 | SCISSOR 0,0..639,223 | TEST=0x000000000005008B | TEX0 tbp=0x0 tbw=8 psm=0x2C tw=512 th=512 tfx=0 | V0(2204.0,2027.0) V1(2213.0,2036.0) uv0(1416,360) uv1(1552,640) | XYOFFSET ofx=1728 ofy=1936 -> screen (476,91)..(485,100)
[p4:gs-sprite] #114000 ctx=0 tme=1 abe=1 FRAME fbp=0x0 fbw=10 psm=0x1 msk=0x00000000 | SCISSOR 0,0..639,223 | TEST=0x000000000005008B | TEX0 tbp=0x0 tbw=8 psm=0x2C tw=512 th=512 tfx=0 | V0(2177.5,2013.0) V1(2184.5,2022.0) uv0(8008,8) uv1(8112,288) | XYOFFSET ofx=1728 ofy=1936 -> screen (449,77)..(456,86)
[p4:gs-sprite] #114500 ctx=0 tme=1 abe=1 FRAME fbp=0x0 fbw=10 psm=0x1 msk=0x00000000 | SCISSOR 0,0..639,223 | TEST=0x000000000005008B | TEX0 tbp=0x0 tbw=8 psm=0x2C tw=512 th=512 tfx=0 | V0(1973.5,2069.0) V1(1991.5,2079.0) uv0(3368,1096) uv1(3648,1408) | XYOFFSET ofx=1728 ofy=1936 -> screen (245,133)..(263,143)
[p4:gs-sprite] #115000 ctx=0 tme=1 abe=1 FRAME fbp=0x0 fbw=10 psm=0x1 msk=0x00000000 | SCISSOR 0,0..639,223 | TEST=0x000000000005008B | TEX0 tbp=0x0 tbw=8 psm=0x2C tw=512 th=512 tfx=0 | V0(2066.0,2041.0) V1(2075.0,2050.0) uv0(6040,8) uv1(6176,288) | XYOFFSET ofx=1728 ofy=1936 -> screen (338,105)..(347,114)
[p4:clut] samples=213500000 nonzero=78177707 (36.62%) u=[0..507] v=[0..255] distinctIdx=256 topNonZeroIdx=0x87(12550224) psm=0x2C tbp0=0x0 tbw=8 cbp=0x3B40 csa=0
[p4:gs-sprite] #115500 ctx=0 tme=1 abe=1 FRAME fbp=0x0 fbw=10 psm=0x1 msk=0x00000000 | SCISSOR 0,0..639,223 | TEST=0x000000000005008B | TEX0 tbp=0x0 tbw=8 psm=0x2C tw=512 th=512 tfx=0 | V0(1944.0,2027.0) V1(1953.0,2036.0) uv0(1416,360) uv1(1552,640) | XYOFFSET ofx=1728 ofy=1936 -> screen (216,91)..(225,100)
[p4:gs-sprite] #116000 ctx=0 tme=1 abe=1 FRAME fbp=0x0 fbw=10 psm=0x1 msk=0x00000000 | SCISSOR 0,0..639,223 | TEST=0x000000000005008B | TEX0 tbp=0x0 tbw=8 psm=0x2C tw=512 th=512 tfx=0 | V0(1886.5,2013.0) V1(1893.5,2022.0) uv0(8008,8) uv1(8112,288) | XYOFFSET ofx=1728 ofy=1936 -> screen (158,77)..(165,86)
[p4:gs-sprite] #116500 ctx=0 tme=1 abe=1 FRAME fbp=0x0 fbw=10 psm=0x1 msk=0x00000000 | SCISSOR 0,0..639,223 | TEST=0x000000000005008B | TEX0 tbp=0x0 tbw=8 psm=0x2C tw=512 th=512 tfx=0 | V0(1950.5,2055.0) V1(1958.5,2064.0) uv0(1288,360) uv1(1408,640) | XYOFFSET ofx=1728 ofy=1936 -> screen (222,119)..(230,128)
[p4:clut] samples=214000000 nonzero=78374298 (36.62%) u=[0..507] v=[0..255] distinctIdx=256 topNonZeroIdx=0x87(12550224) psm=0x2C tbp0=0x0 tbw=8 cbp=0x3B40 csa=0
[p4:gs-sprite] #117000 ctx=0 tme=1 abe=1 FRAME fbp=0x0 fbw=10 psm=0x1 msk=0x00000000 | SCISSOR 0,0..639,223 | TEST=0x000000000005008B | TEX0 tbp=0x0 tbw=8 psm=0x2C tw=512 th=512 tfx=0 | V0(2112.0,2027.0) V1(2117.0,2036.0) uv0(1784,360) uv1(1856,640) | XYOFFSET ofx=1728 ofy=1936 -> screen (384,91)..(389,100)
[p4:gs-sprite] #117500 ctx=0 tme=1 abe=1 FRAME fbp=0x0 fbw=10 psm=0x1 msk=0x00000000 | SCISSOR 0,0..639,223 | TEST=0x000000000005008B | TEX0 tbp=0x0 tbw=8 psm=0x2C tw=512 th=512 tfx=0 | V0(2066.5,2013.0) V1(2074.5,2024.0) uv0(2584,360) uv1(2704,704) | XYOFFSET ofx=1728 ofy=1936 -> screen (338,77)..(346,88)
[p4:gs-sprite] #118000 ctx=0 tme=1 abe=1 FRAME fbp=0x0 fbw=10 psm=0x1 msk=0x00000000 | SCISSOR 0,0..639,223 | TEST=0x000000000005008B | TEX0 tbp=0x0 tbw=8 psm=0x2C tw=512 th=512 tfx=0 | V0(2144.5,2055.0) V1(2152.5,2066.0) uv0(2584,360) uv1(2704,704) | XYOFFSET ofx=1728 ofy=1936 -> screen (416,119)..(424,130)
[p4:gs-sprite] #118500 ctx=0 tme=1 abe=1 FRAME fbp=0x0 fbw=10 psm=0x1 msk=0x00000000 | SCISSOR 0,0..639,223 | TEST=0x000000000005008B | TEX0 tbp=0x0 tbw=8 psm=0x2C tw=512 th=512 tfx=0 | V0(1939.0,2041.0) V1(1942.0,2050.0) uv0(872,360) uv1(912,640) | XYOFFSET ofx=1728 ofy=1936 -> screen (211,105)..(214,114)
[p4:clut] samples=214500000 nonzero=78570948 (36.63%) u=[0..507] v=[0..255] distinctIdx=256 topNonZeroIdx=0x87(12550224) psm=0x2C tbp0=0x0 tbw=8 cbp=0x3B40 csa=0
[p4:gs-sprite] #119000 ctx=0 tme=1 abe=1 FRAME fbp=0x0 fbw=10 psm=0x1 msk=0x00000000 | SCISSOR 0,0..639,223 | TEST=0x000000000005008B | TEX0 tbp=0x0 tbw=8 psm=0x2C tw=512 th=512 tfx=0 | V0(2235.5,2013.0) V1(2243.5,2022.0) uv0(1288,360) uv1(1408,640) | XYOFFSET ofx=1728 ofy=1936 -> screen (507,77)..(515,86)
[p4:gs-sprite] #119500 ctx=0 tme=1 abe=1 FRAME fbp=0x0 fbw=10 psm=0x1 msk=0x00000000 | SCISSOR 0,0..639,223 | TEST=0x000000000005008B | TEX0 tbp=0x0 tbw=8 psm=0x2C tw=512 th=512 tfx=0 | V0(2060.5,2069.0) V1(2081.5,2079.5) uv0(5112,1432) uv1(5440,1760) | XYOFFSET ofx=1728 ofy=1936 -> screen (332,133)..(353,143)
[p4:gs-sprite] #120000 ctx=0 tme=1 abe=1 FRAME fbp=0x0 fbw=10 psm=0x1 msk=0x00000000 | SCISSOR 0,0..639,223 | TEST=0x000000000005008B | TEX0 tbp=0x0 tbw=8 psm=0x2C tw=512 th=512 tfx=0 | V0(2124.0,2041.0) V1(2130.0,2050.0) uv0(1960,360) uv1(2048,640) | XYOFFSET ofx=1728 ofy=1936 -> screen (396,105)..(402,114)
[p4:gs-sprite] #120500 ctx=0 tme=1 abe=1 FRAME fbp=0x0 fbw=10 psm=0x1 msk=0x00000000 | SCISSOR 0,0..639,223 | TEST=0x000000000005008B | TEX0 tbp=0x0 tbw=8 psm=0x2C tw=512 th=512 tfx=0 | V0(2001.0,2027.0) V1(2006.0,2036.0) uv0(1784,360) uv1(1856,640) | XYOFFSET ofx=1728 ofy=1936 -> screen (273,91)..(278,100)
[p4:clut] samples=215000000 nonzero=78767948 (36.64%) u=[0..507] v=[0..255] distinctIdx=256 topNonZeroIdx=0x87(12550224) psm=0x2C tbp0=0x0 tbw=8 cbp=0x3B40 csa=0
[p4:gs-sprite] #121000 ctx=0 tme=1 abe=1 FRAME fbp=0x0 fbw=10 psm=0x1 msk=0x00000000 | SCISSOR 0,0..639,223 | TEST=0x000000000005008B | TEX0 tbp=0x0 tbw=8 psm=0x2C tw=512 th=512 tfx=0 | V0(1956.5,2013.0) V1(1964.5,2022.0) uv0(744,360) uv1(864,640) | XYOFFSET ofx=1728 ofy=1936 -> screen (228,77)..(236,86)
[p4:gs-sprite] #121500 ctx=0 tme=1 abe=1 FRAME fbp=0x0 fbw=10 psm=0x1 msk=0x00000000 | SCISSOR 0,0..639,223 | TEST=0x000000000005008B | TEX0 tbp=0x0 tbw=8 psm=0x2C tw=512 th=512 tfx=0 | V0(2018.5,2055.0) V1(2023.5,2064.0) uv0(1784,360) uv1(1856,640) | XYOFFSET ofx=1728 ofy=1936 -> screen (290,119)..(295,128)
[p4:gs-sprite] #122000 ctx=0 tme=1 abe=1 FRAME fbp=0x0 fbw=10 psm=0x1 msk=0x00000000 | SCISSOR 0,0..639,223 | TEST=0x000000000005008B | TEX0 tbp=0x0 tbw=8 psm=0x2C tw=512 th=512 tfx=0 | V0(2164.0,2027.0) V1(2172.0,2036.0) uv0(6184,8) uv1(6304,288) | XYOFFSET ofx=1728 ofy=1936 -> screen (436,91)..(444,100)
[p4:vbl] ticks=2700
[p4:gs-sprite] #122500 ctx=0 tme=1 abe=1 FRAME fbp=0x0 fbw=10 psm=0x1 msk=0x00000000 | SCISSOR 0,0..639,223 | TEST=0x000000000005008B | TEX0 tbp=0x0 tbw=8 psm=0x2C tw=512 th=512 tfx=0 | V0(2124.5,2013.0) V1(2132.5,2022.0) uv0(488,360) uv1(608,640) | XYOFFSET ofx=1728 ofy=1936 -> screen (396,77)..(404,86)
[p4:clut] samples=215500000 nonzero=78964453 (36.64%) u=[0..507] v=[0..255] distinctIdx=256 topNonZeroIdx=0x87(12550224) psm=0x2C tbp0=0x0 tbw=8 cbp=0x3B40 csa=0
[p4:gs-sprite] #123000 ctx=0 tme=1 abe=1 FRAME fbp=0x0 fbw=10 psm=0x1 msk=0x00000000 | SCISSOR 0,0..639,223 | TEST=0x000000000005008B | TEX0 tbp=0x0 tbw=8 psm=0x2C tw=512 th=512 tfx=0 | V0(2202.5,2055.0) V1(2210.5,2064.0) uv0(488,360) uv1(608,640) | XYOFFSET ofx=1728 ofy=1936 -> screen (474,119)..(482,128)
[p4:gs-sprite] #123500 ctx=0 tme=1 abe=1 FRAME fbp=0x0 fbw=10 psm=0x1 msk=0x00000000 | SCISSOR 0,0..639,223 | TEST=0x000000000005008B | TEX0 tbp=0x0 tbw=8 psm=0x2C tw=512 th=512 tfx=0 | V0(1998.0,2041.0) V1(2008.0,2050.0) uv0(5592,8) uv1(5744,288) | XYOFFSET ofx=1728 ofy=1936 -> screen (270,105)..(280,114)
[p4:gs-sprite] #124000 ctx=0 tme=1 abe=1 FRAME fbp=0x0 fbw=10 psm=0x1 msk=0x00000000 | SCISSOR 0,0..639,223 | TEST=0x000000000005008B | TEX0 tbp=0x0 tbw=8 psm=0x2C tw=512 th=512 tfx=0 | V0(1881.0,2027.0) V1(1889.0,2036.0) uv0(744,360) uv1(864,640) | XYOFFSET ofx=1728 ofy=1936 -> screen (153,91)..(161,100)
[p4:clut] samples=216000000 nonzero=79160935 (36.65%) u=[0..507] v=[0..255] distinctIdx=256 topNonZeroIdx=0x87(12550224) psm=0x2C tbp0=0x0 tbw=8 cbp=0x3B40 csa=0
[p4:gs-sprite] #124500 ctx=0 tme=0 abe=0 FRAME fbp=0x0 fbw=10 psm=0x1 msk=0x00000000 | SCISSOR 0,0..639,223 | TEST=0x000000000005008B | TEX0 tbp=0x0 tbw=0 psm=0x0 tw=1 th=1 tfx=0 | V0(1829.0,2007.0) V1(2267.0,2087.0) uv0(0,0) uv1(0,0) | XYOFFSET ofx=1728 ofy=1936 -> screen (101,71)..(539,151)
[p4:gs-sprite] #125000 ctx=0 tme=1 abe=1 FRAME fbp=0x0 fbw=10 psm=0x1 msk=0x00000000 | SCISSOR 0,0..639,223 | TEST=0x000000000005008B | TEX0 tbp=0x0 tbw=8 psm=0x2C tw=512 th=512 tfx=0 | V0(1888.5,2055.0) V1(1896.5,2066.0) uv0(2584,360) uv1(2704,704) | XYOFFSET ofx=1728 ofy=1936 -> screen (160,119)..(168,130)
[p4:gs-sprite] #125500 ctx=0 tme=1 abe=1 FRAME fbp=0x0 fbw=10 psm=0x1 msk=0x00000000 | SCISSOR 0,0..639,223 | TEST=0x000000000005008B | TEX0 tbp=0x0 tbw=8 psm=0x2C tw=512 th=512 tfx=0 | V0(2057.0,2027.0) V1(2066.0,2036.0) uv0(3912,8) uv1(4048,288) | XYOFFSET ofx=1728 ofy=1936 -> screen (329,91)..(338,100)
[p4:gs-sprite] #126000 ctx=0 tme=1 abe=1 FRAME fbp=0x0 fbw=10 psm=0x1 msk=0x00000000 | SCISSOR 0,0..639,223 | TEST=0x000000000005008B | TEX0 tbp=0x0 tbw=8 psm=0x2C tw=512 th=512 tfx=0 | V0(2017.5,2013.0) V1(2024.5,2022.0) uv0(2056,360) uv1(2160,640) | XYOFFSET ofx=1728 ofy=1936 -> screen (289,77)..(296,86)
[p4:clut] samples=216500000 nonzero=79357598 (36.65%) u=[0..507] v=[0..255] distinctIdx=256 topNonZeroIdx=0x87(12550224) psm=0x2C tbp0=0x0 tbw=8 cbp=0x3B40 csa=0
[p4:gs-sprite] #126500 ctx=0 tme=1 abe=1 FRAME fbp=0x0 fbw=10 psm=0x1 msk=0x00000000 | SCISSOR 0,0..639,223 | TEST=0x000000000005008B | TEX0 tbp=0x0 tbw=8 psm=0x2C tw=512 th=512 tfx=0 | V0(2073.5,2055.0) V1(2080.5,2064.0) uv0(8008,8) uv1(8112,288) | XYOFFSET ofx=1728 ofy=1936 -> screen (345,119)..(352,128)
[p4:gs-sprite] #127000 ctx=0 tme=1 abe=1 FRAME fbp=0x0 fbw=10 psm=0x1 msk=0x00000000 | SCISSOR 0,0..639,223 | TEST=0x000000000005008B | TEX0 tbp=0x0 tbw=8 psm=0x2C tw=512 th=512 tfx=0 | V0(2204.0,2027.0) V1(2213.0,2036.0) uv0(1416,360) uv1(1552,640) | XYOFFSET ofx=1728 ofy=1936 -> screen (476,91)..(485,100)
[p4:gs-sprite] #127500 ctx=0 tme=1 abe=1 FRAME fbp=0x0 fbw=10 psm=0x1 msk=0x00000000 | SCISSOR 0,0..639,223 | TEST=0x000000000005008B | TEX0 tbp=0x0 tbw=8 psm=0x2C tw=512 th=512 tfx=0 | V0(2177.5,2013.0) V1(2184.5,2022.0) uv0(8008,8) uv1(8112,288) | XYOFFSET ofx=1728 ofy=1936 -> screen (449,77)..(456,86)
[p4:gs-sprite] #128000 ctx=0 tme=1 abe=1 FRAME fbp=0x0 fbw=10 psm=0x1 msk=0x00000000 | SCISSOR 0,0..639,223 | TEST=0x000000000005008B | TEX0 tbp=0x0 tbw=8 psm=0x2C tw=512 th=512 tfx=0 | V0(1973.5,2069.0) V1(1991.5,2079.0) uv0(3368,1096) uv1(3648,1408) | XYOFFSET ofx=1728 ofy=1936 -> screen (245,133)..(263,143)
[p4:clut] samples=217000000 nonzero=79554529 (36.66%) u=[0..507] v=[0..255] distinctIdx=256 topNonZeroIdx=0x87(12550224) psm=0x2C tbp0=0x0 tbw=8 cbp=0x3B40 csa=0
[p4:gs-sprite] #128500 ctx=0 tme=1 abe=1 FRAME fbp=0x0 fbw=10 psm=0x1 msk=0x00000000 | SCISSOR 0,0..639,223 | TEST=0x000000000005008B | TEX0 tbp=0x0 tbw=8 psm=0x2C tw=512 th=512 tfx=0 | V0(2066.0,2041.0) V1(2075.0,2050.0) uv0(6040,8) uv1(6176,288) | XYOFFSET ofx=1728 ofy=1936 -> screen (338,105)..(347,114)
[p4:gs-sprite] #129000 ctx=0 tme=1 abe=1 FRAME fbp=0x0 fbw=10 psm=0x1 msk=0x00000000 | SCISSOR 0,0..639,223 | TEST=0x000000000005008B | TEX0 tbp=0x0 tbw=8 psm=0x2C tw=512 th=512 tfx=0 | V0(1944.0,2027.0) V1(1953.0,2036.0) uv0(1416,360) uv1(1552,640) | XYOFFSET ofx=1728 ofy=1936 -> screen (216,91)..(225,100)
[p4:gs-sprite] #129500 ctx=0 tme=1 abe=1 FRAME fbp=0x0 fbw=10 psm=0x1 msk=0x00000000 | SCISSOR 0,0..639,223 | TEST=0x000000000005008B | TEX0 tbp=0x0 tbw=8 psm=0x2C tw=512 th=512 tfx=0 | V0(1886.5,2013.0) V1(1893.5,2022.0) uv0(8008,8) uv1(8112,288) | XYOFFSET ofx=1728 ofy=1936 -> screen (158,77)..(165,86)
[p4:clut] samples=217500000 nonzero=79751321 (36.67%) u=[0..507] v=[0..255] distinctIdx=256 topNonZeroIdx=0x87(12550224) psm=0x2C tbp0=0x0 tbw=8 cbp=0x3B40 csa=0
[p4:gs-sprite] #130000 ctx=0 tme=1 abe=1 FRAME fbp=0x0 fbw=10 psm=0x1 msk=0x00000000 | SCISSOR 0,0..639,223 | TEST=0x000000000005008B | TEX0 tbp=0x0 tbw=8 psm=0x2C tw=512 th=512 tfx=0 | V0(1950.5,2055.0) V1(1958.5,2064.0) uv0(1288,360) uv1(1408,640) | XYOFFSET ofx=1728 ofy=1936 -> screen (222,119)..(230,128)
[p4:gs-sprite] #130500 ctx=0 tme=1 abe=1 FRAME fbp=0x0 fbw=10 psm=0x1 msk=0x00000000 | SCISSOR 0,0..639,223 | TEST=0x000000000005008B | TEX0 tbp=0x0 tbw=8 psm=0x2C tw=512 th=512 tfx=0 | V0(2112.0,2027.0) V1(2117.0,2036.0) uv0(1784,360) uv1(1856,640) | XYOFFSET ofx=1728 ofy=1936 -> screen (384,91)..(389,100)
[p4:gs-sprite] #131000 ctx=0 tme=1 abe=1 FRAME fbp=0x0 fbw=10 psm=0x1 msk=0x00000000 | SCISSOR 0,0..639,223 | TEST=0x000000000005008B | TEX0 tbp=0x0 tbw=8 psm=0x2C tw=512 th=512 tfx=0 | V0(2066.5,2013.0) V1(2074.5,2024.0) uv0(2584,360) uv1(2704,704) | XYOFFSET ofx=1728 ofy=1936 -> screen (338,77)..(346,88)
[p4:gs-sprite] #131500 ctx=0 tme=1 abe=1 FRAME fbp=0x0 fbw=10 psm=0x1 msk=0x00000000 | SCISSOR 0,0..639,223 | TEST=0x000000000005008B | TEX0 tbp=0x0 tbw=8 psm=0x2C tw=512 th=512 tfx=0 | V0(2144.5,2055.0) V1(2152.5,2066.0) uv0(2584,360) uv1(2704,704) | XYOFFSET ofx=1728 ofy=1936 -> screen (416,119)..(424,130)
[p4:clut] samples=218000000 nonzero=79947747 (36.67%) u=[0..507] v=[0..255] distinctIdx=256 topNonZeroIdx=0x87(12550224) psm=0x2C tbp0=0x0 tbw=8 cbp=0x3B40 csa=0
[p4:gs-sprite] #132000 ctx=0 tme=1 abe=1 FRAME fbp=0x0 fbw=10 psm=0x1 msk=0x00000000 | SCISSOR 0,0..639,223 | TEST=0x000000000005008B | TEX0 tbp=0x0 tbw=8 psm=0x2C tw=512 th=512 tfx=0 | V0(1939.0,2041.0) V1(1942.0,2050.0) uv0(872,360) uv1(912,640) | XYOFFSET ofx=1728 ofy=1936 -> screen (211,105)..(214,114)
[p4:gs-sprite] #132500 ctx=0 tme=1 abe=1 FRAME fbp=0x0 fbw=10 psm=0x1 msk=0x00000000 | SCISSOR 0,0..639,223 | TEST=0x000000000005008B | TEX0 tbp=0x0 tbw=8 psm=0x2C tw=512 th=512 tfx=0 | V0(2235.5,2013.0) V1(2243.5,2022.0) uv0(1288,360) uv1(1408,640) | XYOFFSET ofx=1728 ofy=1936 -> screen (507,77)..(515,86)
[p4:gs-sprite] #133000 ctx=0 tme=1 abe=1 FRAME fbp=0x0 fbw=10 psm=0x1 msk=0x00000000 | SCISSOR 0,0..639,223 | TEST=0x000000000005008B | TEX0 tbp=0x0 tbw=8 psm=0x2C tw=512 th=512 tfx=0 | V0(2060.5,2069.0) V1(2081.5,2079.5) uv0(5112,1432) uv1(5440,1760) | XYOFFSET ofx=1728 ofy=1936 -> screen (332,133)..(353,143)
[p4:gs-sprite] #133500 ctx=0 tme=1 abe=1 FRAME fbp=0x0 fbw=10 psm=0x1 msk=0x00000000 | SCISSOR 0,0..639,223 | TEST=0x000000000005008B | TEX0 tbp=0x0 tbw=8 psm=0x2C tw=512 th=512 tfx=0 | V0(2124.0,2041.0) V1(2130.0,2050.0) uv0(1960,360) uv1(2048,640) | XYOFFSET ofx=1728 ofy=1936 -> screen (396,105)..(402,114)
[p4:clut] samples=218500000 nonzero=80144292 (36.68%) u=[0..507] v=[0..255] distinctIdx=256 topNonZeroIdx=0x87(12550224) psm=0x2C tbp0=0x0 tbw=8 cbp=0x3B40 csa=0
[p4:gs-sprite] #134000 ctx=0 tme=1 abe=1 FRAME fbp=0x0 fbw=10 psm=0x1 msk=0x00000000 | SCISSOR 0,0..639,223 | TEST=0x000000000005008B | TEX0 tbp=0x0 tbw=8 psm=0x2C tw=512 th=512 tfx=0 | V0(2001.0,2027.0) V1(2006.0,2036.0) uv0(1784,360) uv1(1856,640) | XYOFFSET ofx=1728 ofy=1936 -> screen (273,91)..(278,100)
[p4:gs-sprite] #134500 ctx=0 tme=1 abe=1 FRAME fbp=0x0 fbw=10 psm=0x1 msk=0x00000000 | SCISSOR 0,0..639,223 | TEST=0x000000000005008B | TEX0 tbp=0x0 tbw=8 psm=0x2C tw=512 th=512 tfx=0 | V0(1956.5,2013.0) V1(1964.5,2022.0) uv0(744,360) uv1(864,640) | XYOFFSET ofx=1728 ofy=1936 -> screen (228,77)..(236,86)
[p4:gs-sprite] #135000 ctx=0 tme=1 abe=1 FRAME fbp=0x0 fbw=10 psm=0x1 msk=0x00000000 | SCISSOR 0,0..639,223 | TEST=0x000000000005008B | TEX0 tbp=0x0 tbw=8 psm=0x2C tw=512 th=512 tfx=0 | V0(2018.5,2055.0) V1(2023.5,2064.0) uv0(1784,360) uv1(1856,640) | XYOFFSET ofx=1728 ofy=1936 -> screen (290,119)..(295,128)
[p4:gs-sprite] #135500 ctx=0 tme=1 abe=1 FRAME fbp=0x0 fbw=10 psm=0x1 msk=0x00000000 | SCISSOR 0,0..639,223 | TEST=0x000000000005008B | TEX0 tbp=0x0 tbw=8 psm=0x2C tw=512 th=512 tfx=0 | V0(2164.0,2027.0) V1(2172.0,2036.0) uv0(6184,8) uv1(6304,288) | XYOFFSET ofx=1728 ofy=1936 -> screen (436,91)..(444,100)
[p4:clut] samples=219000000 nonzero=80341000 (36.69%) u=[0..507] v=[0..255] distinctIdx=256 topNonZeroIdx=0x87(12550224) psm=0x2C tbp0=0x0 tbw=8 cbp=0x3B40 csa=0
[p4:gs-sprite] #136000 ctx=0 tme=1 abe=1 FRAME fbp=0x0 fbw=10 psm=0x1 msk=0x00000000 | SCISSOR 0,0..639,223 | TEST=0x000000000005008B | TEX0 tbp=0x0 tbw=8 psm=0x2C tw=512 th=512 tfx=0 | V0(2124.5,2013.0) V1(2132.5,2022.0) uv0(488,360) uv1(608,640) | XYOFFSET ofx=1728 ofy=1936 -> screen (396,77)..(404,86)
[p4:gs-sprite] #136500 ctx=0 tme=1 abe=1 FRAME fbp=0x0 fbw=10 psm=0x1 msk=0x00000000 | SCISSOR 0,0..639,223 | TEST=0x000000000005008B | TEX0 tbp=0x0 tbw=8 psm=0x2C tw=512 th=512 tfx=0 | V0(2202.5,2055.0) V1(2210.5,2064.0) uv0(488,360) uv1(608,640) | XYOFFSET ofx=1728 ofy=1936 -> screen (474,119)..(482,128)
[p4:gs-sprite] #137000 ctx=0 tme=1 abe=1 FRAME fbp=0x0 fbw=10 psm=0x1 msk=0x00000000 | SCISSOR 0,0..639,223 | TEST=0x000000000005008B | TEX0 tbp=0x0 tbw=8 psm=0x2C tw=512 th=512 tfx=0 | V0(1998.0,2041.0) V1(2008.0,2050.0) uv0(5592,8) uv1(5744,288) | XYOFFSET ofx=1728 ofy=1936 -> screen (270,105)..(280,114)
[p4:clut] samples=219500000 nonzero=80537891 (36.69%) u=[0..507] v=[0..255] distinctIdx=256 topNonZeroIdx=0x87(12550224) psm=0x2C tbp0=0x0 tbw=8 cbp=0x3B40 csa=0
[p4:gs-sprite] #137500 ctx=0 tme=1 abe=1 FRAME fbp=0x0 fbw=10 psm=0x1 msk=0x00000000 | SCISSOR 0,0..639,223 | TEST=0x000000000005008B | TEX0 tbp=0x0 tbw=8 psm=0x2C tw=512 th=512 tfx=0 | V0(1881.0,2027.0) V1(1889.0,2036.0) uv0(744,360) uv1(864,640) | XYOFFSET ofx=1728 ofy=1936 -> screen (153,91)..(161,100)
[p4:gs-sprite] #138000 ctx=0 tme=0 abe=0 FRAME fbp=0x0 fbw=10 psm=0x1 msk=0x00000000 | SCISSOR 0,0..639,223 | TEST=0x000000000005008B | TEX0 tbp=0x0 tbw=0 psm=0x0 tw=1 th=1 tfx=0 | V0(1829.0,2007.0) V1(2267.0,2087.0) uv0(0,0) uv1(0,0) | XYOFFSET ofx=1728 ofy=1936 -> screen (101,71)..(539,151)
[p4:gs-sprite] #138500 ctx=0 tme=1 abe=1 FRAME fbp=0x0 fbw=10 psm=0x1 msk=0x00000000 | SCISSOR 0,0..639,223 | TEST=0x000000000005008B | TEX0 tbp=0x0 tbw=8 psm=0x2C tw=512 th=512 tfx=0 | V0(1888.5,2055.0) V1(1896.5,2066.0) uv0(2584,360) uv1(2704,704) | XYOFFSET ofx=1728 ofy=1936 -> screen (160,119)..(168,130)
[p4:gs-sprite] #139000 ctx=0 tme=1 abe=1 FRAME fbp=0x0 fbw=10 psm=0x1 msk=0x00000000 | SCISSOR 0,0..639,223 | TEST=0x000000000005008B | TEX0 tbp=0x0 tbw=8 psm=0x2C tw=512 th=512 tfx=0 | V0(2057.0,2027.0) V1(2066.0,2036.0) uv0(3912,8) uv1(4048,288) | XYOFFSET ofx=1728 ofy=1936 -> screen (329,91)..(338,100)
[p4:clut] samples=220000000 nonzero=80734617 (36.70%) u=[0..507] v=[0..255] distinctIdx=256 topNonZeroIdx=0x87(12550224) psm=0x2C tbp0=0x0 tbw=8 cbp=0x3B40 csa=0
[p4:gs-sprite] #139500 ctx=0 tme=1 abe=1 FRAME fbp=0x0 fbw=10 psm=0x1 msk=0x00000000 | SCISSOR 0,0..639,223 | TEST=0x000000000005008B | TEX0 tbp=0x0 tbw=8 psm=0x2C tw=512 th=512 tfx=0 | V0(2017.5,2013.0) V1(2024.5,2022.0) uv0(2056,360) uv1(2160,640) | XYOFFSET ofx=1728 ofy=1936 -> screen (289,77)..(296,86)
[p4:gs-sprite] #140000 ctx=0 tme=1 abe=1 FRAME fbp=0x0 fbw=10 psm=0x1 msk=0x00000000 | SCISSOR 0,0..639,223 | TEST=0x000000000005008B | TEX0 tbp=0x0 tbw=8 psm=0x2C tw=512 th=512 tfx=0 | V0(2073.5,2055.0) V1(2080.5,2064.0) uv0(8008,8) uv1(8112,288) | XYOFFSET ofx=1728 ofy=1936 -> screen (345,119)..(352,128)
[p4:gs-sprite] #140500 ctx=0 tme=1 abe=1 FRAME fbp=0x0 fbw=10 psm=0x1 msk=0x00000000 | SCISSOR 0,0..639,223 | TEST=0x000000000005008B | TEX0 tbp=0x0 tbw=8 psm=0x2C tw=512 th=512 tfx=0 | V0(2204.0,2027.0) V1(2213.0,2036.0) uv0(1416,360) uv1(1552,640) | XYOFFSET ofx=1728 ofy=1936 -> screen (476,91)..(485,100)
[p4:gs-sprite] #141000 ctx=0 tme=1 abe=1 FRAME fbp=0x0 fbw=10 psm=0x1 msk=0x00000000 | SCISSOR 0,0..639,223 | TEST=0x000000000005008B | TEX0 tbp=0x0 tbw=8 psm=0x2C tw=512 th=512 tfx=0 | V0(2177.5,2013.0) V1(2184.5,2022.0) uv0(8008,8) uv1(8112,288) | XYOFFSET ofx=1728 ofy=1936 -> screen (449,77)..(456,86)
[p4:clut] samples=220500000 nonzero=80930939 (36.70%) u=[0..507] v=[0..255] distinctIdx=256 topNonZeroIdx=0x87(12550224) psm=0x2C tbp0=0x0 tbw=8 cbp=0x3B40 csa=0
[p4:gs-sprite] #141500 ctx=0 tme=1 abe=1 FRAME fbp=0x0 fbw=10 psm=0x1 msk=0x00000000 | SCISSOR 0,0..639,223 | TEST=0x000000000005008B | TEX0 tbp=0x0 tbw=8 psm=0x2C tw=512 th=512 tfx=0 | V0(1973.5,2069.0) V1(1991.5,2079.0) uv0(3368,1096) uv1(3648,1408) | XYOFFSET ofx=1728 ofy=1936 -> screen (245,133)..(263,143)
[p4:vbl] ticks=3000
[p4:gs-sprite] #142000 ctx=0 tme=1 abe=1 FRAME fbp=0x0 fbw=10 psm=0x1 msk=0x00000000 | SCISSOR 0,0..639,223 | TEST=0x000000000005008B | TEX0 tbp=0x0 tbw=8 psm=0x2C tw=512 th=512 tfx=0 | V0(2066.0,2041.0) V1(2075.0,2050.0) uv0(6040,8) uv1(6176,288) | XYOFFSET ofx=1728 ofy=1936 -> screen (338,105)..(347,114)
[p4:gs-sprite] #142500 ctx=0 tme=1 abe=1 FRAME fbp=0x0 fbw=10 psm=0x1 msk=0x00000000 | SCISSOR 0,0..639,223 | TEST=0x000000000005008B | TEX0 tbp=0x0 tbw=8 psm=0x2C tw=512 th=512 tfx=0 | V0(1944.0,2027.0) V1(1953.0,2036.0) uv0(1416,360) uv1(1552,640) | XYOFFSET ofx=1728 ofy=1936 -> screen (216,91)..(225,100)
[p4:gs-sprite] #143000 ctx=0 tme=1 abe=1 FRAME fbp=0x0 fbw=10 psm=0x1 msk=0x00000000 | SCISSOR 0,0..639,223 | TEST=0x000000000005008B | TEX0 tbp=0x0 tbw=8 psm=0x2C tw=512 th=512 tfx=0 | V0(1886.5,2013.0) V1(1893.5,2022.0) uv0(8008,8) uv1(8112,288) | XYOFFSET ofx=1728 ofy=1936 -> screen (158,77)..(165,86)
[p4:clut] samples=221000000 nonzero=81127618 (36.71%) u=[0..507] v=[0..255] distinctIdx=256 topNonZeroIdx=0x87(12550224) psm=0x2C tbp0=0x0 tbw=8 cbp=0x3B40 csa=0
[p4:gs-sprite] #143500 ctx=0 tme=1 abe=1 FRAME fbp=0x0 fbw=10 psm=0x1 msk=0x00000000 | SCISSOR 0,0..639,223 | TEST=0x000000000005008B | TEX0 tbp=0x0 tbw=8 psm=0x2C tw=512 th=512 tfx=0 | V0(1950.5,2055.0) V1(1958.5,2064.0) uv0(1288,360) uv1(1408,640) | XYOFFSET ofx=1728 ofy=1936 -> screen (222,119)..(230,128)
[p4:gs-sprite] #144000 ctx=0 tme=1 abe=1 FRAME fbp=0x0 fbw=10 psm=0x1 msk=0x00000000 | SCISSOR 0,0..639,223 | TEST=0x000000000005008B | TEX0 tbp=0x0 tbw=8 psm=0x2C tw=512 th=512 tfx=0 | V0(2112.0,2027.0) V1(2117.0,2036.0) uv0(1784,360) uv1(1856,640) | XYOFFSET ofx=1728 ofy=1936 -> screen (384,91)..(389,100)
[p4:gs-sprite] #144500 ctx=0 tme=1 abe=1 FRAME fbp=0x0 fbw=10 psm=0x1 msk=0x00000000 | SCISSOR 0,0..639,223 | TEST=0x000000000005008B | TEX0 tbp=0x0 tbw=8 psm=0x2C tw=512 th=512 tfx=0 | V0(2066.5,2013.0) V1(2074.5,2024.0) uv0(2584,360) uv1(2704,704) | XYOFFSET ofx=1728 ofy=1936 -> screen (338,77)..(346,88)
[p4:clut] samples=221500000 nonzero=81324360 (36.72%) u=[0..507] v=[0..255] distinctIdx=256 topNonZeroIdx=0x87(12550224) psm=0x2C tbp0=0x0 tbw=8 cbp=0x3B40 csa=0
[p4:gs-sprite] #145000 ctx=0 tme=1 abe=1 FRAME fbp=0x0 fbw=10 psm=0x1 msk=0x00000000 | SCISSOR 0,0..639,223 | TEST=0x000000000005008B | TEX0 tbp=0x0 tbw=8 psm=0x2C tw=512 th=512 tfx=0 | V0(2144.5,2055.0) V1(2152.5,2066.0) uv0(2584,360) uv1(2704,704) | XYOFFSET ofx=1728 ofy=1936 -> screen (416,119)..(424,130)
[p4:gs-sprite] #145500 ctx=0 tme=1 abe=1 FRAME fbp=0x0 fbw=10 psm=0x1 msk=0x00000000 | SCISSOR 0,0..639,223 | TEST=0x000000000005008B | TEX0 tbp=0x0 tbw=8 psm=0x2C tw=512 th=512 tfx=0 | V0(1939.0,2041.0) V1(1942.0,2050.0) uv0(872,360) uv1(912,640) | XYOFFSET ofx=1728 ofy=1936 -> screen (211,105)..(214,114)
[p4:gs-sprite] #146000 ctx=0 tme=1 abe=1 FRAME fbp=0x0 fbw=10 psm=0x1 msk=0x00000000 | SCISSOR 0,0..639,223 | TEST=0x000000000005008B | TEX0 tbp=0x0 tbw=8 psm=0x2C tw=512 th=512 tfx=0 | V0(2235.5,2013.0) V1(2243.5,2022.0) uv0(1288,360) uv1(1408,640) | XYOFFSET ofx=1728 ofy=1936 -> screen (507,77)..(515,86)
[p4:gs-sprite] #146500 ctx=0 tme=1 abe=1 FRAME fbp=0x0 fbw=10 psm=0x1 msk=0x00000000 | SCISSOR 0,0..639,223 | TEST=0x000000000005008B | TEX0 tbp=0x0 tbw=8 psm=0x2C tw=512 th=512 tfx=0 | V0(2060.5,2069.0) V1(2081.5,2079.5) uv0(5112,1432) uv1(5440,1760) | XYOFFSET ofx=1728 ofy=1936 -> screen (332,133)..(353,143)
[p4:clut] samples=222000000 nonzero=81521279 (36.72%) u=[0..507] v=[0..255] distinctIdx=256 topNonZeroIdx=0x87(12550224) psm=0x2C tbp0=0x0 tbw=8 cbp=0x3B40 csa=0
[p4:gs-sprite] #147000 ctx=0 tme=1 abe=1 FRAME fbp=0x0 fbw=10 psm=0x1 msk=0x00000000 | SCISSOR 0,0..639,223 | TEST=0x000000000005008B | TEX0 tbp=0x0 tbw=8 psm=0x2C tw=512 th=512 tfx=0 | V0(2124.0,2041.0) V1(2130.0,2050.0) uv0(1960,360) uv1(2048,640) | XYOFFSET ofx=1728 ofy=1936 -> screen (396,105)..(402,114)
[p4:gs-sprite] #147500 ctx=0 tme=1 abe=1 FRAME fbp=0x0 fbw=10 psm=0x1 msk=0x00000000 | SCISSOR 0,0..639,223 | TEST=0x000000000005008B | TEX0 tbp=0x0 tbw=8 psm=0x2C tw=512 th=512 tfx=0 | V0(2001.0,2027.0) V1(2006.0,2036.0) uv0(1784,360) uv1(1856,640) | XYOFFSET ofx=1728 ofy=1936 -> screen (273,91)..(278,100)
[p4:gs-sprite] #148000 ctx=0 tme=1 abe=1 FRAME fbp=0x0 fbw=10 psm=0x1 msk=0x00000000 | SCISSOR 0,0..639,223 | TEST=0x000000000005008B | TEX0 tbp=0x0 tbw=8 psm=0x2C tw=512 th=512 tfx=0 | V0(1956.5,2013.0) V1(1964.5,2022.0) uv0(744,360) uv1(864,640) | XYOFFSET ofx=1728 ofy=1936 -> screen (228,77)..(236,86)
[p4:gs-sprite] #148500 ctx=0 tme=1 abe=1 FRAME fbp=0x0 fbw=10 psm=0x1 msk=0x00000000 | SCISSOR 0,0..639,223 | TEST=0x000000000005008B | TEX0 tbp=0x0 tbw=8 psm=0x2C tw=512 th=512 tfx=0 | V0(2018.5,2055.0) V1(2023.5,2064.0) uv0(1784,360) uv1(1856,640) | XYOFFSET ofx=1728 ofy=1936 -> screen (290,119)..(295,128)
[p4:clut] samples=222500000 nonzero=81717789 (36.73%) u=[0..507] v=[0..255] distinctIdx=256 topNonZeroIdx=0x87(12550224) psm=0x2C tbp0=0x0 tbw=8 cbp=0x3B40 csa=0
[p4:gs-sprite] #149000 ctx=0 tme=1 abe=1 FRAME fbp=0x0 fbw=10 psm=0x1 msk=0x00000000 | SCISSOR 0,0..639,223 | TEST=0x000000000005008B | TEX0 tbp=0x0 tbw=8 psm=0x2C tw=512 th=512 tfx=0 | V0(2164.0,2027.0) V1(2172.0,2036.0) uv0(6184,8) uv1(6304,288) | XYOFFSET ofx=1728 ofy=1936 -> screen (436,91)..(444,100)
[p4:gs-sprite] #149500 ctx=0 tme=1 abe=1 FRAME fbp=0x0 fbw=10 psm=0x1 msk=0x00000000 | SCISSOR 0,0..639,223 | TEST=0x000000000005008B | TEX0 tbp=0x0 tbw=8 psm=0x2C tw=512 th=512 tfx=0 | V0(2124.5,2013.0) V1(2132.5,2022.0) uv0(488,360) uv1(608,640) | XYOFFSET ofx=1728 ofy=1936 -> screen (396,77)..(404,86)
[p4:gs-sprite] #150000 ctx=0 tme=1 abe=1 FRAME fbp=0x0 fbw=10 psm=0x1 msk=0x00000000 | SCISSOR 0,0..639,223 | TEST=0x000000000005008B | TEX0 tbp=0x0 tbw=8 psm=0x2C tw=512 th=512 tfx=0 | V0(2202.5,2055.0) V1(2210.5,2064.0) uv0(488,360) uv1(608,640) | XYOFFSET ofx=1728 ofy=1936 -> screen (474,119)..(482,128)
[p4:clut] samples=223000000 nonzero=81914332 (36.73%) u=[0..507] v=[0..255] distinctIdx=256 topNonZeroIdx=0x87(12550224) psm=0x2C tbp0=0x0 tbw=8 cbp=0x3B40 csa=0
[p4:gs-sprite] #150500 ctx=0 tme=1 abe=1 FRAME fbp=0x0 fbw=10 psm=0x1 msk=0x00000000 | SCISSOR 0,0..639,223 | TEST=0x000000000005008B | TEX0 tbp=0x0 tbw=8 psm=0x2C tw=512 th=512 tfx=0 | V0(1998.0,2041.0) V1(2008.0,2050.0) uv0(5592,8) uv1(5744,288) | XYOFFSET ofx=1728 ofy=1936 -> screen (270,105)..(280,114)
[p4:gs-sprite] #151000 ctx=0 tme=1 abe=1 FRAME fbp=0x0 fbw=10 psm=0x1 msk=0x00000000 | SCISSOR 0,0..639,223 | TEST=0x000000000005008B | TEX0 tbp=0x0 tbw=8 psm=0x2C tw=512 th=512 tfx=0 | V0(1881.0,2027.0) V1(1889.0,2036.0) uv0(744,360) uv1(864,640) | XYOFFSET ofx=1728 ofy=1936 -> screen (153,91)..(161,100)
[p4:gs-sprite] #151500 ctx=0 tme=0 abe=0 FRAME fbp=0x0 fbw=10 psm=0x1 msk=0x00000000 | SCISSOR 0,0..639,223 | TEST=0x000000000005008B | TEX0 tbp=0x0 tbw=0 psm=0x0 tw=1 th=1 tfx=0 | V0(1829.0,2007.0) V1(2267.0,2087.0) uv0(0,0) uv1(0,0) | XYOFFSET ofx=1728 ofy=1936 -> screen (101,71)..(539,151)
[p4:gs-sprite] #152000 ctx=0 tme=1 abe=1 FRAME fbp=0x0 fbw=10 psm=0x1 msk=0x00000000 | SCISSOR 0,0..639,223 | TEST=0x000000000005008B | TEX0 tbp=0x0 tbw=8 psm=0x2C tw=512 th=512 tfx=0 | V0(1888.5,2055.0) V1(1896.5,2066.0) uv0(2584,360) uv1(2704,704) | XYOFFSET ofx=1728 ofy=1936 -> screen (160,119)..(168,130)
[p4:clut] samples=223500000 nonzero=82110976 (36.74%) u=[0..507] v=[0..255] distinctIdx=256 topNonZeroIdx=0x87(12550224) psm=0x2C tbp0=0x0 tbw=8 cbp=0x3B40 csa=0
[p4:gs-sprite] #152500 ctx=0 tme=1 abe=1 FRAME fbp=0x0 fbw=10 psm=0x1 msk=0x00000000 | SCISSOR 0,0..639,223 | TEST=0x000000000005008B | TEX0 tbp=0x0 tbw=8 psm=0x2C tw=512 th=512 tfx=0 | V0(2057.0,2027.0) V1(2066.0,2036.0) uv0(3912,8) uv1(4048,288) | XYOFFSET ofx=1728 ofy=1936 -> screen (329,91)..(338,100)
[p4:gs-sprite] #153000 ctx=0 tme=1 abe=1 FRAME fbp=0x0 fbw=10 psm=0x1 msk=0x00000000 | SCISSOR 0,0..639,223 | TEST=0x000000000005008B | TEX0 tbp=0x0 tbw=8 psm=0x2C tw=512 th=512 tfx=0 | V0(2017.5,2013.0) V1(2024.5,2022.0) uv0(2056,360) uv1(2160,640) | XYOFFSET ofx=1728 ofy=1936 -> screen (289,77)..(296,86)
[p4:gs-sprite] #153500 ctx=0 tme=1 abe=1 FRAME fbp=0x0 fbw=10 psm=0x1 msk=0x00000000 | SCISSOR 0,0..639,223 | TEST=0x000000000005008B | TEX0 tbp=0x0 tbw=8 psm=0x2C tw=512 th=512 tfx=0 | V0(2073.5,2055.0) V1(2080.5,2064.0) uv0(8008,8) uv1(8112,288) | XYOFFSET ofx=1728 ofy=1936 -> screen (345,119)..(352,128)
[p4:gs-sprite] #154000 ctx=0 tme=1 abe=1 FRAME fbp=0x0 fbw=10 psm=0x1 msk=0x00000000 | SCISSOR 0,0..639,223 | TEST=0x000000000005008B | TEX0 tbp=0x0 tbw=8 psm=0x2C tw=512 th=512 tfx=0 | V0(2204.0,2027.0) V1(2213.0,2036.0) uv0(1416,360) uv1(1552,640) | XYOFFSET ofx=1728 ofy=1936 -> screen (476,91)..(485,100)
[p4:clut] samples=224000000 nonzero=82307819 (36.74%) u=[0..507] v=[0..255] distinctIdx=256 topNonZeroIdx=0x87(12550224) psm=0x2C tbp0=0x0 tbw=8 cbp=0x3B40 csa=0
[p4:gs-sprite] #154500 ctx=0 tme=1 abe=1 FRAME fbp=0x0 fbw=10 psm=0x1 msk=0x00000000 | SCISSOR 0,0..639,223 | TEST=0x000000000005008B | TEX0 tbp=0x0 tbw=8 psm=0x2C tw=512 th=512 tfx=0 | V0(2177.5,2013.0) V1(2184.5,2022.0) uv0(8008,8) uv1(8112,288) | XYOFFSET ofx=1728 ofy=1936 -> screen (449,77)..(456,86)
[p4:gs-sprite] #155000 ctx=0 tme=1 abe=1 FRAME fbp=0x0 fbw=10 psm=0x1 msk=0x00000000 | SCISSOR 0,0..639,223 | TEST=0x000000000005008B | TEX0 tbp=0x0 tbw=8 psm=0x2C tw=512 th=512 tfx=0 | V0(1973.5,2069.0) V1(1991.5,2079.0) uv0(3368,1096) uv1(3648,1408) | XYOFFSET ofx=1728 ofy=1936 -> screen (245,133)..(263,143)
[p4:gs-sprite] #155500 ctx=0 tme=1 abe=1 FRAME fbp=0x0 fbw=10 psm=0x1 msk=0x00000000 | SCISSOR 0,0..639,223 | TEST=0x000000000005008B | TEX0 tbp=0x0 tbw=8 psm=0x2C tw=512 th=512 tfx=0 | V0(2066.0,2041.0) V1(2075.0,2050.0) uv0(6040,8) uv1(6176,288) | XYOFFSET ofx=1728 ofy=1936 -> screen (338,105)..(347,114)
[p4:gs-sprite] #156000 ctx=0 tme=1 abe=1 FRAME fbp=0x0 fbw=10 psm=0x1 msk=0x00000000 | SCISSOR 0,0..639,223 | TEST=0x000000000005008B | TEX0 tbp=0x0 tbw=8 psm=0x2C tw=512 th=512 tfx=0 | V0(1944.0,2027.0) V1(1953.0,2036.0) uv0(1416,360) uv1(1552,640) | XYOFFSET ofx=1728 ofy=1936 -> screen (216,91)..(225,100)
[p4:clut] samples=224500000 nonzero=82504654 (36.75%) u=[0..507] v=[0..255] distinctIdx=256 topNonZeroIdx=0x87(12550224) psm=0x2C tbp0=0x0 tbw=8 cbp=0x3B40 csa=0
[p4:gs-sprite] #156500 ctx=0 tme=1 abe=1 FRAME fbp=0x0 fbw=10 psm=0x1 msk=0x00000000 | SCISSOR 0,0..639,223 | TEST=0x000000000005008B | TEX0 tbp=0x0 tbw=8 psm=0x2C tw=512 th=512 tfx=0 | V0(1886.5,2013.0) V1(1893.5,2022.0) uv0(8008,8) uv1(8112,288) | XYOFFSET ofx=1728 ofy=1936 -> screen (158,77)..(165,86)
[p4:gs-sprite] #157000 ctx=0 tme=1 abe=1 FRAME fbp=0x0 fbw=10 psm=0x1 msk=0x00000000 | SCISSOR 0,0..639,223 | TEST=0x000000000005008B | TEX0 tbp=0x0 tbw=8 psm=0x2C tw=512 th=512 tfx=0 | V0(1950.5,2055.0) V1(1958.5,2064.0) uv0(1288,360) uv1(1408,640) | XYOFFSET ofx=1728 ofy=1936 -> screen (222,119)..(230,128)
[p4:gs-sprite] #157500 ctx=0 tme=1 abe=1 FRAME fbp=0x0 fbw=10 psm=0x1 msk=0x00000000 | SCISSOR 0,0..639,223 | TEST=0x000000000005008B | TEX0 tbp=0x0 tbw=8 psm=0x2C tw=512 th=512 tfx=0 | V0(2112.0,2027.0) V1(2117.0,2036.0) uv0(1784,360) uv1(1856,640) | XYOFFSET ofx=1728 ofy=1936 -> screen (384,91)..(389,100)
[p4:clut] samples=225000000 nonzero=82701107 (36.76%) u=[0..507] v=[0..255] distinctIdx=256 topNonZeroIdx=0x87(12550224) psm=0x2C tbp0=0x0 tbw=8 cbp=0x3B40 csa=0
[p4:gs-sprite] #158000 ctx=0 tme=1 abe=1 FRAME fbp=0x0 fbw=10 psm=0x1 msk=0x00000000 | SCISSOR 0,0..639,223 | TEST=0x000000000005008B | TEX0 tbp=0x0 tbw=8 psm=0x2C tw=512 th=512 tfx=0 | V0(2066.5,2013.0) V1(2074.5,2024.0) uv0(2584,360) uv1(2704,704) | XYOFFSET ofx=1728 ofy=1936 -> screen (338,77)..(346,88)
[p4:gs-sprite] #158500 ctx=0 tme=1 abe=1 FRAME fbp=0x0 fbw=10 psm=0x1 msk=0x00000000 | SCISSOR 0,0..639,223 | TEST=0x000000000005008B | TEX0 tbp=0x0 tbw=8 psm=0x2C tw=512 th=512 tfx=0 | V0(2144.5,2055.0) V1(2152.5,2066.0) uv0(2584,360) uv1(2704,704) | XYOFFSET ofx=1728 ofy=1936 -> screen (416,119)..(424,130)
[p4:gs-sprite] #159000 ctx=0 tme=1 abe=1 FRAME fbp=0x0 fbw=10 psm=0x1 msk=0x00000000 | SCISSOR 0,0..639,223 | TEST=0x000000000005008B | TEX0 tbp=0x0 tbw=8 psm=0x2C tw=512 th=512 tfx=0 | V0(1939.0,2041.0) V1(1942.0,2050.0) uv0(872,360) uv1(912,640) | XYOFFSET ofx=1728 ofy=1936 -> screen (211,105)..(214,114)
[p4:gs-sprite] #159500 ctx=0 tme=1 abe=1 FRAME fbp=0x0 fbw=10 psm=0x1 msk=0x00000000 | SCISSOR 0,0..639,223 | TEST=0x000000000005008B | TEX0 tbp=0x0 tbw=8 psm=0x2C tw=512 th=512 tfx=0 | V0(2235.5,2013.0) V1(2243.5,2022.0) uv0(1288,360) uv1(1408,640) | XYOFFSET ofx=1728 ofy=1936 -> screen (507,77)..(515,86)
[p4:clut] samples=225500000 nonzero=82897611 (36.76%) u=[0..507] v=[0..255] distinctIdx=256 topNonZeroIdx=0x87(12550224) psm=0x2C tbp0=0x0 tbw=8 cbp=0x3B40 csa=0
[p4:gs-sprite] #160000 ctx=0 tme=1 abe=1 FRAME fbp=0x0 fbw=10 psm=0x1 msk=0x00000000 | SCISSOR 0,0..639,223 | TEST=0x000000000005008B | TEX0 tbp=0x0 tbw=8 psm=0x2C tw=512 th=512 tfx=0 | V0(2060.5,2069.0) V1(2081.5,2079.5) uv0(5112,1432) uv1(5440,1760) | XYOFFSET ofx=1728 ofy=1936 -> screen (332,133)..(353,143)
[p4:gs-sprite] #160500 ctx=0 tme=1 abe=1 FRAME fbp=0x0 fbw=10 psm=0x1 msk=0x00000000 | SCISSOR 0,0..639,223 | TEST=0x000000000005008B | TEX0 tbp=0x0 tbw=8 psm=0x2C tw=512 th=512 tfx=0 | V0(2124.0,2041.0) V1(2130.0,2050.0) uv0(1960,360) uv1(2048,640) | XYOFFSET ofx=1728 ofy=1936 -> screen (396,105)..(402,114)
[p4:gs-sprite] #161000 ctx=0 tme=1 abe=1 FRAME fbp=0x0 fbw=10 psm=0x1 msk=0x00000000 | SCISSOR 0,0..639,223 | TEST=0x000000000005008B | TEX0 tbp=0x0 tbw=8 psm=0x2C tw=512 th=512 tfx=0 | V0(2001.0,2027.0) V1(2006.0,2036.0) uv0(1784,360) uv1(1856,640) | XYOFFSET ofx=1728 ofy=1936 -> screen (273,91)..(278,100)
[p4:vbl] ticks=3300
[p4:gs-sprite] #161500 ctx=0 tme=1 abe=1 FRAME fbp=0x0 fbw=10 psm=0x1 msk=0x00000000 | SCISSOR 0,0..639,223 | TEST=0x000000000005008B | TEX0 tbp=0x0 tbw=8 psm=0x2C tw=512 th=512 tfx=0 | V0(1956.5,2013.0) V1(1964.5,2022.0) uv0(744,360) uv1(864,640) | XYOFFSET ofx=1728 ofy=1936 -> screen (228,77)..(236,86)
[p4:clut] samples=226000000 nonzero=83094275 (36.77%) u=[0..507] v=[0..255] distinctIdx=256 topNonZeroIdx=0x87(12550224) psm=0x2C tbp0=0x0 tbw=8 cbp=0x3B40 csa=0
[p4:gs-sprite] #162000 ctx=0 tme=1 abe=1 FRAME fbp=0x0 fbw=10 psm=0x1 msk=0x00000000 | SCISSOR 0,0..639,223 | TEST=0x000000000005008B | TEX0 tbp=0x0 tbw=8 psm=0x2C tw=512 th=512 tfx=0 | V0(2018.5,2055.0) V1(2023.5,2064.0) uv0(1784,360) uv1(1856,640) | XYOFFSET ofx=1728 ofy=1936 -> screen (290,119)..(295,128)
[p4:gs-sprite] #162500 ctx=0 tme=1 abe=1 FRAME fbp=0x0 fbw=10 psm=0x1 msk=0x00000000 | SCISSOR 0,0..639,223 | TEST=0x000000000005008B | TEX0 tbp=0x0 tbw=8 psm=0x2C tw=512 th=512 tfx=0 | V0(2164.0,2027.0) V1(2172.0,2036.0) uv0(6184,8) uv1(6304,288) | XYOFFSET ofx=1728 ofy=1936 -> screen (436,91)..(444,100)
[p4:gs-sprite] #163000 ctx=0 tme=1 abe=1 FRAME fbp=0x0 fbw=10 psm=0x1 msk=0x00000000 | SCISSOR 0,0..639,223 | TEST=0x000000000005008B | TEX0 tbp=0x0 tbw=8 psm=0x2C tw=512 th=512 tfx=0 | V0(2124.5,2013.0) V1(2132.5,2022.0) uv0(488,360) uv1(608,640) | XYOFFSET ofx=1728 ofy=1936 -> screen (396,77)..(404,86)
[p4:clut] samples=226500000 nonzero=83291225 (36.77%) u=[0..507] v=[0..255] distinctIdx=256 topNonZeroIdx=0x87(12550224) psm=0x2C tbp0=0x0 tbw=8 cbp=0x3B40 csa=0
[p4:gs-sprite] #163500 ctx=0 tme=1 abe=1 FRAME fbp=0x0 fbw=10 psm=0x1 msk=0x00000000 | SCISSOR 0,0..639,223 | TEST=0x000000000005008B | TEX0 tbp=0x0 tbw=8 psm=0x2C tw=512 th=512 tfx=0 | V0(2202.5,2055.0) V1(2210.5,2064.0) uv0(488,360) uv1(608,640) | XYOFFSET ofx=1728 ofy=1936 -> screen (474,119)..(482,128)
[p4:gs-sprite] #164000 ctx=0 tme=1 abe=1 FRAME fbp=0x0 fbw=10 psm=0x1 msk=0x00000000 | SCISSOR 0,0..639,223 | TEST=0x000000000005008B | TEX0 tbp=0x0 tbw=8 psm=0x2C tw=512 th=512 tfx=0 | V0(1998.0,2041.0) V1(2008.0,2050.0) uv0(5592,8) uv1(5744,288) | XYOFFSET ofx=1728 ofy=1936 -> screen (270,105)..(280,114)
[p4:gs-sprite] #164500 ctx=0 tme=1 abe=1 FRAME fbp=0x0 fbw=10 psm=0x1 msk=0x00000000 | SCISSOR 0,0..639,223 | TEST=0x000000000005008B | TEX0 tbp=0x0 tbw=8 psm=0x2C tw=512 th=512 tfx=0 | V0(1881.0,2027.0) V1(1889.0,2036.0) uv0(744,360) uv1(864,640) | XYOFFSET ofx=1728 ofy=1936 -> screen (153,91)..(161,100)
[p4:gs-sprite] #165000 ctx=0 tme=0 abe=0 FRAME fbp=0x0 fbw=10 psm=0x1 msk=0x00000000 | SCISSOR 0,0..639,223 | TEST=0x000000000005008B | TEX0 tbp=0x0 tbw=0 psm=0x0 tw=1 th=1 tfx=0 | V0(1829.0,2007.0) V1(2267.0,2087.0) uv0(0,0) uv1(0,0) | XYOFFSET ofx=1728 ofy=1936 -> screen (101,71)..(539,151)
[p4:clut] samples=227000000 nonzero=83487948 (36.78%) u=[0..507] v=[0..255] distinctIdx=256 topNonZeroIdx=0x87(12550224) psm=0x2C tbp0=0x0 tbw=8 cbp=0x3B40 csa=0
[p4:gs-sprite] #165500 ctx=0 tme=1 abe=1 FRAME fbp=0x0 fbw=10 psm=0x1 msk=0x00000000 | SCISSOR 0,0..639,223 | TEST=0x000000000005008B | TEX0 tbp=0x0 tbw=8 psm=0x2C tw=512 th=512 tfx=0 | V0(1888.5,2055.0) V1(1896.5,2066.0) uv0(2584,360) uv1(2704,704) | XYOFFSET ofx=1728 ofy=1936 -> screen (160,119)..(168,130)
[p4:gs-sprite] #166000 ctx=0 tme=1 abe=1 FRAME fbp=0x0 fbw=10 psm=0x1 msk=0x00000000 | SCISSOR 0,0..639,223 | TEST=0x000000000005008B | TEX0 tbp=0x0 tbw=8 psm=0x2C tw=512 th=512 tfx=0 | V0(2057.0,2027.0) V1(2066.0,2036.0) uv0(3912,8) uv1(4048,288) | XYOFFSET ofx=1728 ofy=1936 -> screen (329,91)..(338,100)
[p4:gs-sprite] #166500 ctx=0 tme=1 abe=1 FRAME fbp=0x0 fbw=10 psm=0x1 msk=0x00000000 | SCISSOR 0,0..639,223 | TEST=0x000000000005008B | TEX0 tbp=0x0 tbw=8 psm=0x2C tw=512 th=512 tfx=0 | V0(2017.5,2013.0) V1(2024.5,2022.0) uv0(2056,360) uv1(2160,640) | XYOFFSET ofx=1728 ofy=1936 -> screen (289,77)..(296,86)
[p4:gs-sprite] #167000 ctx=0 tme=1 abe=1 FRAME fbp=0x0 fbw=10 psm=0x1 msk=0x00000000 | SCISSOR 0,0..639,223 | TEST=0x000000000005008B | TEX0 tbp=0x0 tbw=8 psm=0x2C tw=512 th=512 tfx=0 | V0(2073.5,2055.0) V1(2080.5,2064.0) uv0(8008,8) uv1(8112,288) | XYOFFSET ofx=1728 ofy=1936 -> screen (345,119)..(352,128)
[p4:clut] samples=227500000 nonzero=83684246 (36.78%) u=[0..507] v=[0..255] distinctIdx=256 topNonZeroIdx=0x87(12550224) psm=0x2C tbp0=0x0 tbw=8 cbp=0x3B40 csa=0
[p4:gs-sprite] #167500 ctx=0 tme=1 abe=1 FRAME fbp=0x0 fbw=10 psm=0x1 msk=0x00000000 | SCISSOR 0,0..639,223 | TEST=0x000000000005008B | TEX0 tbp=0x0 tbw=8 psm=0x2C tw=512 th=512 tfx=0 | V0(2204.0,2027.0) V1(2213.0,2036.0) uv0(1416,360) uv1(1552,640) | XYOFFSET ofx=1728 ofy=1936 -> screen (476,91)..(485,100)
[p4:gs-sprite] #168000 ctx=0 tme=1 abe=1 FRAME fbp=0x0 fbw=10 psm=0x1 msk=0x00000000 | SCISSOR 0,0..639,223 | TEST=0x000000000005008B | TEX0 tbp=0x0 tbw=8 psm=0x2C tw=512 th=512 tfx=0 | V0(2177.5,2013.0) V1(2184.5,2022.0) uv0(8008,8) uv1(8112,288) | XYOFFSET ofx=1728 ofy=1936 -> screen (449,77)..(456,86)
[p4:gs-sprite] #168500 ctx=0 tme=1 abe=1 FRAME fbp=0x0 fbw=10 psm=0x1 msk=0x00000000 | SCISSOR 0,0..639,223 | TEST=0x000000000005008B | TEX0 tbp=0x0 tbw=8 psm=0x2C tw=512 th=512 tfx=0 | V0(1973.5,2069.0) V1(1991.5,2079.0) uv0(3368,1096) uv1(3648,1408) | XYOFFSET ofx=1728 ofy=1936 -> screen (245,133)..(263,143)
[p4:gs-sprite] #169000 ctx=0 tme=1 abe=1 FRAME fbp=0x0 fbw=10 psm=0x1 msk=0x00000000 | SCISSOR 0,0..639,223 | TEST=0x000000000005008B | TEX0 tbp=0x0 tbw=8 psm=0x2C tw=512 th=512 tfx=0 | V0(2066.0,2041.0) V1(2075.0,2050.0) uv0(6040,8) uv1(6176,288) | XYOFFSET ofx=1728 ofy=1936 -> screen (338,105)..(347,114)
[p4:clut] samples=228000000 nonzero=83880963 (36.79%) u=[0..507] v=[0..255] distinctIdx=256 topNonZeroIdx=0x87(12550224) psm=0x2C tbp0=0x0 tbw=8 cbp=0x3B40 csa=0
[p4:gs-sprite] #169500 ctx=0 tme=1 abe=1 FRAME fbp=0x0 fbw=10 psm=0x1 msk=0x00000000 | SCISSOR 0,0..639,223 | TEST=0x000000000005008B | TEX0 tbp=0x0 tbw=8 psm=0x2C tw=512 th=512 tfx=0 | V0(1944.0,2027.0) V1(1953.0,2036.0) uv0(1416,360) uv1(1552,640) | XYOFFSET ofx=1728 ofy=1936 -> screen (216,91)..(225,100)
[p4:gs-sprite] #170000 ctx=0 tme=1 abe=1 FRAME fbp=0x0 fbw=10 psm=0x1 msk=0x00000000 | SCISSOR 0,0..639,223 | TEST=0x000000000005008B | TEX0 tbp=0x0 tbw=8 psm=0x2C tw=512 th=512 tfx=0 | V0(1886.5,2013.0) V1(1893.5,2022.0) uv0(8008,8) uv1(8112,288) | XYOFFSET ofx=1728 ofy=1936 -> screen (158,77)..(165,86)
[p4:gs-sprite] #170500 ctx=0 tme=1 abe=1 FRAME fbp=0x0 fbw=10 psm=0x1 msk=0x00000000 | SCISSOR 0,0..639,223 | TEST=0x000000000005008B | TEX0 tbp=0x0 tbw=8 psm=0x2C tw=512 th=512 tfx=0 | V0(1950.5,2055.0) V1(1958.5,2064.0) uv0(1288,360) uv1(1408,640) | XYOFFSET ofx=1728 ofy=1936 -> screen (222,119)..(230,128)
[p4:clut] samples=228500000 nonzero=84077737 (36.80%) u=[0..507] v=[0..255] distinctIdx=256 topNonZeroIdx=0x87(12550224) psm=0x2C tbp0=0x0 tbw=8 cbp=0x3B40 csa=0
[p4:gs-sprite] #171000 ctx=0 tme=1 abe=1 FRAME fbp=0x0 fbw=10 psm=0x1 msk=0x00000000 | SCISSOR 0,0..639,223 | TEST=0x000000000005008B | TEX0 tbp=0x0 tbw=8 psm=0x2C tw=512 th=512 tfx=0 | V0(2112.0,2027.0) V1(2117.0,2036.0) uv0(1784,360) uv1(1856,640) | XYOFFSET ofx=1728 ofy=1936 -> screen (384,91)..(389,100)
[p4:gs-sprite] #171500 ctx=0 tme=1 abe=1 FRAME fbp=0x0 fbw=10 psm=0x1 msk=0x00000000 | SCISSOR 0,0..639,223 | TEST=0x000000000005008B | TEX0 tbp=0x0 tbw=8 psm=0x2C tw=512 th=512 tfx=0 | V0(2066.5,2013.0) V1(2074.5,2024.0) uv0(2584,360) uv1(2704,704) | XYOFFSET ofx=1728 ofy=1936 -> screen (338,77)..(346,88)
[p4:gs-sprite] #172000 ctx=0 tme=1 abe=1 FRAME fbp=0x0 fbw=10 psm=0x1 msk=0x00000000 | SCISSOR 0,0..639,223 | TEST=0x000000000005008B | TEX0 tbp=0x0 tbw=8 psm=0x2C tw=512 th=512 tfx=0 | V0(2144.5,2055.0) V1(2152.5,2066.0) uv0(2584,360) uv1(2704,704) | XYOFFSET ofx=1728 ofy=1936 -> screen (416,119)..(424,130)
[p4:gs-sprite] #172500 ctx=0 tme=1 abe=1 FRAME fbp=0x0 fbw=10 psm=0x1 msk=0x00000000 | SCISSOR 0,0..639,223 | TEST=0x000000000005008B | TEX0 tbp=0x0 tbw=8 psm=0x2C tw=512 th=512 tfx=0 | V0(1939.0,2041.0) V1(1942.0,2050.0) uv0(872,360) uv1(912,640) | XYOFFSET ofx=1728 ofy=1936 -> screen (211,105)..(214,114)
[p4:clut] samples=229000000 nonzero=84274583 (36.80%) u=[0..507] v=[0..255] distinctIdx=256 topNonZeroIdx=0x87(12550224) psm=0x2C tbp0=0x0 tbw=8 cbp=0x3B40 csa=0
[p4:gs-sprite] #173000 ctx=0 tme=1 abe=1 FRAME fbp=0x0 fbw=10 psm=0x1 msk=0x00000000 | SCISSOR 0,0..639,223 | TEST=0x000000000005008B | TEX0 tbp=0x0 tbw=8 psm=0x2C tw=512 th=512 tfx=0 | V0(2235.5,2013.0) V1(2243.5,2022.0) uv0(1288,360) uv1(1408,640) | XYOFFSET ofx=1728 ofy=1936 -> screen (507,77)..(515,86)
[p4:gs-sprite] #173500 ctx=0 tme=1 abe=1 FRAME fbp=0x0 fbw=10 psm=0x1 msk=0x00000000 | SCISSOR 0,0..639,223 | TEST=0x000000000005008B | TEX0 tbp=0x0 tbw=8 psm=0x2C tw=512 th=512 tfx=0 | V0(2060.5,2069.0) V1(2081.5,2079.5) uv0(5112,1432) uv1(5440,1760) | XYOFFSET ofx=1728 ofy=1936 -> screen (332,133)..(353,143)
[p4:gs-sprite] #174000 ctx=0 tme=1 abe=1 FRAME fbp=0x0 fbw=10 psm=0x1 msk=0x00000000 | SCISSOR 0,0..639,223 | TEST=0x000000000005008B | TEX0 tbp=0x0 tbw=8 psm=0x2C tw=512 th=512 tfx=0 | V0(2124.0,2041.0) V1(2130.0,2050.0) uv0(1960,360) uv1(2048,640) | XYOFFSET ofx=1728 ofy=1936 -> screen (396,105)..(402,114)
[p4:gs-sprite] #174500 ctx=0 tme=1 abe=1 FRAME fbp=0x0 fbw=10 psm=0x1 msk=0x00000000 | SCISSOR 0,0..639,223 | TEST=0x000000000005008B | TEX0 tbp=0x0 tbw=8 psm=0x2C tw=512 th=512 tfx=0 | V0(2001.0,2027.0) V1(2006.0,2036.0) uv0(1784,360) uv1(1856,640) | XYOFFSET ofx=1728 ofy=1936 -> screen (273,91)..(278,100)
[p4:clut] samples=229500000 nonzero=84471069 (36.81%) u=[0..507] v=[0..255] distinctIdx=256 topNonZeroIdx=0x87(12550224) psm=0x2C tbp0=0x0 tbw=8 cbp=0x3B40 csa=0
[p4:gs-sprite] #175000 ctx=0 tme=1 abe=1 FRAME fbp=0x0 fbw=10 psm=0x1 msk=0x00000000 | SCISSOR 0,0..639,223 | TEST=0x000000000005008B | TEX0 tbp=0x0 tbw=8 psm=0x2C tw=512 th=512 tfx=0 | V0(1956.5,2013.0) V1(1964.5,2022.0) uv0(744,360) uv1(864,640) | XYOFFSET ofx=1728 ofy=1936 -> screen (228,77)..(236,86)
[p4:gs-sprite] #175500 ctx=0 tme=1 abe=1 FRAME fbp=0x0 fbw=10 psm=0x1 msk=0x00000000 | SCISSOR 0,0..639,223 | TEST=0x000000000005008B | TEX0 tbp=0x0 tbw=8 psm=0x2C tw=512 th=512 tfx=0 | V0(2018.5,2055.0) V1(2023.5,2064.0) uv0(1784,360) uv1(1856,640) | XYOFFSET ofx=1728 ofy=1936 -> screen (290,119)..(295,128)
[p4:gs-sprite] #176000 ctx=0 tme=1 abe=1 FRAME fbp=0x0 fbw=10 psm=0x1 msk=0x00000000 | SCISSOR 0,0..639,223 | TEST=0x000000000005008B | TEX0 tbp=0x0 tbw=8 psm=0x2C tw=512 th=512 tfx=0 | V0(2164.0,2027.0) V1(2172.0,2036.0) uv0(6184,8) uv1(6304,288) | XYOFFSET ofx=1728 ofy=1936 -> screen (436,91)..(444,100)
[p4:gs-sprite] #176500 ctx=0 tme=1 abe=1 FRAME fbp=0x0 fbw=10 psm=0x1 msk=0x00000000 | SCISSOR 0,0..639,223 | TEST=0x000000000005008B | TEX0 tbp=0x0 tbw=8 psm=0x2C tw=512 th=512 tfx=0 | V0(2124.5,2013.0) V1(2132.5,2022.0) uv0(488,360) uv1(608,640) | XYOFFSET ofx=1728 ofy=1936 -> screen (396,77)..(404,86)
[p4:clut] samples=230000000 nonzero=84667651 (36.81%) u=[0..507] v=[0..255] distinctIdx=256 topNonZeroIdx=0x87(12550224) psm=0x2C tbp0=0x0 tbw=8 cbp=0x3B40 csa=0
[p4:gs-sprite] #177000 ctx=0 tme=1 abe=1 FRAME fbp=0x0 fbw=10 psm=0x1 msk=0x00000000 | SCISSOR 0,0..639,223 | TEST=0x000000000005008B | TEX0 tbp=0x0 tbw=8 psm=0x2C tw=512 th=512 tfx=0 | V0(2202.5,2055.0) V1(2210.5,2064.0) uv0(488,360) uv1(608,640) | XYOFFSET ofx=1728 ofy=1936 -> screen (474,119)..(482,128)
[p4:gs-sprite] #177500 ctx=0 tme=1 abe=1 FRAME fbp=0x0 fbw=10 psm=0x1 msk=0x00000000 | SCISSOR 0,0..639,223 | TEST=0x000000000005008B | TEX0 tbp=0x0 tbw=8 psm=0x2C tw=512 th=512 tfx=0 | V0(1998.0,2041.0) V1(2008.0,2050.0) uv0(5592,8) uv1(5744,288) | XYOFFSET ofx=1728 ofy=1936 -> screen (270,105)..(280,114)
[p4:gs-sprite] #178000 ctx=0 tme=1 abe=1 FRAME fbp=0x0 fbw=10 psm=0x1 msk=0x00000000 | SCISSOR 0,0..639,223 | TEST=0x000000000005008B | TEX0 tbp=0x0 tbw=8 psm=0x2C tw=512 th=512 tfx=0 | V0(1881.0,2027.0) V1(1889.0,2036.0) uv0(744,360) uv1(864,640) | XYOFFSET ofx=1728 ofy=1936 -> screen (153,91)..(161,100)
[p4:clut] samples=230500000 nonzero=84864330 (36.82%) u=[0..507] v=[0..255] distinctIdx=256 topNonZeroIdx=0x87(12550224) psm=0x2C tbp0=0x0 tbw=8 cbp=0x3B40 csa=0
[p4:gs-sprite] #178500 ctx=0 tme=0 abe=0 FRAME fbp=0x0 fbw=10 psm=0x1 msk=0x00000000 | SCISSOR 0,0..639,223 | TEST=0x000000000005008B | TEX0 tbp=0x0 tbw=0 psm=0x0 tw=1 th=1 tfx=0 | V0(1829.0,2007.0) V1(2267.0,2087.0) uv0(0,0) uv1(0,0) | XYOFFSET ofx=1728 ofy=1936 -> screen (101,71)..(539,151)
[p4:gs-sprite] #179000 ctx=0 tme=1 abe=1 FRAME fbp=0x0 fbw=10 psm=0x1 msk=0x00000000 | SCISSOR 0,0..639,223 | TEST=0x000000000005008B | TEX0 tbp=0x0 tbw=8 psm=0x2C tw=512 th=512 tfx=0 | V0(1888.5,2055.0) V1(1896.5,2066.0) uv0(2584,360) uv1(2704,704) | XYOFFSET ofx=1728 ofy=1936 -> screen (160,119)..(168,130)
[p4:gs-sprite] #179500 ctx=0 tme=1 abe=1 FRAME fbp=0x0 fbw=10 psm=0x1 msk=0x00000000 | SCISSOR 0,0..639,223 | TEST=0x000000000005008B | TEX0 tbp=0x0 tbw=8 psm=0x2C tw=512 th=512 tfx=0 | V0(2057.0,2027.0) V1(2066.0,2036.0) uv0(3912,8) uv1(4048,288) | XYOFFSET ofx=1728 ofy=1936 -> screen (329,91)..(338,100)
[p4:vbl] ticks=3600
[p4:gs-sprite] #180000 ctx=0 tme=1 abe=1 FRAME fbp=0x0 fbw=10 psm=0x1 msk=0x00000000 | SCISSOR 0,0..639,223 | TEST=0x000000000005008B | TEX0 tbp=0x0 tbw=8 psm=0x2C tw=512 th=512 tfx=0 | V0(2017.5,2013.0) V1(2024.5,2022.0) uv0(2056,360) uv1(2160,640) | XYOFFSET ofx=1728 ofy=1936 -> screen (289,77)..(296,86)
[p4:clut] samples=231000000 nonzero=85061177 (36.82%) u=[0..507] v=[0..255] distinctIdx=256 topNonZeroIdx=0x87(12550224) psm=0x2C tbp0=0x0 tbw=8 cbp=0x3B40 csa=0
[p4:gs-sprite] #180500 ctx=0 tme=1 abe=1 FRAME fbp=0x0 fbw=10 psm=0x1 msk=0x00000000 | SCISSOR 0,0..639,223 | TEST=0x000000000005008B | TEX0 tbp=0x0 tbw=8 psm=0x2C tw=512 th=512 tfx=0 | V0(2073.5,2055.0) V1(2080.5,2064.0) uv0(8008,8) uv1(8112,288) | XYOFFSET ofx=1728 ofy=1936 -> screen (345,119)..(352,128)
[p4:gs-sprite] #181000 ctx=0 tme=1 abe=1 FRAME fbp=0x0 fbw=10 psm=0x1 msk=0x00000000 | SCISSOR 0,0..639,223 | TEST=0x000000000005008B | TEX0 tbp=0x0 tbw=8 psm=0x2C tw=512 th=512 tfx=0 | V0(2204.0,2027.0) V1(2213.0,2036.0) uv0(1416,360) uv1(1552,640) | XYOFFSET ofx=1728 ofy=1936 -> screen (476,91)..(485,100)
[p4:gs-sprite] #181500 ctx=0 tme=1 abe=1 FRAME fbp=0x0 fbw=10 psm=0x1 msk=0x00000000 | SCISSOR 0,0..639,223 | TEST=0x000000000005008B | TEX0 tbp=0x0 tbw=8 psm=0x2C tw=512 th=512 tfx=0 | V0(2177.5,2013.0) V1(2184.5,2022.0) uv0(8008,8) uv1(8112,288) | XYOFFSET ofx=1728 ofy=1936 -> screen (449,77)..(456,86)
[p4:gs-sprite] #182000 ctx=0 tme=1 abe=1 FRAME fbp=0x0 fbw=10 psm=0x1 msk=0x00000000 | SCISSOR 0,0..639,223 | TEST=0x000000000005008B | TEX0 tbp=0x0 tbw=8 psm=0x2C tw=512 th=512 tfx=0 | V0(1973.5,2069.0) V1(1991.5,2079.0) uv0(3368,1096) uv1(3648,1408) | XYOFFSET ofx=1728 ofy=1936 -> screen (245,133)..(263,143)
[p4:clut] samples=231500000 nonzero=85257997 (36.83%) u=[0..507] v=[0..255] distinctIdx=256 topNonZeroIdx=0x87(12550224) psm=0x2C tbp0=0x0 tbw=8 cbp=0x3B40 csa=0
[p4:gs-sprite] #182500 ctx=0 tme=1 abe=1 FRAME fbp=0x0 fbw=10 psm=0x1 msk=0x00000000 | SCISSOR 0,0..639,223 | TEST=0x000000000005008B | TEX0 tbp=0x0 tbw=8 psm=0x2C tw=512 th=512 tfx=0 | V0(2066.0,2041.0) V1(2075.0,2050.0) uv0(6040,8) uv1(6176,288) | XYOFFSET ofx=1728 ofy=1936 -> screen (338,105)..(347,114)
[p4:gs-sprite] #183000 ctx=0 tme=1 abe=1 FRAME fbp=0x0 fbw=10 psm=0x1 msk=0x00000000 | SCISSOR 0,0..639,223 | TEST=0x000000000005008B | TEX0 tbp=0x0 tbw=8 psm=0x2C tw=512 th=512 tfx=0 | V0(1944.0,2027.0) V1(1953.0,2036.0) uv0(1416,360) uv1(1552,640) | XYOFFSET ofx=1728 ofy=1936 -> screen (216,91)..(225,100)
[p4:gs-sprite] #183500 ctx=0 tme=1 abe=1 FRAME fbp=0x0 fbw=10 psm=0x1 msk=0x00000000 | SCISSOR 0,0..639,223 | TEST=0x000000000005008B | TEX0 tbp=0x0 tbw=8 psm=0x2C tw=512 th=512 tfx=0 | V0(1886.5,2013.0) V1(1893.5,2022.0) uv0(8008,8) uv1(8112,288) | XYOFFSET ofx=1728 ofy=1936 -> screen (158,77)..(165,86)
[p4:clut] samples=232000000 nonzero=85454433 (36.83%) u=[0..507] v=[0..255] distinctIdx=256 topNonZeroIdx=0x87(12550224) psm=0x2C tbp0=0x0 tbw=8 cbp=0x3B40 csa=0
[p4:gs-sprite] #184000 ctx=0 tme=1 abe=1 FRAME fbp=0x0 fbw=10 psm=0x1 msk=0x00000000 | SCISSOR 0,0..639,223 | TEST=0x000000000005008B | TEX0 tbp=0x0 tbw=8 psm=0x2C tw=512 th=512 tfx=0 | V0(1950.5,2055.0) V1(1958.5,2064.0) uv0(1288,360) uv1(1408,640) | XYOFFSET ofx=1728 ofy=1936 -> screen (222,119)..(230,128)
[p4:gs-sprite] #184500 ctx=0 tme=1 abe=1 FRAME fbp=0x0 fbw=10 psm=0x1 msk=0x00000000 | SCISSOR 0,0..639,223 | TEST=0x000000000005008B | TEX0 tbp=0x0 tbw=8 psm=0x2C tw=512 th=512 tfx=0 | V0(2112.0,2027.0) V1(2117.0,2036.0) uv0(1784,360) uv1(1856,640) | XYOFFSET ofx=1728 ofy=1936 -> screen (384,91)..(389,100)
[p4:gs-sprite] #185000 ctx=0 tme=1 abe=1 FRAME fbp=0x0 fbw=10 psm=0x1 msk=0x00000000 | SCISSOR 0,0..639,223 | TEST=0x000000000005008B | TEX0 tbp=0x0 tbw=8 psm=0x2C tw=512 th=512 tfx=0 | V0(2066.5,2013.0) V1(2074.5,2024.0) uv0(2584,360) uv1(2704,704) | XYOFFSET ofx=1728 ofy=1936 -> screen (338,77)..(346,88)
[p4:gs-sprite] #185500 ctx=0 tme=1 abe=1 FRAME fbp=0x0 fbw=10 psm=0x1 msk=0x00000000 | SCISSOR 0,0..639,223 | TEST=0x000000000005008B | TEX0 tbp=0x0 tbw=8 psm=0x2C tw=512 th=512 tfx=0 | V0(2144.5,2055.0) V1(2152.5,2066.0) uv0(2584,360) uv1(2704,704) | XYOFFSET ofx=1728 ofy=1936 -> screen (416,119)..(424,130)
[p4:clut] samples=232500000 nonzero=85650954 (36.84%) u=[0..507] v=[0..255] distinctIdx=256 topNonZeroIdx=0x87(12550224) psm=0x2C tbp0=0x0 tbw=8 cbp=0x3B40 csa=0
[p4:gs-sprite] #186000 ctx=0 tme=1 abe=1 FRAME fbp=0x0 fbw=10 psm=0x1 msk=0x00000000 | SCISSOR 0,0..639,223 | TEST=0x000000000005008B | TEX0 tbp=0x0 tbw=8 psm=0x2C tw=512 th=512 tfx=0 | V0(1939.0,2041.0) V1(1942.0,2050.0) uv0(872,360) uv1(912,640) | XYOFFSET ofx=1728 ofy=1936 -> screen (211,105)..(214,114)
[p4:gs-sprite] #186500 ctx=0 tme=1 abe=1 FRAME fbp=0x0 fbw=10 psm=0x1 msk=0x00000000 | SCISSOR 0,0..639,223 | TEST=0x000000000005008B | TEX0 tbp=0x0 tbw=8 psm=0x2C tw=512 th=512 tfx=0 | V0(2235.5,2013.0) V1(2243.5,2022.0) uv0(1288,360) uv1(1408,640) | XYOFFSET ofx=1728 ofy=1936 -> screen (507,77)..(515,86)
[p4:gs-sprite] #187000 ctx=0 tme=1 abe=1 FRAME fbp=0x0 fbw=10 psm=0x1 msk=0x00000000 | SCISSOR 0,0..639,223 | TEST=0x000000000005008B | TEX0 tbp=0x0 tbw=8 psm=0x2C tw=512 th=512 tfx=0 | V0(2060.5,2069.0) V1(2081.5,2079.5) uv0(5112,1432) uv1(5440,1760) | XYOFFSET ofx=1728 ofy=1936 -> screen (332,133)..(353,143)
[p4:gs-sprite] #187500 ctx=0 tme=1 abe=1 FRAME fbp=0x0 fbw=10 psm=0x1 msk=0x00000000 | SCISSOR 0,0..639,223 | TEST=0x000000000005008B | TEX0 tbp=0x0 tbw=8 psm=0x2C tw=512 th=512 tfx=0 | V0(2124.0,2041.0) V1(2130.0,2050.0) uv0(1960,360) uv1(2048,640) | XYOFFSET ofx=1728 ofy=1936 -> screen (396,105)..(402,114)
[p4:clut] samples=233000000 nonzero=85847634 (36.84%) u=[0..507] v=[0..255] distinctIdx=256 topNonZeroIdx=0x87(12550224) psm=0x2C tbp0=0x0 tbw=8 cbp=0x3B40 csa=0
[p4:gs-sprite] #188000 ctx=0 tme=1 abe=1 FRAME fbp=0x0 fbw=10 psm=0x1 msk=0x00000000 | SCISSOR 0,0..639,223 | TEST=0x000000000005008B | TEX0 tbp=0x0 tbw=8 psm=0x2C tw=512 th=512 tfx=0 | V0(2001.0,2027.0) V1(2006.0,2036.0) uv0(1784,360) uv1(1856,640) | XYOFFSET ofx=1728 ofy=1936 -> screen (273,91)..(278,100)
[p4:gs-sprite] #188500 ctx=0 tme=1 abe=1 FRAME fbp=0x0 fbw=10 psm=0x1 msk=0x00000000 | SCISSOR 0,0..639,223 | TEST=0x000000000005008B | TEX0 tbp=0x0 tbw=8 psm=0x2C tw=512 th=512 tfx=0 | V0(1956.5,2013.0) V1(1964.5,2022.0) uv0(744,360) uv1(864,640) | XYOFFSET ofx=1728 ofy=1936 -> screen (228,77)..(236,86)
[p4:gs-sprite] #189000 ctx=0 tme=1 abe=1 FRAME fbp=0x0 fbw=10 psm=0x1 msk=0x00000000 | SCISSOR 0,0..639,223 | TEST=0x000000000005008B | TEX0 tbp=0x0 tbw=8 psm=0x2C tw=512 th=512 tfx=0 | V0(2018.5,2055.0) V1(2023.5,2064.0) uv0(1784,360) uv1(1856,640) | XYOFFSET ofx=1728 ofy=1936 -> screen (290,119)..(295,128)
[p4:gs-sprite] #189500 ctx=0 tme=1 abe=1 FRAME fbp=0x0 fbw=10 psm=0x1 msk=0x00000000 | SCISSOR 0,0..639,223 | TEST=0x000000000005008B | TEX0 tbp=0x0 tbw=8 psm=0x2C tw=512 th=512 tfx=0 | V0(2164.0,2027.0) V1(2172.0,2036.0) uv0(6184,8) uv1(6304,288) | XYOFFSET ofx=1728 ofy=1936 -> screen (436,91)..(444,100)
[p4:clut] samples=233500000 nonzero=86044571 (36.85%) u=[0..507] v=[0..255] distinctIdx=256 topNonZeroIdx=0x87(12550224) psm=0x2C tbp0=0x0 tbw=8 cbp=0x3B40 csa=0
[p4:gs-sprite] #190000 ctx=0 tme=1 abe=1 FRAME fbp=0x0 fbw=10 psm=0x1 msk=0x00000000 | SCISSOR 0,0..639,223 | TEST=0x000000000005008B | TEX0 tbp=0x0 tbw=8 psm=0x2C tw=512 th=512 tfx=0 | V0(2124.5,2013.0) V1(2132.5,2022.0) uv0(488,360) uv1(608,640) | XYOFFSET ofx=1728 ofy=1936 -> screen (396,77)..(404,86)
[p4:gs-sprite] #190500 ctx=0 tme=1 abe=1 FRAME fbp=0x0 fbw=10 psm=0x1 msk=0x00000000 | SCISSOR 0,0..639,223 | TEST=0x000000000005008B | TEX0 tbp=0x0 tbw=8 psm=0x2C tw=512 th=512 tfx=0 | V0(2202.5,2055.0) V1(2210.5,2064.0) uv0(488,360) uv1(608,640) | XYOFFSET ofx=1728 ofy=1936 -> screen (474,119)..(482,128)
[p4:gs-sprite] #191000 ctx=0 tme=1 abe=1 FRAME fbp=0x0 fbw=10 psm=0x1 msk=0x00000000 | SCISSOR 0,0..639,223 | TEST=0x000000000005008B | TEX0 tbp=0x0 tbw=8 psm=0x2C tw=512 th=512 tfx=0 | V0(1998.0,2041.0) V1(2008.0,2050.0) uv0(5592,8) uv1(5744,288) | XYOFFSET ofx=1728 ofy=1936 -> screen (270,105)..(280,114)
[p4:clut] samples=234000000 nonzero=86241212 (36.86%) u=[0..507] v=[0..255] distinctIdx=256 topNonZeroIdx=0x87(12550224) psm=0x2C tbp0=0x0 tbw=8 cbp=0x3B40 csa=0
[p4:gs-sprite] #191500 ctx=0 tme=1 abe=1 FRAME fbp=0x0 fbw=10 psm=0x1 msk=0x00000000 | SCISSOR 0,0..639,223 | TEST=0x000000000005008B | TEX0 tbp=0x0 tbw=8 psm=0x2C tw=512 th=512 tfx=0 | V0(1881.0,2027.0) V1(1889.0,2036.0) uv0(744,360) uv1(864,640) | XYOFFSET ofx=1728 ofy=1936 -> screen (153,91)..(161,100)
[p4:gs-sprite] #192000 ctx=0 tme=0 abe=0 FRAME fbp=0x0 fbw=10 psm=0x1 msk=0x00000000 | SCISSOR 0,0..639,223 | TEST=0x000000000005008B | TEX0 tbp=0x0 tbw=0 psm=0x0 tw=1 th=1 tfx=0 | V0(1829.0,2007.0) V1(2267.0,2087.0) uv0(0,0) uv1(0,0) | XYOFFSET ofx=1728 ofy=1936 -> screen (101,71)..(539,151)
[p4:gs-sprite] #192500 ctx=0 tme=1 abe=1 FRAME fbp=0x0 fbw=10 psm=0x1 msk=0x00000000 | SCISSOR 0,0..639,223 | TEST=0x000000000005008B | TEX0 tbp=0x0 tbw=8 psm=0x2C tw=512 th=512 tfx=0 | V0(1888.5,2055.0) V1(1896.5,2066.0) uv0(2584,360) uv1(2704,704) | XYOFFSET ofx=1728 ofy=1936 -> screen (160,119)..(168,130)
[p4:gs-sprite] #193000 ctx=0 tme=1 abe=1 FRAME fbp=0x0 fbw=10 psm=0x1 msk=0x00000000 | SCISSOR 0,0..639,223 | TEST=0x000000000005008B | TEX0 tbp=0x0 tbw=8 psm=0x2C tw=512 th=512 tfx=0 | V0(2057.0,2027.0) V1(2066.0,2036.0) uv0(3912,8) uv1(4048,288) | XYOFFSET ofx=1728 ofy=1936 -> screen (329,91)..(338,100)
[p4:clut] samples=234500000 nonzero=86437617 (36.86%) u=[0..507] v=[0..255] distinctIdx=256 topNonZeroIdx=0x87(12550224) psm=0x2C tbp0=0x0 tbw=8 cbp=0x3B40 csa=0
[p4:gs-sprite] #193500 ctx=0 tme=1 abe=1 FRAME fbp=0x0 fbw=10 psm=0x1 msk=0x00000000 | SCISSOR 0,0..639,223 | TEST=0x000000000005008B | TEX0 tbp=0x0 tbw=8 psm=0x2C tw=512 th=512 tfx=0 | V0(2017.5,2013.0) V1(2024.5,2022.0) uv0(2056,360) uv1(2160,640) | XYOFFSET ofx=1728 ofy=1936 -> screen (289,77)..(296,86)
[p4:gs-sprite] #194000 ctx=0 tme=1 abe=1 FRAME fbp=0x0 fbw=10 psm=0x1 msk=0x00000000 | SCISSOR 0,0..639,223 | TEST=0x000000000005008B | TEX0 tbp=0x0 tbw=8 psm=0x2C tw=512 th=512 tfx=0 | V0(2073.5,2055.0) V1(2080.5,2064.0) uv0(8008,8) uv1(8112,288) | XYOFFSET ofx=1728 ofy=1936 -> screen (345,119)..(352,128)
[p4:gs-sprite] #194500 ctx=0 tme=1 abe=1 FRAME fbp=0x0 fbw=10 psm=0x1 msk=0x00000000 | SCISSOR 0,0..639,223 | TEST=0x000000000005008B | TEX0 tbp=0x0 tbw=8 psm=0x2C tw=512 th=512 tfx=0 | V0(2204.0,2027.0) V1(2213.0,2036.0) uv0(1416,360) uv1(1552,640) | XYOFFSET ofx=1728 ofy=1936 -> screen (476,91)..(485,100)
[p4:gs-sprite] #195000 ctx=0 tme=1 abe=1 FRAME fbp=0x0 fbw=10 psm=0x1 msk=0x00000000 | SCISSOR 0,0..639,223 | TEST=0x000000000005008B | TEX0 tbp=0x0 tbw=8 psm=0x2C tw=512 th=512 tfx=0 | V0(2177.5,2013.0) V1(2184.5,2022.0) uv0(8008,8) uv1(8112,288) | XYOFFSET ofx=1728 ofy=1936 -> screen (449,77)..(456,86)
[p4:clut] samples=235000000 nonzero=86634292 (36.87%) u=[0..507] v=[0..255] distinctIdx=256 topNonZeroIdx=0x87(12550224) psm=0x2C tbp0=0x0 tbw=8 cbp=0x3B40 csa=0
[p4:gs-sprite] #195500 ctx=0 tme=1 abe=1 FRAME fbp=0x0 fbw=10 psm=0x1 msk=0x00000000 | SCISSOR 0,0..639,223 | TEST=0x000000000005008B | TEX0 tbp=0x0 tbw=8 psm=0x2C tw=512 th=512 tfx=0 | V0(1973.5,2069.0) V1(1991.5,2079.0) uv0(3368,1096) uv1(3648,1408) | XYOFFSET ofx=1728 ofy=1936 -> screen (245,133)..(263,143)
[p4:gs-sprite] #196000 ctx=0 tme=1 abe=1 FRAME fbp=0x0 fbw=10 psm=0x1 msk=0x00000000 | SCISSOR 0,0..639,223 | TEST=0x000000000005008B | TEX0 tbp=0x0 tbw=8 psm=0x2C tw=512 th=512 tfx=0 | V0(2066.0,2041.0) V1(2075.0,2050.0) uv0(6040,8) uv1(6176,288) | XYOFFSET ofx=1728 ofy=1936 -> screen (338,105)..(347,114)
[p4:gs-sprite] #196500 ctx=0 tme=1 abe=1 FRAME fbp=0x0 fbw=10 psm=0x1 msk=0x00000000 | SCISSOR 0,0..639,223 | TEST=0x000000000005008B | TEX0 tbp=0x0 tbw=8 psm=0x2C tw=512 th=512 tfx=0 | V0(1944.0,2027.0) V1(1953.0,2036.0) uv0(1416,360) uv1(1552,640) | XYOFFSET ofx=1728 ofy=1936 -> screen (216,91)..(225,100)
[p4:clut] samples=235500000 nonzero=86831121 (36.87%) u=[0..507] v=[0..255] distinctIdx=256 topNonZeroIdx=0x87(12550224) psm=0x2C tbp0=0x0 tbw=8 cbp=0x3B40 csa=0
[p4:gs-sprite] #197000 ctx=0 tme=1 abe=1 FRAME fbp=0x0 fbw=10 psm=0x1 msk=0x00000000 | SCISSOR 0,0..639,223 | TEST=0x000000000005008B | TEX0 tbp=0x0 tbw=8 psm=0x2C tw=512 th=512 tfx=0 | V0(1886.5,2013.0) V1(1893.5,2022.0) uv0(8008,8) uv1(8112,288) | XYOFFSET ofx=1728 ofy=1936 -> screen (158,77)..(165,86)
[p4:gs-sprite] #197500 ctx=0 tme=1 abe=1 FRAME fbp=0x0 fbw=10 psm=0x1 msk=0x00000000 | SCISSOR 0,0..639,223 | TEST=0x000000000005008B | TEX0 tbp=0x0 tbw=8 psm=0x2C tw=512 th=512 tfx=0 | V0(1950.5,2055.0) V1(1958.5,2064.0) uv0(1288,360) uv1(1408,640) | XYOFFSET ofx=1728 ofy=1936 -> screen (222,119)..(230,128)
[p4:gs-sprite] #198000 ctx=0 tme=1 abe=1 FRAME fbp=0x0 fbw=10 psm=0x1 msk=0x00000000 | SCISSOR 0,0..639,223 | TEST=0x000000000005008B | TEX0 tbp=0x0 tbw=8 psm=0x2C tw=512 th=512 tfx=0 | V0(2112.0,2027.0) V1(2117.0,2036.0) uv0(1784,360) uv1(1856,640) | XYOFFSET ofx=1728 ofy=1936 -> screen (384,91)..(389,100)
[p4:gs-sprite] #198500 ctx=0 tme=1 abe=1 FRAME fbp=0x0 fbw=10 psm=0x1 msk=0x00000000 | SCISSOR 0,0..639,223 | TEST=0x000000000005008B | TEX0 tbp=0x0 tbw=8 psm=0x2C tw=512 th=512 tfx=0 | V0(2066.5,2013.0) V1(2074.5,2024.0) uv0(2584,360) uv1(2704,704) | XYOFFSET ofx=1728 ofy=1936 -> screen (338,77)..(346,88)
[p4:clut] samples=236000000 nonzero=87027963 (36.88%) u=[0..507] v=[0..255] distinctIdx=256 topNonZeroIdx=0x87(12550224) psm=0x2C tbp0=0x0 tbw=8 cbp=0x3B40 csa=0
[p4:gs-sprite] #199000 ctx=0 tme=1 abe=1 FRAME fbp=0x0 fbw=10 psm=0x1 msk=0x00000000 | SCISSOR 0,0..639,223 | TEST=0x000000000005008B | TEX0 tbp=0x0 tbw=8 psm=0x2C tw=512 th=512 tfx=0 | V0(2144.5,2055.0) V1(2152.5,2066.0) uv0(2584,360) uv1(2704,704) | XYOFFSET ofx=1728 ofy=1936 -> screen (416,119)..(424,130)
[p4:gs-sprite] #199500 ctx=0 tme=1 abe=1 FRAME fbp=0x0 fbw=10 psm=0x1 msk=0x00000000 | SCISSOR 0,0..639,223 | TEST=0x000000000005008B | TEX0 tbp=0x0 tbw=8 psm=0x2C tw=512 th=512 tfx=0 | V0(1939.0,2041.0) V1(1942.0,2050.0) uv0(872,360) uv1(912,640) | XYOFFSET ofx=1728 ofy=1936 -> screen (211,105)..(214,114)
[p4:vbl] ticks=3900
[p4:gs-sprite] #200000 ctx=0 tme=1 abe=1 FRAME fbp=0x0 fbw=10 psm=0x1 msk=0x00000000 | SCISSOR 0,0..639,223 | TEST=0x000000000005008B | TEX0 tbp=0x0 tbw=8 psm=0x2C tw=512 th=512 tfx=0 | V0(2235.5,2013.0) V1(2243.5,2022.0) uv0(1288,360) uv1(1408,640) | XYOFFSET ofx=1728 ofy=1936 -> screen (507,77)..(515,86)
[p4:gs-sprite] #200500 ctx=0 tme=1 abe=1 FRAME fbp=0x0 fbw=10 psm=0x1 msk=0x00000000 | SCISSOR 0,0..639,223 | TEST=0x000000000005008B | TEX0 tbp=0x0 tbw=8 psm=0x2C tw=512 th=512 tfx=0 | V0(2060.5,2069.0) V1(2081.5,2079.5) uv0(5112,1432) uv1(5440,1760) | XYOFFSET ofx=1728 ofy=1936 -> screen (332,133)..(353,143)
[p4:clut] samples=236500000 nonzero=87224445 (36.88%) u=[0..507] v=[0..255] distinctIdx=256 topNonZeroIdx=0x87(12550224) psm=0x2C tbp0=0x0 tbw=8 cbp=0x3B40 csa=0
[p4:gs-sprite] #201000 ctx=0 tme=1 abe=1 FRAME fbp=0x0 fbw=10 psm=0x1 msk=0x00000000 | SCISSOR 0,0..639,223 | TEST=0x000000000005008B | TEX0 tbp=0x0 tbw=8 psm=0x2C tw=512 th=512 tfx=0 | V0(2124.0,2041.0) V1(2130.0,2050.0) uv0(1960,360) uv1(2048,640) | XYOFFSET ofx=1728 ofy=1936 -> screen (396,105)..(402,114)
[p4:gs-sprite] #201500 ctx=0 tme=1 abe=1 FRAME fbp=0x0 fbw=10 psm=0x1 msk=0x00000000 | SCISSOR 0,0..639,223 | TEST=0x000000000005008B | TEX0 tbp=0x0 tbw=8 psm=0x2C tw=512 th=512 tfx=0 | V0(2001.0,2027.0) V1(2006.0,2036.0) uv0(1784,360) uv1(1856,640) | XYOFFSET ofx=1728 ofy=1936 -> screen (273,91)..(278,100)
[p4:gs-sprite] #202000 ctx=0 tme=1 abe=1 FRAME fbp=0x0 fbw=10 psm=0x1 msk=0x00000000 | SCISSOR 0,0..639,223 | TEST=0x000000000005008B | TEX0 tbp=0x0 tbw=8 psm=0x2C tw=512 th=512 tfx=0 | V0(1956.5,2013.0) V1(1964.5,2022.0) uv0(744,360) uv1(864,640) | XYOFFSET ofx=1728 ofy=1936 -> screen (228,77)..(236,86)
[p4:gs-sprite] #202500 ctx=0 tme=1 abe=1 FRAME fbp=0x0 fbw=10 psm=0x1 msk=0x00000000 | SCISSOR 0,0..639,223 | TEST=0x000000000005008B | TEX0 tbp=0x0 tbw=8 psm=0x2C tw=512 th=512 tfx=0 | V0(2018.5,2055.0) V1(2023.5,2064.0) uv0(1784,360) uv1(1856,640) | XYOFFSET ofx=1728 ofy=1936 -> screen (290,119)..(295,128)
[p4:clut] samples=237000000 nonzero=87420946 (36.89%) u=[0..507] v=[0..255] distinctIdx=256 topNonZeroIdx=0x87(12550224) psm=0x2C tbp0=0x0 tbw=8 cbp=0x3B40 csa=0
[p4:gs-sprite] #203000 ctx=0 tme=1 abe=1 FRAME fbp=0x0 fbw=10 psm=0x1 msk=0x00000000 | SCISSOR 0,0..639,223 | TEST=0x000000000005008B | TEX0 tbp=0x0 tbw=8 psm=0x2C tw=512 th=512 tfx=0 | V0(2164.0,2027.0) V1(2172.0,2036.0) uv0(6184,8) uv1(6304,288) | XYOFFSET ofx=1728 ofy=1936 -> screen (436,91)..(444,100)
[p4:gs-sprite] #203500 ctx=0 tme=1 abe=1 FRAME fbp=0x0 fbw=10 psm=0x1 msk=0x00000000 | SCISSOR 0,0..639,223 | TEST=0x000000000005008B | TEX0 tbp=0x0 tbw=8 psm=0x2C tw=512 th=512 tfx=0 | V0(2124.5,2013.0) V1(2132.5,2022.0) uv0(488,360) uv1(608,640) | XYOFFSET ofx=1728 ofy=1936 -> screen (396,77)..(404,86)
[p4:gs-sprite] #204000 ctx=0 tme=1 abe=1 FRAME fbp=0x0 fbw=10 psm=0x1 msk=0x00000000 | SCISSOR 0,0..639,223 | TEST=0x000000000005008B | TEX0 tbp=0x0 tbw=8 psm=0x2C tw=512 th=512 tfx=0 | V0(2202.5,2055.0) V1(2210.5,2064.0) uv0(488,360) uv1(608,640) | XYOFFSET ofx=1728 ofy=1936 -> screen (474,119)..(482,128)
[p4:clut] samples=237500000 nonzero=87617631 (36.89%) u=[0..507] v=[0..255] distinctIdx=256 topNonZeroIdx=0x87(12550224) psm=0x2C tbp0=0x0 tbw=8 cbp=0x3B40 csa=0
[p4:gs-sprite] #204500 ctx=0 tme=1 abe=1 FRAME fbp=0x0 fbw=10 psm=0x1 msk=0x00000000 | SCISSOR 0,0..639,223 | TEST=0x000000000005008B | TEX0 tbp=0x0 tbw=8 psm=0x2C tw=512 th=512 tfx=0 | V0(1998.0,2041.0) V1(2008.0,2050.0) uv0(5592,8) uv1(5744,288) | XYOFFSET ofx=1728 ofy=1936 -> screen (270,105)..(280,114)
[p4:gs-sprite] #205000 ctx=0 tme=1 abe=1 FRAME fbp=0x0 fbw=10 psm=0x1 msk=0x00000000 | SCISSOR 0,0..639,223 | TEST=0x000000000005008B | TEX0 tbp=0x0 tbw=8 psm=0x2C tw=512 th=512 tfx=0 | V0(1881.0,2027.0) V1(1889.0,2036.0) uv0(744,360) uv1(864,640) | XYOFFSET ofx=1728 ofy=1936 -> screen (153,91)..(161,100)
[p4:gs-sprite] #205500 ctx=0 tme=0 abe=0 FRAME fbp=0x0 fbw=10 psm=0x1 msk=0x00000000 | SCISSOR 0,0..639,223 | TEST=0x000000000005008B | TEX0 tbp=0x0 tbw=0 psm=0x0 tw=1 th=1 tfx=0 | V0(1829.0,2007.0) V1(2267.0,2087.0) uv0(0,0) uv1(0,0) | XYOFFSET ofx=1728 ofy=1936 -> screen (101,71)..(539,151)
[p4:gs-sprite] #206000 ctx=0 tme=1 abe=1 FRAME fbp=0x0 fbw=10 psm=0x1 msk=0x00000000 | SCISSOR 0,0..639,223 | TEST=0x000000000005008B | TEX0 tbp=0x0 tbw=8 psm=0x2C tw=512 th=512 tfx=0 | V0(1888.5,2055.0) V1(1896.5,2066.0) uv0(2584,360) uv1(2704,704) | XYOFFSET ofx=1728 ofy=1936 -> screen (160,119)..(168,130)
[p4:clut] samples=238000000 nonzero=87814531 (36.90%) u=[0..507] v=[0..255] distinctIdx=256 topNonZeroIdx=0x87(12550224) psm=0x2C tbp0=0x0 tbw=8 cbp=0x3B40 csa=0
[p4:gs-sprite] #206500 ctx=0 tme=1 abe=1 FRAME fbp=0x0 fbw=10 psm=0x1 msk=0x00000000 | SCISSOR 0,0..639,223 | TEST=0x000000000005008B | TEX0 tbp=0x0 tbw=8 psm=0x2C tw=512 th=512 tfx=0 | V0(2057.0,2027.0) V1(2066.0,2036.0) uv0(3912,8) uv1(4048,288) | XYOFFSET ofx=1728 ofy=1936 -> screen (329,91)..(338,100)
[p4:gs-sprite] #207000 ctx=0 tme=1 abe=1 FRAME fbp=0x0 fbw=10 psm=0x1 msk=0x00000000 | SCISSOR 0,0..639,223 | TEST=0x000000000005008B | TEX0 tbp=0x0 tbw=8 psm=0x2C tw=512 th=512 tfx=0 | V0(2017.5,2013.0) V1(2024.5,2022.0) uv0(2056,360) uv1(2160,640) | XYOFFSET ofx=1728 ofy=1936 -> screen (289,77)..(296,86)
[p4:gs-sprite] #207500 ctx=0 tme=1 abe=1 FRAME fbp=0x0 fbw=10 psm=0x1 msk=0x00000000 | SCISSOR 0,0..639,223 | TEST=0x000000000005008B | TEX0 tbp=0x0 tbw=8 psm=0x2C tw=512 th=512 tfx=0 | V0(2073.5,2055.0) V1(2080.5,2064.0) uv0(8008,8) uv1(8112,288) | XYOFFSET ofx=1728 ofy=1936 -> screen (345,119)..(352,128)
[p4:gs-sprite] #208000 ctx=0 tme=1 abe=1 FRAME fbp=0x0 fbw=10 psm=0x1 msk=0x00000000 | SCISSOR 0,0..639,223 | TEST=0x000000000005008B | TEX0 tbp=0x0 tbw=8 psm=0x2C tw=512 th=512 tfx=0 | V0(2204.0,2027.0) V1(2213.0,2036.0) uv0(1416,360) uv1(1552,640) | XYOFFSET ofx=1728 ofy=1936 -> screen (476,91)..(485,100)
[p4:clut] samples=238500000 nonzero=88011293 (36.90%) u=[0..507] v=[0..255] distinctIdx=256 topNonZeroIdx=0x87(12550224) psm=0x2C tbp0=0x0 tbw=8 cbp=0x3B40 csa=0
[p4:gs-sprite] #208500 ctx=0 tme=1 abe=1 FRAME fbp=0x0 fbw=10 psm=0x1 msk=0x00000000 | SCISSOR 0,0..639,223 | TEST=0x000000000005008B | TEX0 tbp=0x0 tbw=8 psm=0x2C tw=512 th=512 tfx=0 | V0(2177.5,2013.0) V1(2184.5,2022.0) uv0(8008,8) uv1(8112,288) | XYOFFSET ofx=1728 ofy=1936 -> screen (449,77)..(456,86)
[p4:gs-sprite] #209000 ctx=0 tme=1 abe=1 FRAME fbp=0x0 fbw=10 psm=0x1 msk=0x00000000 | SCISSOR 0,0..639,223 | TEST=0x000000000005008B | TEX0 tbp=0x0 tbw=8 psm=0x2C tw=512 th=512 tfx=0 | V0(1973.5,2069.0) V1(1991.5,2079.0) uv0(3368,1096) uv1(3648,1408) | XYOFFSET ofx=1728 ofy=1936 -> screen (245,133)..(263,143)
[p4:gs-sprite] #209500 ctx=0 tme=1 abe=1 FRAME fbp=0x0 fbw=10 psm=0x1 msk=0x00000000 | SCISSOR 0,0..639,223 | TEST=0x000000000005008B | TEX0 tbp=0x0 tbw=8 psm=0x2C tw=512 th=512 tfx=0 | V0(2066.0,2041.0) V1(2075.0,2050.0) uv0(6040,8) uv1(6176,288) | XYOFFSET ofx=1728 ofy=1936 -> screen (338,105)..(347,114)
[p4:gs-sprite] #210000 ctx=0 tme=1 abe=1 FRAME fbp=0x0 fbw=10 psm=0x1 msk=0x00000000 | SCISSOR 0,0..639,223 | TEST=0x000000000005008B | TEX0 tbp=0x0 tbw=8 psm=0x2C tw=512 th=512 tfx=0 | V0(1944.0,2027.0) V1(1953.0,2036.0) uv0(1416,360) uv1(1552,640) | XYOFFSET ofx=1728 ofy=1936 -> screen (216,91)..(225,100)
[p4:clut] samples=239000000 nonzero=88207769 (36.91%) u=[0..507] v=[0..255] distinctIdx=256 topNonZeroIdx=0x87(12550224) psm=0x2C tbp0=0x0 tbw=8 cbp=0x3B40 csa=0
[p4:gs-sprite] #210500 ctx=0 tme=1 abe=1 FRAME fbp=0x0 fbw=10 psm=0x1 msk=0x00000000 | SCISSOR 0,0..639,223 | TEST=0x000000000005008B | TEX0 tbp=0x0 tbw=8 psm=0x2C tw=512 th=512 tfx=0 | V0(1886.5,2013.0) V1(1893.5,2022.0) uv0(8008,8) uv1(8112,288) | XYOFFSET ofx=1728 ofy=1936 -> screen (158,77)..(165,86)
[p4:gs-sprite] #211000 ctx=0 tme=1 abe=1 FRAME fbp=0x0 fbw=10 psm=0x1 msk=0x00000000 | SCISSOR 0,0..639,223 | TEST=0x000000000005008B | TEX0 tbp=0x0 tbw=8 psm=0x2C tw=512 th=512 tfx=0 | V0(1950.5,2055.0) V1(1958.5,2064.0) uv0(1288,360) uv1(1408,640) | XYOFFSET ofx=1728 ofy=1936 -> screen (222,119)..(230,128)
[p4:gs-sprite] #211500 ctx=0 tme=1 abe=1 FRAME fbp=0x0 fbw=10 psm=0x1 msk=0x00000000 | SCISSOR 0,0..639,223 | TEST=0x000000000005008B | TEX0 tbp=0x0 tbw=8 psm=0x2C tw=512 th=512 tfx=0 | V0(2112.0,2027.0) V1(2117.0,2036.0) uv0(1784,360) uv1(1856,640) | XYOFFSET ofx=1728 ofy=1936 -> screen (384,91)..(389,100)
[p4:clut] samples=239500000 nonzero=88404265 (36.91%) u=[0..507] v=[0..255] distinctIdx=256 topNonZeroIdx=0x87(12550224) psm=0x2C tbp0=0x0 tbw=8 cbp=0x3B40 csa=0
[p4:gs-sprite] #212000 ctx=0 tme=1 abe=1 FRAME fbp=0x0 fbw=10 psm=0x1 msk=0x00000000 | SCISSOR 0,0..639,223 | TEST=0x000000000005008B | TEX0 tbp=0x0 tbw=8 psm=0x2C tw=512 th=512 tfx=0 | V0(2066.5,2013.0) V1(2074.5,2024.0) uv0(2584,360) uv1(2704,704) | XYOFFSET ofx=1728 ofy=1936 -> screen (338,77)..(346,88)
[p4:gs-sprite] #212500 ctx=0 tme=1 abe=1 FRAME fbp=0x0 fbw=10 psm=0x1 msk=0x00000000 | SCISSOR 0,0..639,223 | TEST=0x000000000005008B | TEX0 tbp=0x0 tbw=8 psm=0x2C tw=512 th=512 tfx=0 | V0(2144.5,2055.0) V1(2152.5,2066.0) uv0(2584,360) uv1(2704,704) | XYOFFSET ofx=1728 ofy=1936 -> screen (416,119)..(424,130)
[p4:gs-sprite] #213000 ctx=0 tme=1 abe=1 FRAME fbp=0x0 fbw=10 psm=0x1 msk=0x00000000 | SCISSOR 0,0..639,223 | TEST=0x000000000005008B | TEX0 tbp=0x0 tbw=8 psm=0x2C tw=512 th=512 tfx=0 | V0(1939.0,2041.0) V1(1942.0,2050.0) uv0(872,360) uv1(912,640) | XYOFFSET ofx=1728 ofy=1936 -> screen (211,105)..(214,114)
[p4:gs-sprite] #213500 ctx=0 tme=1 abe=1 FRAME fbp=0x0 fbw=10 psm=0x1 msk=0x00000000 | SCISSOR 0,0..639,223 | TEST=0x000000000005008B | TEX0 tbp=0x0 tbw=8 psm=0x2C tw=512 th=512 tfx=0 | V0(2235.5,2013.0) V1(2243.5,2022.0) uv0(1288,360) uv1(1408,640) | XYOFFSET ofx=1728 ofy=1936 -> screen (507,77)..(515,86)
[p4:clut] samples=240000000 nonzero=88600931 (36.92%) u=[0..507] v=[0..255] distinctIdx=256 topNonZeroIdx=0x87(12550224) psm=0x2C tbp0=0x0 tbw=8 cbp=0x3B40 csa=0
[p4:gs-sprite] #214000 ctx=0 tme=1 abe=1 FRAME fbp=0x0 fbw=10 psm=0x1 msk=0x00000000 | SCISSOR 0,0..639,223 | TEST=0x000000000005008B | TEX0 tbp=0x0 tbw=8 psm=0x2C tw=512 th=512 tfx=0 | V0(2060.5,2069.0) V1(2081.5,2079.5) uv0(5112,1432) uv1(5440,1760) | XYOFFSET ofx=1728 ofy=1936 -> screen (332,133)..(353,143)
[p4:gs-sprite] #214500 ctx=0 tme=1 abe=1 FRAME fbp=0x0 fbw=10 psm=0x1 msk=0x00000000 | SCISSOR 0,0..639,223 | TEST=0x000000000005008B | TEX0 tbp=0x0 tbw=8 psm=0x2C tw=512 th=512 tfx=0 | V0(2124.0,2041.0) V1(2130.0,2050.0) uv0(1960,360) uv1(2048,640) | XYOFFSET ofx=1728 ofy=1936 -> screen (396,105)..(402,114)
[p4:gs-sprite] #215000 ctx=0 tme=1 abe=1 FRAME fbp=0x0 fbw=10 psm=0x1 msk=0x00000000 | SCISSOR 0,0..639,223 | TEST=0x000000000005008B | TEX0 tbp=0x0 tbw=8 psm=0x2C tw=512 th=512 tfx=0 | V0(2001.0,2027.0) V1(2006.0,2036.0) uv0(1784,360) uv1(1856,640) | XYOFFSET ofx=1728 ofy=1936 -> screen (273,91)..(278,100)
[p4:gs-sprite] #215500 ctx=0 tme=1 abe=1 FRAME fbp=0x0 fbw=10 psm=0x1 msk=0x00000000 | SCISSOR 0,0..639,223 | TEST=0x000000000005008B | TEX0 tbp=0x0 tbw=8 psm=0x2C tw=512 th=512 tfx=0 | V0(1956.5,2013.0) V1(1964.5,2022.0) uv0(744,360) uv1(864,640) | XYOFFSET ofx=1728 ofy=1936 -> screen (228,77)..(236,86)
[p4:clut] samples=240500000 nonzero=88797943 (36.92%) u=[0..507] v=[0..255] distinctIdx=256 topNonZeroIdx=0x87(12550224) psm=0x2C tbp0=0x0 tbw=8 cbp=0x3B40 csa=0
[p4:gs-sprite] #216000 ctx=0 tme=1 abe=1 FRAME fbp=0x0 fbw=10 psm=0x1 msk=0x00000000 | SCISSOR 0,0..639,223 | TEST=0x000000000005008B | TEX0 tbp=0x0 tbw=8 psm=0x2C tw=512 th=512 tfx=0 | V0(2018.5,2055.0) V1(2023.5,2064.0) uv0(1784,360) uv1(1856,640) | XYOFFSET ofx=1728 ofy=1936 -> screen (290,119)..(295,128)
[p4:gs-sprite] #216500 ctx=0 tme=1 abe=1 FRAME fbp=0x0 fbw=10 psm=0x1 msk=0x00000000 | SCISSOR 0,0..639,223 | TEST=0x000000000005008B | TEX0 tbp=0x0 tbw=8 psm=0x2C tw=512 th=512 tfx=0 | V0(2164.0,2027.0) V1(2172.0,2036.0) uv0(6184,8) uv1(6304,288) | XYOFFSET ofx=1728 ofy=1936 -> screen (436,91)..(444,100)
[p4:gs-sprite] #217000 ctx=0 tme=1 abe=1 FRAME fbp=0x0 fbw=10 psm=0x1 msk=0x00000000 | SCISSOR 0,0..639,223 | TEST=0x000000000005008B | TEX0 tbp=0x0 tbw=8 psm=0x2C tw=512 th=512 tfx=0 | V0(2124.5,2013.0) V1(2132.5,2022.0) uv0(488,360) uv1(608,640) | XYOFFSET ofx=1728 ofy=1936 -> screen (396,77)..(404,86)
[p4:clut] samples=241000000 nonzero=88994531 (36.93%) u=[0..507] v=[0..255] distinctIdx=256 topNonZeroIdx=0x87(12550224) psm=0x2C tbp0=0x0 tbw=8 cbp=0x3B40 csa=0
[p4:gs-sprite] #217500 ctx=0 tme=1 abe=1 FRAME fbp=0x0 fbw=10 psm=0x1 msk=0x00000000 | SCISSOR 0,0..639,223 | TEST=0x000000000005008B | TEX0 tbp=0x0 tbw=8 psm=0x2C tw=512 th=512 tfx=0 | V0(2202.5,2055.0) V1(2210.5,2064.0) uv0(488,360) uv1(608,640) | XYOFFSET ofx=1728 ofy=1936 -> screen (474,119)..(482,128)
[p4:gs-sprite] #218000 ctx=0 tme=1 abe=1 FRAME fbp=0x0 fbw=10 psm=0x1 msk=0x00000000 | SCISSOR 0,0..639,223 | TEST=0x000000000005008B | TEX0 tbp=0x0 tbw=8 psm=0x2C tw=512 th=512 tfx=0 | V0(1998.0,2041.0) V1(2008.0,2050.0) uv0(5592,8) uv1(5744,288) | XYOFFSET ofx=1728 ofy=1936 -> screen (270,105)..(280,114)
[p4:gs-sprite] #218500 ctx=0 tme=1 abe=1 FRAME fbp=0x0 fbw=10 psm=0x1 msk=0x00000000 | SCISSOR 0,0..639,223 | TEST=0x000000000005008B | TEX0 tbp=0x0 tbw=8 psm=0x2C tw=512 th=512 tfx=0 | V0(1881.0,2027.0) V1(1889.0,2036.0) uv0(744,360) uv1(864,640) | XYOFFSET ofx=1728 ofy=1936 -> screen (153,91)..(161,100)
[p4:gs-sprite] #219000 ctx=0 tme=0 abe=0 FRAME fbp=0x0 fbw=10 psm=0x1 msk=0x00000000 | SCISSOR 0,0..639,223 | TEST=0x000000000005008B | TEX0 tbp=0x0 tbw=0 psm=0x0 tw=1 th=1 tfx=0 | V0(1829.0,2007.0) V1(2267.0,2087.0) uv0(0,0) uv1(0,0) | XYOFFSET ofx=1728 ofy=1936 -> screen (101,71)..(539,151)
[p4:clut] samples=241500000 nonzero=89190943 (36.93%) u=[0..507] v=[0..255] distinctIdx=256 topNonZeroIdx=0x87(12550224) psm=0x2C tbp0=0x0 tbw=8 cbp=0x3B40 csa=0
[p4:gs-sprite] #219500 ctx=0 tme=1 abe=1 FRAME fbp=0x0 fbw=10 psm=0x1 msk=0x00000000 | SCISSOR 0,0..639,223 | TEST=0x000000000005008B | TEX0 tbp=0x0 tbw=8 psm=0x2C tw=512 th=512 tfx=0 | V0(1888.5,2055.0) V1(1896.5,2066.0) uv0(2584,360) uv1(2704,704) | XYOFFSET ofx=1728 ofy=1936 -> screen (160,119)..(168,130)
[p4:vbl] ticks=4200
[p4:gs-sprite] #220000 ctx=0 tme=1 abe=1 FRAME fbp=0x0 fbw=10 psm=0x1 msk=0x00000000 | SCISSOR 0,0..639,223 | TEST=0x000000000005008B | TEX0 tbp=0x0 tbw=8 psm=0x2C tw=512 th=512 tfx=0 | V0(2057.0,2027.0) V1(2066.0,2036.0) uv0(3912,8) uv1(4048,288) | XYOFFSET ofx=1728 ofy=1936 -> screen (329,91)..(338,100)
[p4:gs-sprite] #220500 ctx=0 tme=1 abe=1 FRAME fbp=0x0 fbw=10 psm=0x1 msk=0x00000000 | SCISSOR 0,0..639,223 | TEST=0x000000000005008B | TEX0 tbp=0x0 tbw=8 psm=0x2C tw=512 th=512 tfx=0 | V0(2017.5,2013.0) V1(2024.5,2022.0) uv0(2056,360) uv1(2160,640) | XYOFFSET ofx=1728 ofy=1936 -> screen (289,77)..(296,86)
[p4:gs-sprite] #221000 ctx=0 tme=1 abe=1 FRAME fbp=0x0 fbw=10 psm=0x1 msk=0x00000000 | SCISSOR 0,0..639,223 | TEST=0x000000000005008B | TEX0 tbp=0x0 tbw=8 psm=0x2C tw=512 th=512 tfx=0 | V0(2073.5,2055.0) V1(2080.5,2064.0) uv0(8008,8) uv1(8112,288) | XYOFFSET ofx=1728 ofy=1936 -> screen (345,119)..(352,128)
[p4:clut] samples=242000000 nonzero=89387636 (36.94%) u=[0..507] v=[0..255] distinctIdx=256 topNonZeroIdx=0x87(12550224) psm=0x2C tbp0=0x0 tbw=8 cbp=0x3B40 csa=0
[p4:gs-sprite] #221500 ctx=0 tme=1 abe=1 FRAME fbp=0x0 fbw=10 psm=0x1 msk=0x00000000 | SCISSOR 0,0..639,223 | TEST=0x000000000005008B | TEX0 tbp=0x0 tbw=8 psm=0x2C tw=512 th=512 tfx=0 | V0(2204.0,2027.0) V1(2213.0,2036.0) uv0(1416,360) uv1(1552,640) | XYOFFSET ofx=1728 ofy=1936 -> screen (476,91)..(485,100)
[p4:gs-sprite] #222000 ctx=0 tme=1 abe=1 FRAME fbp=0x0 fbw=10 psm=0x1 msk=0x00000000 | SCISSOR 0,0..639,223 | TEST=0x000000000005008B | TEX0 tbp=0x0 tbw=8 psm=0x2C tw=512 th=512 tfx=0 | V0(2177.5,2013.0) V1(2184.5,2022.0) uv0(8008,8) uv1(8112,288) | XYOFFSET ofx=1728 ofy=1936 -> screen (449,77)..(456,86)
[p4:gs-sprite] #222500 ctx=0 tme=1 abe=1 FRAME fbp=0x0 fbw=10 psm=0x1 msk=0x00000000 | SCISSOR 0,0..639,223 | TEST=0x000000000005008B | TEX0 tbp=0x0 tbw=8 psm=0x2C tw=512 th=512 tfx=0 | V0(1973.5,2069.0) V1(1991.5,2079.0) uv0(3368,1096) uv1(3648,1408) | XYOFFSET ofx=1728 ofy=1936 -> screen (245,133)..(263,143)
[p4:gs-sprite] #223000 ctx=0 tme=1 abe=1 FRAME fbp=0x0 fbw=10 psm=0x1 msk=0x00000000 | SCISSOR 0,0..639,223 | TEST=0x000000000005008B | TEX0 tbp=0x0 tbw=8 psm=0x2C tw=512 th=512 tfx=0 | V0(2066.0,2041.0) V1(2075.0,2050.0) uv0(6040,8) uv1(6176,288) | XYOFFSET ofx=1728 ofy=1936 -> screen (338,105)..(347,114)
[p4:clut] samples=242500000 nonzero=89584536 (36.94%) u=[0..507] v=[0..255] distinctIdx=256 topNonZeroIdx=0x87(12550224) psm=0x2C tbp0=0x0 tbw=8 cbp=0x3B40 csa=0
[p4:gs-sprite] #223500 ctx=0 tme=1 abe=1 FRAME fbp=0x0 fbw=10 psm=0x1 msk=0x00000000 | SCISSOR 0,0..639,223 | TEST=0x000000000005008B | TEX0 tbp=0x0 tbw=8 psm=0x2C tw=512 th=512 tfx=0 | V0(1944.0,2027.0) V1(1953.0,2036.0) uv0(1416,360) uv1(1552,640) | XYOFFSET ofx=1728 ofy=1936 -> screen (216,91)..(225,100)
[p4:gs-sprite] #224000 ctx=0 tme=1 abe=1 FRAME fbp=0x0 fbw=10 psm=0x1 msk=0x00000000 | SCISSOR 0,0..639,223 | TEST=0x000000000005008B | TEX0 tbp=0x0 tbw=8 psm=0x2C tw=512 th=512 tfx=0 | V0(1886.5,2013.0) V1(1893.5,2022.0) uv0(8008,8) uv1(8112,288) | XYOFFSET ofx=1728 ofy=1936 -> screen (158,77)..(165,86)
[p4:gs-sprite] #224500 ctx=0 tme=1 abe=1 FRAME fbp=0x0 fbw=10 psm=0x1 msk=0x00000000 | SCISSOR 0,0..639,223 | TEST=0x000000000005008B | TEX0 tbp=0x0 tbw=8 psm=0x2C tw=512 th=512 tfx=0 | V0(1950.5,2055.0) V1(1958.5,2064.0) uv0(1288,360) uv1(1408,640) | XYOFFSET ofx=1728 ofy=1936 -> screen (222,119)..(230,128)
[p4:clut] samples=243000000 nonzero=89781300 (36.95%) u=[0..507] v=[0..255] distinctIdx=256 topNonZeroIdx=0x87(12550224) psm=0x2C tbp0=0x0 tbw=8 cbp=0x3B40 csa=0
[p4:gs-sprite] #225000 ctx=0 tme=1 abe=1 FRAME fbp=0x0 fbw=10 psm=0x1 msk=0x00000000 | SCISSOR 0,0..639,223 | TEST=0x000000000005008B | TEX0 tbp=0x0 tbw=8 psm=0x2C tw=512 th=512 tfx=0 | V0(2112.0,2027.0) V1(2117.0,2036.0) uv0(1784,360) uv1(1856,640) | XYOFFSET ofx=1728 ofy=1936 -> screen (384,91)..(389,100)
[p4:gs-sprite] #225500 ctx=0 tme=1 abe=1 FRAME fbp=0x0 fbw=10 psm=0x1 msk=0x00000000 | SCISSOR 0,0..639,223 | TEST=0x000000000005008B | TEX0 tbp=0x0 tbw=8 psm=0x2C tw=512 th=512 tfx=0 | V0(2066.5,2013.0) V1(2074.5,2024.0) uv0(2584,360) uv1(2704,704) | XYOFFSET ofx=1728 ofy=1936 -> screen (338,77)..(346,88)
[p4:gs-sprite] #226000 ctx=0 tme=1 abe=1 FRAME fbp=0x0 fbw=10 psm=0x1 msk=0x00000000 | SCISSOR 0,0..639,223 | TEST=0x000000000005008B | TEX0 tbp=0x0 tbw=8 psm=0x2C tw=512 th=512 tfx=0 | V0(2144.5,2055.0) V1(2152.5,2066.0) uv0(2584,360) uv1(2704,704) | XYOFFSET ofx=1728 ofy=1936 -> screen (416,119)..(424,130)
[p4:gs-sprite] #226500 ctx=0 tme=1 abe=1 FRAME fbp=0x0 fbw=10 psm=0x1 msk=0x00000000 | SCISSOR 0,0..639,223 | TEST=0x000000000005008B | TEX0 tbp=0x0 tbw=8 psm=0x2C tw=512 th=512 tfx=0 | V0(1939.0,2041.0) V1(1942.0,2050.0) uv0(872,360) uv1(912,640) | XYOFFSET ofx=1728 ofy=1936 -> screen (211,105)..(214,114)
[p4:clut] samples=243500000 nonzero=89977772 (36.95%) u=[0..507] v=[0..255] distinctIdx=256 topNonZeroIdx=0x87(12550224) psm=0x2C tbp0=0x0 tbw=8 cbp=0x3B40 csa=0
[p4:gs-sprite] #227000 ctx=0 tme=1 abe=1 FRAME fbp=0x0 fbw=10 psm=0x1 msk=0x00000000 | SCISSOR 0,0..639,223 | TEST=0x000000000005008B | TEX0 tbp=0x0 tbw=8 psm=0x2C tw=512 th=512 tfx=0 | V0(2235.5,2013.0) V1(2243.5,2022.0) uv0(1288,360) uv1(1408,640) | XYOFFSET ofx=1728 ofy=1936 -> screen (507,77)..(515,86)
[p4:gs-sprite] #227500 ctx=0 tme=1 abe=1 FRAME fbp=0x0 fbw=10 psm=0x1 msk=0x00000000 | SCISSOR 0,0..639,223 | TEST=0x000000000005008B | TEX0 tbp=0x0 tbw=8 psm=0x2C tw=512 th=512 tfx=0 | V0(2060.5,2069.0) V1(2081.5,2079.5) uv0(5112,1432) uv1(5440,1760) | XYOFFSET ofx=1728 ofy=1936 -> screen (332,133)..(353,143)
[p4:gs-sprite] #228000 ctx=0 tme=1 abe=1 FRAME fbp=0x0 fbw=10 psm=0x1 msk=0x00000000 | SCISSOR 0,0..639,223 | TEST=0x000000000005008B | TEX0 tbp=0x0 tbw=8 psm=0x2C tw=512 th=512 tfx=0 | V0(2124.0,2041.0) V1(2130.0,2050.0) uv0(1960,360) uv1(2048,640) | XYOFFSET ofx=1728 ofy=1936 -> screen (396,105)..(402,114)
[p4:gs-sprite] #228500 ctx=0 tme=1 abe=1 FRAME fbp=0x0 fbw=10 psm=0x1 msk=0x00000000 | SCISSOR 0,0..639,223 | TEST=0x000000000005008B | TEX0 tbp=0x0 tbw=8 psm=0x2C tw=512 th=512 tfx=0 | V0(2001.0,2027.0) V1(2006.0,2036.0) uv0(1784,360) uv1(1856,640) | XYOFFSET ofx=1728 ofy=1936 -> screen (273,91)..(278,100)
[p4:clut] samples=244000000 nonzero=90174285 (36.96%) u=[0..507] v=[0..255] distinctIdx=256 topNonZeroIdx=0x87(12550224) psm=0x2C tbp0=0x0 tbw=8 cbp=0x3B40 csa=0
[p4:gs-sprite] #229000 ctx=0 tme=1 abe=1 FRAME fbp=0x0 fbw=10 psm=0x1 msk=0x00000000 | SCISSOR 0,0..639,223 | TEST=0x000000000005008B | TEX0 tbp=0x0 tbw=8 psm=0x2C tw=512 th=512 tfx=0 | V0(1956.5,2013.0) V1(1964.5,2022.0) uv0(744,360) uv1(864,640) | XYOFFSET ofx=1728 ofy=1936 -> screen (228,77)..(236,86)
[p4:gs-sprite] #229500 ctx=0 tme=1 abe=1 FRAME fbp=0x0 fbw=10 psm=0x1 msk=0x00000000 | SCISSOR 0,0..639,223 | TEST=0x000000000005008B | TEX0 tbp=0x0 tbw=8 psm=0x2C tw=512 th=512 tfx=0 | V0(2018.5,2055.0) V1(2023.5,2064.0) uv0(1784,360) uv1(1856,640) | XYOFFSET ofx=1728 ofy=1936 -> screen (290,119)..(295,128)
[p4:gs-sprite] #230000 ctx=0 tme=1 abe=1 FRAME fbp=0x0 fbw=10 psm=0x1 msk=0x00000000 | SCISSOR 0,0..639,223 | TEST=0x000000000005008B | TEX0 tbp=0x0 tbw=8 psm=0x2C tw=512 th=512 tfx=0 | V0(2164.0,2027.0) V1(2172.0,2036.0) uv0(6184,8) uv1(6304,288) | XYOFFSET ofx=1728 ofy=1936 -> screen (436,91)..(444,100)
[p4:clut] samples=244500000 nonzero=90370938 (36.96%) u=[0..507] v=[0..255] distinctIdx=256 topNonZeroIdx=0x87(12550224) psm=0x2C tbp0=0x0 tbw=8 cbp=0x3B40 csa=0
[p4:gs-sprite] #230500 ctx=0 tme=1 abe=1 FRAME fbp=0x0 fbw=10 psm=0x1 msk=0x00000000 | SCISSOR 0,0..639,223 | TEST=0x000000000005008B | TEX0 tbp=0x0 tbw=8 psm=0x2C tw=512 th=512 tfx=0 | V0(2124.5,2013.0) V1(2132.5,2022.0) uv0(488,360) uv1(608,640) | XYOFFSET ofx=1728 ofy=1936 -> screen (396,77)..(404,86)
[p4:gs-sprite] #231000 ctx=0 tme=1 abe=1 FRAME fbp=0x0 fbw=10 psm=0x1 msk=0x00000000 | SCISSOR 0,0..639,223 | TEST=0x000000000005008B | TEX0 tbp=0x0 tbw=8 psm=0x2C tw=512 th=512 tfx=0 | V0(2202.5,2055.0) V1(2210.5,2064.0) uv0(488,360) uv1(608,640) | XYOFFSET ofx=1728 ofy=1936 -> screen (474,119)..(482,128)
[p4:gs-sprite] #231500 ctx=0 tme=1 abe=1 FRAME fbp=0x0 fbw=10 psm=0x1 msk=0x00000000 | SCISSOR 0,0..639,223 | TEST=0x000000000005008B | TEX0 tbp=0x0 tbw=8 psm=0x2C tw=512 th=512 tfx=0 | V0(1998.0,2041.0) V1(2008.0,2050.0) uv0(5592,8) uv1(5744,288) | XYOFFSET ofx=1728 ofy=1936 -> screen (270,105)..(280,114)
[p4:gs-sprite] #232000 ctx=0 tme=1 abe=1 FRAME fbp=0x0 fbw=10 psm=0x1 msk=0x00000000 | SCISSOR 0,0..639,223 | TEST=0x000000000005008B | TEX0 tbp=0x0 tbw=8 psm=0x2C tw=512 th=512 tfx=0 | V0(1881.0,2027.0) V1(1889.0,2036.0) uv0(744,360) uv1(864,640) | XYOFFSET ofx=1728 ofy=1936 -> screen (153,91)..(161,100)
[p4:clut] samples=245000000 nonzero=90567883 (36.97%) u=[0..507] v=[0..255] distinctIdx=256 topNonZeroIdx=0x87(12550224) psm=0x2C tbp0=0x0 tbw=8 cbp=0x3B40 csa=0
[p4:gs-sprite] #232500 ctx=0 tme=0 abe=0 FRAME fbp=0x0 fbw=10 psm=0x1 msk=0x00000000 | SCISSOR 0,0..639,223 | TEST=0x000000000005008B | TEX0 tbp=0x0 tbw=0 psm=0x0 tw=1 th=1 tfx=0 | V0(1829.0,2007.0) V1(2267.0,2087.0) uv0(0,0) uv1(0,0) | XYOFFSET ofx=1728 ofy=1936 -> screen (101,71)..(539,151)
[p4:gs-sprite] #233000 ctx=0 tme=1 abe=1 FRAME fbp=0x0 fbw=10 psm=0x1 msk=0x00000000 | SCISSOR 0,0..639,223 | TEST=0x000000000005008B | TEX0 tbp=0x0 tbw=8 psm=0x2C tw=512 th=512 tfx=0 | V0(1888.5,2055.0) V1(1896.5,2066.0) uv0(2584,360) uv1(2704,704) | XYOFFSET ofx=1728 ofy=1936 -> screen (160,119)..(168,130)
[p4:gs-sprite] #233500 ctx=0 tme=1 abe=1 FRAME fbp=0x0 fbw=10 psm=0x1 msk=0x00000000 | SCISSOR 0,0..639,223 | TEST=0x000000000005008B | TEX0 tbp=0x0 tbw=8 psm=0x2C tw=512 th=512 tfx=0 | V0(2057.0,2027.0) V1(2066.0,2036.0) uv0(3912,8) uv1(4048,288) | XYOFFSET ofx=1728 ofy=1936 -> screen (329,91)..(338,100)
[p4:gs-sprite] #234000 ctx=0 tme=1 abe=1 FRAME fbp=0x0 fbw=10 psm=0x1 msk=0x00000000 | SCISSOR 0,0..639,223 | TEST=0x000000000005008B | TEX0 tbp=0x0 tbw=8 psm=0x2C tw=512 th=512 tfx=0 | V0(2017.5,2013.0) V1(2024.5,2022.0) uv0(2056,360) uv1(2160,640) | XYOFFSET ofx=1728 ofy=1936 -> screen (289,77)..(296,86)
[p4:clut] samples=245500000 nonzero=90764633 (36.97%) u=[0..507] v=[0..255] distinctIdx=256 topNonZeroIdx=0x87(12550224) psm=0x2C tbp0=0x0 tbw=8 cbp=0x3B40 csa=0
[p4:gs-sprite] #234500 ctx=0 tme=1 abe=1 FRAME fbp=0x0 fbw=10 psm=0x1 msk=0x00000000 | SCISSOR 0,0..639,223 | TEST=0x000000000005008B | TEX0 tbp=0x0 tbw=8 psm=0x2C tw=512 th=512 tfx=0 | V0(2073.5,2055.0) V1(2080.5,2064.0) uv0(8008,8) uv1(8112,288) | XYOFFSET ofx=1728 ofy=1936 -> screen (345,119)..(352,128)
[p4:gs-sprite] #235000 ctx=0 tme=1 abe=1 FRAME fbp=0x0 fbw=10 psm=0x1 msk=0x00000000 | SCISSOR 0,0..639,223 | TEST=0x000000000005008B | TEX0 tbp=0x0 tbw=8 psm=0x2C tw=512 th=512 tfx=0 | V0(2204.0,2027.0) V1(2213.0,2036.0) uv0(1416,360) uv1(1552,640) | XYOFFSET ofx=1728 ofy=1936 -> screen (476,91)..(485,100)
[p4:gs-sprite] #235500 ctx=0 tme=1 abe=1 FRAME fbp=0x0 fbw=10 psm=0x1 msk=0x00000000 | SCISSOR 0,0..639,223 | TEST=0x000000000005008B | TEX0 tbp=0x0 tbw=8 psm=0x2C tw=512 th=512 tfx=0 | V0(2177.5,2013.0) V1(2184.5,2022.0) uv0(8008,8) uv1(8112,288) | XYOFFSET ofx=1728 ofy=1936 -> screen (449,77)..(456,86)
[p4:gs-sprite] #236000 ctx=0 tme=1 abe=1 FRAME fbp=0x0 fbw=10 psm=0x1 msk=0x00000000 | SCISSOR 0,0..639,223 | TEST=0x000000000005008B | TEX0 tbp=0x0 tbw=8 psm=0x2C tw=512 th=512 tfx=0 | V0(1973.5,2069.0) V1(1991.5,2079.0) uv0(3368,1096) uv1(3648,1408) | XYOFFSET ofx=1728 ofy=1936 -> screen (245,133)..(263,143)
[p4:clut] samples=246000000 nonzero=90961067 (36.98%) u=[0..507] v=[0..255] distinctIdx=256 topNonZeroIdx=0x87(12550224) psm=0x2C tbp0=0x0 tbw=8 cbp=0x3B40 csa=0
[p4:gs-sprite] #236500 ctx=0 tme=1 abe=1 FRAME fbp=0x0 fbw=10 psm=0x1 msk=0x00000000 | SCISSOR 0,0..639,223 | TEST=0x000000000005008B | TEX0 tbp=0x0 tbw=8 psm=0x2C tw=512 th=512 tfx=0 | V0(2066.0,2041.0) V1(2075.0,2050.0) uv0(6040,8) uv1(6176,288) | XYOFFSET ofx=1728 ofy=1936 -> screen (338,105)..(347,114)
[p4:gs-sprite] #237000 ctx=0 tme=1 abe=1 FRAME fbp=0x0 fbw=10 psm=0x1 msk=0x00000000 | SCISSOR 0,0..639,223 | TEST=0x000000000005008B | TEX0 tbp=0x0 tbw=8 psm=0x2C tw=512 th=512 tfx=0 | V0(1944.0,2027.0) V1(1953.0,2036.0) uv0(1416,360) uv1(1552,640) | XYOFFSET ofx=1728 ofy=1936 -> screen (216,91)..(225,100)
[p4:gs-sprite] #237500 ctx=0 tme=1 abe=1 FRAME fbp=0x0 fbw=10 psm=0x1 msk=0x00000000 | SCISSOR 0,0..639,223 | TEST=0x000000000005008B | TEX0 tbp=0x0 tbw=8 psm=0x2C tw=512 th=512 tfx=0 | V0(1886.5,2013.0) V1(1893.5,2022.0) uv0(8008,8) uv1(8112,288) | XYOFFSET ofx=1728 ofy=1936 -> screen (158,77)..(165,86)
[p4:clut] samples=246500000 nonzero=91157665 (36.98%) u=[0..507] v=[0..255] distinctIdx=256 topNonZeroIdx=0x87(12550224) psm=0x2C tbp0=0x0 tbw=8 cbp=0x3B40 csa=0
[p4:gs-sprite] #238000 ctx=0 tme=1 abe=1 FRAME fbp=0x0 fbw=10 psm=0x1 msk=0x00000000 | SCISSOR 0,0..639,223 | TEST=0x000000000005008B | TEX0 tbp=0x0 tbw=8 psm=0x2C tw=512 th=512 tfx=0 | V0(1950.5,2055.0) V1(1958.5,2064.0) uv0(1288,360) uv1(1408,640) | XYOFFSET ofx=1728 ofy=1936 -> screen (222,119)..(230,128)
[p4:gs-sprite] #238500 ctx=0 tme=1 abe=1 FRAME fbp=0x0 fbw=10 psm=0x1 msk=0x00000000 | SCISSOR 0,0..639,223 | TEST=0x000000000005008B | TEX0 tbp=0x0 tbw=8 psm=0x2C tw=512 th=512 tfx=0 | V0(2112.0,2027.0) V1(2117.0,2036.0) uv0(1784,360) uv1(1856,640) | XYOFFSET ofx=1728 ofy=1936 -> screen (384,91)..(389,100)
[p4:gs-sprite] #239000 ctx=0 tme=1 abe=1 FRAME fbp=0x0 fbw=10 psm=0x1 msk=0x00000000 | SCISSOR 0,0..639,223 | TEST=0x000000000005008B | TEX0 tbp=0x0 tbw=8 psm=0x2C tw=512 th=512 tfx=0 | V0(2066.5,2013.0) V1(2074.5,2024.0) uv0(2584,360) uv1(2704,704) | XYOFFSET ofx=1728 ofy=1936 -> screen (338,77)..(346,88)
[p4:gs-sprite] #239500 ctx=0 tme=1 abe=1 FRAME fbp=0x0 fbw=10 psm=0x1 msk=0x00000000 | SCISSOR 0,0..639,223 | TEST=0x000000000005008B | TEX0 tbp=0x0 tbw=8 psm=0x2C tw=512 th=512 tfx=0 | V0(2144.5,2055.0) V1(2152.5,2066.0) uv0(2584,360) uv1(2704,704) | XYOFFSET ofx=1728 ofy=1936 -> screen (416,119)..(424,130)
[p4:clut] samples=247000000 nonzero=91354266 (36.99%) u=[0..507] v=[0..255] distinctIdx=256 topNonZeroIdx=0x87(12550224) psm=0x2C tbp0=0x0 tbw=8 cbp=0x3B40 csa=0
[p4:gs-sprite] #240000 ctx=0 tme=1 abe=1 FRAME fbp=0x0 fbw=10 psm=0x1 msk=0x00000000 | SCISSOR 0,0..639,223 | TEST=0x000000000005008B | TEX0 tbp=0x0 tbw=8 psm=0x2C tw=512 th=512 tfx=0 | V0(1939.0,2041.0) V1(1942.0,2050.0) uv0(872,360) uv1(912,640) | XYOFFSET ofx=1728 ofy=1936 -> screen (211,105)..(214,114)
[p4:vbl] ticks=4500
[p4:gs-sprite] #240500 ctx=0 tme=1 abe=1 FRAME fbp=0x0 fbw=10 psm=0x1 msk=0x00000000 | SCISSOR 0,0..639,223 | TEST=0x000000000005008B | TEX0 tbp=0x0 tbw=8 psm=0x2C tw=512 th=512 tfx=0 | V0(2235.5,2013.0) V1(2243.5,2022.0) uv0(1288,360) uv1(1408,640) | XYOFFSET ofx=1728 ofy=1936 -> screen (507,77)..(515,86)
[p4:gs-sprite] #241000 ctx=0 tme=1 abe=1 FRAME fbp=0x0 fbw=10 psm=0x1 msk=0x00000000 | SCISSOR 0,0..639,223 | TEST=0x000000000005008B | TEX0 tbp=0x0 tbw=8 psm=0x2C tw=512 th=512 tfx=0 | V0(2060.5,2069.0) V1(2081.5,2079.5) uv0(5112,1432) uv1(5440,1760) | XYOFFSET ofx=1728 ofy=1936 -> screen (332,133)..(353,143)
[p4:gs-sprite] #241500 ctx=0 tme=1 abe=1 FRAME fbp=0x0 fbw=10 psm=0x1 msk=0x00000000 | SCISSOR 0,0..639,223 | TEST=0x000000000005008B | TEX0 tbp=0x0 tbw=8 psm=0x2C tw=512 th=512 tfx=0 | V0(2124.0,2041.0) V1(2130.0,2050.0) uv0(1960,360) uv1(2048,640) | XYOFFSET ofx=1728 ofy=1936 -> screen (396,105)..(402,114)
[p4:clut] samples=247500000 nonzero=91551267 (36.99%) u=[0..507] v=[0..255] distinctIdx=256 topNonZeroIdx=0x87(12550224) psm=0x2C tbp0=0x0 tbw=8 cbp=0x3B40 csa=0
[p4:gs-sprite] #242000 ctx=0 tme=1 abe=1 FRAME fbp=0x0 fbw=10 psm=0x1 msk=0x00000000 | SCISSOR 0,0..639,223 | TEST=0x000000000005008B | TEX0 tbp=0x0 tbw=8 psm=0x2C tw=512 th=512 tfx=0 | V0(2001.0,2027.0) V1(2006.0,2036.0) uv0(1784,360) uv1(1856,640) | XYOFFSET ofx=1728 ofy=1936 -> screen (273,91)..(278,100)
[p4:gs-sprite] #242500 ctx=0 tme=1 abe=1 FRAME fbp=0x0 fbw=10 psm=0x1 msk=0x00000000 | SCISSOR 0,0..639,223 | TEST=0x000000000005008B | TEX0 tbp=0x0 tbw=8 psm=0x2C tw=512 th=512 tfx=0 | V0(1956.5,2013.0) V1(1964.5,2022.0) uv0(744,360) uv1(864,640) | XYOFFSET ofx=1728 ofy=1936 -> screen (228,77)..(236,86)
[p4:gs-sprite] #243000 ctx=0 tme=1 abe=1 FRAME fbp=0x0 fbw=10 psm=0x1 msk=0x00000000 | SCISSOR 0,0..639,223 | TEST=0x000000000005008B | TEX0 tbp=0x0 tbw=8 psm=0x2C tw=512 th=512 tfx=0 | V0(2018.5,2055.0) V1(2023.5,2064.0) uv0(1784,360) uv1(1856,640) | XYOFFSET ofx=1728 ofy=1936 -> screen (290,119)..(295,128)
[p4:gs-sprite] #243500 ctx=0 tme=1 abe=1 FRAME fbp=0x0 fbw=10 psm=0x1 msk=0x00000000 | SCISSOR 0,0..639,223 | TEST=0x000000000005008B | TEX0 tbp=0x0 tbw=8 psm=0x2C tw=512 th=512 tfx=0 | V0(2164.0,2027.0) V1(2172.0,2036.0) uv0(6184,8) uv1(6304,288) | XYOFFSET ofx=1728 ofy=1936 -> screen (436,91)..(444,100)
[p4:clut] samples=248000000 nonzero=91747774 (37.00%) u=[0..507] v=[0..255] distinctIdx=256 topNonZeroIdx=0x87(12550224) psm=0x2C tbp0=0x0 tbw=8 cbp=0x3B40 csa=0
[p4:gs-sprite] #244000 ctx=0 tme=1 abe=1 FRAME fbp=0x0 fbw=10 psm=0x1 msk=0x00000000 | SCISSOR 0,0..639,223 | TEST=0x000000000005008B | TEX0 tbp=0x0 tbw=8 psm=0x2C tw=512 th=512 tfx=0 | V0(2124.5,2013.0) V1(2132.5,2022.0) uv0(488,360) uv1(608,640) | XYOFFSET ofx=1728 ofy=1936 -> screen (396,77)..(404,86)
[p4:gs-sprite] #244500 ctx=0 tme=1 abe=1 FRAME fbp=0x0 fbw=10 psm=0x1 msk=0x00000000 | SCISSOR 0,0..639,223 | TEST=0x000000000005008B | TEX0 tbp=0x0 tbw=8 psm=0x2C tw=512 th=512 tfx=0 | V0(2202.5,2055.0) V1(2210.5,2064.0) uv0(488,360) uv1(608,640) | XYOFFSET ofx=1728 ofy=1936 -> screen (474,119)..(482,128)
[p4:gs-sprite] #245000 ctx=0 tme=1 abe=1 FRAME fbp=0x0 fbw=10 psm=0x1 msk=0x00000000 | SCISSOR 0,0..639,223 | TEST=0x000000000005008B | TEX0 tbp=0x0 tbw=8 psm=0x2C tw=512 th=512 tfx=0 | V0(1998.0,2041.0) V1(2008.0,2050.0) uv0(5592,8) uv1(5744,288) | XYOFFSET ofx=1728 ofy=1936 -> screen (270,105)..(280,114)
[p4:clut] samples=248500000 nonzero=91944293 (37.00%) u=[0..507] v=[0..255] distinctIdx=256 topNonZeroIdx=0x87(12550224) psm=0x2C tbp0=0x0 tbw=8 cbp=0x3B40 csa=0
[p4:gs-sprite] #245500 ctx=0 tme=1 abe=1 FRAME fbp=0x0 fbw=10 psm=0x1 msk=0x00000000 | SCISSOR 0,0..639,223 | TEST=0x000000000005008B | TEX0 tbp=0x0 tbw=8 psm=0x2C tw=512 th=512 tfx=0 | V0(1881.0,2027.0) V1(1889.0,2036.0) uv0(744,360) uv1(864,640) | XYOFFSET ofx=1728 ofy=1936 -> screen (153,91)..(161,100)
[p4:gs-sprite] #246000 ctx=0 tme=0 abe=0 FRAME fbp=0x0 fbw=10 psm=0x1 msk=0x00000000 | SCISSOR 0,0..639,223 | TEST=0x000000000005008B | TEX0 tbp=0x0 tbw=0 psm=0x0 tw=1 th=1 tfx=0 | V0(1829.0,2007.0) V1(2267.0,2087.0) uv0(0,0) uv1(0,0) | XYOFFSET ofx=1728 ofy=1936 -> screen (101,71)..(539,151)
[p4:gs-sprite] #246500 ctx=0 tme=1 abe=1 FRAME fbp=0x0 fbw=10 psm=0x1 msk=0x00000000 | SCISSOR 0,0..639,223 | TEST=0x000000000005008B | TEX0 tbp=0x0 tbw=8 psm=0x2C tw=512 th=512 tfx=0 | V0(1888.5,2055.0) V1(1896.5,2066.0) uv0(2584,360) uv1(2704,704) | XYOFFSET ofx=1728 ofy=1936 -> screen (160,119)..(168,130)
[p4:gs-sprite] #247000 ctx=0 tme=1 abe=1 FRAME fbp=0x0 fbw=10 psm=0x1 msk=0x00000000 | SCISSOR 0,0..639,223 | TEST=0x000000000005008B | TEX0 tbp=0x0 tbw=8 psm=0x2C tw=512 th=512 tfx=0 | V0(2057.0,2027.0) V1(2066.0,2036.0) uv0(3912,8) uv1(4048,288) | XYOFFSET ofx=1728 ofy=1936 -> screen (329,91)..(338,100)
[p4:clut] samples=249000000 nonzero=92140963 (37.00%) u=[0..507] v=[0..255] distinctIdx=256 topNonZeroIdx=0x87(12550224) psm=0x2C tbp0=0x0 tbw=8 cbp=0x3B40 csa=0
[p4:gs-sprite] #247500 ctx=0 tme=1 abe=1 FRAME fbp=0x0 fbw=10 psm=0x1 msk=0x00000000 | SCISSOR 0,0..639,223 | TEST=0x000000000005008B | TEX0 tbp=0x0 tbw=8 psm=0x2C tw=512 th=512 tfx=0 | V0(2017.5,2013.0) V1(2024.5,2022.0) uv0(2056,360) uv1(2160,640) | XYOFFSET ofx=1728 ofy=1936 -> screen (289,77)..(296,86)
[p4:gs-sprite] #248000 ctx=0 tme=1 abe=1 FRAME fbp=0x0 fbw=10 psm=0x1 msk=0x00000000 | SCISSOR 0,0..639,223 | TEST=0x000000000005008B | TEX0 tbp=0x0 tbw=8 psm=0x2C tw=512 th=512 tfx=0 | V0(2073.5,2055.0) V1(2080.5,2064.0) uv0(8008,8) uv1(8112,288) | XYOFFSET ofx=1728 ofy=1936 -> screen (345,119)..(352,128)
[p4:gs-sprite] #248500 ctx=0 tme=1 abe=1 FRAME fbp=0x0 fbw=10 psm=0x1 msk=0x00000000 | SCISSOR 0,0..639,223 | TEST=0x000000000005008B | TEX0 tbp=0x0 tbw=8 psm=0x2C tw=512 th=512 tfx=0 | V0(2204.0,2027.0) V1(2213.0,2036.0) uv0(1416,360) uv1(1552,640) | XYOFFSET ofx=1728 ofy=1936 -> screen (476,91)..(485,100)
[p4:gs-sprite] #249000 ctx=0 tme=1 abe=1 FRAME fbp=0x0 fbw=10 psm=0x1 msk=0x00000000 | SCISSOR 0,0..639,223 | TEST=0x000000000005008B | TEX0 tbp=0x0 tbw=8 psm=0x2C tw=512 th=512 tfx=0 | V0(2177.5,2013.0) V1(2184.5,2022.0) uv0(8008,8) uv1(8112,288) | XYOFFSET ofx=1728 ofy=1936 -> screen (449,77)..(456,86)
[p4:clut] samples=249500000 nonzero=92337883 (37.01%) u=[0..507] v=[0..255] distinctIdx=256 topNonZeroIdx=0x87(12550224) psm=0x2C tbp0=0x0 tbw=8 cbp=0x3B40 csa=0
[p4:gs-sprite] #249500 ctx=0 tme=1 abe=1 FRAME fbp=0x0 fbw=10 psm=0x1 msk=0x00000000 | SCISSOR 0,0..639,223 | TEST=0x000000000005008B | TEX0 tbp=0x0 tbw=8 psm=0x2C tw=512 th=512 tfx=0 | V0(1973.5,2069.0) V1(1991.5,2079.0) uv0(3368,1096) uv1(3648,1408) | XYOFFSET ofx=1728 ofy=1936 -> screen (245,133)..(263,143)
[p4:gs-sprite] #250000 ctx=0 tme=1 abe=1 FRAME fbp=0x0 fbw=10 psm=0x1 msk=0x00000000 | SCISSOR 0,0..639,223 | TEST=0x000000000005008B | TEX0 tbp=0x0 tbw=8 psm=0x2C tw=512 th=512 tfx=0 | V0(2066.0,2041.0) V1(2075.0,2050.0) uv0(6040,8) uv1(6176,288) | XYOFFSET ofx=1728 ofy=1936 -> screen (338,105)..(347,114)
[p4:gs-sprite] #250500 ctx=0 tme=1 abe=1 FRAME fbp=0x0 fbw=10 psm=0x1 msk=0x00000000 | SCISSOR 0,0..639,223 | TEST=0x000000000005008B | TEX0 tbp=0x0 tbw=8 psm=0x2C tw=512 th=512 tfx=0 | V0(1944.0,2027.0) V1(1953.0,2036.0) uv0(1416,360) uv1(1552,640) | XYOFFSET ofx=1728 ofy=1936 -> screen (216,91)..(225,100)
[p4:clut] samples=250000000 nonzero=92534681 (37.01%) u=[0..507] v=[0..255] distinctIdx=256 topNonZeroIdx=0x87(12550224) psm=0x2C tbp0=0x0 tbw=8 cbp=0x3B40 csa=0
[p4:gs-sprite] #251000 ctx=0 tme=1 abe=1 FRAME fbp=0x0 fbw=10 psm=0x1 msk=0x00000000 | SCISSOR 0,0..639,223 | TEST=0x000000000005008B | TEX0 tbp=0x0 tbw=8 psm=0x2C tw=512 th=512 tfx=0 | V0(1886.5,2013.0) V1(1893.5,2022.0) uv0(8008,8) uv1(8112,288) | XYOFFSET ofx=1728 ofy=1936 -> screen (158,77)..(165,86)
[p4:gs-sprite] #251500 ctx=0 tme=1 abe=1 FRAME fbp=0x0 fbw=10 psm=0x1 msk=0x00000000 | SCISSOR 0,0..639,223 | TEST=0x000000000005008B | TEX0 tbp=0x0 tbw=8 psm=0x2C tw=512 th=512 tfx=0 | V0(1950.5,2055.0) V1(1958.5,2064.0) uv0(1288,360) uv1(1408,640) | XYOFFSET ofx=1728 ofy=1936 -> screen (222,119)..(230,128)
[p4:gs-sprite] #252000 ctx=0 tme=1 abe=1 FRAME fbp=0x0 fbw=10 psm=0x1 msk=0x00000000 | SCISSOR 0,0..639,223 | TEST=0x000000000005008B | TEX0 tbp=0x0 tbw=8 psm=0x2C tw=512 th=512 tfx=0 | V0(2112.0,2027.0) V1(2117.0,2036.0) uv0(1784,360) uv1(1856,640) | XYOFFSET ofx=1728 ofy=1936 -> screen (384,91)..(389,100)
[p4:gs-sprite] #252500 ctx=0 tme=1 abe=1 FRAME fbp=0x0 fbw=10 psm=0x1 msk=0x00000000 | SCISSOR 0,0..639,223 | TEST=0x000000000005008B | TEX0 tbp=0x0 tbw=8 psm=0x2C tw=512 th=512 tfx=0 | V0(2066.5,2013.0) V1(2074.5,2024.0) uv0(2584,360) uv1(2704,704) | XYOFFSET ofx=1728 ofy=1936 -> screen (338,77)..(346,88)
[p4:clut] samples=250500000 nonzero=92731097 (37.02%) u=[0..507] v=[0..255] distinctIdx=256 topNonZeroIdx=0x87(12550224) psm=0x2C tbp0=0x0 tbw=8 cbp=0x3B40 csa=0
[p4:gs-sprite] #253000 ctx=0 tme=1 abe=1 FRAME fbp=0x0 fbw=10 psm=0x1 msk=0x00000000 | SCISSOR 0,0..639,223 | TEST=0x000000000005008B | TEX0 tbp=0x0 tbw=8 psm=0x2C tw=512 th=512 tfx=0 | V0(2144.5,2055.0) V1(2152.5,2066.0) uv0(2584,360) uv1(2704,704) | XYOFFSET ofx=1728 ofy=1936 -> screen (416,119)..(424,130)
[p4:gs-sprite] #253500 ctx=0 tme=1 abe=1 FRAME fbp=0x0 fbw=10 psm=0x1 msk=0x00000000 | SCISSOR 0,0..639,223 | TEST=0x000000000005008B | TEX0 tbp=0x0 tbw=8 psm=0x2C tw=512 th=512 tfx=0 | V0(1939.0,2041.0) V1(1942.0,2050.0) uv0(872,360) uv1(912,640) | XYOFFSET ofx=1728 ofy=1936 -> screen (211,105)..(214,114)
[p4:gs-sprite] #254000 ctx=0 tme=1 abe=1 FRAME fbp=0x0 fbw=10 psm=0x1 msk=0x00000000 | SCISSOR 0,0..639,223 | TEST=0x000000000005008B | TEX0 tbp=0x0 tbw=8 psm=0x2C tw=512 th=512 tfx=0 | V0(2235.5,2013.0) V1(2243.5,2022.0) uv0(1288,360) uv1(1408,640) | XYOFFSET ofx=1728 ofy=1936 -> screen (507,77)..(515,86)
[p4:gs-sprite] #254500 ctx=0 tme=1 abe=1 FRAME fbp=0x0 fbw=10 psm=0x1 msk=0x00000000 | SCISSOR 0,0..639,223 | TEST=0x000000000005008B | TEX0 tbp=0x0 tbw=8 psm=0x2C tw=512 th=512 tfx=0 | V0(2060.5,2069.0) V1(2081.5,2079.5) uv0(5112,1432) uv1(5440,1760) | XYOFFSET ofx=1728 ofy=1936 -> screen (332,133)..(353,143)
[p4:clut] samples=251000000 nonzero=92927640 (37.02%) u=[0..507] v=[0..255] distinctIdx=256 topNonZeroIdx=0x87(12550224) psm=0x2C tbp0=0x0 tbw=8 cbp=0x3B40 csa=0
[p4:gs-sprite] #255000 ctx=0 tme=1 abe=1 FRAME fbp=0x0 fbw=10 psm=0x1 msk=0x00000000 | SCISSOR 0,0..639,223 | TEST=0x000000000005008B | TEX0 tbp=0x0 tbw=8 psm=0x2C tw=512 th=512 tfx=0 | V0(2124.0,2041.0) V1(2130.0,2050.0) uv0(1960,360) uv1(2048,640) | XYOFFSET ofx=1728 ofy=1936 -> screen (396,105)..(402,114)
[p4:gs-sprite] #255500 ctx=0 tme=1 abe=1 FRAME fbp=0x0 fbw=10 psm=0x1 msk=0x00000000 | SCISSOR 0,0..639,223 | TEST=0x000000000005008B | TEX0 tbp=0x0 tbw=8 psm=0x2C tw=512 th=512 tfx=0 | V0(2001.0,2027.0) V1(2006.0,2036.0) uv0(1784,360) uv1(1856,640) | XYOFFSET ofx=1728 ofy=1936 -> screen (273,91)..(278,100)
[p4:gs-sprite] #256000 ctx=0 tme=1 abe=1 FRAME fbp=0x0 fbw=10 psm=0x1 msk=0x00000000 | SCISSOR 0,0..639,223 | TEST=0x000000000005008B | TEX0 tbp=0x0 tbw=8 psm=0x2C tw=512 th=512 tfx=0 | V0(1956.5,2013.0) V1(1964.5,2022.0) uv0(744,360) uv1(864,640) | XYOFFSET ofx=1728 ofy=1936 -> screen (228,77)..(236,86)
[p4:gs-sprite] #256500 ctx=0 tme=1 abe=1 FRAME fbp=0x0 fbw=10 psm=0x1 msk=0x00000000 | SCISSOR 0,0..639,223 | TEST=0x000000000005008B | TEX0 tbp=0x0 tbw=8 psm=0x2C tw=512 th=512 tfx=0 | V0(2018.5,2055.0) V1(2023.5,2064.0) uv0(1784,360) uv1(1856,640) | XYOFFSET ofx=1728 ofy=1936 -> screen (290,119)..(295,128)
[p4:clut] samples=251500000 nonzero=93124336 (37.03%) u=[0..507] v=[0..255] distinctIdx=256 topNonZeroIdx=0x87(12550224) psm=0x2C tbp0=0x0 tbw=8 cbp=0x3B40 csa=0
[p4:gs-sprite] #257000 ctx=0 tme=1 abe=1 FRAME fbp=0x0 fbw=10 psm=0x1 msk=0x00000000 | SCISSOR 0,0..639,223 | TEST=0x000000000005008B | TEX0 tbp=0x0 tbw=8 psm=0x2C tw=512 th=512 tfx=0 | V0(2164.0,2027.0) V1(2172.0,2036.0) uv0(6184,8) uv1(6304,288) | XYOFFSET ofx=1728 ofy=1936 -> screen (436,91)..(444,100)
[p4:gs-sprite] #257500 ctx=0 tme=1 abe=1 FRAME fbp=0x0 fbw=10 psm=0x1 msk=0x00000000 | SCISSOR 0,0..639,223 | TEST=0x000000000005008B | TEX0 tbp=0x0 tbw=8 psm=0x2C tw=512 th=512 tfx=0 | V0(2124.5,2013.0) V1(2132.5,2022.0) uv0(488,360) uv1(608,640) | XYOFFSET ofx=1728 ofy=1936 -> screen (396,77)..(404,86)
[p4:gs-sprite] #258000 ctx=0 tme=1 abe=1 FRAME fbp=0x0 fbw=10 psm=0x1 msk=0x00000000 | SCISSOR 0,0..639,223 | TEST=0x000000000005008B | TEX0 tbp=0x0 tbw=8 psm=0x2C tw=512 th=512 tfx=0 | V0(2202.5,2055.0) V1(2210.5,2064.0) uv0(488,360) uv1(608,640) | XYOFFSET ofx=1728 ofy=1936 -> screen (474,119)..(482,128)
[p4:clut] samples=252000000 nonzero=93321236 (37.03%) u=[0..507] v=[0..255] distinctIdx=256 topNonZeroIdx=0x87(12550224) psm=0x2C tbp0=0x0 tbw=8 cbp=0x3B40 csa=0
[p4:gs-sprite] #258500 ctx=0 tme=1 abe=1 FRAME fbp=0x0 fbw=10 psm=0x1 msk=0x00000000 | SCISSOR 0,0..639,223 | TEST=0x000000000005008B | TEX0 tbp=0x0 tbw=8 psm=0x2C tw=512 th=512 tfx=0 | V0(1998.0,2041.0) V1(2008.0,2050.0) uv0(5592,8) uv1(5744,288) | XYOFFSET ofx=1728 ofy=1936 -> screen (270,105)..(280,114)
[p4:gs-sprite] #259000 ctx=0 tme=1 abe=1 FRAME fbp=0x0 fbw=10 psm=0x1 msk=0x00000000 | SCISSOR 0,0..639,223 | TEST=0x000000000005008B | TEX0 tbp=0x0 tbw=8 psm=0x2C tw=512 th=512 tfx=0 | V0(1881.0,2027.0) V1(1889.0,2036.0) uv0(744,360) uv1(864,640) | XYOFFSET ofx=1728 ofy=1936 -> screen (153,91)..(161,100)
[p4:gs-sprite] #259500 ctx=0 tme=0 abe=0 FRAME fbp=0x0 fbw=10 psm=0x1 msk=0x00000000 | SCISSOR 0,0..639,223 | TEST=0x000000000005008B | TEX0 tbp=0x0 tbw=0 psm=0x0 tw=1 th=1 tfx=0 | V0(1829.0,2007.0) V1(2267.0,2087.0) uv0(0,0) uv1(0,0) | XYOFFSET ofx=1728 ofy=1936 -> screen (101,71)..(539,151)
[p4:gs-sprite] #260000 ctx=0 tme=1 abe=1 FRAME fbp=0x0 fbw=10 psm=0x1 msk=0x00000000 | SCISSOR 0,0..639,223 | TEST=0x000000000005008B | TEX0 tbp=0x0 tbw=8 psm=0x2C tw=512 th=512 tfx=0 | V0(1888.5,2055.0) V1(1896.5,2066.0) uv0(2584,360) uv1(2704,704) | XYOFFSET ofx=1728 ofy=1936 -> screen (160,119)..(168,130)
[p4:clut] samples=252500000 nonzero=93517931 (37.04%) u=[0..507] v=[0..255] distinctIdx=256 topNonZeroIdx=0x87(12550224) psm=0x2C tbp0=0x0 tbw=8 cbp=0x3B40 csa=0
[p4:vbl] ticks=4800
[p4:gs-sprite] #260500 ctx=0 tme=1 abe=1 FRAME fbp=0x0 fbw=10 psm=0x1 msk=0x00000000 | SCISSOR 0,0..639,223 | TEST=0x000000000005008B | TEX0 tbp=0x0 tbw=8 psm=0x2C tw=512 th=512 tfx=0 | V0(2057.0,2027.0) V1(2066.0,2036.0) uv0(3912,8) uv1(4048,288) | XYOFFSET ofx=1728 ofy=1936 -> screen (329,91)..(338,100)
[p4:gs-sprite] #261000 ctx=0 tme=1 abe=1 FRAME fbp=0x0 fbw=10 psm=0x1 msk=0x00000000 | SCISSOR 0,0..639,223 | TEST=0x000000000005008B | TEX0 tbp=0x0 tbw=8 psm=0x2C tw=512 th=512 tfx=0 | V0(2017.5,2013.0) V1(2024.5,2022.0) uv0(2056,360) uv1(2160,640) | XYOFFSET ofx=1728 ofy=1936 -> screen (289,77)..(296,86)
[p4:gs-sprite] #261500 ctx=0 tme=1 abe=1 FRAME fbp=0x0 fbw=10 psm=0x1 msk=0x00000000 | SCISSOR 0,0..639,223 | TEST=0x000000000005008B | TEX0 tbp=0x0 tbw=8 psm=0x2C tw=512 th=512 tfx=0 | V0(2073.5,2055.0) V1(2080.5,2064.0) uv0(8008,8) uv1(8112,288) | XYOFFSET ofx=1728 ofy=1936 -> screen (345,119)..(352,128)
[p4:gs-sprite] #262000 ctx=0 tme=1 abe=1 FRAME fbp=0x0 fbw=10 psm=0x1 msk=0x00000000 | SCISSOR 0,0..639,223 | TEST=0x000000000005008B | TEX0 tbp=0x0 tbw=8 psm=0x2C tw=512 th=512 tfx=0 | V0(2204.0,2027.0) V1(2213.0,2036.0) uv0(1416,360) uv1(1552,640) | XYOFFSET ofx=1728 ofy=1936 -> screen (476,91)..(485,100)
[p4:clut] samples=253000000 nonzero=93714311 (37.04%) u=[0..507] v=[0..255] distinctIdx=256 topNonZeroIdx=0x87(12550224) psm=0x2C tbp0=0x0 tbw=8 cbp=0x3B40 csa=0
[p4:gs-sprite] #262500 ctx=0 tme=1 abe=1 FRAME fbp=0x0 fbw=10 psm=0x1 msk=0x00000000 | SCISSOR 0,0..639,223 | TEST=0x000000000005008B | TEX0 tbp=0x0 tbw=8 psm=0x2C tw=512 th=512 tfx=0 | V0(2177.5,2013.0) V1(2184.5,2022.0) uv0(8008,8) uv1(8112,288) | XYOFFSET ofx=1728 ofy=1936 -> screen (449,77)..(456,86)
[p4:gs-sprite] #263000 ctx=0 tme=1 abe=1 FRAME fbp=0x0 fbw=10 psm=0x1 msk=0x00000000 | SCISSOR 0,0..639,223 | TEST=0x000000000005008B | TEX0 tbp=0x0 tbw=8 psm=0x2C tw=512 th=512 tfx=0 | V0(1973.5,2069.0) V1(1991.5,2079.0) uv0(3368,1096) uv1(3648,1408) | XYOFFSET ofx=1728 ofy=1936 -> screen (245,133)..(263,143)
[p4:gs-sprite] #263500 ctx=0 tme=1 abe=1 FRAME fbp=0x0 fbw=10 psm=0x1 msk=0x00000000 | SCISSOR 0,0..639,223 | TEST=0x000000000005008B | TEX0 tbp=0x0 tbw=8 psm=0x2C tw=512 th=512 tfx=0 | V0(2066.0,2041.0) V1(2075.0,2050.0) uv0(6040,8) uv1(6176,288) | XYOFFSET ofx=1728 ofy=1936 -> screen (338,105)..(347,114)
[p4:clut] samples=253500000 nonzero=93910981 (37.05%) u=[0..507] v=[0..255] distinctIdx=256 topNonZeroIdx=0x87(12550224) psm=0x2C tbp0=0x0 tbw=8 cbp=0x3B40 csa=0
[p4:gs-sprite] #264000 ctx=0 tme=1 abe=1 FRAME fbp=0x0 fbw=10 psm=0x1 msk=0x00000000 | SCISSOR 0,0..639,223 | TEST=0x000000000005008B | TEX0 tbp=0x0 tbw=8 psm=0x2C tw=512 th=512 tfx=0 | V0(1944.0,2027.0) V1(1953.0,2036.0) uv0(1416,360) uv1(1552,640) | XYOFFSET ofx=1728 ofy=1936 -> screen (216,91)..(225,100)
[p4:gs-sprite] #264500 ctx=0 tme=1 abe=1 FRAME fbp=0x0 fbw=10 psm=0x1 msk=0x00000000 | SCISSOR 0,0..639,223 | TEST=0x000000000005008B | TEX0 tbp=0x0 tbw=8 psm=0x2C tw=512 th=512 tfx=0 | V0(1886.5,2013.0) V1(1893.5,2022.0) uv0(8008,8) uv1(8112,288) | XYOFFSET ofx=1728 ofy=1936 -> screen (158,77)..(165,86)
[p4:gs-sprite] #265000 ctx=0 tme=1 abe=1 FRAME fbp=0x0 fbw=10 psm=0x1 msk=0x00000000 | SCISSOR 0,0..639,223 | TEST=0x000000000005008B | TEX0 tbp=0x0 tbw=8 psm=0x2C tw=512 th=512 tfx=0 | V0(1950.5,2055.0) V1(1958.5,2064.0) uv0(1288,360) uv1(1408,640) | XYOFFSET ofx=1728 ofy=1936 -> screen (222,119)..(230,128)
[p4:gs-sprite] #265500 ctx=0 tme=1 abe=1 FRAME fbp=0x0 fbw=10 psm=0x1 msk=0x00000000 | SCISSOR 0,0..639,223 | TEST=0x000000000005008B | TEX0 tbp=0x0 tbw=8 psm=0x2C tw=512 th=512 tfx=0 | V0(2112.0,2027.0) V1(2117.0,2036.0) uv0(1784,360) uv1(1856,640) | XYOFFSET ofx=1728 ofy=1936 -> screen (384,91)..(389,100)
[p4:clut] samples=254000000 nonzero=94107676 (37.05%) u=[0..507] v=[0..255] distinctIdx=256 topNonZeroIdx=0x87(12550224) psm=0x2C tbp0=0x0 tbw=8 cbp=0x3B40 csa=0
[p4:gs-sprite] #266000 ctx=0 tme=1 abe=1 FRAME fbp=0x0 fbw=10 psm=0x1 msk=0x00000000 | SCISSOR 0,0..639,223 | TEST=0x000000000005008B | TEX0 tbp=0x0 tbw=8 psm=0x2C tw=512 th=512 tfx=0 | V0(2066.5,2013.0) V1(2074.5,2024.0) uv0(2584,360) uv1(2704,704) | XYOFFSET ofx=1728 ofy=1936 -> screen (338,77)..(346,88)
[p4:gs-sprite] #266500 ctx=0 tme=1 abe=1 FRAME fbp=0x0 fbw=10 psm=0x1 msk=0x00000000 | SCISSOR 0,0..639,223 | TEST=0x000000000005008B | TEX0 tbp=0x0 tbw=8 psm=0x2C tw=512 th=512 tfx=0 | V0(2144.5,2055.0) V1(2152.5,2066.0) uv0(2584,360) uv1(2704,704) | XYOFFSET ofx=1728 ofy=1936 -> screen (416,119)..(424,130)
[p4:gs-sprite] #267000 ctx=0 tme=1 abe=1 FRAME fbp=0x0 fbw=10 psm=0x1 msk=0x00000000 | SCISSOR 0,0..639,223 | TEST=0x000000000005008B | TEX0 tbp=0x0 tbw=8 psm=0x2C tw=512 th=512 tfx=0 | V0(1939.0,2041.0) V1(1942.0,2050.0) uv0(872,360) uv1(912,640) | XYOFFSET ofx=1728 ofy=1936 -> screen (211,105)..(214,114)
[p4:gs-sprite] #267500 ctx=0 tme=1 abe=1 FRAME fbp=0x0 fbw=10 psm=0x1 msk=0x00000000 | SCISSOR 0,0..639,223 | TEST=0x000000000005008B | TEX0 tbp=0x0 tbw=8 psm=0x2C tw=512 th=512 tfx=0 | V0(2235.5,2013.0) V1(2243.5,2022.0) uv0(1288,360) uv1(1408,640) | XYOFFSET ofx=1728 ofy=1936 -> screen (507,77)..(515,86)
[p4:clut] samples=254500000 nonzero=94304624 (37.05%) u=[0..507] v=[0..255] distinctIdx=256 topNonZeroIdx=0x87(12550224) psm=0x2C tbp0=0x0 tbw=8 cbp=0x3B40 csa=0
[p4:gs-sprite] #268000 ctx=0 tme=1 abe=1 FRAME fbp=0x0 fbw=10 psm=0x1 msk=0x00000000 | SCISSOR 0,0..639,223 | TEST=0x000000000005008B | TEX0 tbp=0x0 tbw=8 psm=0x2C tw=512 th=512 tfx=0 | V0(2060.5,2069.0) V1(2081.5,2079.5) uv0(5112,1432) uv1(5440,1760) | XYOFFSET ofx=1728 ofy=1936 -> screen (332,133)..(353,143)
[p4:gs-sprite] #268500 ctx=0 tme=1 abe=1 FRAME fbp=0x0 fbw=10 psm=0x1 msk=0x00000000 | SCISSOR 0,0..639,223 | TEST=0x000000000005008B | TEX0 tbp=0x0 tbw=8 psm=0x2C tw=512 th=512 tfx=0 | V0(2124.0,2041.0) V1(2130.0,2050.0) uv0(1960,360) uv1(2048,640) | XYOFFSET ofx=1728 ofy=1936 -> screen (396,105)..(402,114)
[p4:gs-sprite] #269000 ctx=0 tme=1 abe=1 FRAME fbp=0x0 fbw=10 psm=0x1 msk=0x00000000 | SCISSOR 0,0..639,223 | TEST=0x000000000005008B | TEX0 tbp=0x0 tbw=8 psm=0x2C tw=512 th=512 tfx=0 | V0(2001.0,2027.0) V1(2006.0,2036.0) uv0(1784,360) uv1(1856,640) | XYOFFSET ofx=1728 ofy=1936 -> screen (273,91)..(278,100)
[p4:gs-sprite] #269500 ctx=0 tme=1 abe=1 FRAME fbp=0x0 fbw=10 psm=0x1 msk=0x00000000 | SCISSOR 0,0..639,223 | TEST=0x000000000005008B | TEX0 tbp=0x0 tbw=8 psm=0x2C tw=512 th=512 tfx=0 | V0(1956.5,2013.0) V1(1964.5,2022.0) uv0(744,360) uv1(864,640) | XYOFFSET ofx=1728 ofy=1936 -> screen (228,77)..(236,86)
[p4:clut] samples=255000000 nonzero=94501102 (37.06%) u=[0..507] v=[0..255] distinctIdx=256 topNonZeroIdx=0x87(12550224) psm=0x2C tbp0=0x0 tbw=8 cbp=0x3B40 csa=0
[p4:gs-sprite] #270000 ctx=0 tme=1 abe=1 FRAME fbp=0x0 fbw=10 psm=0x1 msk=0x00000000 | SCISSOR 0,0..639,223 | TEST=0x000000000005008B | TEX0 tbp=0x0 tbw=8 psm=0x2C tw=512 th=512 tfx=0 | V0(2018.5,2055.0) V1(2023.5,2064.0) uv0(1784,360) uv1(1856,640) | XYOFFSET ofx=1728 ofy=1936 -> screen (290,119)..(295,128)
[p4:gs-sprite] #270500 ctx=0 tme=1 abe=1 FRAME fbp=0x0 fbw=10 psm=0x1 msk=0x00000000 | SCISSOR 0,0..639,223 | TEST=0x000000000005008B | TEX0 tbp=0x0 tbw=8 psm=0x2C tw=512 th=512 tfx=0 | V0(2164.0,2027.0) V1(2172.0,2036.0) uv0(6184,8) uv1(6304,288) | XYOFFSET ofx=1728 ofy=1936 -> screen (436,91)..(444,100)
[p4:gs-sprite] #271000 ctx=0 tme=1 abe=1 FRAME fbp=0x0 fbw=10 psm=0x1 msk=0x00000000 | SCISSOR 0,0..639,223 | TEST=0x000000000005008B | TEX0 tbp=0x0 tbw=8 psm=0x2C tw=512 th=512 tfx=0 | V0(2124.5,2013.0) V1(2132.5,2022.0) uv0(488,360) uv1(608,640) | XYOFFSET ofx=1728 ofy=1936 -> screen (396,77)..(404,86)
[p4:clut] samples=255500000 nonzero=94697662 (37.06%) u=[0..507] v=[0..255] distinctIdx=256 topNonZeroIdx=0x87(12550224) psm=0x2C tbp0=0x0 tbw=8 cbp=0x3B40 csa=0
[p4:gs-sprite] #271500 ctx=0 tme=1 abe=1 FRAME fbp=0x0 fbw=10 psm=0x1 msk=0x00000000 | SCISSOR 0,0..639,223 | TEST=0x000000000005008B | TEX0 tbp=0x0 tbw=8 psm=0x2C tw=512 th=512 tfx=0 | V0(2202.5,2055.0) V1(2210.5,2064.0) uv0(488,360) uv1(608,640) | XYOFFSET ofx=1728 ofy=1936 -> screen (474,119)..(482,128)
[p4:gs-sprite] #272000 ctx=0 tme=1 abe=1 FRAME fbp=0x0 fbw=10 psm=0x1 msk=0x00000000 | SCISSOR 0,0..639,223 | TEST=0x000000000005008B | TEX0 tbp=0x0 tbw=8 psm=0x2C tw=512 th=512 tfx=0 | V0(1998.0,2041.0) V1(2008.0,2050.0) uv0(5592,8) uv1(5744,288) | XYOFFSET ofx=1728 ofy=1936 -> screen (270,105)..(280,114)
[p4:gs-sprite] #272500 ctx=0 tme=1 abe=1 FRAME fbp=0x0 fbw=10 psm=0x1 msk=0x00000000 | SCISSOR 0,0..639,223 | TEST=0x000000000005008B | TEX0 tbp=0x0 tbw=8 psm=0x2C tw=512 th=512 tfx=0 | V0(1881.0,2027.0) V1(1889.0,2036.0) uv0(744,360) uv1(864,640) | XYOFFSET ofx=1728 ofy=1936 -> screen (153,91)..(161,100)
[p4:gs-sprite] #273000 ctx=0 tme=0 abe=0 FRAME fbp=0x0 fbw=10 psm=0x1 msk=0x00000000 | SCISSOR 0,0..639,223 | TEST=0x000000000005008B | TEX0 tbp=0x0 tbw=0 psm=0x0 tw=1 th=1 tfx=0 | V0(1829.0,2007.0) V1(2267.0,2087.0) uv0(0,0) uv1(0,0) | XYOFFSET ofx=1728 ofy=1936 -> screen (101,71)..(539,151)
[p4:clut] samples=256000000 nonzero=94894317 (37.07%) u=[0..507] v=[0..255] distinctIdx=256 topNonZeroIdx=0x87(12550224) psm=0x2C tbp0=0x0 tbw=8 cbp=0x3B40 csa=0
[p4:gs-sprite] #273500 ctx=0 tme=1 abe=1 FRAME fbp=0x0 fbw=10 psm=0x1 msk=0x00000000 | SCISSOR 0,0..639,223 | TEST=0x000000000005008B | TEX0 tbp=0x0 tbw=8 psm=0x2C tw=512 th=512 tfx=0 | V0(1888.5,2055.0) V1(1896.5,2066.0) uv0(2584,360) uv1(2704,704) | XYOFFSET ofx=1728 ofy=1936 -> screen (160,119)..(168,130)
[p4:gs-sprite] #274000 ctx=0 tme=1 abe=1 FRAME fbp=0x0 fbw=10 psm=0x1 msk=0x00000000 | SCISSOR 0,0..639,223 | TEST=0x000000000005008B | TEX0 tbp=0x0 tbw=8 psm=0x2C tw=512 th=512 tfx=0 | V0(2057.0,2027.0) V1(2066.0,2036.0) uv0(3912,8) uv1(4048,288) | XYOFFSET ofx=1728 ofy=1936 -> screen (329,91)..(338,100)
[p4:gs-sprite] #274500 ctx=0 tme=1 abe=1 FRAME fbp=0x0 fbw=10 psm=0x1 msk=0x00000000 | SCISSOR 0,0..639,223 | TEST=0x000000000005008B | TEX0 tbp=0x0 tbw=8 psm=0x2C tw=512 th=512 tfx=0 | V0(2017.5,2013.0) V1(2024.5,2022.0) uv0(2056,360) uv1(2160,640) | XYOFFSET ofx=1728 ofy=1936 -> screen (289,77)..(296,86)
[p4:gs-sprite] #275000 ctx=0 tme=1 abe=1 FRAME fbp=0x0 fbw=10 psm=0x1 msk=0x00000000 | SCISSOR 0,0..639,223 | TEST=0x000000000005008B | TEX0 tbp=0x0 tbw=8 psm=0x2C tw=512 th=512 tfx=0 | V0(2073.5,2055.0) V1(2080.5,2064.0) uv0(8008,8) uv1(8112,288) | XYOFFSET ofx=1728 ofy=1936 -> screen (345,119)..(352,128)
[p4:clut] samples=256500000 nonzero=95091188 (37.07%) u=[0..507] v=[0..255] distinctIdx=256 topNonZeroIdx=0x87(12550224) psm=0x2C tbp0=0x0 tbw=8 cbp=0x3B40 csa=0
[p4:gs-sprite] #275500 ctx=0 tme=1 abe=1 FRAME fbp=0x0 fbw=10 psm=0x1 msk=0x00000000 | SCISSOR 0,0..639,223 | TEST=0x000000000005008B | TEX0 tbp=0x0 tbw=8 psm=0x2C tw=512 th=512 tfx=0 | V0(2204.0,2027.0) V1(2213.0,2036.0) uv0(1416,360) uv1(1552,640) | XYOFFSET ofx=1728 ofy=1936 -> screen (476,91)..(485,100)
[p4:gs-sprite] #276000 ctx=0 tme=1 abe=1 FRAME fbp=0x0 fbw=10 psm=0x1 msk=0x00000000 | SCISSOR 0,0..639,223 | TEST=0x000000000005008B | TEX0 tbp=0x0 tbw=8 psm=0x2C tw=512 th=512 tfx=0 | V0(2177.5,2013.0) V1(2184.5,2022.0) uv0(8008,8) uv1(8112,288) | XYOFFSET ofx=1728 ofy=1936 -> screen (449,77)..(456,86)
[p4:gs-sprite] #276500 ctx=0 tme=1 abe=1 FRAME fbp=0x0 fbw=10 psm=0x1 msk=0x00000000 | SCISSOR 0,0..639,223 | TEST=0x000000000005008B | TEX0 tbp=0x0 tbw=8 psm=0x2C tw=512 th=512 tfx=0 | V0(1973.5,2069.0) V1(1991.5,2079.0) uv0(3368,1096) uv1(3648,1408) | XYOFFSET ofx=1728 ofy=1936 -> screen (245,133)..(263,143)
[p4:gs-sprite] #277000 ctx=0 tme=1 abe=1 FRAME fbp=0x0 fbw=10 psm=0x1 msk=0x00000000 | SCISSOR 0,0..639,223 | TEST=0x000000000005008B | TEX0 tbp=0x0 tbw=8 psm=0x2C tw=512 th=512 tfx=0 | V0(2066.0,2041.0) V1(2075.0,2050.0) uv0(6040,8) uv1(6176,288) | XYOFFSET ofx=1728 ofy=1936 -> screen (338,105)..(347,114)
[p4:clut] samples=257000000 nonzero=95288026 (37.08%) u=[0..507] v=[0..255] distinctIdx=256 topNonZeroIdx=0x03(12599424) psm=0x2C tbp0=0x0 tbw=8 cbp=0x3B40 csa=0
[p4:gs-sprite] #277500 ctx=0 tme=1 abe=1 FRAME fbp=0x0 fbw=10 psm=0x1 msk=0x00000000 | SCISSOR 0,0..639,223 | TEST=0x000000000005008B | TEX0 tbp=0x0 tbw=8 psm=0x2C tw=512 th=512 tfx=0 | V0(1944.0,2027.0) V1(1953.0,2036.0) uv0(1416,360) uv1(1552,640) | XYOFFSET ofx=1728 ofy=1936 -> screen (216,91)..(225,100)
[p4:gs-sprite] #278000 ctx=0 tme=1 abe=1 FRAME fbp=0x0 fbw=10 psm=0x1 msk=0x00000000 | SCISSOR 0,0..639,223 | TEST=0x000000000005008B | TEX0 tbp=0x0 tbw=8 psm=0x2C tw=512 th=512 tfx=0 | V0(1886.5,2013.0) V1(1893.5,2022.0) uv0(8008,8) uv1(8112,288) | XYOFFSET ofx=1728 ofy=1936 -> screen (158,77)..(165,86)
[p4:vbl] ticks=5100
[p4:gs-sprite] #278500 ctx=0 tme=1 abe=1 FRAME fbp=0x0 fbw=10 psm=0x1 msk=0x00000000 | SCISSOR 0,0..639,223 | TEST=0x000000000005008B | TEX0 tbp=0x0 tbw=8 psm=0x2C tw=512 th=512 tfx=0 | V0(1950.5,2055.0) V1(1958.5,2064.0) uv0(1288,360) uv1(1408,640) | XYOFFSET ofx=1728 ofy=1936 -> screen (222,119)..(230,128)
[p4:clut] samples=257500000 nonzero=95484438 (37.08%) u=[0..507] v=[0..255] distinctIdx=256 topNonZeroIdx=0x03(12689031) psm=0x2C tbp0=0x0 tbw=8 cbp=0x3B40 csa=0
[p4:gs-sprite] #279000 ctx=0 tme=1 abe=1 FRAME fbp=0x0 fbw=10 psm=0x1 msk=0x00000000 | SCISSOR 0,0..639,223 | TEST=0x000000000005008B | TEX0 tbp=0x0 tbw=8 psm=0x2C tw=512 th=512 tfx=0 | V0(2112.0,2027.0) V1(2117.0,2036.0) uv0(1784,360) uv1(1856,640) | XYOFFSET ofx=1728 ofy=1936 -> screen (384,91)..(389,100)
[p4:gs-sprite] #279500 ctx=0 tme=1 abe=1 FRAME fbp=0x0 fbw=10 psm=0x1 msk=0x00000000 | SCISSOR 0,0..639,223 | TEST=0x000000000005008B | TEX0 tbp=0x0 tbw=8 psm=0x2C tw=512 th=512 tfx=0 | V0(2066.5,2013.0) V1(2074.5,2024.0) uv0(2584,360) uv1(2704,704) | XYOFFSET ofx=1728 ofy=1936 -> screen (338,77)..(346,88)
[p4:gs-sprite] #280000 ctx=0 tme=1 abe=1 FRAME fbp=0x0 fbw=10 psm=0x1 msk=0x00000000 | SCISSOR 0,0..639,223 | TEST=0x000000000005008B | TEX0 tbp=0x0 tbw=8 psm=0x2C tw=512 th=512 tfx=0 | V0(2144.5,2055.0) V1(2152.5,2066.0) uv0(2584,360) uv1(2704,704) | XYOFFSET ofx=1728 ofy=1936 -> screen (416,119)..(424,130)
[p4:gs-sprite] #280500 ctx=0 tme=1 abe=1 FRAME fbp=0x0 fbw=10 psm=0x1 msk=0x00000000 | SCISSOR 0,0..639,223 | TEST=0x000000000005008B | TEX0 tbp=0x0 tbw=8 psm=0x2C tw=512 th=512 tfx=0 | V0(1939.0,2041.0) V1(1942.0,2050.0) uv0(872,360) uv1(912,640) | XYOFFSET ofx=1728 ofy=1936 -> screen (211,105)..(214,114)
[p4:clut] samples=258000000 nonzero=95680962 (37.09%) u=[0..507] v=[0..255] distinctIdx=256 topNonZeroIdx=0x03(12778636) psm=0x2C tbp0=0x0 tbw=8 cbp=0x3B40 csa=0
[p4:gs-sprite] #281000 ctx=0 tme=1 abe=1 FRAME fbp=0x0 fbw=10 psm=0x1 msk=0x00000000 | SCISSOR 0,0..639,223 | TEST=0x000000000005008B | TEX0 tbp=0x0 tbw=8 psm=0x2C tw=512 th=512 tfx=0 | V0(2235.5,2013.0) V1(2243.5,2022.0) uv0(1288,360) uv1(1408,640) | XYOFFSET ofx=1728 ofy=1936 -> screen (507,77)..(515,86)
[p4:gs-sprite] #281500 ctx=0 tme=1 abe=1 FRAME fbp=0x0 fbw=10 psm=0x1 msk=0x00000000 | SCISSOR 0,0..639,223 | TEST=0x000000000005008B | TEX0 tbp=0x0 tbw=8 psm=0x2C tw=512 th=512 tfx=0 | V0(2060.5,2069.0) V1(2081.5,2079.5) uv0(5112,1432) uv1(5440,1760) | XYOFFSET ofx=1728 ofy=1936 -> screen (332,133)..(353,143)
[p4:gs-sprite] #282000 ctx=0 tme=1 abe=1 FRAME fbp=0x0 fbw=10 psm=0x1 msk=0x00000000 | SCISSOR 0,0..639,223 | TEST=0x000000000005008B | TEX0 tbp=0x0 tbw=8 psm=0x2C tw=512 th=512 tfx=0 | V0(2124.0,2041.0) V1(2130.0,2050.0) uv0(1960,360) uv1(2048,640) | XYOFFSET ofx=1728 ofy=1936 -> screen (396,105)..(402,114)
[p4:gs-sprite] #282500 ctx=0 tme=1 abe=1 FRAME fbp=0x0 fbw=10 psm=0x1 msk=0x00000000 | SCISSOR 0,0..639,223 | TEST=0x000000000005008B | TEX0 tbp=0x0 tbw=8 psm=0x2C tw=512 th=512 tfx=0 | V0(2001.0,2027.0) V1(2006.0,2036.0) uv0(1784,360) uv1(1856,640) | XYOFFSET ofx=1728 ofy=1936 -> screen (273,91)..(278,100)
[p4:clut] samples=258500000 nonzero=95877628 (37.09%) u=[0..507] v=[0..255] distinctIdx=256 topNonZeroIdx=0x03(12868374) psm=0x2C tbp0=0x0 tbw=8 cbp=0x3B40 csa=0
[p4:gs-sprite] #283000 ctx=0 tme=1 abe=1 FRAME fbp=0x0 fbw=10 psm=0x1 msk=0x00000000 | SCISSOR 0,0..639,223 | TEST=0x000000000005008B | TEX0 tbp=0x0 tbw=8 psm=0x2C tw=512 th=512 tfx=0 | V0(1956.5,2013.0) V1(1964.5,2022.0) uv0(744,360) uv1(864,640) | XYOFFSET ofx=1728 ofy=1936 -> screen (228,77)..(236,86)
[p4:gs-sprite] #283500 ctx=0 tme=1 abe=1 FRAME fbp=0x0 fbw=10 psm=0x1 msk=0x00000000 | SCISSOR 0,0..639,223 | TEST=0x000000000005008B | TEX0 tbp=0x0 tbw=8 psm=0x2C tw=512 th=512 tfx=0 | V0(2018.5,2055.0) V1(2023.5,2064.0) uv0(1784,360) uv1(1856,640) | XYOFFSET ofx=1728 ofy=1936 -> screen (290,119)..(295,128)
[p4:gs-sprite] #284000 ctx=0 tme=1 abe=1 FRAME fbp=0x0 fbw=10 psm=0x1 msk=0x00000000 | SCISSOR 0,0..639,223 | TEST=0x000000000005008B | TEX0 tbp=0x0 tbw=8 psm=0x2C tw=512 th=512 tfx=0 | V0(2164.0,2027.0) V1(2172.0,2036.0) uv0(6184,8) uv1(6304,288) | XYOFFSET ofx=1728 ofy=1936 -> screen (436,91)..(444,100)
[p4:clut] samples=259000000 nonzero=96074556 (37.09%) u=[0..507] v=[0..255] distinctIdx=256 topNonZeroIdx=0x03(12958271) psm=0x2C tbp0=0x0 tbw=8 cbp=0x3B40 csa=0
[p4:gs-sprite] #284500 ctx=0 tme=1 abe=1 FRAME fbp=0x0 fbw=10 psm=0x1 msk=0x00000000 | SCISSOR 0,0..639,223 | TEST=0x000000000005008B | TEX0 tbp=0x0 tbw=8 psm=0x2C tw=512 th=512 tfx=0 | V0(2124.5,2013.0) V1(2132.5,2022.0) uv0(488,360) uv1(608,640) | XYOFFSET ofx=1728 ofy=1936 -> screen (396,77)..(404,86)
[p4:gs-sprite] #285000 ctx=0 tme=1 abe=1 FRAME fbp=0x0 fbw=10 psm=0x1 msk=0x00000000 | SCISSOR 0,0..639,223 | TEST=0x000000000005008B | TEX0 tbp=0x0 tbw=8 psm=0x2C tw=512 th=512 tfx=0 | V0(2202.5,2055.0) V1(2210.5,2064.0) uv0(488,360) uv1(608,640) | XYOFFSET ofx=1728 ofy=1936 -> screen (474,119)..(482,128)
[p4:gs-sprite] #285500 ctx=0 tme=1 abe=1 FRAME fbp=0x0 fbw=10 psm=0x1 msk=0x00000000 | SCISSOR 0,0..639,223 | TEST=0x000000000005008B | TEX0 tbp=0x0 tbw=8 psm=0x2C tw=512 th=512 tfx=0 | V0(1998.0,2041.0) V1(2008.0,2050.0) uv0(5592,8) uv1(5744,288) | XYOFFSET ofx=1728 ofy=1936 -> screen (270,105)..(280,114)
[p4:gs-sprite] #286000 ctx=0 tme=1 abe=1 FRAME fbp=0x0 fbw=10 psm=0x1 msk=0x00000000 | SCISSOR 0,0..639,223 | TEST=0x000000000005008B | TEX0 tbp=0x0 tbw=8 psm=0x2C tw=512 th=512 tfx=0 | V0(1881.0,2027.0) V1(1889.0,2036.0) uv0(744,360) uv1(864,640) | XYOFFSET ofx=1728 ofy=1936 -> screen (153,91)..(161,100)
[p4:clut] samples=259500000 nonzero=96271314 (37.10%) u=[0..507] v=[0..255] distinctIdx=256 topNonZeroIdx=0x03(13047994) psm=0x2C tbp0=0x0 tbw=8 cbp=0x3B40 csa=0
[p4:gs-sprite] #286500 ctx=0 tme=0 abe=0 FRAME fbp=0x0 fbw=10 psm=0x1 msk=0x00000000 | SCISSOR 0,0..639,223 | TEST=0x000000000005008B | TEX0 tbp=0x0 tbw=0 psm=0x0 tw=1 th=1 tfx=0 | V0(1829.0,2007.0) V1(2267.0,2087.0) uv0(0,0) uv1(0,0) | XYOFFSET ofx=1728 ofy=1936 -> screen (101,71)..(539,151)
[p4:gs-sprite] #287000 ctx=0 tme=1 abe=1 FRAME fbp=0x0 fbw=10 psm=0x1 msk=0x00000000 | SCISSOR 0,0..639,223 | TEST=0x000000000005008B | TEX0 tbp=0x0 tbw=8 psm=0x2C tw=512 th=512 tfx=0 | V0(1888.5,2055.0) V1(1896.5,2066.0) uv0(2584,360) uv1(2704,704) | XYOFFSET ofx=1728 ofy=1936 -> screen (160,119)..(168,130)
[p4:gs-sprite] #287500 ctx=0 tme=1 abe=1 FRAME fbp=0x0 fbw=10 psm=0x1 msk=0x00000000 | SCISSOR 0,0..639,223 | TEST=0x000000000005008B | TEX0 tbp=0x0 tbw=8 psm=0x2C tw=512 th=512 tfx=0 | V0(2057.0,2027.0) V1(2066.0,2036.0) uv0(3912,8) uv1(4048,288) | XYOFFSET ofx=1728 ofy=1936 -> screen (329,91)..(338,100)
[p4:gs-sprite] #288000 ctx=0 tme=1 abe=1 FRAME fbp=0x0 fbw=10 psm=0x1 msk=0x00000000 | SCISSOR 0,0..639,223 | TEST=0x000000000005008B | TEX0 tbp=0x0 tbw=8 psm=0x2C tw=512 th=512 tfx=0 | V0(2017.5,2013.0) V1(2024.5,2022.0) uv0(2056,360) uv1(2160,640) | XYOFFSET ofx=1728 ofy=1936 -> screen (289,77)..(296,86)
[p4:clut] samples=260000000 nonzero=96467635 (37.10%) u=[0..507] v=[0..255] distinctIdx=256 topNonZeroIdx=0x03(13137581) psm=0x2C tbp0=0x0 tbw=8 cbp=0x3B40 csa=0
[p4:gs-sprite] #288500 ctx=0 tme=1 abe=1 FRAME fbp=0x0 fbw=10 psm=0x1 msk=0x00000000 | SCISSOR 0,0..639,223 | TEST=0x000000000005008B | TEX0 tbp=0x0 tbw=8 psm=0x2C tw=512 th=512 tfx=0 | V0(2073.5,2055.0) V1(2080.5,2064.0) uv0(8008,8) uv1(8112,288) | XYOFFSET ofx=1728 ofy=1936 -> screen (345,119)..(352,128)
[p4:gs-sprite] #289000 ctx=0 tme=1 abe=1 FRAME fbp=0x0 fbw=10 psm=0x1 msk=0x00000000 | SCISSOR 0,0..639,223 | TEST=0x000000000005008B | TEX0 tbp=0x0 tbw=8 psm=0x2C tw=512 th=512 tfx=0 | V0(2204.0,2027.0) V1(2213.0,2036.0) uv0(1416,360) uv1(1552,640) | XYOFFSET ofx=1728 ofy=1936 -> screen (476,91)..(485,100)
[p4:gs-sprite] #289500 ctx=0 tme=1 abe=1 FRAME fbp=0x0 fbw=10 psm=0x1 msk=0x00000000 | SCISSOR 0,0..639,223 | TEST=0x000000000005008B | TEX0 tbp=0x0 tbw=8 psm=0x2C tw=512 th=512 tfx=0 | V0(2177.5,2013.0) V1(2184.5,2022.0) uv0(8008,8) uv1(8112,288) | XYOFFSET ofx=1728 ofy=1936 -> screen (449,77)..(456,86)
[p4:gs-sprite] #290000 ctx=0 tme=1 abe=1 FRAME fbp=0x0 fbw=10 psm=0x1 msk=0x00000000 | SCISSOR 0,0..639,223 | TEST=0x000000000005008B | TEX0 tbp=0x0 tbw=8 psm=0x2C tw=512 th=512 tfx=0 | V0(1973.5,2069.0) V1(1991.5,2079.0) uv0(3368,1096) uv1(3648,1408) | XYOFFSET ofx=1728 ofy=1936 -> screen (245,133)..(263,143)
[p4:clut] samples=260500000 nonzero=96664282 (37.11%) u=[0..507] v=[0..255] distinctIdx=256 topNonZeroIdx=0x03(13227275) psm=0x2C tbp0=0x0 tbw=8 cbp=0x3B40 csa=0
[p4:gs-sprite] #290500 ctx=0 tme=1 abe=1 FRAME fbp=0x0 fbw=10 psm=0x1 msk=0x00000000 | SCISSOR 0,0..639,223 | TEST=0x000000000005008B | TEX0 tbp=0x0 tbw=8 psm=0x2C tw=512 th=512 tfx=0 | V0(2066.0,2041.0) V1(2075.0,2050.0) uv0(6040,8) uv1(6176,288) | XYOFFSET ofx=1728 ofy=1936 -> screen (338,105)..(347,114)
[p4:gs-sprite] #291000 ctx=0 tme=1 abe=1 FRAME fbp=0x0 fbw=10 psm=0x1 msk=0x00000000 | SCISSOR 0,0..639,223 | TEST=0x000000000005008B | TEX0 tbp=0x0 tbw=8 psm=0x2C tw=512 th=512 tfx=0 | V0(1944.0,2027.0) V1(1953.0,2036.0) uv0(1416,360) uv1(1552,640) | XYOFFSET ofx=1728 ofy=1936 -> screen (216,91)..(225,100)
[p4:gs-sprite] #291500 ctx=0 tme=1 abe=1 FRAME fbp=0x0 fbw=10 psm=0x1 msk=0x00000000 | SCISSOR 0,0..639,223 | TEST=0x000000000005008B | TEX0 tbp=0x0 tbw=8 psm=0x2C tw=512 th=512 tfx=0 | V0(1886.5,2013.0) V1(1893.5,2022.0) uv0(8008,8) uv1(8112,288) | XYOFFSET ofx=1728 ofy=1936 -> screen (158,77)..(165,86)
[p4:clut] samples=261000000 nonzero=96861028 (37.11%) u=[0..507] v=[0..255] distinctIdx=256 topNonZeroIdx=0x03(13317036) psm=0x2C tbp0=0x0 tbw=8 cbp=0x3B40 csa=0
[p4:gs-sprite] #292000 ctx=0 tme=1 abe=1 FRAME fbp=0x0 fbw=10 psm=0x1 msk=0x00000000 | SCISSOR 0,0..639,223 | TEST=0x000000000005008B | TEX0 tbp=0x0 tbw=8 psm=0x2C tw=512 th=512 tfx=0 | V0(1950.5,2055.0) V1(1958.5,2064.0) uv0(1288,360) uv1(1408,640) | XYOFFSET ofx=1728 ofy=1936 -> screen (222,119)..(230,128)
[p4:gs-sprite] #292500 ctx=0 tme=1 abe=1 FRAME fbp=0x0 fbw=10 psm=0x1 msk=0x00000000 | SCISSOR 0,0..639,223 | TEST=0x000000000005008B | TEX0 tbp=0x0 tbw=8 psm=0x2C tw=512 th=512 tfx=0 | V0(2112.0,2027.0) V1(2117.0,2036.0) uv0(1784,360) uv1(1856,640) | XYOFFSET ofx=1728 ofy=1936 -> screen (384,91)..(389,100)
[p4:gs-sprite] #293000 ctx=0 tme=1 abe=1 FRAME fbp=0x0 fbw=10 psm=0x1 msk=0x00000000 | SCISSOR 0,0..639,223 | TEST=0x000000000005008B | TEX0 tbp=0x0 tbw=8 psm=0x2C tw=512 th=512 tfx=0 | V0(2066.5,2013.0) V1(2074.5,2024.0) uv0(2584,360) uv1(2704,704) | XYOFFSET ofx=1728 ofy=1936 -> screen (338,77)..(346,88)
[p4:gs-sprite] #293500 ctx=0 tme=1 abe=1 FRAME fbp=0x0 fbw=10 psm=0x1 msk=0x00000000 | SCISSOR 0,0..639,223 | TEST=0x000000000005008B | TEX0 tbp=0x0 tbw=8 psm=0x2C tw=512 th=512 tfx=0 | V0(2144.5,2055.0) V1(2152.5,2066.0) uv0(2584,360) uv1(2704,704) | XYOFFSET ofx=1728 ofy=1936 -> screen (416,119)..(424,130)
[p4:clut] samples=261500000 nonzero=97057944 (37.12%) u=[0..507] v=[0..255] distinctIdx=256 topNonZeroIdx=0x03(13406927) psm=0x2C tbp0=0x0 tbw=8 cbp=0x3B40 csa=0
[p4:gs-sprite] #294000 ctx=0 tme=1 abe=1 FRAME fbp=0x0 fbw=10 psm=0x1 msk=0x00000000 | SCISSOR 0,0..639,223 | TEST=0x000000000005008B | TEX0 tbp=0x0 tbw=8 psm=0x2C tw=512 th=512 tfx=0 | V0(1939.0,2041.0) V1(1942.0,2050.0) uv0(872,360) uv1(912,640) | XYOFFSET ofx=1728 ofy=1936 -> screen (211,105)..(214,114)
[p4:gs-sprite] #294500 ctx=0 tme=1 abe=1 FRAME fbp=0x0 fbw=10 psm=0x1 msk=0x00000000 | SCISSOR 0,0..639,223 | TEST=0x000000000005008B | TEX0 tbp=0x0 tbw=8 psm=0x2C tw=512 th=512 tfx=0 | V0(2235.5,2013.0) V1(2243.5,2022.0) uv0(1288,360) uv1(1408,640) | XYOFFSET ofx=1728 ofy=1936 -> screen (507,77)..(515,86)
[p4:gs-sprite] #295000 ctx=0 tme=1 abe=1 FRAME fbp=0x0 fbw=10 psm=0x1 msk=0x00000000 | SCISSOR 0,0..639,223 | TEST=0x000000000005008B | TEX0 tbp=0x0 tbw=8 psm=0x2C tw=512 th=512 tfx=0 | V0(2060.5,2069.0) V1(2081.5,2079.5) uv0(5112,1432) uv1(5440,1760) | XYOFFSET ofx=1728 ofy=1936 -> screen (332,133)..(353,143)
[p4:gs-sprite] #295500 ctx=0 tme=1 abe=1 FRAME fbp=0x0 fbw=10 psm=0x1 msk=0x00000000 | SCISSOR 0,0..639,223 | TEST=0x000000000005008B | TEX0 tbp=0x0 tbw=8 psm=0x2C tw=512 th=512 tfx=0 | V0(2124.0,2041.0) V1(2130.0,2050.0) uv0(1960,360) uv1(2048,640) | XYOFFSET ofx=1728 ofy=1936 -> screen (396,105)..(402,114)
[p4:clut] samples=262000000 nonzero=97254413 (37.12%) u=[0..507] v=[0..255] distinctIdx=256 topNonZeroIdx=0x03(13496572) psm=0x2C tbp0=0x0 tbw=8 cbp=0x3B40 csa=0
[p4:gs-sprite] #296000 ctx=0 tme=1 abe=1 FRAME fbp=0x0 fbw=10 psm=0x1 msk=0x00000000 | SCISSOR 0,0..639,223 | TEST=0x000000000005008B | TEX0 tbp=0x0 tbw=8 psm=0x2C tw=512 th=512 tfx=0 | V0(2001.0,2027.0) V1(2006.0,2036.0) uv0(1784,360) uv1(1856,640) | XYOFFSET ofx=1728 ofy=1936 -> screen (273,91)..(278,100)
[p4:gs-sprite] #296500 ctx=0 tme=1 abe=1 FRAME fbp=0x0 fbw=10 psm=0x1 msk=0x00000000 | SCISSOR 0,0..639,223 | TEST=0x000000000005008B | TEX0 tbp=0x0 tbw=8 psm=0x2C tw=512 th=512 tfx=0 | V0(1956.5,2013.0) V1(1964.5,2022.0) uv0(744,360) uv1(864,640) | XYOFFSET ofx=1728 ofy=1936 -> screen (228,77)..(236,86)
[p4:gs-sprite] #297000 ctx=0 tme=1 abe=1 FRAME fbp=0x0 fbw=10 psm=0x1 msk=0x00000000 | SCISSOR 0,0..639,223 | TEST=0x000000000005008B | TEX0 tbp=0x0 tbw=8 psm=0x2C tw=512 th=512 tfx=0 | V0(2018.5,2055.0) V1(2023.5,2064.0) uv0(1784,360) uv1(1856,640) | XYOFFSET ofx=1728 ofy=1936 -> screen (290,119)..(295,128)
[p4:clut] samples=262500000 nonzero=97450982 (37.12%) u=[0..507] v=[0..255] distinctIdx=256 topNonZeroIdx=0x03(13586182) psm=0x2C tbp0=0x0 tbw=8 cbp=0x3B40 csa=0
[p4:gs-sprite] #297500 ctx=0 tme=1 abe=1 FRAME fbp=0x0 fbw=10 psm=0x1 msk=0x00000000 | SCISSOR 0,0..639,223 | TEST=0x000000000005008B | TEX0 tbp=0x0 tbw=8 psm=0x2C tw=512 th=512 tfx=0 | V0(2164.0,2027.0) V1(2172.0,2036.0) uv0(6184,8) uv1(6304,288) | XYOFFSET ofx=1728 ofy=1936 -> screen (436,91)..(444,100)
[p4:gs-sprite] #298000 ctx=0 tme=1 abe=1 FRAME fbp=0x0 fbw=10 psm=0x1 msk=0x00000000 | SCISSOR 0,0..639,223 | TEST=0x000000000005008B | TEX0 tbp=0x0 tbw=8 psm=0x2C tw=512 th=512 tfx=0 | V0(2124.5,2013.0) V1(2132.5,2022.0) uv0(488,360) uv1(608,640) | XYOFFSET ofx=1728 ofy=1936 -> screen (396,77)..(404,86)
[p4:gs-sprite] #298500 ctx=0 tme=1 abe=1 FRAME fbp=0x0 fbw=10 psm=0x1 msk=0x00000000 | SCISSOR 0,0..639,223 | TEST=0x000000000005008B | TEX0 tbp=0x0 tbw=8 psm=0x2C tw=512 th=512 tfx=0 | V0(2202.5,2055.0) V1(2210.5,2064.0) uv0(488,360) uv1(608,640) | XYOFFSET ofx=1728 ofy=1936 -> screen (474,119)..(482,128)
[p4:gs-sprite] #299000 ctx=0 tme=1 abe=1 FRAME fbp=0x0 fbw=10 psm=0x1 msk=0x00000000 | SCISSOR 0,0..639,223 | TEST=0x000000000005008B | TEX0 tbp=0x0 tbw=8 psm=0x2C tw=512 th=512 tfx=0 | V0(1998.0,2041.0) V1(2008.0,2050.0) uv0(5592,8) uv1(5744,288) | XYOFFSET ofx=1728 ofy=1936 -> screen (270,105)..(280,114)
[p4:clut] samples=263000000 nonzero=97647664 (37.13%) u=[0..507] v=[0..255] distinctIdx=256 topNonZeroIdx=0x03(13675913) psm=0x2C tbp0=0x0 tbw=8 cbp=0x3B40 csa=0
[p4:gs-sprite] #299500 ctx=0 tme=1 abe=1 FRAME fbp=0x0 fbw=10 psm=0x1 msk=0x00000000 | SCISSOR 0,0..639,223 | TEST=0x000000000005008B | TEX0 tbp=0x0 tbw=8 psm=0x2C tw=512 th=512 tfx=0 | V0(1881.0,2027.0) V1(1889.0,2036.0) uv0(744,360) uv1(864,640) | XYOFFSET ofx=1728 ofy=1936 -> screen (153,91)..(161,100)
[p4:gs-sprite] #300000 ctx=0 tme=0 abe=0 FRAME fbp=0x0 fbw=10 psm=0x1 msk=0x00000000 | SCISSOR 0,0..639,223 | TEST=0x000000000005008B | TEX0 tbp=0x0 tbw=0 psm=0x0 tw=1 th=1 tfx=0 | V0(1829.0,2007.0) V1(2267.0,2087.0) uv0(0,0) uv1(0,0) | XYOFFSET ofx=1728 ofy=1936 -> screen (101,71)..(539,151)
[p4:gs-sprite] #300500 ctx=0 tme=1 abe=1 FRAME fbp=0x0 fbw=10 psm=0x1 msk=0x00000000 | SCISSOR 0,0..639,223 | TEST=0x000000000005008B | TEX0 tbp=0x0 tbw=8 psm=0x2C tw=512 th=512 tfx=0 | V0(1888.5,2055.0) V1(1896.5,2066.0) uv0(2584,360) uv1(2704,704) | XYOFFSET ofx=1728 ofy=1936 -> screen (160,119)..(168,130)
[p4:gs-sprite] #301000 ctx=0 tme=1 abe=1 FRAME fbp=0x0 fbw=10 psm=0x1 msk=0x00000000 | SCISSOR 0,0..639,223 | TEST=0x000000000005008B | TEX0 tbp=0x0 tbw=8 psm=0x2C tw=512 th=512 tfx=0 | V0(2057.0,2027.0) V1(2066.0,2036.0) uv0(3912,8) uv1(4048,288) | XYOFFSET ofx=1728 ofy=1936 -> screen (329,91)..(338,100)
[p4:clut] samples=263500000 nonzero=97844514 (37.13%) u=[0..507] v=[0..255] distinctIdx=256 topNonZeroIdx=0x03(13765758) psm=0x2C tbp0=0x0 tbw=8 cbp=0x3B40 csa=0
[p4:gs-sprite] #301500 ctx=0 tme=1 abe=1 FRAME fbp=0x0 fbw=10 psm=0x1 msk=0x00000000 | SCISSOR 0,0..639,223 | TEST=0x000000000005008B | TEX0 tbp=0x0 tbw=8 psm=0x2C tw=512 th=512 tfx=0 | V0(2017.5,2013.0) V1(2024.5,2022.0) uv0(2056,360) uv1(2160,640) | XYOFFSET ofx=1728 ofy=1936 -> screen (289,77)..(296,86)
[p4:gs-sprite] #302000 ctx=0 tme=1 abe=1 FRAME fbp=0x0 fbw=10 psm=0x1 msk=0x00000000 | SCISSOR 0,0..639,223 | TEST=0x000000000005008B | TEX0 tbp=0x0 tbw=8 psm=0x2C tw=512 th=512 tfx=0 | V0(2073.5,2055.0) V1(2080.5,2064.0) uv0(8008,8) uv1(8112,288) | XYOFFSET ofx=1728 ofy=1936 -> screen (345,119)..(352,128)
[p4:gs-sprite] #302500 ctx=0 tme=1 abe=1 FRAME fbp=0x0 fbw=10 psm=0x1 msk=0x00000000 | SCISSOR 0,0..639,223 | TEST=0x000000000005008B | TEX0 tbp=0x0 tbw=8 psm=0x2C tw=512 th=512 tfx=0 | V0(2204.0,2027.0) V1(2213.0,2036.0) uv0(1416,360) uv1(1552,640) | XYOFFSET ofx=1728 ofy=1936 -> screen (476,91)..(485,100)
[p4:gs-sprite] #303000 ctx=0 tme=1 abe=1 FRAME fbp=0x0 fbw=10 psm=0x1 msk=0x00000000 | SCISSOR 0,0..639,223 | TEST=0x000000000005008B | TEX0 tbp=0x0 tbw=8 psm=0x2C tw=512 th=512 tfx=0 | V0(2177.5,2013.0) V1(2184.5,2022.0) uv0(8008,8) uv1(8112,288) | XYOFFSET ofx=1728 ofy=1936 -> screen (449,77)..(456,86)
[p4:clut] samples=264000000 nonzero=98041337 (37.14%) u=[0..507] v=[0..255] distinctIdx=256 topNonZeroIdx=0x03(13855554) psm=0x2C tbp0=0x0 tbw=8 cbp=0x3B40 csa=0
[p4:vbl] ticks=5400
[p4:gs-sprite] #303500 ctx=0 tme=1 abe=1 FRAME fbp=0x0 fbw=10 psm=0x1 msk=0x00000000 | SCISSOR 0,0..639,223 | TEST=0x000000000005008B | TEX0 tbp=0x0 tbw=8 psm=0x2C tw=512 th=512 tfx=0 | V0(1973.5,2069.0) V1(1991.5,2079.0) uv0(3368,1096) uv1(3648,1408) | XYOFFSET ofx=1728 ofy=1936 -> screen (245,133)..(263,143)
[p4:gs-sprite] #304000 ctx=0 tme=1 abe=1 FRAME fbp=0x0 fbw=10 psm=0x1 msk=0x00000000 | SCISSOR 0,0..639,223 | TEST=0x000000000005008B | TEX0 tbp=0x0 tbw=8 psm=0x2C tw=512 th=512 tfx=0 | V0(2066.0,2041.0) V1(2075.0,2050.0) uv0(6040,8) uv1(6176,288) | XYOFFSET ofx=1728 ofy=1936 -> screen (338,105)..(347,114)
[p4:gs-sprite] #304500 ctx=0 tme=1 abe=1 FRAME fbp=0x0 fbw=10 psm=0x1 msk=0x00000000 | SCISSOR 0,0..639,223 | TEST=0x000000000005008B | TEX0 tbp=0x0 tbw=8 psm=0x2C tw=512 th=512 tfx=0 | V0(1944.0,2027.0) V1(1953.0,2036.0) uv0(1416,360) uv1(1552,640) | XYOFFSET ofx=1728 ofy=1936 -> screen (216,91)..(225,100)
[p4:clut] samples=264500000 nonzero=98237754 (37.14%) u=[0..507] v=[0..255] distinctIdx=256 topNonZeroIdx=0x03(13945160) psm=0x2C tbp0=0x0 tbw=8 cbp=0x3B40 csa=0
[p4:gs-sprite] #305000 ctx=0 tme=1 abe=1 FRAME fbp=0x0 fbw=10 psm=0x1 msk=0x00000000 | SCISSOR 0,0..639,223 | TEST=0x000000000005008B | TEX0 tbp=0x0 tbw=8 psm=0x2C tw=512 th=512 tfx=0 | V0(1886.5,2013.0) V1(1893.5,2022.0) uv0(8008,8) uv1(8112,288) | XYOFFSET ofx=1728 ofy=1936 -> screen (158,77)..(165,86)
[p4:gs-sprite] #305500 ctx=0 tme=1 abe=1 FRAME fbp=0x0 fbw=10 psm=0x1 msk=0x00000000 | SCISSOR 0,0..639,223 | TEST=0x000000000005008B | TEX0 tbp=0x0 tbw=8 psm=0x2C tw=512 th=512 tfx=0 | V0(1950.5,2055.0) V1(1958.5,2064.0) uv0(1288,360) uv1(1408,640) | XYOFFSET ofx=1728 ofy=1936 -> screen (222,119)..(230,128)
[p4:gs-sprite] #306000 ctx=0 tme=1 abe=1 FRAME fbp=0x0 fbw=10 psm=0x1 msk=0x00000000 | SCISSOR 0,0..639,223 | TEST=0x000000000005008B | TEX0 tbp=0x0 tbw=8 psm=0x2C tw=512 th=512 tfx=0 | V0(2112.0,2027.0) V1(2117.0,2036.0) uv0(1784,360) uv1(1856,640) | XYOFFSET ofx=1728 ofy=1936 -> screen (384,91)..(389,100)
[p4:gs-sprite] #306500 ctx=0 tme=1 abe=1 FRAME fbp=0x0 fbw=10 psm=0x1 msk=0x00000000 | SCISSOR 0,0..639,223 | TEST=0x000000000005008B | TEX0 tbp=0x0 tbw=8 psm=0x2C tw=512 th=512 tfx=0 | V0(2066.5,2013.0) V1(2074.5,2024.0) uv0(2584,360) uv1(2704,704) | XYOFFSET ofx=1728 ofy=1936 -> screen (338,77)..(346,88)
[p4:clut] samples=265000000 nonzero=98434314 (37.15%) u=[0..507] v=[0..255] distinctIdx=256 topNonZeroIdx=0x03(14034788) psm=0x2C tbp0=0x0 tbw=8 cbp=0x3B40 csa=0
[p4:gs-sprite] #307000 ctx=0 tme=1 abe=1 FRAME fbp=0x0 fbw=10 psm=0x1 msk=0x00000000 | SCISSOR 0,0..639,223 | TEST=0x000000000005008B | TEX0 tbp=0x0 tbw=8 psm=0x2C tw=512 th=512 tfx=0 | V0(2144.5,2055.0) V1(2152.5,2066.0) uv0(2584,360) uv1(2704,704) | XYOFFSET ofx=1728 ofy=1936 -> screen (416,119)..(424,130)
[p4:gs-sprite] #307500 ctx=0 tme=1 abe=1 FRAME fbp=0x0 fbw=10 psm=0x1 msk=0x00000000 | SCISSOR 0,0..639,223 | TEST=0x000000000005008B | TEX0 tbp=0x0 tbw=8 psm=0x2C tw=512 th=512 tfx=0 | V0(1939.0,2041.0) V1(1942.0,2050.0) uv0(872,360) uv1(912,640) | XYOFFSET ofx=1728 ofy=1936 -> screen (211,105)..(214,114)
[p4:gs-sprite] #308000 ctx=0 tme=1 abe=1 FRAME fbp=0x0 fbw=10 psm=0x1 msk=0x00000000 | SCISSOR 0,0..639,223 | TEST=0x000000000005008B | TEX0 tbp=0x0 tbw=8 psm=0x2C tw=512 th=512 tfx=0 | V0(2235.5,2013.0) V1(2243.5,2022.0) uv0(1288,360) uv1(1408,640) | XYOFFSET ofx=1728 ofy=1936 -> screen (507,77)..(515,86)
[p4:gs-sprite] #308500 ctx=0 tme=1 abe=1 FRAME fbp=0x0 fbw=10 psm=0x1 msk=0x00000000 | SCISSOR 0,0..639,223 | TEST=0x000000000005008B | TEX0 tbp=0x0 tbw=8 psm=0x2C tw=512 th=512 tfx=0 | V0(2060.5,2069.0) V1(2081.5,2079.5) uv0(5112,1432) uv1(5440,1760) | XYOFFSET ofx=1728 ofy=1936 -> screen (332,133)..(353,143)
[p4:clut] samples=265500000 nonzero=98630998 (37.15%) u=[0..507] v=[0..255] distinctIdx=256 topNonZeroIdx=0x03(14124532) psm=0x2C tbp0=0x0 tbw=8 cbp=0x3B40 csa=0
[p4:gs-sprite] #309000 ctx=0 tme=1 abe=1 FRAME fbp=0x0 fbw=10 psm=0x1 msk=0x00000000 | SCISSOR 0,0..639,223 | TEST=0x000000000005008B | TEX0 tbp=0x0 tbw=8 psm=0x2C tw=512 th=512 tfx=0 | V0(2124.0,2041.0) V1(2130.0,2050.0) uv0(1960,360) uv1(2048,640) | XYOFFSET ofx=1728 ofy=1936 -> screen (396,105)..(402,114)
[p4:gs-sprite] #309500 ctx=0 tme=1 abe=1 FRAME fbp=0x0 fbw=10 psm=0x1 msk=0x00000000 | SCISSOR 0,0..639,223 | TEST=0x000000000005008B | TEX0 tbp=0x0 tbw=8 psm=0x2C tw=512 th=512 tfx=0 | V0(2001.0,2027.0) V1(2006.0,2036.0) uv0(1784,360) uv1(1856,640) | XYOFFSET ofx=1728 ofy=1936 -> screen (273,91)..(278,100)
[p4:gs-sprite] #310000 ctx=0 tme=1 abe=1 FRAME fbp=0x0 fbw=10 psm=0x1 msk=0x00000000 | SCISSOR 0,0..639,223 | TEST=0x000000000005008B | TEX0 tbp=0x0 tbw=8 psm=0x2C tw=512 th=512 tfx=0 | V0(1956.5,2013.0) V1(1964.5,2022.0) uv0(744,360) uv1(864,640) | XYOFFSET ofx=1728 ofy=1936 -> screen (228,77)..(236,86)
[p4:gs-sprite] #310500 ctx=0 tme=1 abe=1 FRAME fbp=0x0 fbw=10 psm=0x1 msk=0x00000000 | SCISSOR 0,0..639,223 | TEST=0x000000000005008B | TEX0 tbp=0x0 tbw=8 psm=0x2C tw=512 th=512 tfx=0 | V0(2018.5,2055.0) V1(2023.5,2064.0) uv0(1784,360) uv1(1856,640) | XYOFFSET ofx=1728 ofy=1936 -> screen (290,119)..(295,128)
[p4:clut] samples=266000000 nonzero=98827911 (37.15%) u=[0..507] v=[0..255] distinctIdx=256 topNonZeroIdx=0x03(14214438) psm=0x2C tbp0=0x0 tbw=8 cbp=0x3B40 csa=0
[p4:gs-sprite] #311000 ctx=0 tme=1 abe=1 FRAME fbp=0x0 fbw=10 psm=0x1 msk=0x00000000 | SCISSOR 0,0..639,223 | TEST=0x000000000005008B | TEX0 tbp=0x0 tbw=8 psm=0x2C tw=512 th=512 tfx=0 | V0(2164.0,2027.0) V1(2172.0,2036.0) uv0(6184,8) uv1(6304,288) | XYOFFSET ofx=1728 ofy=1936 -> screen (436,91)..(444,100)
[p4:gs-sprite] #311500 ctx=0 tme=1 abe=1 FRAME fbp=0x0 fbw=10 psm=0x1 msk=0x00000000 | SCISSOR 0,0..639,223 | TEST=0x000000000005008B | TEX0 tbp=0x0 tbw=8 psm=0x2C tw=512 th=512 tfx=0 | V0(2124.5,2013.0) V1(2132.5,2022.0) uv0(488,360) uv1(608,640) | XYOFFSET ofx=1728 ofy=1936 -> screen (396,77)..(404,86)
[p4:gs-sprite] #312000 ctx=0 tme=1 abe=1 FRAME fbp=0x0 fbw=10 psm=0x1 msk=0x00000000 | SCISSOR 0,0..639,223 | TEST=0x000000000005008B | TEX0 tbp=0x0 tbw=8 psm=0x2C tw=512 th=512 tfx=0 | V0(2202.5,2055.0) V1(2210.5,2064.0) uv0(488,360) uv1(608,640) | XYOFFSET ofx=1728 ofy=1936 -> screen (474,119)..(482,128)
[p4:clut] samples=266500000 nonzero=99024575 (37.16%) u=[0..507] v=[0..255] distinctIdx=256 topNonZeroIdx=0x03(14304088) psm=0x2C tbp0=0x0 tbw=8 cbp=0x3B40 csa=0
[p4:gs-sprite] #312500 ctx=0 tme=1 abe=1 FRAME fbp=0x0 fbw=10 psm=0x1 msk=0x00000000 | SCISSOR 0,0..639,223 | TEST=0x000000000005008B | TEX0 tbp=0x0 tbw=8 psm=0x2C tw=512 th=512 tfx=0 | V0(1998.0,2041.0) V1(2008.0,2050.0) uv0(5592,8) uv1(5744,288) | XYOFFSET ofx=1728 ofy=1936 -> screen (270,105)..(280,114)
[p4:gs-sprite] #313000 ctx=0 tme=1 abe=1 FRAME fbp=0x0 fbw=10 psm=0x1 msk=0x00000000 | SCISSOR 0,0..639,223 | TEST=0x000000000005008B | TEX0 tbp=0x0 tbw=8 psm=0x2C tw=512 th=512 tfx=0 | V0(1881.0,2027.0) V1(1889.0,2036.0) uv0(744,360) uv1(864,640) | XYOFFSET ofx=1728 ofy=1936 -> screen (153,91)..(161,100)
[p4:gs-sprite] #313500 ctx=0 tme=0 abe=0 FRAME fbp=0x0 fbw=10 psm=0x1 msk=0x00000000 | SCISSOR 0,0..639,223 | TEST=0x000000000005008B | TEX0 tbp=0x0 tbw=0 psm=0x0 tw=1 th=1 tfx=0 | V0(1829.0,2007.0) V1(2267.0,2087.0) uv0(0,0) uv1(0,0) | XYOFFSET ofx=1728 ofy=1936 -> screen (101,71)..(539,151)
[p4:gs-sprite] #314000 ctx=0 tme=1 abe=1 FRAME fbp=0x0 fbw=10 psm=0x1 msk=0x00000000 | SCISSOR 0,0..639,223 | TEST=0x000000000005008B | TEX0 tbp=0x0 tbw=8 psm=0x2C tw=512 th=512 tfx=0 | V0(1888.5,2055.0) V1(1896.5,2066.0) uv0(2584,360) uv1(2704,704) | XYOFFSET ofx=1728 ofy=1936 -> screen (160,119)..(168,130)
[p4:clut] samples=267000000 nonzero=99220947 (37.16%) u=[0..507] v=[0..255] distinctIdx=256 topNonZeroIdx=0x03(14393696) psm=0x2C tbp0=0x0 tbw=8 cbp=0x3B40 csa=0
[p4:gs-sprite] #314500 ctx=0 tme=1 abe=1 FRAME fbp=0x0 fbw=10 psm=0x1 msk=0x00000000 | SCISSOR 0,0..639,223 | TEST=0x000000000005008B | TEX0 tbp=0x0 tbw=8 psm=0x2C tw=512 th=512 tfx=0 | V0(2057.0,2027.0) V1(2066.0,2036.0) uv0(3912,8) uv1(4048,288) | XYOFFSET ofx=1728 ofy=1936 -> screen (329,91)..(338,100)
[p4:gs-sprite] #315000 ctx=0 tme=1 abe=1 FRAME fbp=0x0 fbw=10 psm=0x1 msk=0x00000000 | SCISSOR 0,0..639,223 | TEST=0x000000000005008B | TEX0 tbp=0x0 tbw=8 psm=0x2C tw=512 th=512 tfx=0 | V0(2017.5,2013.0) V1(2024.5,2022.0) uv0(2056,360) uv1(2160,640) | XYOFFSET ofx=1728 ofy=1936 -> screen (289,77)..(296,86)
[p4:gs-sprite] #315500 ctx=0 tme=1 abe=1 FRAME fbp=0x0 fbw=10 psm=0x1 msk=0x00000000 | SCISSOR 0,0..639,223 | TEST=0x000000000005008B | TEX0 tbp=0x0 tbw=8 psm=0x2C tw=512 th=512 tfx=0 | V0(2073.5,2055.0) V1(2080.5,2064.0) uv0(8008,8) uv1(8112,288) | XYOFFSET ofx=1728 ofy=1936 -> screen (345,119)..(352,128)
[p4:gs-sprite] #316000 ctx=0 tme=1 abe=1 FRAME fbp=0x0 fbw=10 psm=0x1 msk=0x00000000 | SCISSOR 0,0..639,223 | TEST=0x000000000005008B | TEX0 tbp=0x0 tbw=8 psm=0x2C tw=512 th=512 tfx=0 | V0(2204.0,2027.0) V1(2213.0,2036.0) uv0(1416,360) uv1(1552,640) | XYOFFSET ofx=1728 ofy=1936 -> screen (476,91)..(485,100)
[p4:clut] samples=267500000 nonzero=99417643 (37.17%) u=[0..507] v=[0..255] distinctIdx=256 topNonZeroIdx=0x03(14483438) psm=0x2C tbp0=0x0 tbw=8 cbp=0x3B40 csa=0
[p4:gs-sprite] #316500 ctx=0 tme=1 abe=1 FRAME fbp=0x0 fbw=10 psm=0x1 msk=0x00000000 | SCISSOR 0,0..639,223 | TEST=0x000000000005008B | TEX0 tbp=0x0 tbw=8 psm=0x2C tw=512 th=512 tfx=0 | V0(2177.5,2013.0) V1(2184.5,2022.0) uv0(8008,8) uv1(8112,288) | XYOFFSET ofx=1728 ofy=1936 -> screen (449,77)..(456,86)
[p4:gs-sprite] #317000 ctx=0 tme=1 abe=1 FRAME fbp=0x0 fbw=10 psm=0x1 msk=0x00000000 | SCISSOR 0,0..639,223 | TEST=0x000000000005008B | TEX0 tbp=0x0 tbw=8 psm=0x2C tw=512 th=512 tfx=0 | V0(1973.5,2069.0) V1(1991.5,2079.0) uv0(3368,1096) uv1(3648,1408) | XYOFFSET ofx=1728 ofy=1936 -> screen (245,133)..(263,143)
[p4:gs-sprite] #317500 ctx=0 tme=1 abe=1 FRAME fbp=0x0 fbw=10 psm=0x1 msk=0x00000000 | SCISSOR 0,0..639,223 | TEST=0x000000000005008B | TEX0 tbp=0x0 tbw=8 psm=0x2C tw=512 th=512 tfx=0 | V0(2066.0,2041.0) V1(2075.0,2050.0) uv0(6040,8) uv1(6176,288) | XYOFFSET ofx=1728 ofy=1936 -> screen (338,105)..(347,114)
[p4:clut] samples=268000000 nonzero=99614431 (37.17%) u=[0..507] v=[0..255] distinctIdx=256 topNonZeroIdx=0x03(14573214) psm=0x2C tbp0=0x0 tbw=8 cbp=0x3B40 csa=0
[p4:gs-sprite] #318000 ctx=0 tme=1 abe=1 FRAME fbp=0x0 fbw=10 psm=0x1 msk=0x00000000 | SCISSOR 0,0..639,223 | TEST=0x000000000005008B | TEX0 tbp=0x0 tbw=8 psm=0x2C tw=512 th=512 tfx=0 | V0(1944.0,2027.0) V1(1953.0,2036.0) uv0(1416,360) uv1(1552,640) | XYOFFSET ofx=1728 ofy=1936 -> screen (216,91)..(225,100)
[p4:gs-sprite] #318500 ctx=0 tme=1 abe=1 FRAME fbp=0x0 fbw=10 psm=0x1 msk=0x00000000 | SCISSOR 0,0..639,223 | TEST=0x000000000005008B | TEX0 tbp=0x0 tbw=8 psm=0x2C tw=512 th=512 tfx=0 | V0(1886.5,2013.0) V1(1893.5,2022.0) uv0(8008,8) uv1(8112,288) | XYOFFSET ofx=1728 ofy=1936 -> screen (158,77)..(165,86)
[p4:gs-sprite] #319000 ctx=0 tme=1 abe=1 FRAME fbp=0x0 fbw=10 psm=0x1 msk=0x00000000 | SCISSOR 0,0..639,223 | TEST=0x000000000005008B | TEX0 tbp=0x0 tbw=8 psm=0x2C tw=512 th=512 tfx=0 | V0(1950.5,2055.0) V1(1958.5,2064.0) uv0(1288,360) uv1(1408,640) | XYOFFSET ofx=1728 ofy=1936 -> screen (222,119)..(230,128)
[p4:gs-sprite] #319500 ctx=0 tme=1 abe=1 FRAME fbp=0x0 fbw=10 psm=0x1 msk=0x00000000 | SCISSOR 0,0..639,223 | TEST=0x000000000005008B | TEX0 tbp=0x0 tbw=8 psm=0x2C tw=512 th=512 tfx=0 | V0(2112.0,2027.0) V1(2117.0,2036.0) uv0(1784,360) uv1(1856,640) | XYOFFSET ofx=1728 ofy=1936 -> screen (384,91)..(389,100)
[p4:clut] samples=268500000 nonzero=99811317 (37.17%) u=[0..507] v=[0..255] distinctIdx=256 topNonZeroIdx=0x03(14663098) psm=0x2C tbp0=0x0 tbw=8 cbp=0x3B40 csa=0
[p4:gs-sprite] #320000 ctx=0 tme=1 abe=1 FRAME fbp=0x0 fbw=10 psm=0x1 msk=0x00000000 | SCISSOR 0,0..639,223 | TEST=0x000000000005008B | TEX0 tbp=0x0 tbw=8 psm=0x2C tw=512 th=512 tfx=0 | V0(2066.5,2013.0) V1(2074.5,2024.0) uv0(2584,360) uv1(2704,704) | XYOFFSET ofx=1728 ofy=1936 -> screen (338,77)..(346,88)
[p4:gs-sprite] #320500 ctx=0 tme=1 abe=1 FRAME fbp=0x0 fbw=10 psm=0x1 msk=0x00000000 | SCISSOR 0,0..639,223 | TEST=0x000000000005008B | TEX0 tbp=0x0 tbw=8 psm=0x2C tw=512 th=512 tfx=0 | V0(2144.5,2055.0) V1(2152.5,2066.0) uv0(2584,360) uv1(2704,704) | XYOFFSET ofx=1728 ofy=1936 -> screen (416,119)..(424,130)
[p4:gs-sprite] #321000 ctx=0 tme=1 abe=1 FRAME fbp=0x0 fbw=10 psm=0x1 msk=0x00000000 | SCISSOR 0,0..639,223 | TEST=0x000000000005008B | TEX0 tbp=0x0 tbw=8 psm=0x2C tw=512 th=512 tfx=0 | V0(1939.0,2041.0) V1(1942.0,2050.0) uv0(872,360) uv1(912,640) | XYOFFSET ofx=1728 ofy=1936 -> screen (211,105)..(214,114)
[p4:gs-sprite] #321500 ctx=0 tme=1 abe=1 FRAME fbp=0x0 fbw=10 psm=0x1 msk=0x00000000 | SCISSOR 0,0..639,223 | TEST=0x000000000005008B | TEX0 tbp=0x0 tbw=8 psm=0x2C tw=512 th=512 tfx=0 | V0(2235.5,2013.0) V1(2243.5,2022.0) uv0(1288,360) uv1(1408,640) | XYOFFSET ofx=1728 ofy=1936 -> screen (507,77)..(515,86)
[p4:clut] samples=269000000 nonzero=100007780 (37.18%) u=[0..507] v=[0..255] distinctIdx=256 topNonZeroIdx=0x03(14752731) psm=0x2C tbp0=0x0 tbw=8 cbp=0x3B40 csa=0
[p4:gs-sprite] #322000 ctx=0 tme=1 abe=1 FRAME fbp=0x0 fbw=10 psm=0x1 msk=0x00000000 | SCISSOR 0,0..639,223 | TEST=0x000000000005008B | TEX0 tbp=0x0 tbw=8 psm=0x2C tw=512 th=512 tfx=0 | V0(2060.5,2069.0) V1(2081.5,2079.5) uv0(5112,1432) uv1(5440,1760) | XYOFFSET ofx=1728 ofy=1936 -> screen (332,133)..(353,143)
[p4:gs-sprite] #322500 ctx=0 tme=1 abe=1 FRAME fbp=0x0 fbw=10 psm=0x1 msk=0x00000000 | SCISSOR 0,0..639,223 | TEST=0x000000000005008B | TEX0 tbp=0x0 tbw=8 psm=0x2C tw=512 th=512 tfx=0 | V0(2124.0,2041.0) V1(2130.0,2050.0) uv0(1960,360) uv1(2048,640) | XYOFFSET ofx=1728 ofy=1936 -> screen (396,105)..(402,114)
[p4:gs-sprite] #323000 ctx=0 tme=1 abe=1 FRAME fbp=0x0 fbw=10 psm=0x1 msk=0x00000000 | SCISSOR 0,0..639,223 | TEST=0x000000000005008B | TEX0 tbp=0x0 tbw=8 psm=0x2C tw=512 th=512 tfx=0 | V0(2001.0,2027.0) V1(2006.0,2036.0) uv0(1784,360) uv1(1856,640) | XYOFFSET ofx=1728 ofy=1936 -> screen (273,91)..(278,100)
[p4:gs-sprite] #323500 ctx=0 tme=1 abe=1 FRAME fbp=0x0 fbw=10 psm=0x1 msk=0x00000000 | SCISSOR 0,0..639,223 | TEST=0x000000000005008B | TEX0 tbp=0x0 tbw=8 psm=0x2C tw=512 th=512 tfx=0 | V0(1956.5,2013.0) V1(1964.5,2022.0) uv0(744,360) uv1(864,640) | XYOFFSET ofx=1728 ofy=1936 -> screen (228,77)..(236,86)
[p4:clut] samples=269500000 nonzero=100204310 (37.18%) u=[0..507] v=[0..255] distinctIdx=256 topNonZeroIdx=0x03(14842346) psm=0x2C tbp0=0x0 tbw=8 cbp=0x3B40 csa=0
[p4:gs-sprite] #324000 ctx=0 tme=1 abe=1 FRAME fbp=0x0 fbw=10 psm=0x1 msk=0x00000000 | SCISSOR 0,0..639,223 | TEST=0x000000000005008B | TEX0 tbp=0x0 tbw=8 psm=0x2C tw=512 th=512 tfx=0 | V0(2018.5,2055.0) V1(2023.5,2064.0) uv0(1784,360) uv1(1856,640) | XYOFFSET ofx=1728 ofy=1936 -> screen (290,119)..(295,128)
[p4:gs-sprite] #324500 ctx=0 tme=1 abe=1 FRAME fbp=0x0 fbw=10 psm=0x1 msk=0x00000000 | SCISSOR 0,0..639,223 | TEST=0x000000000005008B | TEX0 tbp=0x0 tbw=8 psm=0x2C tw=512 th=512 tfx=0 | V0(2164.0,2027.0) V1(2172.0,2036.0) uv0(6184,8) uv1(6304,288) | XYOFFSET ofx=1728 ofy=1936 -> screen (436,91)..(444,100)
[p4:gs-sprite] #325000 ctx=0 tme=1 abe=1 FRAME fbp=0x0 fbw=10 psm=0x1 msk=0x00000000 | SCISSOR 0,0..639,223 | TEST=0x000000000005008B | TEX0 tbp=0x0 tbw=8 psm=0x2C tw=512 th=512 tfx=0 | V0(2124.5,2013.0) V1(2132.5,2022.0) uv0(488,360) uv1(608,640) | XYOFFSET ofx=1728 ofy=1936 -> screen (396,77)..(404,86)
[p4:clut] samples=270000000 nonzero=100400958 (37.19%) u=[0..507] v=[0..255] distinctIdx=256 topNonZeroIdx=0x03(14932056) psm=0x2C tbp0=0x0 tbw=8 cbp=0x3B40 csa=0
[p4:gs-sprite] #325500 ctx=0 tme=1 abe=1 FRAME fbp=0x0 fbw=10 psm=0x1 msk=0x00000000 | SCISSOR 0,0..639,223 | TEST=0x000000000005008B | TEX0 tbp=0x0 tbw=8 psm=0x2C tw=512 th=512 tfx=0 | V0(2202.5,2055.0) V1(2210.5,2064.0) uv0(488,360) uv1(608,640) | XYOFFSET ofx=1728 ofy=1936 -> screen (474,119)..(482,128)
[p4:gs-sprite] #326000 ctx=0 tme=1 abe=1 FRAME fbp=0x0 fbw=10 psm=0x1 msk=0x00000000 | SCISSOR 0,0..639,223 | TEST=0x000000000005008B | TEX0 tbp=0x0 tbw=8 psm=0x2C tw=512 th=512 tfx=0 | V0(1998.0,2041.0) V1(2008.0,2050.0) uv0(5592,8) uv1(5744,288) | XYOFFSET ofx=1728 ofy=1936 -> screen (270,105)..(280,114)
[p4:gs-sprite] #326500 ctx=0 tme=1 abe=1 FRAME fbp=0x0 fbw=10 psm=0x1 msk=0x00000000 | SCISSOR 0,0..639,223 | TEST=0x000000000005008B | TEX0 tbp=0x0 tbw=8 psm=0x2C tw=512 th=512 tfx=0 | V0(1881.0,2027.0) V1(1889.0,2036.0) uv0(744,360) uv1(864,640) | XYOFFSET ofx=1728 ofy=1936 -> screen (153,91)..(161,100)
[p4:gs-sprite] #327000 ctx=0 tme=0 abe=0 FRAME fbp=0x0 fbw=10 psm=0x1 msk=0x00000000 | SCISSOR 0,0..639,223 | TEST=0x000000000005008B | TEX0 tbp=0x0 tbw=0 psm=0x0 tw=1 th=1 tfx=0 | V0(1829.0,2007.0) V1(2267.0,2087.0) uv0(0,0) uv1(0,0) | XYOFFSET ofx=1728 ofy=1936 -> screen (101,71)..(539,151)
[p4:clut] samples=270500000 nonzero=100597858 (37.19%) u=[0..507] v=[0..255] distinctIdx=256 topNonZeroIdx=0x03(15021914) psm=0x2C tbp0=0x0 tbw=8 cbp=0x3B40 csa=0
[p4:gs-sprite] #327500 ctx=0 tme=1 abe=1 FRAME fbp=0x0 fbw=10 psm=0x1 msk=0x00000000 | SCISSOR 0,0..639,223 | TEST=0x000000000005008B | TEX0 tbp=0x0 tbw=8 psm=0x2C tw=512 th=512 tfx=0 | V0(1888.5,2055.0) V1(1896.5,2066.0) uv0(2584,360) uv1(2704,704) | XYOFFSET ofx=1728 ofy=1936 -> screen (160,119)..(168,130)
[p4:gs-sprite] #328000 ctx=0 tme=1 abe=1 FRAME fbp=0x0 fbw=10 psm=0x1 msk=0x00000000 | SCISSOR 0,0..639,223 | TEST=0x000000000005008B | TEX0 tbp=0x0 tbw=8 psm=0x2C tw=512 th=512 tfx=0 | V0(2057.0,2027.0) V1(2066.0,2036.0) uv0(3912,8) uv1(4048,288) | XYOFFSET ofx=1728 ofy=1936 -> screen (329,91)..(338,100)
[p4:gs-sprite] #328500 ctx=0 tme=1 abe=1 FRAME fbp=0x0 fbw=10 psm=0x1 msk=0x00000000 | SCISSOR 0,0..639,223 | TEST=0x000000000005008B | TEX0 tbp=0x0 tbw=8 psm=0x2C tw=512 th=512 tfx=0 | V0(2017.5,2013.0) V1(2024.5,2022.0) uv0(2056,360) uv1(2160,640) | XYOFFSET ofx=1728 ofy=1936 -> screen (289,77)..(296,86)
[p4:gs-sprite] #329000 ctx=0 tme=1 abe=1 FRAME fbp=0x0 fbw=10 psm=0x1 msk=0x00000000 | SCISSOR 0,0..639,223 | TEST=0x000000000005008B | TEX0 tbp=0x0 tbw=8 psm=0x2C tw=512 th=512 tfx=0 | V0(2073.5,2055.0) V1(2080.5,2064.0) uv0(8008,8) uv1(8112,288) | XYOFFSET ofx=1728 ofy=1936 -> screen (345,119)..(352,128)
[p4:clut] samples=271000000 nonzero=100794676 (37.19%) u=[0..507] v=[0..255] distinctIdx=256 topNonZeroIdx=0x03(15111696) psm=0x2C tbp0=0x0 tbw=8 cbp=0x3B40 csa=0
[p4:gs-sprite] #329500 ctx=0 tme=1 abe=1 FRAME fbp=0x0 fbw=10 psm=0x1 msk=0x00000000 | SCISSOR 0,0..639,223 | TEST=0x000000000005008B | TEX0 tbp=0x0 tbw=8 psm=0x2C tw=512 th=512 tfx=0 | V0(2204.0,2027.0) V1(2213.0,2036.0) uv0(1416,360) uv1(1552,640) | XYOFFSET ofx=1728 ofy=1936 -> screen (476,91)..(485,100)
[p4:vbl] ticks=5700
[p4:gs-sprite] #330000 ctx=0 tme=1 abe=1 FRAME fbp=0x0 fbw=10 psm=0x1 msk=0x00000000 | SCISSOR 0,0..639,223 | TEST=0x000000000005008B | TEX0 tbp=0x0 tbw=8 psm=0x2C tw=512 th=512 tfx=0 | V0(2177.5,2013.0) V1(2184.5,2022.0) uv0(8008,8) uv1(8112,288) | XYOFFSET ofx=1728 ofy=1936 -> screen (449,77)..(456,86)
[p4:gs-sprite] #330500 ctx=0 tme=1 abe=1 FRAME fbp=0x0 fbw=10 psm=0x1 msk=0x00000000 | SCISSOR 0,0..639,223 | TEST=0x000000000005008B | TEX0 tbp=0x0 tbw=8 psm=0x2C tw=512 th=512 tfx=0 | V0(1973.5,2069.0) V1(1991.5,2079.0) uv0(3368,1096) uv1(3648,1408) | XYOFFSET ofx=1728 ofy=1936 -> screen (245,133)..(263,143)
[p4:clut] samples=271500000 nonzero=100991106 (37.20%) u=[0..507] v=[0..255] distinctIdx=256 topNonZeroIdx=0x03(15201304) psm=0x2C tbp0=0x0 tbw=8 cbp=0x3B40 csa=0
[p4:gs-sprite] #331000 ctx=0 tme=1 abe=1 FRAME fbp=0x0 fbw=10 psm=0x1 msk=0x00000000 | SCISSOR 0,0..639,223 | TEST=0x000000000005008B | TEX0 tbp=0x0 tbw=8 psm=0x2C tw=512 th=512 tfx=0 | V0(2066.0,2041.0) V1(2075.0,2050.0) uv0(6040,8) uv1(6176,288) | XYOFFSET ofx=1728 ofy=1936 -> screen (338,105)..(347,114)
[p4:gs-sprite] #331500 ctx=0 tme=1 abe=1 FRAME fbp=0x0 fbw=10 psm=0x1 msk=0x00000000 | SCISSOR 0,0..639,223 | TEST=0x000000000005008B | TEX0 tbp=0x0 tbw=8 psm=0x2C tw=512 th=512 tfx=0 | V0(1944.0,2027.0) V1(1953.0,2036.0) uv0(1416,360) uv1(1552,640) | XYOFFSET ofx=1728 ofy=1936 -> screen (216,91)..(225,100)
[p4:gs-sprite] #332000 ctx=0 tme=1 abe=1 FRAME fbp=0x0 fbw=10 psm=0x1 msk=0x00000000 | SCISSOR 0,0..639,223 | TEST=0x000000000005008B | TEX0 tbp=0x0 tbw=8 psm=0x2C tw=512 th=512 tfx=0 | V0(1886.5,2013.0) V1(1893.5,2022.0) uv0(8008,8) uv1(8112,288) | XYOFFSET ofx=1728 ofy=1936 -> screen (158,77)..(165,86)
[p4:gs-sprite] #332500 ctx=0 tme=1 abe=1 FRAME fbp=0x0 fbw=10 psm=0x1 msk=0x00000000 | SCISSOR 0,0..639,223 | TEST=0x000000000005008B | TEX0 tbp=0x0 tbw=8 psm=0x2C tw=512 th=512 tfx=0 | V0(1950.5,2055.0) V1(1958.5,2064.0) uv0(1288,360) uv1(1408,640) | XYOFFSET ofx=1728 ofy=1936 -> screen (222,119)..(230,128)
[p4:clut] samples=272000000 nonzero=101187619 (37.20%) u=[0..507] v=[0..255] distinctIdx=256 topNonZeroIdx=0x03(15290924) psm=0x2C tbp0=0x0 tbw=8 cbp=0x3B40 csa=0
[p4:gs-sprite] #333000 ctx=0 tme=1 abe=1 FRAME fbp=0x0 fbw=10 psm=0x1 msk=0x00000000 | SCISSOR 0,0..639,223 | TEST=0x000000000005008B | TEX0 tbp=0x0 tbw=8 psm=0x2C tw=512 th=512 tfx=0 | V0(2112.0,2027.0) V1(2117.0,2036.0) uv0(1784,360) uv1(1856,640) | XYOFFSET ofx=1728 ofy=1936 -> screen (384,91)..(389,100)
[p4:gs-sprite] #333500 ctx=0 tme=1 abe=1 FRAME fbp=0x0 fbw=10 psm=0x1 msk=0x00000000 | SCISSOR 0,0..639,223 | TEST=0x000000000005008B | TEX0 tbp=0x0 tbw=8 psm=0x2C tw=512 th=512 tfx=0 | V0(2066.5,2013.0) V1(2074.5,2024.0) uv0(2584,360) uv1(2704,704) | XYOFFSET ofx=1728 ofy=1936 -> screen (338,77)..(346,88)
[p4:gs-sprite] #334000 ctx=0 tme=1 abe=1 FRAME fbp=0x0 fbw=10 psm=0x1 msk=0x00000000 | SCISSOR 0,0..639,223 | TEST=0x000000000005008B | TEX0 tbp=0x0 tbw=8 psm=0x2C tw=512 th=512 tfx=0 | V0(2144.5,2055.0) V1(2152.5,2066.0) uv0(2584,360) uv1(2704,704) | XYOFFSET ofx=1728 ofy=1936 -> screen (416,119)..(424,130)
[p4:gs-sprite] #334500 ctx=0 tme=1 abe=1 FRAME fbp=0x0 fbw=10 psm=0x1 msk=0x00000000 | SCISSOR 0,0..639,223 | TEST=0x000000000005008B | TEX0 tbp=0x0 tbw=8 psm=0x2C tw=512 th=512 tfx=0 | V0(1939.0,2041.0) V1(1942.0,2050.0) uv0(872,360) uv1(912,640) | XYOFFSET ofx=1728 ofy=1936 -> screen (211,105)..(214,114)
[p4:clut] samples=272500000 nonzero=101384283 (37.21%) u=[0..507] v=[0..255] distinctIdx=256 topNonZeroIdx=0x03(15380649) psm=0x2C tbp0=0x0 tbw=8 cbp=0x3B40 csa=0
[p4:gs-sprite] #335000 ctx=0 tme=1 abe=1 FRAME fbp=0x0 fbw=10 psm=0x1 msk=0x00000000 | SCISSOR 0,0..639,223 | TEST=0x000000000005008B | TEX0 tbp=0x0 tbw=8 psm=0x2C tw=512 th=512 tfx=0 | V0(2235.5,2013.0) V1(2243.5,2022.0) uv0(1288,360) uv1(1408,640) | XYOFFSET ofx=1728 ofy=1936 -> screen (507,77)..(515,86)
[p4:gs-sprite] #335500 ctx=0 tme=1 abe=1 FRAME fbp=0x0 fbw=10 psm=0x1 msk=0x00000000 | SCISSOR 0,0..639,223 | TEST=0x000000000005008B | TEX0 tbp=0x0 tbw=8 psm=0x2C tw=512 th=512 tfx=0 | V0(2060.5,2069.0) V1(2081.5,2079.5) uv0(5112,1432) uv1(5440,1760) | XYOFFSET ofx=1728 ofy=1936 -> screen (332,133)..(353,143)
[p4:gs-sprite] #336000 ctx=0 tme=1 abe=1 FRAME fbp=0x0 fbw=10 psm=0x1 msk=0x00000000 | SCISSOR 0,0..639,223 | TEST=0x000000000005008B | TEX0 tbp=0x0 tbw=8 psm=0x2C tw=512 th=512 tfx=0 | V0(2124.0,2041.0) V1(2130.0,2050.0) uv0(1960,360) uv1(2048,640) | XYOFFSET ofx=1728 ofy=1936 -> screen (396,105)..(402,114)
[p4:gs-sprite] #336500 ctx=0 tme=1 abe=1 FRAME fbp=0x0 fbw=10 psm=0x1 msk=0x00000000 | SCISSOR 0,0..639,223 | TEST=0x000000000005008B | TEX0 tbp=0x0 tbw=8 psm=0x2C tw=512 th=512 tfx=0 | V0(2001.0,2027.0) V1(2006.0,2036.0) uv0(1784,360) uv1(1856,640) | XYOFFSET ofx=1728 ofy=1936 -> screen (273,91)..(278,100)
[p4:clut] samples=273000000 nonzero=101581247 (37.21%) u=[0..507] v=[0..255] distinctIdx=256 topNonZeroIdx=0x03(15470595) psm=0x2C tbp0=0x0 tbw=8 cbp=0x3B40 csa=0
[p4:gs-sprite] #337000 ctx=0 tme=1 abe=1 FRAME fbp=0x0 fbw=10 psm=0x1 msk=0x00000000 | SCISSOR 0,0..639,223 | TEST=0x000000000005008B | TEX0 tbp=0x0 tbw=8 psm=0x2C tw=512 th=512 tfx=0 | V0(1956.5,2013.0) V1(1964.5,2022.0) uv0(744,360) uv1(864,640) | XYOFFSET ofx=1728 ofy=1936 -> screen (228,77)..(236,86)
[p4:gs-sprite] #337500 ctx=0 tme=1 abe=1 FRAME fbp=0x0 fbw=10 psm=0x1 msk=0x00000000 | SCISSOR 0,0..639,223 | TEST=0x000000000005008B | TEX0 tbp=0x0 tbw=8 psm=0x2C tw=512 th=512 tfx=0 | V0(2018.5,2055.0) V1(2023.5,2064.0) uv0(1784,360) uv1(1856,640) | XYOFFSET ofx=1728 ofy=1936 -> screen (290,119)..(295,128)
[p4:gs-sprite] #338000 ctx=0 tme=1 abe=1 FRAME fbp=0x0 fbw=10 psm=0x1 msk=0x00000000 | SCISSOR 0,0..639,223 | TEST=0x000000000005008B | TEX0 tbp=0x0 tbw=8 psm=0x2C tw=512 th=512 tfx=0 | V0(2164.0,2027.0) V1(2172.0,2036.0) uv0(6184,8) uv1(6304,288) | XYOFFSET ofx=1728 ofy=1936 -> screen (436,91)..(444,100)
[p4:clut] samples=273500000 nonzero=101777899 (37.21%) u=[0..507] v=[0..255] distinctIdx=256 topNonZeroIdx=0x03(15560247) psm=0x2C tbp0=0x0 tbw=8 cbp=0x3B40 csa=0
[p4:gs-sprite] #338500 ctx=0 tme=1 abe=1 FRAME fbp=0x0 fbw=10 psm=0x1 msk=0x00000000 | SCISSOR 0,0..639,223 | TEST=0x000000000005008B | TEX0 tbp=0x0 tbw=8 psm=0x2C tw=512 th=512 tfx=0 | V0(2124.5,2013.0) V1(2132.5,2022.0) uv0(488,360) uv1(608,640) | XYOFFSET ofx=1728 ofy=1936 -> screen (396,77)..(404,86)
[p4:gs-sprite] #339000 ctx=0 tme=1 abe=1 FRAME fbp=0x0 fbw=10 psm=0x1 msk=0x00000000 | SCISSOR 0,0..639,223 | TEST=0x000000000005008B | TEX0 tbp=0x0 tbw=8 psm=0x2C tw=512 th=512 tfx=0 | V0(2202.5,2055.0) V1(2210.5,2064.0) uv0(488,360) uv1(608,640) | XYOFFSET ofx=1728 ofy=1936 -> screen (474,119)..(482,128)
[p4:gs-sprite] #339500 ctx=0 tme=1 abe=1 FRAME fbp=0x0 fbw=10 psm=0x1 msk=0x00000000 | SCISSOR 0,0..639,223 | TEST=0x000000000005008B | TEX0 tbp=0x0 tbw=8 psm=0x2C tw=512 th=512 tfx=0 | V0(1998.0,2041.0) V1(2008.0,2050.0) uv0(5592,8) uv1(5744,288) | XYOFFSET ofx=1728 ofy=1936 -> screen (270,105)..(280,114)
[p4:gs-sprite] #340000 ctx=0 tme=1 abe=1 FRAME fbp=0x0 fbw=10 psm=0x1 msk=0x00000000 | SCISSOR 0,0..639,223 | TEST=0x000000000005008B | TEX0 tbp=0x0 tbw=8 psm=0x2C tw=512 th=512 tfx=0 | V0(1881.0,2027.0) V1(1889.0,2036.0) uv0(744,360) uv1(864,640) | XYOFFSET ofx=1728 ofy=1936 -> screen (153,91)..(161,100)
[p4:clut] samples=274000000 nonzero=101974292 (37.22%) u=[0..507] v=[0..255] distinctIdx=256 topNonZeroIdx=0x03(15649851) psm=0x2C tbp0=0x0 tbw=8 cbp=0x3B40 csa=0
[p4:gs-sprite] #340500 ctx=0 tme=0 abe=0 FRAME fbp=0x0 fbw=10 psm=0x1 msk=0x00000000 | SCISSOR 0,0..639,223 | TEST=0x000000000005008B | TEX0 tbp=0x0 tbw=0 psm=0x0 tw=1 th=1 tfx=0 | V0(1829.0,2007.0) V1(2267.0,2087.0) uv0(0,0) uv1(0,0) | XYOFFSET ofx=1728 ofy=1936 -> screen (101,71)..(539,151)
[p4:gs-sprite] #341000 ctx=0 tme=1 abe=1 FRAME fbp=0x0 fbw=10 psm=0x1 msk=0x00000000 | SCISSOR 0,0..639,223 | TEST=0x000000000005008B | TEX0 tbp=0x0 tbw=8 psm=0x2C tw=512 th=512 tfx=0 | V0(1888.5,2055.0) V1(1896.5,2066.0) uv0(2584,360) uv1(2704,704) | XYOFFSET ofx=1728 ofy=1936 -> screen (160,119)..(168,130)
[p4:gs-sprite] #341500 ctx=0 tme=1 abe=1 FRAME fbp=0x0 fbw=10 psm=0x1 msk=0x00000000 | SCISSOR 0,0..639,223 | TEST=0x000000000005008B | TEX0 tbp=0x0 tbw=8 psm=0x2C tw=512 th=512 tfx=0 | V0(2057.0,2027.0) V1(2066.0,2036.0) uv0(3912,8) uv1(4048,288) | XYOFFSET ofx=1728 ofy=1936 -> screen (329,91)..(338,100)
[p4:gs-sprite] #342000 ctx=0 tme=1 abe=1 FRAME fbp=0x0 fbw=10 psm=0x1 msk=0x00000000 | SCISSOR 0,0..639,223 | TEST=0x000000000005008B | TEX0 tbp=0x0 tbw=8 psm=0x2C tw=512 th=512 tfx=0 | V0(2017.5,2013.0) V1(2024.5,2022.0) uv0(2056,360) uv1(2160,640) | XYOFFSET ofx=1728 ofy=1936 -> screen (289,77)..(296,86)
[p4:clut] samples=274500000 nonzero=102170982 (37.22%) u=[0..507] v=[0..255] distinctIdx=256 topNonZeroIdx=0x03(15739591) psm=0x2C tbp0=0x0 tbw=8 cbp=0x3B40 csa=0
[p4:gs-sprite] #342500 ctx=0 tme=1 abe=1 FRAME fbp=0x0 fbw=10 psm=0x1 msk=0x00000000 | SCISSOR 0,0..639,223 | TEST=0x000000000005008B | TEX0 tbp=0x0 tbw=8 psm=0x2C tw=512 th=512 tfx=0 | V0(2073.5,2055.0) V1(2080.5,2064.0) uv0(8008,8) uv1(8112,288) | XYOFFSET ofx=1728 ofy=1936 -> screen (345,119)..(352,128)
[p4:gs-sprite] #343000 ctx=0 tme=1 abe=1 FRAME fbp=0x0 fbw=10 psm=0x1 msk=0x00000000 | SCISSOR 0,0..639,223 | TEST=0x000000000005008B | TEX0 tbp=0x0 tbw=8 psm=0x2C tw=512 th=512 tfx=0 | V0(2204.0,2027.0) V1(2213.0,2036.0) uv0(1416,360) uv1(1552,640) | XYOFFSET ofx=1728 ofy=1936 -> screen (476,91)..(485,100)
[p4:gs-sprite] #343500 ctx=0 tme=1 abe=1 FRAME fbp=0x0 fbw=10 psm=0x1 msk=0x00000000 | SCISSOR 0,0..639,223 | TEST=0x000000000005008B | TEX0 tbp=0x0 tbw=8 psm=0x2C tw=512 th=512 tfx=0 | V0(2177.5,2013.0) V1(2184.5,2022.0) uv0(8008,8) uv1(8112,288) | XYOFFSET ofx=1728 ofy=1936 -> screen (449,77)..(456,86)
[p4:gs-sprite] #344000 ctx=0 tme=1 abe=1 FRAME fbp=0x0 fbw=10 psm=0x1 msk=0x00000000 | SCISSOR 0,0..639,223 | TEST=0x000000000005008B | TEX0 tbp=0x0 tbw=8 psm=0x2C tw=512 th=512 tfx=0 | V0(1973.5,2069.0) V1(1991.5,2079.0) uv0(3368,1096) uv1(3648,1408) | XYOFFSET ofx=1728 ofy=1936 -> screen (245,133)..(263,143)
[p4:clut] samples=275000000 nonzero=102367812 (37.22%) u=[0..507] v=[0..255] distinctIdx=256 topNonZeroIdx=0x03(15829385) psm=0x2C tbp0=0x0 tbw=8 cbp=0x3B40 csa=0
[p4:gs-sprite] #344500 ctx=0 tme=1 abe=1 FRAME fbp=0x0 fbw=10 psm=0x1 msk=0x00000000 | SCISSOR 0,0..639,223 | TEST=0x000000000005008B | TEX0 tbp=0x0 tbw=8 psm=0x2C tw=512 th=512 tfx=0 | V0(2066.0,2041.0) V1(2075.0,2050.0) uv0(6040,8) uv1(6176,288) | XYOFFSET ofx=1728 ofy=1936 -> screen (338,105)..(347,114)
[p4:gs-sprite] #345000 ctx=0 tme=1 abe=1 FRAME fbp=0x0 fbw=10 psm=0x1 msk=0x00000000 | SCISSOR 0,0..639,223 | TEST=0x000000000005008B | TEX0 tbp=0x0 tbw=8 psm=0x2C tw=512 th=512 tfx=0 | V0(1944.0,2027.0) V1(1953.0,2036.0) uv0(1416,360) uv1(1552,640) | XYOFFSET ofx=1728 ofy=1936 -> screen (216,91)..(225,100)
[p4:gs-sprite] #345500 ctx=0 tme=1 abe=1 FRAME fbp=0x0 fbw=10 psm=0x1 msk=0x00000000 | SCISSOR 0,0..639,223 | TEST=0x000000000005008B | TEX0 tbp=0x0 tbw=8 psm=0x2C tw=512 th=512 tfx=0 | V0(1886.5,2013.0) V1(1893.5,2022.0) uv0(8008,8) uv1(8112,288) | XYOFFSET ofx=1728 ofy=1936 -> screen (158,77)..(165,86)
[p4:clut] samples=275500000 nonzero=102564650 (37.23%) u=[0..507] v=[0..255] distinctIdx=256 topNonZeroIdx=0x03(15919229) psm=0x2C tbp0=0x0 tbw=8 cbp=0x3B40 csa=0
[p4:gs-sprite] #346000 ctx=0 tme=1 abe=1 FRAME fbp=0x0 fbw=10 psm=0x1 msk=0x00000000 | SCISSOR 0,0..639,223 | TEST=0x000000000005008B | TEX0 tbp=0x0 tbw=8 psm=0x2C tw=512 th=512 tfx=0 | V0(1950.5,2055.0) V1(1958.5,2064.0) uv0(1288,360) uv1(1408,640) | XYOFFSET ofx=1728 ofy=1936 -> screen (222,119)..(230,128)
[p4:gs-sprite] #346500 ctx=0 tme=1 abe=1 FRAME fbp=0x0 fbw=10 psm=0x1 msk=0x00000000 | SCISSOR 0,0..639,223 | TEST=0x000000000005008B | TEX0 tbp=0x0 tbw=8 psm=0x2C tw=512 th=512 tfx=0 | V0(2112.0,2027.0) V1(2117.0,2036.0) uv0(1784,360) uv1(1856,640) | XYOFFSET ofx=1728 ofy=1936 -> screen (384,91)..(389,100)
[p4:gs-sprite] #347000 ctx=0 tme=1 abe=1 FRAME fbp=0x0 fbw=10 psm=0x1 msk=0x00000000 | SCISSOR 0,0..639,223 | TEST=0x000000000005008B | TEX0 tbp=0x0 tbw=8 psm=0x2C tw=512 th=512 tfx=0 | V0(2066.5,2013.0) V1(2074.5,2024.0) uv0(2584,360) uv1(2704,704) | XYOFFSET ofx=1728 ofy=1936 -> screen (338,77)..(346,88)
[p4:gs-sprite] #347500 ctx=0 tme=1 abe=1 FRAME fbp=0x0 fbw=10 psm=0x1 msk=0x00000000 | SCISSOR 0,0..639,223 | TEST=0x000000000005008B | TEX0 tbp=0x0 tbw=8 psm=0x2C tw=512 th=512 tfx=0 | V0(2144.5,2055.0) V1(2152.5,2066.0) uv0(2584,360) uv1(2704,704) | XYOFFSET ofx=1728 ofy=1936 -> screen (416,119)..(424,130)
[p4:clut] samples=276000000 nonzero=102761102 (37.23%) u=[0..507] v=[0..255] distinctIdx=256 topNonZeroIdx=0x03(16008864) psm=0x2C tbp0=0x0 tbw=8 cbp=0x3B40 csa=0
[p4:gs-sprite] #348000 ctx=0 tme=1 abe=1 FRAME fbp=0x0 fbw=10 psm=0x1 msk=0x00000000 | SCISSOR 0,0..639,223 | TEST=0x000000000005008B | TEX0 tbp=0x0 tbw=8 psm=0x2C tw=512 th=512 tfx=0 | V0(1939.0,2041.0) V1(1942.0,2050.0) uv0(872,360) uv1(912,640) | XYOFFSET ofx=1728 ofy=1936 -> screen (211,105)..(214,114)
[p4:gs-sprite] #348500 ctx=0 tme=1 abe=1 FRAME fbp=0x0 fbw=10 psm=0x1 msk=0x00000000 | SCISSOR 0,0..639,223 | TEST=0x000000000005008B | TEX0 tbp=0x0 tbw=8 psm=0x2C tw=512 th=512 tfx=0 | V0(2235.5,2013.0) V1(2243.5,2022.0) uv0(1288,360) uv1(1408,640) | XYOFFSET ofx=1728 ofy=1936 -> screen (507,77)..(515,86)
[p4:gs-sprite] #349000 ctx=0 tme=1 abe=1 FRAME fbp=0x0 fbw=10 psm=0x1 msk=0x00000000 | SCISSOR 0,0..639,223 | TEST=0x000000000005008B | TEX0 tbp=0x0 tbw=8 psm=0x2C tw=512 th=512 tfx=0 | V0(2060.5,2069.0) V1(2081.5,2079.5) uv0(5112,1432) uv1(5440,1760) | XYOFFSET ofx=1728 ofy=1936 -> screen (332,133)..(353,143)
[p4:gs-sprite] #349500 ctx=0 tme=1 abe=1 FRAME fbp=0x0 fbw=10 psm=0x1 msk=0x00000000 | SCISSOR 0,0..639,223 | TEST=0x000000000005008B | TEX0 tbp=0x0 tbw=8 psm=0x2C tw=512 th=512 tfx=0 | V0(2124.0,2041.0) V1(2130.0,2050.0) uv0(1960,360) uv1(2048,640) | XYOFFSET ofx=1728 ofy=1936 -> screen (396,105)..(402,114)
[p4:alias] target=0x001517dc owner=0x00151720 (unexported inner call)
[p4:clut] samples=276500000 nonzero=102957619 (37.24%) u=[0..507] v=[0..255] distinctIdx=256 topNonZeroIdx=0x03(16098477) psm=0x2C tbp0=0x0 tbw=8 cbp=0x3B40 csa=0
[p4:gs-sprite] #350000 ctx=0 tme=1 abe=1 FRAME fbp=0x0 fbw=10 psm=0x1 msk=0x00000000 | SCISSOR 0,0..639,223 | TEST=0x000000000005008B | TEX0 tbp=0x0 tbw=8 psm=0x2C tw=512 th=512 tfx=0 | V0(2001.0,2027.0) V1(2006.0,2036.0) uv0(1784,360) uv1(1856,640) | XYOFFSET ofx=1728 ofy=1936 -> screen (273,91)..(278,100)
[p4:gs-sprite] #350500 ctx=0 tme=1 abe=1 FRAME fbp=0x0 fbw=10 psm=0x1 msk=0x00000000 | SCISSOR 0,0..639,223 | TEST=0x000000000005008B | TEX0 tbp=0x0 tbw=8 psm=0x2C tw=512 th=512 tfx=0 | V0(1956.5,2013.0) V1(1964.5,2022.0) uv0(744,360) uv1(864,640) | XYOFFSET ofx=1728 ofy=1936 -> screen (228,77)..(236,86)
[p4:gs-sprite] #351000 ctx=0 tme=1 abe=1 FRAME fbp=0x0 fbw=10 psm=0x1 msk=0x00000000 | SCISSOR 0,0..639,223 | TEST=0x000000000005008B | TEX0 tbp=0x0 tbw=8 psm=0x2C tw=512 th=512 tfx=0 | V0(2018.5,2055.0) V1(2023.5,2064.0) uv0(1784,360) uv1(1856,640) | XYOFFSET ofx=1728 ofy=1936 -> screen (290,119)..(295,128)
[p4:clut] samples=277000000 nonzero=103154293 (37.24%) u=[0..507] v=[0..255] distinctIdx=256 topNonZeroIdx=0x03(16188208) psm=0x2C tbp0=0x0 tbw=8 cbp=0x3B40 csa=0
[p4:gs-sprite] #351500 ctx=0 tme=1 abe=1 FRAME fbp=0x0 fbw=10 psm=0x1 msk=0x00000000 | SCISSOR 0,0..639,223 | TEST=0x000000000005008B | TEX0 tbp=0x0 tbw=8 psm=0x2C tw=512 th=512 tfx=0 | V0(2164.0,2027.0) V1(2172.0,2036.0) uv0(6184,8) uv1(6304,288) | XYOFFSET ofx=1728 ofy=1936 -> screen (436,91)..(444,100)
[p4:gs-sprite] #352000 ctx=0 tme=1 abe=1 FRAME fbp=0x0 fbw=10 psm=0x1 msk=0x00000000 | SCISSOR 0,0..639,223 | TEST=0x000000000005008B | TEX0 tbp=0x0 tbw=8 psm=0x2C tw=512 th=512 tfx=0 | V0(2124.5,2013.0) V1(2132.5,2022.0) uv0(488,360) uv1(608,640) | XYOFFSET ofx=1728 ofy=1936 -> screen (396,77)..(404,86)
[p4:gs-sprite] #352500 ctx=0 tme=1 abe=1 FRAME fbp=0x0 fbw=10 psm=0x1 msk=0x00000000 | SCISSOR 0,0..639,223 | TEST=0x000000000005008B | TEX0 tbp=0x0 tbw=8 psm=0x2C tw=512 th=512 tfx=0 | V0(2202.5,2055.0) V1(2210.5,2064.0) uv0(488,360) uv1(608,640) | XYOFFSET ofx=1728 ofy=1936 -> screen (474,119)..(482,128)
[p4:gs-sprite] #353000 ctx=0 tme=1 abe=1 FRAME fbp=0x0 fbw=10 psm=0x1 msk=0x00000000 | SCISSOR 0,0..639,223 | TEST=0x000000000005008B | TEX0 tbp=0x0 tbw=8 psm=0x2C tw=512 th=512 tfx=0 | V0(1998.0,2041.0) V1(2008.0,2050.0) uv0(5592,8) uv1(5744,288) | XYOFFSET ofx=1728 ofy=1936 -> screen (270,105)..(280,114)
[p4:clut] samples=277500000 nonzero=103351241 (37.24%) u=[0..507] v=[0..255] distinctIdx=256 topNonZeroIdx=0x03(16278083) psm=0x2C tbp0=0x0 tbw=8 cbp=0x3B40 csa=0
[p4:gs-sprite] #353500 ctx=0 tme=1 abe=1 FRAME fbp=0x0 fbw=10 psm=0x1 msk=0x00000000 | SCISSOR 0,0..639,223 | TEST=0x000000000005008B | TEX0 tbp=0x0 tbw=8 psm=0x2C tw=512 th=512 tfx=0 | V0(1881.0,2027.0) V1(1889.0,2036.0) uv0(744,360) uv1(864,640) | XYOFFSET ofx=1728 ofy=1936 -> screen (153,91)..(161,100)
[p4:gs-sprite] #354000 ctx=0 tme=0 abe=0 FRAME fbp=0x0 fbw=10 psm=0x1 msk=0x00000000 | SCISSOR 0,0..639,223 | TEST=0x000000000005008B | TEX0 tbp=0x0 tbw=0 psm=0x0 tw=1 th=1 tfx=0 | V0(1829.0,2007.0) V1(2267.0,2087.0) uv0(0,0) uv1(0,0) | XYOFFSET ofx=1728 ofy=1936 -> screen (101,71)..(539,151)
[p4:gs-sprite] #354500 ctx=0 tme=1 abe=1 FRAME fbp=0x0 fbw=10 psm=0x1 msk=0x00000000 | SCISSOR 0,0..639,223 | TEST=0x000000000005008B | TEX0 tbp=0x0 tbw=8 psm=0x2C tw=512 th=512 tfx=0 | V0(1888.5,2055.0) V1(1896.5,2066.0) uv0(2584,360) uv1(2704,704) | XYOFFSET ofx=1728 ofy=1936 -> screen (160,119)..(168,130)
[p4:gs-sprite] #355000 ctx=0 tme=1 abe=1 FRAME fbp=0x0 fbw=10 psm=0x1 msk=0x00000000 | SCISSOR 0,0..639,223 | TEST=0x000000000005008B | TEX0 tbp=0x0 tbw=8 psm=0x2C tw=512 th=512 tfx=0 | V0(2057.0,2027.0) V1(2066.0,2036.0) uv0(3912,8) uv1(4048,288) | XYOFFSET ofx=1728 ofy=1936 -> screen (329,91)..(338,100)
[p4:clut] samples=278000000 nonzero=103547987 (37.25%) u=[0..507] v=[0..255] distinctIdx=256 topNonZeroIdx=0x03(16367831) psm=0x2C tbp0=0x0 tbw=8 cbp=0x3B40 csa=0
[p4:vbl] ticks=6000
[p4:gs-sprite] #355500 ctx=0 tme=1 abe=1 FRAME fbp=0x0 fbw=10 psm=0x1 msk=0x00000000 | SCISSOR 0,0..639,223 | TEST=0x000000000005008B | TEX0 tbp=0x0 tbw=8 psm=0x2C tw=512 th=512 tfx=0 | V0(2017.5,2013.0) V1(2024.5,2022.0) uv0(2056,360) uv1(2160,640) | XYOFFSET ofx=1728 ofy=1936 -> screen (289,77)..(296,86)
[p4:gs-sprite] #356000 ctx=0 tme=1 abe=1 FRAME fbp=0x0 fbw=10 psm=0x1 msk=0x00000000 | SCISSOR 0,0..639,223 | TEST=0x000000000005008B | TEX0 tbp=0x0 tbw=8 psm=0x2C tw=512 th=512 tfx=0 | V0(2073.5,2055.0) V1(2080.5,2064.0) uv0(8008,8) uv1(8112,288) | XYOFFSET ofx=1728 ofy=1936 -> screen (345,119)..(352,128)
[p4:gs-sprite] #356500 ctx=0 tme=1 abe=1 FRAME fbp=0x0 fbw=10 psm=0x1 msk=0x00000000 | SCISSOR 0,0..639,223 | TEST=0x000000000005008B | TEX0 tbp=0x0 tbw=8 psm=0x2C tw=512 th=512 tfx=0 | V0(2204.0,2027.0) V1(2213.0,2036.0) uv0(1416,360) uv1(1552,640) | XYOFFSET ofx=1728 ofy=1936 -> screen (476,91)..(485,100)
[p4:gs-sprite] #357000 ctx=0 tme=1 abe=1 FRAME fbp=0x0 fbw=10 psm=0x1 msk=0x00000000 | SCISSOR 0,0..639,223 | TEST=0x000000000005008B | TEX0 tbp=0x0 tbw=8 psm=0x2C tw=512 th=512 tfx=0 | V0(2177.5,2013.0) V1(2184.5,2022.0) uv0(8008,8) uv1(8112,288) | XYOFFSET ofx=1728 ofy=1936 -> screen (449,77)..(456,86)
[p4:clut] samples=278500000 nonzero=103744447 (37.25%) u=[0..507] v=[0..255] distinctIdx=256 topNonZeroIdx=0x03(16457460) psm=0x2C tbp0=0x0 tbw=8 cbp=0x3B40 csa=0
[p4:gs-sprite] #357500 ctx=0 tme=1 abe=1 FRAME fbp=0x0 fbw=10 psm=0x1 msk=0x00000000 | SCISSOR 0,0..639,223 | TEST=0x000000000005008B | TEX0 tbp=0x0 tbw=8 psm=0x2C tw=512 th=512 tfx=0 | V0(1973.5,2069.0) V1(1991.5,2079.0) uv0(3368,1096) uv1(3648,1408) | XYOFFSET ofx=1728 ofy=1936 -> screen (245,133)..(263,143)
[p4:gs-sprite] #358000 ctx=0 tme=1 abe=1 FRAME fbp=0x0 fbw=10 psm=0x1 msk=0x00000000 | SCISSOR 0,0..639,223 | TEST=0x000000000005008B | TEX0 tbp=0x0 tbw=8 psm=0x2C tw=512 th=512 tfx=0 | V0(2066.0,2041.0) V1(2075.0,2050.0) uv0(6040,8) uv1(6176,288) | XYOFFSET ofx=1728 ofy=1936 -> screen (338,105)..(347,114)
[p4:gs-sprite] #358500 ctx=0 tme=1 abe=1 FRAME fbp=0x0 fbw=10 psm=0x1 msk=0x00000000 | SCISSOR 0,0..639,223 | TEST=0x000000000005008B | TEX0 tbp=0x0 tbw=8 psm=0x2C tw=512 th=512 tfx=0 | V0(1944.0,2027.0) V1(1953.0,2036.0) uv0(1416,360) uv1(1552,640) | XYOFFSET ofx=1728 ofy=1936 -> screen (216,91)..(225,100)
[p4:clut] samples=279000000 nonzero=103941004 (37.25%) u=[0..507] v=[0..255] distinctIdx=256 topNonZeroIdx=0x03(16547099) psm=0x2C tbp0=0x0 tbw=8 cbp=0x3B40 csa=0
[p4:gs-sprite] #359000 ctx=0 tme=1 abe=1 FRAME fbp=0x0 fbw=10 psm=0x1 msk=0x00000000 | SCISSOR 0,0..639,223 | TEST=0x000000000005008B | TEX0 tbp=0x0 tbw=8 psm=0x2C tw=512 th=512 tfx=0 | V0(1886.5,2013.0) V1(1893.5,2022.0) uv0(8008,8) uv1(8112,288) | XYOFFSET ofx=1728 ofy=1936 -> screen (158,77)..(165,86)
[p4:gs-sprite] #359500 ctx=0 tme=1 abe=1 FRAME fbp=0x0 fbw=10 psm=0x1 msk=0x00000000 | SCISSOR 0,0..639,223 | TEST=0x000000000005008B | TEX0 tbp=0x0 tbw=8 psm=0x2C tw=512 th=512 tfx=0 | V0(1950.5,2055.0) V1(1958.5,2064.0) uv0(1288,360) uv1(1408,640) | XYOFFSET ofx=1728 ofy=1936 -> screen (222,119)..(230,128)
[p4:gs-sprite] #360000 ctx=0 tme=1 abe=1 FRAME fbp=0x0 fbw=10 psm=0x1 msk=0x00000000 | SCISSOR 0,0..639,223 | TEST=0x000000000005008B | TEX0 tbp=0x0 tbw=8 psm=0x2C tw=512 th=512 tfx=0 | V0(2112.0,2027.0) V1(2117.0,2036.0) uv0(1784,360) uv1(1856,640) | XYOFFSET ofx=1728 ofy=1936 -> screen (384,91)..(389,100)
[p4:gs-sprite] #360500 ctx=0 tme=1 abe=1 FRAME fbp=0x0 fbw=10 psm=0x1 msk=0x00000000 | SCISSOR 0,0..639,223 | TEST=0x000000000005008B | TEX0 tbp=0x0 tbw=8 psm=0x2C tw=512 th=512 tfx=0 | V0(2066.5,2013.0) V1(2074.5,2024.0) uv0(2584,360) uv1(2704,704) | XYOFFSET ofx=1728 ofy=1936 -> screen (338,77)..(346,88)
[p4:clut] samples=279500000 nonzero=104137634 (37.26%) u=[0..507] v=[0..255] distinctIdx=256 topNonZeroIdx=0x03(16636813) psm=0x2C tbp0=0x0 tbw=8 cbp=0x3B40 csa=0
[p4:gs-sprite] #361000 ctx=0 tme=1 abe=1 FRAME fbp=0x0 fbw=10 psm=0x1 msk=0x00000000 | SCISSOR 0,0..639,223 | TEST=0x000000000005008B | TEX0 tbp=0x0 tbw=8 psm=0x2C tw=512 th=512 tfx=0 | V0(2144.5,2055.0) V1(2152.5,2066.0) uv0(2584,360) uv1(2704,704) | XYOFFSET ofx=1728 ofy=1936 -> screen (416,119)..(424,130)
[p4:gs-sprite] #361500 ctx=0 tme=1 abe=1 FRAME fbp=0x0 fbw=10 psm=0x1 msk=0x00000000 | SCISSOR 0,0..639,223 | TEST=0x000000000005008B | TEX0 tbp=0x0 tbw=8 psm=0x2C tw=512 th=512 tfx=0 | V0(1939.0,2041.0) V1(1942.0,2050.0) uv0(872,360) uv1(912,640) | XYOFFSET ofx=1728 ofy=1936 -> screen (211,105)..(214,114)
[p4:gs-sprite] #362000 ctx=0 tme=1 abe=1 FRAME fbp=0x0 fbw=10 psm=0x1 msk=0x00000000 | SCISSOR 0,0..639,223 | TEST=0x000000000005008B | TEX0 tbp=0x0 tbw=8 psm=0x2C tw=512 th=512 tfx=0 | V0(2235.5,2013.0) V1(2243.5,2022.0) uv0(1288,360) uv1(1408,640) | XYOFFSET ofx=1728 ofy=1936 -> screen (507,77)..(515,86)
[p4:gs-sprite] #362500 ctx=0 tme=1 abe=1 FRAME fbp=0x0 fbw=10 psm=0x1 msk=0x00000000 | SCISSOR 0,0..639,223 | TEST=0x000000000005008B | TEX0 tbp=0x0 tbw=8 psm=0x2C tw=512 th=512 tfx=0 | V0(2060.5,2069.0) V1(2081.5,2079.5) uv0(5112,1432) uv1(5440,1760) | XYOFFSET ofx=1728 ofy=1936 -> screen (332,133)..(353,143)
[p4:clut] samples=280000000 nonzero=104334618 (37.26%) u=[0..507] v=[0..255] distinctIdx=256 topNonZeroIdx=0x03(16726765) psm=0x2C tbp0=0x0 tbw=8 cbp=0x3B40 csa=0
[p4:gs-sprite] #363000 ctx=0 tme=1 abe=1 FRAME fbp=0x0 fbw=10 psm=0x1 msk=0x00000000 | SCISSOR 0,0..639,223 | TEST=0x000000000005008B | TEX0 tbp=0x0 tbw=8 psm=0x2C tw=512 th=512 tfx=0 | V0(2124.0,2041.0) V1(2130.0,2050.0) uv0(1960,360) uv1(2048,640) | XYOFFSET ofx=1728 ofy=1936 -> screen (396,105)..(402,114)
[p4:gs-sprite] #363500 ctx=0 tme=1 abe=1 FRAME fbp=0x0 fbw=10 psm=0x1 msk=0x00000000 | SCISSOR 0,0..639,223 | TEST=0x000000000005008B | TEX0 tbp=0x0 tbw=8 psm=0x2C tw=512 th=512 tfx=0 | V0(2001.0,2027.0) V1(2006.0,2036.0) uv0(1784,360) uv1(1856,640) | XYOFFSET ofx=1728 ofy=1936 -> screen (273,91)..(278,100)
[p4:gs-sprite] #364000 ctx=0 tme=1 abe=1 FRAME fbp=0x0 fbw=10 psm=0x1 msk=0x00000000 | SCISSOR 0,0..639,223 | TEST=0x000000000005008B | TEX0 tbp=0x0 tbw=8 psm=0x2C tw=512 th=512 tfx=0 | V0(1956.5,2013.0) V1(1964.5,2022.0) uv0(744,360) uv1(864,640) | XYOFFSET ofx=1728 ofy=1936 -> screen (228,77)..(236,86)
[p4:clut] samples=280500000 nonzero=104531128 (37.27%) u=[0..507] v=[0..255] distinctIdx=256 topNonZeroIdx=0x03(16816359) psm=0x2C tbp0=0x0 tbw=8 cbp=0x3B40 csa=0
[p4:gs-sprite] #364500 ctx=0 tme=1 abe=1 FRAME fbp=0x0 fbw=10 psm=0x1 msk=0x00000000 | SCISSOR 0,0..639,223 | TEST=0x000000000005008B | TEX0 tbp=0x0 tbw=8 psm=0x2C tw=512 th=512 tfx=0 | V0(2018.5,2055.0) V1(2023.5,2064.0) uv0(1784,360) uv1(1856,640) | XYOFFSET ofx=1728 ofy=1936 -> screen (290,119)..(295,128)
[p4:gs-sprite] #365000 ctx=0 tme=1 abe=1 FRAME fbp=0x0 fbw=10 psm=0x1 msk=0x00000000 | SCISSOR 0,0..639,223 | TEST=0x000000000005008B | TEX0 tbp=0x0 tbw=8 psm=0x2C tw=512 th=512 tfx=0 | V0(2164.0,2027.0) V1(2172.0,2036.0) uv0(6184,8) uv1(6304,288) | XYOFFSET ofx=1728 ofy=1936 -> screen (436,91)..(444,100)
[p4:gs-sprite] #365500 ctx=0 tme=1 abe=1 FRAME fbp=0x0 fbw=10 psm=0x1 msk=0x00000000 | SCISSOR 0,0..639,223 | TEST=0x000000000005008B | TEX0 tbp=0x0 tbw=8 psm=0x2C tw=512 th=512 tfx=0 | V0(2124.5,2013.0) V1(2132.5,2022.0) uv0(488,360) uv1(608,640) | XYOFFSET ofx=1728 ofy=1936 -> screen (396,77)..(404,86)
[p4:gs-sprite] #366000 ctx=0 tme=1 abe=1 FRAME fbp=0x0 fbw=10 psm=0x1 msk=0x00000000 | SCISSOR 0,0..639,223 | TEST=0x000000000005008B | TEX0 tbp=0x0 tbw=8 psm=0x2C tw=512 th=512 tfx=0 | V0(2202.5,2055.0) V1(2210.5,2064.0) uv0(488,360) uv1(608,640) | XYOFFSET ofx=1728 ofy=1936 -> screen (474,119)..(482,128)
[p4:clut] samples=281000000 nonzero=104727648 (37.27%) u=[0..507] v=[0..255] distinctIdx=256 topNonZeroIdx=0x03(16906004) psm=0x2C tbp0=0x0 tbw=8 cbp=0x3B40 csa=0
[p4:gs-sprite] #366500 ctx=0 tme=1 abe=1 FRAME fbp=0x0 fbw=10 psm=0x1 msk=0x00000000 | SCISSOR 0,0..639,223 | TEST=0x000000000005008B | TEX0 tbp=0x0 tbw=8 psm=0x2C tw=512 th=512 tfx=0 | V0(1998.0,2041.0) V1(2008.0,2050.0) uv0(5592,8) uv1(5744,288) | XYOFFSET ofx=1728 ofy=1936 -> screen (270,105)..(280,114)
[p4:gs-sprite] #367000 ctx=0 tme=1 abe=1 FRAME fbp=0x0 fbw=10 psm=0x1 msk=0x00000000 | SCISSOR 0,0..639,223 | TEST=0x000000000005008B | TEX0 tbp=0x0 tbw=8 psm=0x2C tw=512 th=512 tfx=0 | V0(1881.0,2027.0) V1(1889.0,2036.0) uv0(744,360) uv1(864,640) | XYOFFSET ofx=1728 ofy=1936 -> screen (153,91)..(161,100)
[p4:gs-sprite] #367500 ctx=0 tme=0 abe=0 FRAME fbp=0x0 fbw=10 psm=0x1 msk=0x00000000 | SCISSOR 0,0..639,223 | TEST=0x000000000005008B | TEX0 tbp=0x0 tbw=0 psm=0x0 tw=1 th=1 tfx=0 | V0(1829.0,2007.0) V1(2267.0,2087.0) uv0(0,0) uv1(0,0) | XYOFFSET ofx=1728 ofy=1936 -> screen (101,71)..(539,151)
[p4:gs-sprite] #368000 ctx=0 tme=1 abe=1 FRAME fbp=0x0 fbw=10 psm=0x1 msk=0x00000000 | SCISSOR 0,0..639,223 | TEST=0x000000000005008B | TEX0 tbp=0x0 tbw=8 psm=0x2C tw=512 th=512 tfx=0 | V0(1888.5,2055.0) V1(1896.5,2066.0) uv0(2584,360) uv1(2704,704) | XYOFFSET ofx=1728 ofy=1936 -> screen (160,119)..(168,130)
[p4:clut] samples=281500000 nonzero=104924345 (37.27%) u=[0..507] v=[0..255] distinctIdx=256 topNonZeroIdx=0x03(16995751) psm=0x2C tbp0=0x0 tbw=8 cbp=0x3B40 csa=0
[p4:gs-sprite] #368500 ctx=0 tme=1 abe=1 FRAME fbp=0x0 fbw=10 psm=0x1 msk=0x00000000 | SCISSOR 0,0..639,223 | TEST=0x000000000005008B | TEX0 tbp=0x0 tbw=8 psm=0x2C tw=512 th=512 tfx=0 | V0(2057.0,2027.0) V1(2066.0,2036.0) uv0(3912,8) uv1(4048,288) | XYOFFSET ofx=1728 ofy=1936 -> screen (329,91)..(338,100)
[p4:gs-sprite] #369000 ctx=0 tme=1 abe=1 FRAME fbp=0x0 fbw=10 psm=0x1 msk=0x00000000 | SCISSOR 0,0..639,223 | TEST=0x000000000005008B | TEX0 tbp=0x0 tbw=8 psm=0x2C tw=512 th=512 tfx=0 | V0(2017.5,2013.0) V1(2024.5,2022.0) uv0(2056,360) uv1(2160,640) | XYOFFSET ofx=1728 ofy=1936 -> screen (289,77)..(296,86)
[p4:gs-sprite] #369500 ctx=0 tme=1 abe=1 FRAME fbp=0x0 fbw=10 psm=0x1 msk=0x00000000 | SCISSOR 0,0..639,223 | TEST=0x000000000005008B | TEX0 tbp=0x0 tbw=8 psm=0x2C tw=512 th=512 tfx=0 | V0(2073.5,2055.0) V1(2080.5,2064.0) uv0(8008,8) uv1(8112,288) | XYOFFSET ofx=1728 ofy=1936 -> screen (345,119)..(352,128)
[p4:gs-sprite] #370000 ctx=0 tme=1 abe=1 FRAME fbp=0x0 fbw=10 psm=0x1 msk=0x00000000 | SCISSOR 0,0..639,223 | TEST=0x000000000005008B | TEX0 tbp=0x0 tbw=8 psm=0x2C tw=512 th=512 tfx=0 | V0(2204.0,2027.0) V1(2213.0,2036.0) uv0(1416,360) uv1(1552,640) | XYOFFSET ofx=1728 ofy=1936 -> screen (476,91)..(485,100)
[p4:clut] samples=282000000 nonzero=105121214 (37.28%) u=[0..507] v=[0..255] distinctIdx=256 topNonZeroIdx=0x03(17085568) psm=0x2C tbp0=0x0 tbw=8 cbp=0x3B40 csa=0
[p4:gs-sprite] #370500 ctx=0 tme=1 abe=1 FRAME fbp=0x0 fbw=10 psm=0x1 msk=0x00000000 | SCISSOR 0,0..639,223 | TEST=0x000000000005008B | TEX0 tbp=0x0 tbw=8 psm=0x2C tw=512 th=512 tfx=0 | V0(2177.5,2013.0) V1(2184.5,2022.0) uv0(8008,8) uv1(8112,288) | XYOFFSET ofx=1728 ofy=1936 -> screen (449,77)..(456,86)
[p4:gs-sprite] #371000 ctx=0 tme=1 abe=1 FRAME fbp=0x0 fbw=10 psm=0x1 msk=0x00000000 | SCISSOR 0,0..639,223 | TEST=0x000000000005008B | TEX0 tbp=0x0 tbw=8 psm=0x2C tw=512 th=512 tfx=0 | V0(1973.5,2069.0) V1(1991.5,2079.0) uv0(3368,1096) uv1(3648,1408) | XYOFFSET ofx=1728 ofy=1936 -> screen (245,133)..(263,143)
[p4:gs-sprite] #371500 ctx=0 tme=1 abe=1 FRAME fbp=0x0 fbw=10 psm=0x1 msk=0x00000000 | SCISSOR 0,0..639,223 | TEST=0x000000000005008B | TEX0 tbp=0x0 tbw=8 psm=0x2C tw=512 th=512 tfx=0 | V0(2066.0,2041.0) V1(2075.0,2050.0) uv0(6040,8) uv1(6176,288) | XYOFFSET ofx=1728 ofy=1936 -> screen (338,105)..(347,114)
[p4:clut] samples=282500000 nonzero=105318003 (37.28%) u=[0..507] v=[0..255] distinctIdx=256 topNonZeroIdx=0x03(17175381) psm=0x2C tbp0=0x0 tbw=8 cbp=0x3B40 csa=0
[p4:gs-sprite] #372000 ctx=0 tme=1 abe=1 FRAME fbp=0x0 fbw=10 psm=0x1 msk=0x00000000 | SCISSOR 0,0..639,223 | TEST=0x000000000005008B | TEX0 tbp=0x0 tbw=8 psm=0x2C tw=512 th=512 tfx=0 | V0(1944.0,2027.0) V1(1953.0,2036.0) uv0(1416,360) uv1(1552,640) | XYOFFSET ofx=1728 ofy=1936 -> screen (216,91)..(225,100)
[p4:gs-sprite] #372500 ctx=0 tme=1 abe=1 FRAME fbp=0x0 fbw=10 psm=0x1 msk=0x00000000 | SCISSOR 0,0..639,223 | TEST=0x000000000005008B | TEX0 tbp=0x0 tbw=8 psm=0x2C tw=512 th=512 tfx=0 | V0(1886.5,2013.0) V1(1893.5,2022.0) uv0(8008,8) uv1(8112,288) | XYOFFSET ofx=1728 ofy=1936 -> screen (158,77)..(165,86)
[p4:gs-sprite] #373000 ctx=0 tme=1 abe=1 FRAME fbp=0x0 fbw=10 psm=0x1 msk=0x00000000 | SCISSOR 0,0..639,223 | TEST=0x000000000005008B | TEX0 tbp=0x0 tbw=8 psm=0x2C tw=512 th=512 tfx=0 | V0(1950.5,2055.0) V1(1958.5,2064.0) uv0(1288,360) uv1(1408,640) | XYOFFSET ofx=1728 ofy=1936 -> screen (222,119)..(230,128)
[p4:gs-sprite] #373500 ctx=0 tme=1 abe=1 FRAME fbp=0x0 fbw=10 psm=0x1 msk=0x00000000 | SCISSOR 0,0..639,223 | TEST=0x000000000005008B | TEX0 tbp=0x0 tbw=8 psm=0x2C tw=512 th=512 tfx=0 | V0(2112.0,2027.0) V1(2117.0,2036.0) uv0(1784,360) uv1(1856,640) | XYOFFSET ofx=1728 ofy=1936 -> screen (384,91)..(389,100)
[p4:clut] samples=283000000 nonzero=105514448 (37.28%) u=[0..507] v=[0..255] distinctIdx=256 topNonZeroIdx=0x03(17265011) psm=0x2C tbp0=0x0 tbw=8 cbp=0x3B40 csa=0
[p4:gs-sprite] #374000 ctx=0 tme=1 abe=1 FRAME fbp=0x0 fbw=10 psm=0x1 msk=0x00000000 | SCISSOR 0,0..639,223 | TEST=0x000000000005008B | TEX0 tbp=0x0 tbw=8 psm=0x2C tw=512 th=512 tfx=0 | V0(2066.5,2013.0) V1(2074.5,2024.0) uv0(2584,360) uv1(2704,704) | XYOFFSET ofx=1728 ofy=1936 -> screen (338,77)..(346,88)
[p4:gs-sprite] #374500 ctx=0 tme=1 abe=1 FRAME fbp=0x0 fbw=10 psm=0x1 msk=0x00000000 | SCISSOR 0,0..639,223 | TEST=0x000000000005008B | TEX0 tbp=0x0 tbw=8 psm=0x2C tw=512 th=512 tfx=0 | V0(2144.5,2055.0) V1(2152.5,2066.0) uv0(2584,360) uv1(2704,704) | XYOFFSET ofx=1728 ofy=1936 -> screen (416,119)..(424,130)
[p4:gs-sprite] #375000 ctx=0 tme=1 abe=1 FRAME fbp=0x0 fbw=10 psm=0x1 msk=0x00000000 | SCISSOR 0,0..639,223 | TEST=0x000000000005008B | TEX0 tbp=0x0 tbw=8 psm=0x2C tw=512 th=512 tfx=0 | V0(1939.0,2041.0) V1(1942.0,2050.0) uv0(872,360) uv1(912,640) | XYOFFSET ofx=1728 ofy=1936 -> screen (211,105)..(214,114)
[p4:gs-sprite] #375500 ctx=0 tme=1 abe=1 FRAME fbp=0x0 fbw=10 psm=0x1 msk=0x00000000 | SCISSOR 0,0..639,223 | TEST=0x000000000005008B | TEX0 tbp=0x0 tbw=8 psm=0x2C tw=512 th=512 tfx=0 | V0(2235.5,2013.0) V1(2243.5,2022.0) uv0(1288,360) uv1(1408,640) | XYOFFSET ofx=1728 ofy=1936 -> screen (507,77)..(515,86)
[p4:clut] samples=283500000 nonzero=105711006 (37.29%) u=[0..507] v=[0..255] distinctIdx=256 topNonZeroIdx=0x03(17354639) psm=0x2C tbp0=0x0 tbw=8 cbp=0x3B40 csa=0
[p4:gs-sprite] #376000 ctx=0 tme=1 abe=1 FRAME fbp=0x0 fbw=10 psm=0x1 msk=0x00000000 | SCISSOR 0,0..639,223 | TEST=0x000000000005008B | TEX0 tbp=0x0 tbw=8 psm=0x2C tw=512 th=512 tfx=0 | V0(2060.5,2069.0) V1(2081.5,2079.5) uv0(5112,1432) uv1(5440,1760) | XYOFFSET ofx=1728 ofy=1936 -> screen (332,133)..(353,143)
[p4:gs-sprite] #376500 ctx=0 tme=1 abe=1 FRAME fbp=0x0 fbw=10 psm=0x1 msk=0x00000000 | SCISSOR 0,0..639,223 | TEST=0x000000000005008B | TEX0 tbp=0x0 tbw=8 psm=0x2C tw=512 th=512 tfx=0 | V0(2124.0,2041.0) V1(2130.0,2050.0) uv0(1960,360) uv1(2048,640) | XYOFFSET ofx=1728 ofy=1936 -> screen (396,105)..(402,114)
[p4:gs-sprite] #377000 ctx=0 tme=1 abe=1 FRAME fbp=0x0 fbw=10 psm=0x1 msk=0x00000000 | SCISSOR 0,0..639,223 | TEST=0x000000000005008B | TEX0 tbp=0x0 tbw=8 psm=0x2C tw=512 th=512 tfx=0 | V0(2001.0,2027.0) V1(2006.0,2036.0) uv0(1784,360) uv1(1856,640) | XYOFFSET ofx=1728 ofy=1936 -> screen (273,91)..(278,100)
[p4:clut] samples=284000000 nonzero=105907672 (37.29%) u=[0..507] v=[0..255] distinctIdx=256 topNonZeroIdx=0x03(17444370) psm=0x2C tbp0=0x0 tbw=8 cbp=0x3B40 csa=0
[p4:gs-sprite] #377500 ctx=0 tme=1 abe=1 FRAME fbp=0x0 fbw=10 psm=0x1 msk=0x00000000 | SCISSOR 0,0..639,223 | TEST=0x000000000005008B | TEX0 tbp=0x0 tbw=8 psm=0x2C tw=512 th=512 tfx=0 | V0(1956.5,2013.0) V1(1964.5,2022.0) uv0(744,360) uv1(864,640) | XYOFFSET ofx=1728 ofy=1936 -> screen (228,77)..(236,86)
[p4:gs-sprite] #378000 ctx=0 tme=1 abe=1 FRAME fbp=0x0 fbw=10 psm=0x1 msk=0x00000000 | SCISSOR 0,0..639,223 | TEST=0x000000000005008B | TEX0 tbp=0x0 tbw=8 psm=0x2C tw=512 th=512 tfx=0 | V0(2018.5,2055.0) V1(2023.5,2064.0) uv0(1784,360) uv1(1856,640) | XYOFFSET ofx=1728 ofy=1936 -> screen (290,119)..(295,128)
[p4:gs-sprite] #378500 ctx=0 tme=1 abe=1 FRAME fbp=0x0 fbw=10 psm=0x1 msk=0x00000000 | SCISSOR 0,0..639,223 | TEST=0x000000000005008B | TEX0 tbp=0x0 tbw=8 psm=0x2C tw=512 th=512 tfx=0 | V0(2164.0,2027.0) V1(2172.0,2036.0) uv0(6184,8) uv1(6304,288) | XYOFFSET ofx=1728 ofy=1936 -> screen (436,91)..(444,100)
[p4:gs-sprite] #379000 ctx=0 tme=1 abe=1 FRAME fbp=0x0 fbw=10 psm=0x1 msk=0x00000000 | SCISSOR 0,0..639,223 | TEST=0x000000000005008B | TEX0 tbp=0x0 tbw=8 psm=0x2C tw=512 th=512 tfx=0 | V0(2124.5,2013.0) V1(2132.5,2022.0) uv0(488,360) uv1(608,640) | XYOFFSET ofx=1728 ofy=1936 -> screen (396,77)..(404,86)
[p4:clut] samples=284500000 nonzero=106104567 (37.30%) u=[0..507] v=[0..255] distinctIdx=256 topNonZeroIdx=0x03(17534230) psm=0x2C tbp0=0x0 tbw=8 cbp=0x3B40 csa=0
[p4:gs-sprite] #379500 ctx=0 tme=1 abe=1 FRAME fbp=0x0 fbw=10 psm=0x1 msk=0x00000000 | SCISSOR 0,0..639,223 | TEST=0x000000000005008B | TEX0 tbp=0x0 tbw=8 psm=0x2C tw=512 th=512 tfx=0 | V0(2202.5,2055.0) V1(2210.5,2064.0) uv0(488,360) uv1(608,640) | XYOFFSET ofx=1728 ofy=1936 -> screen (474,119)..(482,128)
[p4:gs-sprite] #380000 ctx=0 tme=1 abe=1 FRAME fbp=0x0 fbw=10 psm=0x1 msk=0x00000000 | SCISSOR 0,0..639,223 | TEST=0x000000000005008B | TEX0 tbp=0x0 tbw=8 psm=0x2C tw=512 th=512 tfx=0 | V0(1998.0,2041.0) V1(2008.0,2050.0) uv0(5592,8) uv1(5744,288) | XYOFFSET ofx=1728 ofy=1936 -> screen (270,105)..(280,114)
[p4:vbl] ticks=6300
[p4:gs-sprite] #380500 ctx=0 tme=1 abe=1 FRAME fbp=0x0 fbw=10 psm=0x1 msk=0x00000000 | SCISSOR 0,0..639,223 | TEST=0x000000000005008B | TEX0 tbp=0x0 tbw=8 psm=0x2C tw=512 th=512 tfx=0 | V0(1881.0,2027.0) V1(1889.0,2036.0) uv0(744,360) uv1(864,640) | XYOFFSET ofx=1728 ofy=1936 -> screen (153,91)..(161,100)
[p4:gs-sprite] #381000 ctx=0 tme=0 abe=0 FRAME fbp=0x0 fbw=10 psm=0x1 msk=0x00000000 | SCISSOR 0,0..639,223 | TEST=0x000000000005008B | TEX0 tbp=0x0 tbw=0 psm=0x0 tw=1 th=1 tfx=0 | V0(1829.0,2007.0) V1(2267.0,2087.0) uv0(0,0) uv1(0,0) | XYOFFSET ofx=1728 ofy=1936 -> screen (101,71)..(539,151)
[p4:clut] samples=285000000 nonzero=106301283 (37.30%) u=[0..507] v=[0..255] distinctIdx=256 topNonZeroIdx=0x03(17623947) psm=0x2C tbp0=0x0 tbw=8 cbp=0x3B40 csa=0
[p4:gs-sprite] #381500 ctx=0 tme=1 abe=1 FRAME fbp=0x0 fbw=10 psm=0x1 msk=0x00000000 | SCISSOR 0,0..639,223 | TEST=0x000000000005008B | TEX0 tbp=0x0 tbw=8 psm=0x2C tw=512 th=512 tfx=0 | V0(1888.5,2055.0) V1(1896.5,2066.0) uv0(2584,360) uv1(2704,704) | XYOFFSET ofx=1728 ofy=1936 -> screen (160,119)..(168,130)
[p4:gs-sprite] #382000 ctx=0 tme=1 abe=1 FRAME fbp=0x0 fbw=10 psm=0x1 msk=0x00000000 | SCISSOR 0,0..639,223 | TEST=0x000000000005008B | TEX0 tbp=0x0 tbw=8 psm=0x2C tw=512 th=512 tfx=0 | V0(2057.0,2027.0) V1(2066.0,2036.0) uv0(3912,8) uv1(4048,288) | XYOFFSET ofx=1728 ofy=1936 -> screen (329,91)..(338,100)
[p4:gs-sprite] #382500 ctx=0 tme=1 abe=1 FRAME fbp=0x0 fbw=10 psm=0x1 msk=0x00000000 | SCISSOR 0,0..639,223 | TEST=0x000000000005008B | TEX0 tbp=0x0 tbw=8 psm=0x2C tw=512 th=512 tfx=0 | V0(2017.5,2013.0) V1(2024.5,2022.0) uv0(2056,360) uv1(2160,640) | XYOFFSET ofx=1728 ofy=1936 -> screen (289,77)..(296,86)
[p4:gs-sprite] #383000 ctx=0 tme=1 abe=1 FRAME fbp=0x0 fbw=10 psm=0x1 msk=0x00000000 | SCISSOR 0,0..639,223 | TEST=0x000000000005008B | TEX0 tbp=0x0 tbw=8 psm=0x2C tw=512 th=512 tfx=0 | V0(2073.5,2055.0) V1(2080.5,2064.0) uv0(8008,8) uv1(8112,288) | XYOFFSET ofx=1728 ofy=1936 -> screen (345,119)..(352,128)
[p4:clut] samples=285500000 nonzero=106497724 (37.30%) u=[0..507] v=[0..255] distinctIdx=256 topNonZeroIdx=0x03(17713575) psm=0x2C tbp0=0x0 tbw=8 cbp=0x3B40 csa=0
[p4:gs-sprite] #383500 ctx=0 tme=1 abe=1 FRAME fbp=0x0 fbw=10 psm=0x1 msk=0x00000000 | SCISSOR 0,0..639,223 | TEST=0x000000000005008B | TEX0 tbp=0x0 tbw=8 psm=0x2C tw=512 th=512 tfx=0 | V0(2204.0,2027.0) V1(2213.0,2036.0) uv0(1416,360) uv1(1552,640) | XYOFFSET ofx=1728 ofy=1936 -> screen (476,91)..(485,100)
[p4:gs-sprite] #384000 ctx=0 tme=1 abe=1 FRAME fbp=0x0 fbw=10 psm=0x1 msk=0x00000000 | SCISSOR 0,0..639,223 | TEST=0x000000000005008B | TEX0 tbp=0x0 tbw=8 psm=0x2C tw=512 th=512 tfx=0 | V0(2177.5,2013.0) V1(2184.5,2022.0) uv0(8008,8) uv1(8112,288) | XYOFFSET ofx=1728 ofy=1936 -> screen (449,77)..(456,86)
[p4:gs-sprite] #384500 ctx=0 tme=1 abe=1 FRAME fbp=0x0 fbw=10 psm=0x1 msk=0x00000000 | SCISSOR 0,0..639,223 | TEST=0x000000000005008B | TEX0 tbp=0x0 tbw=8 psm=0x2C tw=512 th=512 tfx=0 | V0(1973.5,2069.0) V1(1991.5,2079.0) uv0(3368,1096) uv1(3648,1408) | XYOFFSET ofx=1728 ofy=1936 -> screen (245,133)..(263,143)
[p4:clut] samples=286000000 nonzero=106694324 (37.31%) u=[0..507] v=[0..255] distinctIdx=256 topNonZeroIdx=0x03(17803243) psm=0x2C tbp0=0x0 tbw=8 cbp=0x3B40 csa=0
[p4:gs-sprite] #385000 ctx=0 tme=1 abe=1 FRAME fbp=0x0 fbw=10 psm=0x1 msk=0x00000000 | SCISSOR 0,0..639,223 | TEST=0x000000000005008B | TEX0 tbp=0x0 tbw=8 psm=0x2C tw=512 th=512 tfx=0 | V0(2066.0,2041.0) V1(2075.0,2050.0) uv0(6040,8) uv1(6176,288) | XYOFFSET ofx=1728 ofy=1936 -> screen (338,105)..(347,114)
[p4:gs-sprite] #385500 ctx=0 tme=1 abe=1 FRAME fbp=0x0 fbw=10 psm=0x1 msk=0x00000000 | SCISSOR 0,0..639,223 | TEST=0x000000000005008B | TEX0 tbp=0x0 tbw=8 psm=0x2C tw=512 th=512 tfx=0 | V0(1944.0,2027.0) V1(1953.0,2036.0) uv0(1416,360) uv1(1552,640) | XYOFFSET ofx=1728 ofy=1936 -> screen (216,91)..(225,100)
[p4:gs-sprite] #386000 ctx=0 tme=1 abe=1 FRAME fbp=0x0 fbw=10 psm=0x1 msk=0x00000000 | SCISSOR 0,0..639,223 | TEST=0x000000000005008B | TEX0 tbp=0x0 tbw=8 psm=0x2C tw=512 th=512 tfx=0 | V0(1886.5,2013.0) V1(1893.5,2022.0) uv0(8008,8) uv1(8112,288) | XYOFFSET ofx=1728 ofy=1936 -> screen (158,77)..(165,86)
[p4:gs-sprite] #386500 ctx=0 tme=1 abe=1 FRAME fbp=0x0 fbw=10 psm=0x1 msk=0x00000000 | SCISSOR 0,0..639,223 | TEST=0x000000000005008B | TEX0 tbp=0x0 tbw=8 psm=0x2C tw=512 th=512 tfx=0 | V0(1950.5,2055.0) V1(1958.5,2064.0) uv0(1288,360) uv1(1408,640) | XYOFFSET ofx=1728 ofy=1936 -> screen (222,119)..(230,128)
[p4:clut] samples=286500000 nonzero=106890967 (37.31%) u=[0..507] v=[0..255] distinctIdx=256 topNonZeroIdx=0x03(17892962) psm=0x2C tbp0=0x0 tbw=8 cbp=0x3B40 csa=0
[p4:gs-sprite] #387000 ctx=0 tme=1 abe=1 FRAME fbp=0x0 fbw=10 psm=0x1 msk=0x00000000 | SCISSOR 0,0..639,223 | TEST=0x000000000005008B | TEX0 tbp=0x0 tbw=8 psm=0x2C tw=512 th=512 tfx=0 | V0(2112.0,2027.0) V1(2117.0,2036.0) uv0(1784,360) uv1(1856,640) | XYOFFSET ofx=1728 ofy=1936 -> screen (384,91)..(389,100)
[p4:gs-sprite] #387500 ctx=0 tme=1 abe=1 FRAME fbp=0x0 fbw=10 psm=0x1 msk=0x00000000 | SCISSOR 0,0..639,223 | TEST=0x000000000005008B | TEX0 tbp=0x0 tbw=8 psm=0x2C tw=512 th=512 tfx=0 | V0(2066.5,2013.0) V1(2074.5,2024.0) uv0(2584,360) uv1(2704,704) | XYOFFSET ofx=1728 ofy=1936 -> screen (338,77)..(346,88)
[p4:gs-sprite] #388000 ctx=0 tme=1 abe=1 FRAME fbp=0x0 fbw=10 psm=0x1 msk=0x00000000 | SCISSOR 0,0..639,223 | TEST=0x000000000005008B | TEX0 tbp=0x0 tbw=8 psm=0x2C tw=512 th=512 tfx=0 | V0(2144.5,2055.0) V1(2152.5,2066.0) uv0(2584,360) uv1(2704,704) | XYOFFSET ofx=1728 ofy=1936 -> screen (416,119)..(424,130)
[p4:gs-sprite] #388500 ctx=0 tme=1 abe=1 FRAME fbp=0x0 fbw=10 psm=0x1 msk=0x00000000 | SCISSOR 0,0..639,223 | TEST=0x000000000005008B | TEX0 tbp=0x0 tbw=8 psm=0x2C tw=512 th=512 tfx=0 | V0(1939.0,2041.0) V1(1942.0,2050.0) uv0(872,360) uv1(912,640) | XYOFFSET ofx=1728 ofy=1936 -> screen (211,105)..(214,114)
[p4:clut] samples=287000000 nonzero=107087973 (37.31%) u=[0..507] v=[0..255] distinctIdx=256 topNonZeroIdx=0x03(17982909) psm=0x2C tbp0=0x0 tbw=8 cbp=0x3B40 csa=0
[p4:gs-sprite] #389000 ctx=0 tme=1 abe=1 FRAME fbp=0x0 fbw=10 psm=0x1 msk=0x00000000 | SCISSOR 0,0..639,223 | TEST=0x000000000005008B | TEX0 tbp=0x0 tbw=8 psm=0x2C tw=512 th=512 tfx=0 | V0(2235.5,2013.0) V1(2243.5,2022.0) uv0(1288,360) uv1(1408,640) | XYOFFSET ofx=1728 ofy=1936 -> screen (507,77)..(515,86)
[p4:gs-sprite] #389500 ctx=0 tme=1 abe=1 FRAME fbp=0x0 fbw=10 psm=0x1 msk=0x00000000 | SCISSOR 0,0..639,223 | TEST=0x000000000005008B | TEX0 tbp=0x0 tbw=8 psm=0x2C tw=512 th=512 tfx=0 | V0(2060.5,2069.0) V1(2081.5,2079.5) uv0(5112,1432) uv1(5440,1760) | XYOFFSET ofx=1728 ofy=1936 -> screen (332,133)..(353,143)
[p4:gs-sprite] #390000 ctx=0 tme=1 abe=1 FRAME fbp=0x0 fbw=10 psm=0x1 msk=0x00000000 | SCISSOR 0,0..639,223 | TEST=0x000000000005008B | TEX0 tbp=0x0 tbw=8 psm=0x2C tw=512 th=512 tfx=0 | V0(2124.0,2041.0) V1(2130.0,2050.0) uv0(1960,360) uv1(2048,640) | XYOFFSET ofx=1728 ofy=1936 -> screen (396,105)..(402,114)
[p4:gs-sprite] #390500 ctx=0 tme=1 abe=1 FRAME fbp=0x0 fbw=10 psm=0x1 msk=0x00000000 | SCISSOR 0,0..639,223 | TEST=0x000000000005008B | TEX0 tbp=0x0 tbw=8 psm=0x2C tw=512 th=512 tfx=0 | V0(2001.0,2027.0) V1(2006.0,2036.0) uv0(1784,360) uv1(1856,640) | XYOFFSET ofx=1728 ofy=1936 -> screen (273,91)..(278,100)
[p4:clut] samples=287500000 nonzero=107284482 (37.32%) u=[0..507] v=[0..255] distinctIdx=256 topNonZeroIdx=0x03(18072520) psm=0x2C tbp0=0x0 tbw=8 cbp=0x3B40 csa=0
[p4:gs-sprite] #391000 ctx=0 tme=1 abe=1 FRAME fbp=0x0 fbw=10 psm=0x1 msk=0x00000000 | SCISSOR 0,0..639,223 | TEST=0x000000000005008B | TEX0 tbp=0x0 tbw=8 psm=0x2C tw=512 th=512 tfx=0 | V0(1956.5,2013.0) V1(1964.5,2022.0) uv0(744,360) uv1(864,640) | XYOFFSET ofx=1728 ofy=1936 -> screen (228,77)..(236,86)
[p4:gs-sprite] #391500 ctx=0 tme=1 abe=1 FRAME fbp=0x0 fbw=10 psm=0x1 msk=0x00000000 | SCISSOR 0,0..639,223 | TEST=0x000000000005008B | TEX0 tbp=0x0 tbw=8 psm=0x2C tw=512 th=512 tfx=0 | V0(2018.5,2055.0) V1(2023.5,2064.0) uv0(1784,360) uv1(1856,640) | XYOFFSET ofx=1728 ofy=1936 -> screen (290,119)..(295,128)
[p4:gs-sprite] #392000 ctx=0 tme=1 abe=1 FRAME fbp=0x0 fbw=10 psm=0x1 msk=0x00000000 | SCISSOR 0,0..639,223 | TEST=0x000000000005008B | TEX0 tbp=0x0 tbw=8 psm=0x2C tw=512 th=512 tfx=0 | V0(2164.0,2027.0) V1(2172.0,2036.0) uv0(6184,8) uv1(6304,288) | XYOFFSET ofx=1728 ofy=1936 -> screen (436,91)..(444,100)
[p4:clut] samples=288000000 nonzero=107481004 (37.32%) u=[0..507] v=[0..255] distinctIdx=256 topNonZeroIdx=0x03(18162155) psm=0x2C tbp0=0x0 tbw=8 cbp=0x3B40 csa=0
[p4:gs-sprite] #392500 ctx=0 tme=1 abe=1 FRAME fbp=0x0 fbw=10 psm=0x1 msk=0x00000000 | SCISSOR 0,0..639,223 | TEST=0x000000000005008B | TEX0 tbp=0x0 tbw=8 psm=0x2C tw=512 th=512 tfx=0 | V0(2124.5,2013.0) V1(2132.5,2022.0) uv0(488,360) uv1(608,640) | XYOFFSET ofx=1728 ofy=1936 -> screen (396,77)..(404,86)
[p4:gs-sprite] #393000 ctx=0 tme=1 abe=1 FRAME fbp=0x0 fbw=10 psm=0x1 msk=0x00000000 | SCISSOR 0,0..639,223 | TEST=0x000000000005008B | TEX0 tbp=0x0 tbw=8 psm=0x2C tw=512 th=512 tfx=0 | V0(2202.5,2055.0) V1(2210.5,2064.0) uv0(488,360) uv1(608,640) | XYOFFSET ofx=1728 ofy=1936 -> screen (474,119)..(482,128)
[p4:gs-sprite] #393500 ctx=0 tme=1 abe=1 FRAME fbp=0x0 fbw=10 psm=0x1 msk=0x00000000 | SCISSOR 0,0..639,223 | TEST=0x000000000005008B | TEX0 tbp=0x0 tbw=8 psm=0x2C tw=512 th=512 tfx=0 | V0(1998.0,2041.0) V1(2008.0,2050.0) uv0(5592,8) uv1(5744,288) | XYOFFSET ofx=1728 ofy=1936 -> screen (270,105)..(280,114)
[p4:gs-sprite] #394000 ctx=0 tme=1 abe=1 FRAME fbp=0x0 fbw=10 psm=0x1 msk=0x00000000 | SCISSOR 0,0..639,223 | TEST=0x000000000005008B | TEX0 tbp=0x0 tbw=8 psm=0x2C tw=512 th=512 tfx=0 | V0(1881.0,2027.0) V1(1889.0,2036.0) uv0(744,360) uv1(864,640) | XYOFFSET ofx=1728 ofy=1936 -> screen (153,91)..(161,100)
[p4:clut] samples=288500000 nonzero=107677666 (37.32%) u=[0..507] v=[0..255] distinctIdx=256 topNonZeroIdx=0x03(18251891) psm=0x2C tbp0=0x0 tbw=8 cbp=0x3B40 csa=0
[p4:gs-sprite] #394500 ctx=0 tme=0 abe=0 FRAME fbp=0x0 fbw=10 psm=0x1 msk=0x00000000 | SCISSOR 0,0..639,223 | TEST=0x000000000005008B | TEX0 tbp=0x0 tbw=0 psm=0x0 tw=1 th=1 tfx=0 | V0(1829.0,2007.0) V1(2267.0,2087.0) uv0(0,0) uv1(0,0) | XYOFFSET ofx=1728 ofy=1936 -> screen (101,71)..(539,151)
[p4:gs-sprite] #395000 ctx=0 tme=1 abe=1 FRAME fbp=0x0 fbw=10 psm=0x1 msk=0x00000000 | SCISSOR 0,0..639,223 | TEST=0x000000000005008B | TEX0 tbp=0x0 tbw=8 psm=0x2C tw=512 th=512 tfx=0 | V0(1888.5,2055.0) V1(1896.5,2066.0) uv0(2584,360) uv1(2704,704) | XYOFFSET ofx=1728 ofy=1936 -> screen (160,119)..(168,130)
[p4:gs-sprite] #395500 ctx=0 tme=1 abe=1 FRAME fbp=0x0 fbw=10 psm=0x1 msk=0x00000000 | SCISSOR 0,0..639,223 | TEST=0x000000000005008B | TEX0 tbp=0x0 tbw=8 psm=0x2C tw=512 th=512 tfx=0 | V0(2057.0,2027.0) V1(2066.0,2036.0) uv0(3912,8) uv1(4048,288) | XYOFFSET ofx=1728 ofy=1936 -> screen (329,91)..(338,100)
[p4:gs-sprite] #396000 ctx=0 tme=1 abe=1 FRAME fbp=0x0 fbw=10 psm=0x1 msk=0x00000000 | SCISSOR 0,0..639,223 | TEST=0x000000000005008B | TEX0 tbp=0x0 tbw=8 psm=0x2C tw=512 th=512 tfx=0 | V0(2017.5,2013.0) V1(2024.5,2022.0) uv0(2056,360) uv1(2160,640) | XYOFFSET ofx=1728 ofy=1936 -> screen (289,77)..(296,86)
[p4:clut] samples=289000000 nonzero=107874544 (37.33%) u=[0..507] v=[0..255] distinctIdx=256 topNonZeroIdx=0x03(18341720) psm=0x2C tbp0=0x0 tbw=8 cbp=0x3B40 csa=0
[p4:gs-sprite] #396500 ctx=0 tme=1 abe=1 FRAME fbp=0x0 fbw=10 psm=0x1 msk=0x00000000 | SCISSOR 0,0..639,223 | TEST=0x000000000005008B | TEX0 tbp=0x0 tbw=8 psm=0x2C tw=512 th=512 tfx=0 | V0(2073.5,2055.0) V1(2080.5,2064.0) uv0(8008,8) uv1(8112,288) | XYOFFSET ofx=1728 ofy=1936 -> screen (345,119)..(352,128)
[p4:gs-sprite] #397000 ctx=0 tme=1 abe=1 FRAME fbp=0x0 fbw=10 psm=0x1 msk=0x00000000 | SCISSOR 0,0..639,223 | TEST=0x000000000005008B | TEX0 tbp=0x0 tbw=8 psm=0x2C tw=512 th=512 tfx=0 | V0(2204.0,2027.0) V1(2213.0,2036.0) uv0(1416,360) uv1(1552,640) | XYOFFSET ofx=1728 ofy=1936 -> screen (476,91)..(485,100)
[p4:gs-sprite] #397500 ctx=0 tme=1 abe=1 FRAME fbp=0x0 fbw=10 psm=0x1 msk=0x00000000 | SCISSOR 0,0..639,223 | TEST=0x000000000005008B | TEX0 tbp=0x0 tbw=8 psm=0x2C tw=512 th=512 tfx=0 | V0(2177.5,2013.0) V1(2184.5,2022.0) uv0(8008,8) uv1(8112,288) | XYOFFSET ofx=1728 ofy=1936 -> screen (449,77)..(456,86)
[p4:clut] samples=289500000 nonzero=108071318 (37.33%) u=[0..507] v=[0..255] distinctIdx=256 topNonZeroIdx=0x03(18431508) psm=0x2C tbp0=0x0 tbw=8 cbp=0x3B40 csa=0
[p4:gs-sprite] #398000 ctx=0 tme=1 abe=1 FRAME fbp=0x0 fbw=10 psm=0x1 msk=0x00000000 | SCISSOR 0,0..639,223 | TEST=0x000000000005008B | TEX0 tbp=0x0 tbw=8 psm=0x2C tw=512 th=512 tfx=0 | V0(1973.5,2069.0) V1(1991.5,2079.0) uv0(3368,1096) uv1(3648,1408) | XYOFFSET ofx=1728 ofy=1936 -> screen (245,133)..(263,143)
[p4:gs-sprite] #398500 ctx=0 tme=1 abe=1 FRAME fbp=0x0 fbw=10 psm=0x1 msk=0x00000000 | SCISSOR 0,0..639,223 | TEST=0x000000000005008B | TEX0 tbp=0x0 tbw=8 psm=0x2C tw=512 th=512 tfx=0 | V0(2066.0,2041.0) V1(2075.0,2050.0) uv0(6040,8) uv1(6176,288) | XYOFFSET ofx=1728 ofy=1936 -> screen (338,105)..(347,114)
[p4:gs-sprite] #399000 ctx=0 tme=1 abe=1 FRAME fbp=0x0 fbw=10 psm=0x1 msk=0x00000000 | SCISSOR 0,0..639,223 | TEST=0x000000000005008B | TEX0 tbp=0x0 tbw=8 psm=0x2C tw=512 th=512 tfx=0 | V0(1944.0,2027.0) V1(1953.0,2036.0) uv0(1416,360) uv1(1552,640) | XYOFFSET ofx=1728 ofy=1936 -> screen (216,91)..(225,100)
[p4:gs-sprite] #399500 ctx=0 tme=1 abe=1 FRAME fbp=0x0 fbw=10 psm=0x1 msk=0x00000000 | SCISSOR 0,0..639,223 | TEST=0x000000000005008B | TEX0 tbp=0x0 tbw=8 psm=0x2C tw=512 th=512 tfx=0 | V0(1886.5,2013.0) V1(1893.5,2022.0) uv0(8008,8) uv1(8112,288) | XYOFFSET ofx=1728 ofy=1936 -> screen (158,77)..(165,86)
[p4:clut] samples=290000000 nonzero=108267783 (37.33%) u=[0..507] v=[0..255] distinctIdx=256 topNonZeroIdx=0x03(18521154) psm=0x2C tbp0=0x0 tbw=8 cbp=0x3B40 csa=0
[p4:gs-sprite] #400000 ctx=0 tme=1 abe=1 FRAME fbp=0x0 fbw=10 psm=0x1 msk=0x00000000 | SCISSOR 0,0..639,223 | TEST=0x000000000005008B | TEX0 tbp=0x0 tbw=8 psm=0x2C tw=512 th=512 tfx=0 | V0(1950.5,2055.0) V1(1958.5,2064.0) uv0(1288,360) uv1(1408,640) | XYOFFSET ofx=1728 ofy=1936 -> screen (222,119)..(230,128)
[p4:gs-sprite] #400500 ctx=0 tme=1 abe=1 FRAME fbp=0x0 fbw=10 psm=0x1 msk=0x00000000 | SCISSOR 0,0..639,223 | TEST=0x000000000005008B | TEX0 tbp=0x0 tbw=8 psm=0x2C tw=512 th=512 tfx=0 | V0(2112.0,2027.0) V1(2117.0,2036.0) uv0(1784,360) uv1(1856,640) | XYOFFSET ofx=1728 ofy=1936 -> screen (384,91)..(389,100)
[p4:gs-sprite] #401000 ctx=0 tme=1 abe=1 FRAME fbp=0x0 fbw=10 psm=0x1 msk=0x00000000 | SCISSOR 0,0..639,223 | TEST=0x000000000005008B | TEX0 tbp=0x0 tbw=8 psm=0x2C tw=512 th=512 tfx=0 | V0(2066.5,2013.0) V1(2074.5,2024.0) uv0(2584,360) uv1(2704,704) | XYOFFSET ofx=1728 ofy=1936 -> screen (338,77)..(346,88)
[p4:gs-sprite] #401500 ctx=0 tme=1 abe=1 FRAME fbp=0x0 fbw=10 psm=0x1 msk=0x00000000 | SCISSOR 0,0..639,223 | TEST=0x000000000005008B | TEX0 tbp=0x0 tbw=8 psm=0x2C tw=512 th=512 tfx=0 | V0(2144.5,2055.0) V1(2152.5,2066.0) uv0(2584,360) uv1(2704,704) | XYOFFSET ofx=1728 ofy=1936 -> screen (416,119)..(424,130)
[p4:clut] samples=290500000 nonzero=108464294 (37.34%) u=[0..507] v=[0..255] distinctIdx=256 topNonZeroIdx=0x03(18610746) psm=0x2C tbp0=0x0 tbw=8 cbp=0x3B40 csa=0
[p4:gs-sprite] #402000 ctx=0 tme=1 abe=1 FRAME fbp=0x0 fbw=10 psm=0x1 msk=0x00000000 | SCISSOR 0,0..639,223 | TEST=0x000000000005008B | TEX0 tbp=0x0 tbw=8 psm=0x2C tw=512 th=512 tfx=0 | V0(1939.0,2041.0) V1(1942.0,2050.0) uv0(872,360) uv1(912,640) | XYOFFSET ofx=1728 ofy=1936 -> screen (211,105)..(214,114)
[p4:gs-sprite] #402500 ctx=0 tme=1 abe=1 FRAME fbp=0x0 fbw=10 psm=0x1 msk=0x00000000 | SCISSOR 0,0..639,223 | TEST=0x000000000005008B | TEX0 tbp=0x0 tbw=8 psm=0x2C tw=512 th=512 tfx=0 | V0(2235.5,2013.0) V1(2243.5,2022.0) uv0(1288,360) uv1(1408,640) | XYOFFSET ofx=1728 ofy=1936 -> screen (507,77)..(515,86)
[p4:gs-sprite] #403000 ctx=0 tme=1 abe=1 FRAME fbp=0x0 fbw=10 psm=0x1 msk=0x00000000 | SCISSOR 0,0..639,223 | TEST=0x000000000005008B | TEX0 tbp=0x0 tbw=8 psm=0x2C tw=512 th=512 tfx=0 | V0(2060.5,2069.0) V1(2081.5,2079.5) uv0(5112,1432) uv1(5440,1760) | XYOFFSET ofx=1728 ofy=1936 -> screen (332,133)..(353,143)
[p4:gs-sprite] #403500 ctx=0 tme=1 abe=1 FRAME fbp=0x0 fbw=10 psm=0x1 msk=0x00000000 | SCISSOR 0,0..639,223 | TEST=0x000000000005008B | TEX0 tbp=0x0 tbw=8 psm=0x2C tw=512 th=512 tfx=0 | V0(2124.0,2041.0) V1(2130.0,2050.0) uv0(1960,360) uv1(2048,640) | XYOFFSET ofx=1728 ofy=1936 -> screen (396,105)..(402,114)
[p4:clut] samples=291000000 nonzero=108661015 (37.34%) u=[0..507] v=[0..255] distinctIdx=256 topNonZeroIdx=0x03(18700512) psm=0x2C tbp0=0x0 tbw=8 cbp=0x3B40 csa=0
[p4:gs-sprite] #404000 ctx=0 tme=1 abe=1 FRAME fbp=0x0 fbw=10 psm=0x1 msk=0x00000000 | SCISSOR 0,0..639,223 | TEST=0x000000000005008B | TEX0 tbp=0x0 tbw=8 psm=0x2C tw=512 th=512 tfx=0 | V0(2001.0,2027.0) V1(2006.0,2036.0) uv0(1784,360) uv1(1856,640) | XYOFFSET ofx=1728 ofy=1936 -> screen (273,91)..(278,100)
[p4:gs-sprite] #404500 ctx=0 tme=1 abe=1 FRAME fbp=0x0 fbw=10 psm=0x1 msk=0x00000000 | SCISSOR 0,0..639,223 | TEST=0x000000000005008B | TEX0 tbp=0x0 tbw=8 psm=0x2C tw=512 th=512 tfx=0 | V0(1956.5,2013.0) V1(1964.5,2022.0) uv0(744,360) uv1(864,640) | XYOFFSET ofx=1728 ofy=1936 -> screen (228,77)..(236,86)
[p4:gs-sprite] #405000 ctx=0 tme=1 abe=1 FRAME fbp=0x0 fbw=10 psm=0x1 msk=0x00000000 | SCISSOR 0,0..639,223 | TEST=0x000000000005008B | TEX0 tbp=0x0 tbw=8 psm=0x2C tw=512 th=512 tfx=0 | V0(2018.5,2055.0) V1(2023.5,2064.0) uv0(1784,360) uv1(1856,640) | XYOFFSET ofx=1728 ofy=1936 -> screen (290,119)..(295,128)
[p4:clut] samples=291500000 nonzero=108857887 (37.34%) u=[0..507] v=[0..255] distinctIdx=256 topNonZeroIdx=0x03(18790383) psm=0x2C tbp0=0x0 tbw=8 cbp=0x3B40 csa=0
[p4:gs-sprite] #405500 ctx=0 tme=1 abe=1 FRAME fbp=0x0 fbw=10 psm=0x1 msk=0x00000000 | SCISSOR 0,0..639,223 | TEST=0x000000000005008B | TEX0 tbp=0x0 tbw=8 psm=0x2C tw=512 th=512 tfx=0 | V0(2164.0,2027.0) V1(2172.0,2036.0) uv0(6184,8) uv1(6304,288) | XYOFFSET ofx=1728 ofy=1936 -> screen (436,91)..(444,100)
[p4:gs-sprite] #406000 ctx=0 tme=1 abe=1 FRAME fbp=0x0 fbw=10 psm=0x1 msk=0x00000000 | SCISSOR 0,0..639,223 | TEST=0x000000000005008B | TEX0 tbp=0x0 tbw=8 psm=0x2C tw=512 th=512 tfx=0 | V0(2124.5,2013.0) V1(2132.5,2022.0) uv0(488,360) uv1(608,640) | XYOFFSET ofx=1728 ofy=1936 -> screen (396,77)..(404,86)
[p4:vbl] ticks=6600
[p4:gs-sprite] #406500 ctx=0 tme=1 abe=1 FRAME fbp=0x0 fbw=10 psm=0x1 msk=0x00000000 | SCISSOR 0,0..639,223 | TEST=0x000000000005008B | TEX0 tbp=0x0 tbw=8 psm=0x2C tw=512 th=512 tfx=0 | V0(2202.5,2055.0) V1(2210.5,2064.0) uv0(488,360) uv1(608,640) | XYOFFSET ofx=1728 ofy=1936 -> screen (474,119)..(482,128)
[p4:gs-sprite] #407000 ctx=0 tme=1 abe=1 FRAME fbp=0x0 fbw=10 psm=0x1 msk=0x00000000 | SCISSOR 0,0..639,223 | TEST=0x000000000005008B | TEX0 tbp=0x0 tbw=8 psm=0x2C tw=512 th=512 tfx=0 | V0(1998.0,2041.0) V1(2008.0,2050.0) uv0(5592,8) uv1(5744,288) | XYOFFSET ofx=1728 ofy=1936 -> screen (270,105)..(280,114)
[p4:clut] samples=292000000 nonzero=109054658 (37.35%) u=[0..507] v=[0..255] distinctIdx=256 topNonZeroIdx=0x03(18880116) psm=0x2C tbp0=0x0 tbw=8 cbp=0x3B40 csa=0
[p4:gs-sprite] #407500 ctx=0 tme=1 abe=1 FRAME fbp=0x0 fbw=10 psm=0x1 msk=0x00000000 | SCISSOR 0,0..639,223 | TEST=0x000000000005008B | TEX0 tbp=0x0 tbw=8 psm=0x2C tw=512 th=512 tfx=0 | V0(1881.0,2027.0) V1(1889.0,2036.0) uv0(744,360) uv1(864,640) | XYOFFSET ofx=1728 ofy=1936 -> screen (153,91)..(161,100)
[p4:gs-sprite] #408000 ctx=0 tme=0 abe=0 FRAME fbp=0x0 fbw=10 psm=0x1 msk=0x00000000 | SCISSOR 0,0..639,223 | TEST=0x000000000005008B | TEX0 tbp=0x0 tbw=0 psm=0x0 tw=1 th=1 tfx=0 | V0(1829.0,2007.0) V1(2267.0,2087.0) uv0(0,0) uv1(0,0) | XYOFFSET ofx=1728 ofy=1936 -> screen (101,71)..(539,151)
[p4:gs-sprite] #408500 ctx=0 tme=1 abe=1 FRAME fbp=0x0 fbw=10 psm=0x1 msk=0x00000000 | SCISSOR 0,0..639,223 | TEST=0x000000000005008B | TEX0 tbp=0x0 tbw=8 psm=0x2C tw=512 th=512 tfx=0 | V0(1888.5,2055.0) V1(1896.5,2066.0) uv0(2584,360) uv1(2704,704) | XYOFFSET ofx=1728 ofy=1936 -> screen (160,119)..(168,130)
[p4:gs-sprite] #409000 ctx=0 tme=1 abe=1 FRAME fbp=0x0 fbw=10 psm=0x1 msk=0x00000000 | SCISSOR 0,0..639,223 | TEST=0x000000000005008B | TEX0 tbp=0x0 tbw=8 psm=0x2C tw=512 th=512 tfx=0 | V0(2057.0,2027.0) V1(2066.0,2036.0) uv0(3912,8) uv1(4048,288) | XYOFFSET ofx=1728 ofy=1936 -> screen (329,91)..(338,100)
[p4:clut] samples=292500000 nonzero=109250999 (37.35%) u=[0..507] v=[0..255] distinctIdx=256 topNonZeroIdx=0x03(18969711) psm=0x2C tbp0=0x0 tbw=8 cbp=0x3B40 csa=0
[p4:gs-sprite] #409500 ctx=0 tme=1 abe=1 FRAME fbp=0x0 fbw=10 psm=0x1 msk=0x00000000 | SCISSOR 0,0..639,223 | TEST=0x000000000005008B | TEX0 tbp=0x0 tbw=8 psm=0x2C tw=512 th=512 tfx=0 | V0(2017.5,2013.0) V1(2024.5,2022.0) uv0(2056,360) uv1(2160,640) | XYOFFSET ofx=1728 ofy=1936 -> screen (289,77)..(296,86)
[p4:gs-sprite] #410000 ctx=0 tme=1 abe=1 FRAME fbp=0x0 fbw=10 psm=0x1 msk=0x00000000 | SCISSOR 0,0..639,223 | TEST=0x000000000005008B | TEX0 tbp=0x0 tbw=8 psm=0x2C tw=512 th=512 tfx=0 | V0(2073.5,2055.0) V1(2080.5,2064.0) uv0(8008,8) uv1(8112,288) | XYOFFSET ofx=1728 ofy=1936 -> screen (345,119)..(352,128)
[p4:gs-sprite] #410500 ctx=0 tme=1 abe=1 FRAME fbp=0x0 fbw=10 psm=0x1 msk=0x00000000 | SCISSOR 0,0..639,223 | TEST=0x000000000005008B | TEX0 tbp=0x0 tbw=8 psm=0x2C tw=512 th=512 tfx=0 | V0(2204.0,2027.0) V1(2213.0,2036.0) uv0(1416,360) uv1(1552,640) | XYOFFSET ofx=1728 ofy=1936 -> screen (476,91)..(485,100)
[p4:clut] samples=293000000 nonzero=109447613 (37.35%) u=[0..507] v=[0..255] distinctIdx=256 topNonZeroIdx=0x03(19059371) psm=0x2C tbp0=0x0 tbw=8 cbp=0x3B40 csa=0
[p4:gs-sprite] #411000 ctx=0 tme=1 abe=1 FRAME fbp=0x0 fbw=10 psm=0x1 msk=0x00000000 | SCISSOR 0,0..639,223 | TEST=0x000000000005008B | TEX0 tbp=0x0 tbw=8 psm=0x2C tw=512 th=512 tfx=0 | V0(2177.5,2013.0) V1(2184.5,2022.0) uv0(8008,8) uv1(8112,288) | XYOFFSET ofx=1728 ofy=1936 -> screen (449,77)..(456,86)
[p4:gs-sprite] #411500 ctx=0 tme=1 abe=1 FRAME fbp=0x0 fbw=10 psm=0x1 msk=0x00000000 | SCISSOR 0,0..639,223 | TEST=0x000000000005008B | TEX0 tbp=0x0 tbw=8 psm=0x2C tw=512 th=512 tfx=0 | V0(1973.5,2069.0) V1(1991.5,2079.0) uv0(3368,1096) uv1(3648,1408) | XYOFFSET ofx=1728 ofy=1936 -> screen (245,133)..(263,143)
[p4:gs-sprite] #412000 ctx=0 tme=1 abe=1 FRAME fbp=0x0 fbw=10 psm=0x1 msk=0x00000000 | SCISSOR 0,0..639,223 | TEST=0x000000000005008B | TEX0 tbp=0x0 tbw=8 psm=0x2C tw=512 th=512 tfx=0 | V0(2066.0,2041.0) V1(2075.0,2050.0) uv0(6040,8) uv1(6176,288) | XYOFFSET ofx=1728 ofy=1936 -> screen (338,105)..(347,114)
[p4:gs-sprite] #412500 ctx=0 tme=1 abe=1 FRAME fbp=0x0 fbw=10 psm=0x1 msk=0x00000000 | SCISSOR 0,0..639,223 | TEST=0x000000000005008B | TEX0 tbp=0x0 tbw=8 psm=0x2C tw=512 th=512 tfx=0 | V0(1944.0,2027.0) V1(1953.0,2036.0) uv0(1416,360) uv1(1552,640) | XYOFFSET ofx=1728 ofy=1936 -> screen (216,91)..(225,100)
[p4:clut] samples=293500000 nonzero=109644389 (37.36%) u=[0..507] v=[0..255] distinctIdx=256 topNonZeroIdx=0x03(19149147) psm=0x2C tbp0=0x0 tbw=8 cbp=0x3B40 csa=0
[p4:gs-sprite] #413000 ctx=0 tme=1 abe=1 FRAME fbp=0x0 fbw=10 psm=0x1 msk=0x00000000 | SCISSOR 0,0..639,223 | TEST=0x000000000005008B | TEX0 tbp=0x0 tbw=8 psm=0x2C tw=512 th=512 tfx=0 | V0(1886.5,2013.0) V1(1893.5,2022.0) uv0(8008,8) uv1(8112,288) | XYOFFSET ofx=1728 ofy=1936 -> screen (158,77)..(165,86)
[p4:gs-sprite] #413500 ctx=0 tme=1 abe=1 FRAME fbp=0x0 fbw=10 psm=0x1 msk=0x00000000 | SCISSOR 0,0..639,223 | TEST=0x000000000005008B | TEX0 tbp=0x0 tbw=8 psm=0x2C tw=512 th=512 tfx=0 | V0(1950.5,2055.0) V1(1958.5,2064.0) uv0(1288,360) uv1(1408,640) | XYOFFSET ofx=1728 ofy=1936 -> screen (222,119)..(230,128)
[p4:gs-sprite] #414000 ctx=0 tme=1 abe=1 FRAME fbp=0x0 fbw=10 psm=0x1 msk=0x00000000 | SCISSOR 0,0..639,223 | TEST=0x000000000005008B | TEX0 tbp=0x0 tbw=8 psm=0x2C tw=512 th=512 tfx=0 | V0(2112.0,2027.0) V1(2117.0,2036.0) uv0(1784,360) uv1(1856,640) | XYOFFSET ofx=1728 ofy=1936 -> screen (384,91)..(389,100)
[p4:gs-sprite] #414500 ctx=0 tme=1 abe=1 FRAME fbp=0x0 fbw=10 psm=0x1 msk=0x00000000 | SCISSOR 0,0..639,223 | TEST=0x000000000005008B | TEX0 tbp=0x0 tbw=8 psm=0x2C tw=512 th=512 tfx=0 | V0(2066.5,2013.0) V1(2074.5,2024.0) uv0(2584,360) uv1(2704,704) | XYOFFSET ofx=1728 ofy=1936 -> screen (338,77)..(346,88)
[p4:clut] samples=294000000 nonzero=109841279 (37.36%) u=[0..507] v=[0..255] distinctIdx=256 topNonZeroIdx=0x03(19239043) psm=0x2C tbp0=0x0 tbw=8 cbp=0x3B40 csa=0
[p4:gs-sprite] #415000 ctx=0 tme=1 abe=1 FRAME fbp=0x0 fbw=10 psm=0x1 msk=0x00000000 | SCISSOR 0,0..639,223 | TEST=0x000000000005008B | TEX0 tbp=0x0 tbw=8 psm=0x2C tw=512 th=512 tfx=0 | V0(2144.5,2055.0) V1(2152.5,2066.0) uv0(2584,360) uv1(2704,704) | XYOFFSET ofx=1728 ofy=1936 -> screen (416,119)..(424,130)
[p4:gs-sprite] #415500 ctx=0 tme=1 abe=1 FRAME fbp=0x0 fbw=10 psm=0x1 msk=0x00000000 | SCISSOR 0,0..639,223 | TEST=0x000000000005008B | TEX0 tbp=0x0 tbw=8 psm=0x2C tw=512 th=512 tfx=0 | V0(1939.0,2041.0) V1(1942.0,2050.0) uv0(872,360) uv1(912,640) | XYOFFSET ofx=1728 ofy=1936 -> screen (211,105)..(214,114)
[p4:gs-sprite] #416000 ctx=0 tme=1 abe=1 FRAME fbp=0x0 fbw=10 psm=0x1 msk=0x00000000 | SCISSOR 0,0..639,223 | TEST=0x000000000005008B | TEX0 tbp=0x0 tbw=8 psm=0x2C tw=512 th=512 tfx=0 | V0(2235.5,2013.0) V1(2243.5,2022.0) uv0(1288,360) uv1(1408,640) | XYOFFSET ofx=1728 ofy=1936 -> screen (507,77)..(515,86)
[p4:gs-sprite] #416500 ctx=0 tme=1 abe=1 FRAME fbp=0x0 fbw=10 psm=0x1 msk=0x00000000 | SCISSOR 0,0..639,223 | TEST=0x000000000005008B | TEX0 tbp=0x0 tbw=8 psm=0x2C tw=512 th=512 tfx=0 | V0(2060.5,2069.0) V1(2081.5,2079.5) uv0(5112,1432) uv1(5440,1760) | XYOFFSET ofx=1728 ofy=1936 -> screen (332,133)..(353,143)
[p4:clut] samples=294500000 nonzero=110037806 (37.36%) u=[0..507] v=[0..255] distinctIdx=256 topNonZeroIdx=0x03(19328670) psm=0x2C tbp0=0x0 tbw=8 cbp=0x3B40 csa=0
[p4:gs-sprite] #417000 ctx=0 tme=1 abe=1 FRAME fbp=0x0 fbw=10 psm=0x1 msk=0x00000000 | SCISSOR 0,0..639,223 | TEST=0x000000000005008B | TEX0 tbp=0x0 tbw=8 psm=0x2C tw=512 th=512 tfx=0 | V0(2124.0,2041.0) V1(2130.0,2050.0) uv0(1960,360) uv1(2048,640) | XYOFFSET ofx=1728 ofy=1936 -> screen (396,105)..(402,114)
[p4:gs-sprite] #417500 ctx=0 tme=1 abe=1 FRAME fbp=0x0 fbw=10 psm=0x1 msk=0x00000000 | SCISSOR 0,0..639,223 | TEST=0x000000000005008B | TEX0 tbp=0x0 tbw=8 psm=0x2C tw=512 th=512 tfx=0 | V0(2001.0,2027.0) V1(2006.0,2036.0) uv0(1784,360) uv1(1856,640) | XYOFFSET ofx=1728 ofy=1936 -> screen (273,91)..(278,100)
[p4:gs-sprite] #418000 ctx=0 tme=1 abe=1 FRAME fbp=0x0 fbw=10 psm=0x1 msk=0x00000000 | SCISSOR 0,0..639,223 | TEST=0x000000000005008B | TEX0 tbp=0x0 tbw=8 psm=0x2C tw=512 th=512 tfx=0 | V0(1956.5,2013.0) V1(1964.5,2022.0) uv0(744,360) uv1(864,640) | XYOFFSET ofx=1728 ofy=1936 -> screen (228,77)..(236,86)
[p4:clut] samples=295000000 nonzero=110234351 (37.37%) u=[0..507] v=[0..255] distinctIdx=256 topNonZeroIdx=0x03(19418313) psm=0x2C tbp0=0x0 tbw=8 cbp=0x3B40 csa=0
[p4:gs-sprite] #418500 ctx=0 tme=1 abe=1 FRAME fbp=0x0 fbw=10 psm=0x1 msk=0x00000000 | SCISSOR 0,0..639,223 | TEST=0x000000000005008B | TEX0 tbp=0x0 tbw=8 psm=0x2C tw=512 th=512 tfx=0 | V0(2018.5,2055.0) V1(2023.5,2064.0) uv0(1784,360) uv1(1856,640) | XYOFFSET ofx=1728 ofy=1936 -> screen (290,119)..(295,128)
[p4:gs-sprite] #419000 ctx=0 tme=1 abe=1 FRAME fbp=0x0 fbw=10 psm=0x1 msk=0x00000000 | SCISSOR 0,0..639,223 | TEST=0x000000000005008B | TEX0 tbp=0x0 tbw=8 psm=0x2C tw=512 th=512 tfx=0 | V0(2164.0,2027.0) V1(2172.0,2036.0) uv0(6184,8) uv1(6304,288) | XYOFFSET ofx=1728 ofy=1936 -> screen (436,91)..(444,100)
[p4:gs-sprite] #419500 ctx=0 tme=1 abe=1 FRAME fbp=0x0 fbw=10 psm=0x1 msk=0x00000000 | SCISSOR 0,0..639,223 | TEST=0x000000000005008B | TEX0 tbp=0x0 tbw=8 psm=0x2C tw=512 th=512 tfx=0 | V0(2124.5,2013.0) V1(2132.5,2022.0) uv0(488,360) uv1(608,640) | XYOFFSET ofx=1728 ofy=1936 -> screen (396,77)..(404,86)
[p4:gs-sprite] #420000 ctx=0 tme=1 abe=1 FRAME fbp=0x0 fbw=10 psm=0x1 msk=0x00000000 | SCISSOR 0,0..639,223 | TEST=0x000000000005008B | TEX0 tbp=0x0 tbw=8 psm=0x2C tw=512 th=512 tfx=0 | V0(2202.5,2055.0) V1(2210.5,2064.0) uv0(488,360) uv1(608,640) | XYOFFSET ofx=1728 ofy=1936 -> screen (474,119)..(482,128)
[p4:clut] samples=295500000 nonzero=110431017 (37.37%) u=[0..507] v=[0..255] distinctIdx=256 topNonZeroIdx=0x03(19508035) psm=0x2C tbp0=0x0 tbw=8 cbp=0x3B40 csa=0
[p4:gs-sprite] #420500 ctx=0 tme=1 abe=1 FRAME fbp=0x0 fbw=10 psm=0x1 msk=0x00000000 | SCISSOR 0,0..639,223 | TEST=0x000000000005008B | TEX0 tbp=0x0 tbw=8 psm=0x2C tw=512 th=512 tfx=0 | V0(1998.0,2041.0) V1(2008.0,2050.0) uv0(5592,8) uv1(5744,288) | XYOFFSET ofx=1728 ofy=1936 -> screen (270,105)..(280,114)
[p4:gs-sprite] #421000 ctx=0 tme=1 abe=1 FRAME fbp=0x0 fbw=10 psm=0x1 msk=0x00000000 | SCISSOR 0,0..639,223 | TEST=0x000000000005008B | TEX0 tbp=0x0 tbw=8 psm=0x2C tw=512 th=512 tfx=0 | V0(1881.0,2027.0) V1(1889.0,2036.0) uv0(744,360) uv1(864,640) | XYOFFSET ofx=1728 ofy=1936 -> screen (153,91)..(161,100)
[p4:gs-sprite] #421500 ctx=0 tme=0 abe=0 FRAME fbp=0x0 fbw=10 psm=0x1 msk=0x00000000 | SCISSOR 0,0..639,223 | TEST=0x000000000005008B | TEX0 tbp=0x0 tbw=0 psm=0x0 tw=1 th=1 tfx=0 | V0(1829.0,2007.0) V1(2267.0,2087.0) uv0(0,0) uv1(0,0) | XYOFFSET ofx=1728 ofy=1936 -> screen (101,71)..(539,151)
[p4:gs-sprite] #422000 ctx=0 tme=1 abe=1 FRAME fbp=0x0 fbw=10 psm=0x1 msk=0x00000000 | SCISSOR 0,0..639,223 | TEST=0x000000000005008B | TEX0 tbp=0x0 tbw=8 psm=0x2C tw=512 th=512 tfx=0 | V0(1888.5,2055.0) V1(1896.5,2066.0) uv0(2584,360) uv1(2704,704) | XYOFFSET ofx=1728 ofy=1936 -> screen (160,119)..(168,130)
[p4:clut] samples=296000000 nonzero=110627842 (37.37%) u=[0..507] v=[0..255] distinctIdx=256 topNonZeroIdx=0x03(19597853) psm=0x2C tbp0=0x0 tbw=8 cbp=0x3B40 csa=0
[p4:gs-sprite] #422500 ctx=0 tme=1 abe=1 FRAME fbp=0x0 fbw=10 psm=0x1 msk=0x00000000 | SCISSOR 0,0..639,223 | TEST=0x000000000005008B | TEX0 tbp=0x0 tbw=8 psm=0x2C tw=512 th=512 tfx=0 | V0(2057.0,2027.0) V1(2066.0,2036.0) uv0(3912,8) uv1(4048,288) | XYOFFSET ofx=1728 ofy=1936 -> screen (329,91)..(338,100)
[p4:gs-sprite] #423000 ctx=0 tme=1 abe=1 FRAME fbp=0x0 fbw=10 psm=0x1 msk=0x00000000 | SCISSOR 0,0..639,223 | TEST=0x000000000005008B | TEX0 tbp=0x0 tbw=8 psm=0x2C tw=512 th=512 tfx=0 | V0(2017.5,2013.0) V1(2024.5,2022.0) uv0(2056,360) uv1(2160,640) | XYOFFSET ofx=1728 ofy=1936 -> screen (289,77)..(296,86)
[p4:gs-sprite] #423500 ctx=0 tme=1 abe=1 FRAME fbp=0x0 fbw=10 psm=0x1 msk=0x00000000 | SCISSOR 0,0..639,223 | TEST=0x000000000005008B | TEX0 tbp=0x0 tbw=8 psm=0x2C tw=512 th=512 tfx=0 | V0(2073.5,2055.0) V1(2080.5,2064.0) uv0(8008,8) uv1(8112,288) | XYOFFSET ofx=1728 ofy=1936 -> screen (345,119)..(352,128)
[p4:gs-sprite] #424000 ctx=0 tme=1 abe=1 FRAME fbp=0x0 fbw=10 psm=0x1 msk=0x00000000 | SCISSOR 0,0..639,223 | TEST=0x000000000005008B | TEX0 tbp=0x0 tbw=8 psm=0x2C tw=512 th=512 tfx=0 | V0(2204.0,2027.0) V1(2213.0,2036.0) uv0(1416,360) uv1(1552,640) | XYOFFSET ofx=1728 ofy=1936 -> screen (476,91)..(485,100)
[p4:clut] samples=296500000 nonzero=110824704 (37.38%) u=[0..507] v=[0..255] distinctIdx=256 topNonZeroIdx=0x03(19687685) psm=0x2C tbp0=0x0 tbw=8 cbp=0x3B40 csa=0
[p4:gs-sprite] #424500 ctx=0 tme=1 abe=1 FRAME fbp=0x0 fbw=10 psm=0x1 msk=0x00000000 | SCISSOR 0,0..639,223 | TEST=0x000000000005008B | TEX0 tbp=0x0 tbw=8 psm=0x2C tw=512 th=512 tfx=0 | V0(2177.5,2013.0) V1(2184.5,2022.0) uv0(8008,8) uv1(8112,288) | XYOFFSET ofx=1728 ofy=1936 -> screen (449,77)..(456,86)
[p4:gs-sprite] #425000 ctx=0 tme=1 abe=1 FRAME fbp=0x0 fbw=10 psm=0x1 msk=0x00000000 | SCISSOR 0,0..639,223 | TEST=0x000000000005008B | TEX0 tbp=0x0 tbw=8 psm=0x2C tw=512 th=512 tfx=0 | V0(1973.5,2069.0) V1(1991.5,2079.0) uv0(3368,1096) uv1(3648,1408) | XYOFFSET ofx=1728 ofy=1936 -> screen (245,133)..(263,143)
[p4:gs-sprite] #425500 ctx=0 tme=1 abe=1 FRAME fbp=0x0 fbw=10 psm=0x1 msk=0x00000000 | SCISSOR 0,0..639,223 | TEST=0x000000000005008B | TEX0 tbp=0x0 tbw=8 psm=0x2C tw=512 th=512 tfx=0 | V0(2066.0,2041.0) V1(2075.0,2050.0) uv0(6040,8) uv1(6176,288) | XYOFFSET ofx=1728 ofy=1936 -> screen (338,105)..(347,114)
[p4:clut] samples=297000000 nonzero=111021129 (37.38%) u=[0..507] v=[0..255] distinctIdx=256 topNonZeroIdx=0x03(19777298) psm=0x2C tbp0=0x0 tbw=8 cbp=0x3B40 csa=0
[p4:gs-sprite] #426000 ctx=0 tme=1 abe=1 FRAME fbp=0x0 fbw=10 psm=0x1 msk=0x00000000 | SCISSOR 0,0..639,223 | TEST=0x000000000005008B | TEX0 tbp=0x0 tbw=8 psm=0x2C tw=512 th=512 tfx=0 | V0(1944.0,2027.0) V1(1953.0,2036.0) uv0(1416,360) uv1(1552,640) | XYOFFSET ofx=1728 ofy=1936 -> screen (216,91)..(225,100)
[p4:gs-sprite] #426500 ctx=0 tme=1 abe=1 FRAME fbp=0x0 fbw=10 psm=0x1 msk=0x00000000 | SCISSOR 0,0..639,223 | TEST=0x000000000005008B | TEX0 tbp=0x0 tbw=8 psm=0x2C tw=512 th=512 tfx=0 | V0(1886.5,2013.0) V1(1893.5,2022.0) uv0(8008,8) uv1(8112,288) | XYOFFSET ofx=1728 ofy=1936 -> screen (158,77)..(165,86)
[p4:gs-sprite] #427000 ctx=0 tme=1 abe=1 FRAME fbp=0x0 fbw=10 psm=0x1 msk=0x00000000 | SCISSOR 0,0..639,223 | TEST=0x000000000005008B | TEX0 tbp=0x0 tbw=8 psm=0x2C tw=512 th=512 tfx=0 | V0(1950.5,2055.0) V1(1958.5,2064.0) uv0(1288,360) uv1(1408,640) | XYOFFSET ofx=1728 ofy=1936 -> screen (222,119)..(230,128)
[p4:gs-sprite] #427500 ctx=0 tme=1 abe=1 FRAME fbp=0x0 fbw=10 psm=0x1 msk=0x00000000 | SCISSOR 0,0..639,223 | TEST=0x000000000005008B | TEX0 tbp=0x0 tbw=8 psm=0x2C tw=512 th=512 tfx=0 | V0(2112.0,2027.0) V1(2117.0,2036.0) uv0(1784,360) uv1(1856,640) | XYOFFSET ofx=1728 ofy=1936 -> screen (384,91)..(389,100)
[p4:clut] samples=297500000 nonzero=111217608 (37.38%) u=[0..507] v=[0..255] distinctIdx=256 topNonZeroIdx=0x03(19866873) psm=0x2C tbp0=0x0 tbw=8 cbp=0x3B40 csa=0
[p4:gs-sprite] #428000 ctx=0 tme=1 abe=1 FRAME fbp=0x0 fbw=10 psm=0x1 msk=0x00000000 | SCISSOR 0,0..639,223 | TEST=0x000000000005008B | TEX0 tbp=0x0 tbw=8 psm=0x2C tw=512 th=512 tfx=0 | V0(2066.5,2013.0) V1(2074.5,2024.0) uv0(2584,360) uv1(2704,704) | XYOFFSET ofx=1728 ofy=1936 -> screen (338,77)..(346,88)
[p4:gs-sprite] #428500 ctx=0 tme=1 abe=1 FRAME fbp=0x0 fbw=10 psm=0x1 msk=0x00000000 | SCISSOR 0,0..639,223 | TEST=0x000000000005008B | TEX0 tbp=0x0 tbw=8 psm=0x2C tw=512 th=512 tfx=0 | V0(2144.5,2055.0) V1(2152.5,2066.0) uv0(2584,360) uv1(2704,704) | XYOFFSET ofx=1728 ofy=1936 -> screen (416,119)..(424,130)
[p4:gs-sprite] #429000 ctx=0 tme=1 abe=1 FRAME fbp=0x0 fbw=10 psm=0x1 msk=0x00000000 | SCISSOR 0,0..639,223 | TEST=0x000000000005008B | TEX0 tbp=0x0 tbw=8 psm=0x2C tw=512 th=512 tfx=0 | V0(1939.0,2041.0) V1(1942.0,2050.0) uv0(872,360) uv1(912,640) | XYOFFSET ofx=1728 ofy=1936 -> screen (211,105)..(214,114)
[p4:gs-sprite] #429500 ctx=0 tme=1 abe=1 FRAME fbp=0x0 fbw=10 psm=0x1 msk=0x00000000 | SCISSOR 0,0..639,223 | TEST=0x000000000005008B | TEX0 tbp=0x0 tbw=8 psm=0x2C tw=512 th=512 tfx=0 | V0(2235.5,2013.0) V1(2243.5,2022.0) uv0(1288,360) uv1(1408,640) | XYOFFSET ofx=1728 ofy=1936 -> screen (507,77)..(515,86)
[p4:clut] samples=298000000 nonzero=111414312 (37.39%) u=[0..507] v=[0..255] distinctIdx=256 topNonZeroIdx=0x03(19956637) psm=0x2C tbp0=0x0 tbw=8 cbp=0x3B40 csa=0
[p4:gs-sprite] #430000 ctx=0 tme=1 abe=1 FRAME fbp=0x0 fbw=10 psm=0x1 msk=0x00000000 | SCISSOR 0,0..639,223 | TEST=0x000000000005008B | TEX0 tbp=0x0 tbw=8 psm=0x2C tw=512 th=512 tfx=0 | V0(2060.5,2069.0) V1(2081.5,2079.5) uv0(5112,1432) uv1(5440,1760) | XYOFFSET ofx=1728 ofy=1936 -> screen (332,133)..(353,143)
[p4:gs-sprite] #430500 ctx=0 tme=1 abe=1 FRAME fbp=0x0 fbw=10 psm=0x1 msk=0x00000000 | SCISSOR 0,0..639,223 | TEST=0x000000000005008B | TEX0 tbp=0x0 tbw=8 psm=0x2C tw=512 th=512 tfx=0 | V0(2124.0,2041.0) V1(2130.0,2050.0) uv0(1960,360) uv1(2048,640) | XYOFFSET ofx=1728 ofy=1936 -> screen (396,105)..(402,114)
[p4:gs-sprite] #431000 ctx=0 tme=1 abe=1 FRAME fbp=0x0 fbw=10 psm=0x1 msk=0x00000000 | SCISSOR 0,0..639,223 | TEST=0x000000000005008B | TEX0 tbp=0x0 tbw=8 psm=0x2C tw=512 th=512 tfx=0 | V0(2001.0,2027.0) V1(2006.0,2036.0) uv0(1784,360) uv1(1856,640) | XYOFFSET ofx=1728 ofy=1936 -> screen (273,91)..(278,100)
[p4:clut] samples=298500000 nonzero=111611249 (37.39%) u=[0..507] v=[0..255] distinctIdx=256 topNonZeroIdx=0x03(20046554) psm=0x2C tbp0=0x0 tbw=8 cbp=0x3B40 csa=0
[p4:gs-sprite] #431500 ctx=0 tme=1 abe=1 FRAME fbp=0x0 fbw=10 psm=0x1 msk=0x00000000 | SCISSOR 0,0..639,223 | TEST=0x000000000005008B | TEX0 tbp=0x0 tbw=8 psm=0x2C tw=512 th=512 tfx=0 | V0(1956.5,2013.0) V1(1964.5,2022.0) uv0(744,360) uv1(864,640) | XYOFFSET ofx=1728 ofy=1936 -> screen (228,77)..(236,86)
[p4:gs-sprite] #432000 ctx=0 tme=1 abe=1 FRAME fbp=0x0 fbw=10 psm=0x1 msk=0x00000000 | SCISSOR 0,0..639,223 | TEST=0x000000000005008B | TEX0 tbp=0x0 tbw=8 psm=0x2C tw=512 th=512 tfx=0 | V0(2018.5,2055.0) V1(2023.5,2064.0) uv0(1784,360) uv1(1856,640) | XYOFFSET ofx=1728 ofy=1936 -> screen (290,119)..(295,128)
[p4:vbl] ticks=6900
[p4:gs-sprite] #432500 ctx=0 tme=1 abe=1 FRAME fbp=0x0 fbw=10 psm=0x1 msk=0x00000000 | SCISSOR 0,0..639,223 | TEST=0x000000000005008B | TEX0 tbp=0x0 tbw=8 psm=0x2C tw=512 th=512 tfx=0 | V0(2164.0,2027.0) V1(2172.0,2036.0) uv0(6184,8) uv1(6304,288) | XYOFFSET ofx=1728 ofy=1936 -> screen (436,91)..(444,100)
[p4:gs-sprite] #433000 ctx=0 tme=1 abe=1 FRAME fbp=0x0 fbw=10 psm=0x1 msk=0x00000000 | SCISSOR 0,0..639,223 | TEST=0x000000000005008B | TEX0 tbp=0x0 tbw=8 psm=0x2C tw=512 th=512 tfx=0 | V0(2124.5,2013.0) V1(2132.5,2022.0) uv0(488,360) uv1(608,640) | XYOFFSET ofx=1728 ofy=1936 -> screen (396,77)..(404,86)
[p4:clut] samples=299000000 nonzero=111807949 (37.39%) u=[0..507] v=[0..255] distinctIdx=256 topNonZeroIdx=0x03(20136227) psm=0x2C tbp0=0x0 tbw=8 cbp=0x3B40 csa=0
[p4:gs-sprite] #433500 ctx=0 tme=1 abe=1 FRAME fbp=0x0 fbw=10 psm=0x1 msk=0x00000000 | SCISSOR 0,0..639,223 | TEST=0x000000000005008B | TEX0 tbp=0x0 tbw=8 psm=0x2C tw=512 th=512 tfx=0 | V0(2202.5,2055.0) V1(2210.5,2064.0) uv0(488,360) uv1(608,640) | XYOFFSET ofx=1728 ofy=1936 -> screen (474,119)..(482,128)
[p4:gs-sprite] #434000 ctx=0 tme=1 abe=1 FRAME fbp=0x0 fbw=10 psm=0x1 msk=0x00000000 | SCISSOR 0,0..639,223 | TEST=0x000000000005008B | TEX0 tbp=0x0 tbw=8 psm=0x2C tw=512 th=512 tfx=0 | V0(1998.0,2041.0) V1(2008.0,2050.0) uv0(5592,8) uv1(5744,288) | XYOFFSET ofx=1728 ofy=1936 -> screen (270,105)..(280,114)
[p4:gs-sprite] #434500 ctx=0 tme=1 abe=1 FRAME fbp=0x0 fbw=10 psm=0x1 msk=0x00000000 | SCISSOR 0,0..639,223 | TEST=0x000000000005008B | TEX0 tbp=0x0 tbw=8 psm=0x2C tw=512 th=512 tfx=0 | V0(1881.0,2027.0) V1(1889.0,2036.0) uv0(744,360) uv1(864,640) | XYOFFSET ofx=1728 ofy=1936 -> screen (153,91)..(161,100)
[p4:gs-sprite] #435000 ctx=0 tme=0 abe=0 FRAME fbp=0x0 fbw=10 psm=0x1 msk=0x00000000 | SCISSOR 0,0..639,223 | TEST=0x000000000005008B | TEX0 tbp=0x0 tbw=0 psm=0x0 tw=1 th=1 tfx=0 | V0(1829.0,2007.0) V1(2267.0,2087.0) uv0(0,0) uv1(0,0) | XYOFFSET ofx=1728 ofy=1936 -> screen (101,71)..(539,151)
[p4:clut] samples=299500000 nonzero=112004281 (37.40%) u=[0..507] v=[0..255] distinctIdx=256 topNonZeroIdx=0x03(20225812) psm=0x2C tbp0=0x0 tbw=8 cbp=0x3B40 csa=0
[p4:gs-sprite] #435500 ctx=0 tme=1 abe=1 FRAME fbp=0x0 fbw=10 psm=0x1 msk=0x00000000 | SCISSOR 0,0..639,223 | TEST=0x000000000005008B | TEX0 tbp=0x0 tbw=8 psm=0x2C tw=512 th=512 tfx=0 | V0(1888.5,2055.0) V1(1896.5,2066.0) uv0(2584,360) uv1(2704,704) | XYOFFSET ofx=1728 ofy=1936 -> screen (160,119)..(168,130)
[p4:gs-sprite] #436000 ctx=0 tme=1 abe=1 FRAME fbp=0x0 fbw=10 psm=0x1 msk=0x00000000 | SCISSOR 0,0..639,223 | TEST=0x000000000005008B | TEX0 tbp=0x0 tbw=8 psm=0x2C tw=512 th=512 tfx=0 | V0(2057.0,2027.0) V1(2066.0,2036.0) uv0(3912,8) uv1(4048,288) | XYOFFSET ofx=1728 ofy=1936 -> screen (329,91)..(338,100)
[p4:gs-sprite] #436500 ctx=0 tme=1 abe=1 FRAME fbp=0x0 fbw=10 psm=0x1 msk=0x00000000 | SCISSOR 0,0..639,223 | TEST=0x000000000005008B | TEX0 tbp=0x0 tbw=8 psm=0x2C tw=512 th=512 tfx=0 | V0(2017.5,2013.0) V1(2024.5,2022.0) uv0(2056,360) uv1(2160,640) | XYOFFSET ofx=1728 ofy=1936 -> screen (289,77)..(296,86)
[p4:gs-sprite] #437000 ctx=0 tme=1 abe=1 FRAME fbp=0x0 fbw=10 psm=0x1 msk=0x00000000 | SCISSOR 0,0..639,223 | TEST=0x000000000005008B | TEX0 tbp=0x0 tbw=8 psm=0x2C tw=512 th=512 tfx=0 | V0(2073.5,2055.0) V1(2080.5,2064.0) uv0(8008,8) uv1(8112,288) | XYOFFSET ofx=1728 ofy=1936 -> screen (345,119)..(352,128)
[p4:clut] samples=300000000 nonzero=112200975 (37.40%) u=[0..507] v=[0..255] distinctIdx=256 topNonZeroIdx=0x03(20315544) psm=0x2C tbp0=0x0 tbw=8 cbp=0x3B40 csa=0
[p4:gs-sprite] #437500 ctx=0 tme=1 abe=1 FRAME fbp=0x0 fbw=10 psm=0x1 msk=0x00000000 | SCISSOR 0,0..639,223 | TEST=0x000000000005008B | TEX0 tbp=0x0 tbw=8 psm=0x2C tw=512 th=512 tfx=0 | V0(2204.0,2027.0) V1(2213.0,2036.0) uv0(1416,360) uv1(1552,640) | XYOFFSET ofx=1728 ofy=1936 -> screen (476,91)..(485,100)
[p4:gs-sprite] #438000 ctx=0 tme=1 abe=1 FRAME fbp=0x0 fbw=10 psm=0x1 msk=0x00000000 | SCISSOR 0,0..639,223 | TEST=0x000000000005008B | TEX0 tbp=0x0 tbw=8 psm=0x2C tw=512 th=512 tfx=0 | V0(2177.5,2013.0) V1(2184.5,2022.0) uv0(8008,8) uv1(8112,288) | XYOFFSET ofx=1728 ofy=1936 -> screen (449,77)..(456,86)
[p4:gs-sprite] #438500 ctx=0 tme=1 abe=1 FRAME fbp=0x0 fbw=10 psm=0x1 msk=0x00000000 | SCISSOR 0,0..639,223 | TEST=0x000000000005008B | TEX0 tbp=0x0 tbw=8 psm=0x2C tw=512 th=512 tfx=0 | V0(1973.5,2069.0) V1(1991.5,2079.0) uv0(3368,1096) uv1(3648,1408) | XYOFFSET ofx=1728 ofy=1936 -> screen (245,133)..(263,143)
[p4:clut] samples=300500000 nonzero=112397766 (37.40%) u=[0..507] v=[0..255] distinctIdx=256 topNonZeroIdx=0x03(20405332) psm=0x2C tbp0=0x0 tbw=8 cbp=0x3B40 csa=0
[p4:gs-sprite] #439000 ctx=0 tme=1 abe=1 FRAME fbp=0x0 fbw=10 psm=0x1 msk=0x00000000 | SCISSOR 0,0..639,223 | TEST=0x000000000005008B | TEX0 tbp=0x0 tbw=8 psm=0x2C tw=512 th=512 tfx=0 | V0(2066.0,2041.0) V1(2075.0,2050.0) uv0(6040,8) uv1(6176,288) | XYOFFSET ofx=1728 ofy=1936 -> screen (338,105)..(347,114)
[p4:gs-sprite] #439500 ctx=0 tme=1 abe=1 FRAME fbp=0x0 fbw=10 psm=0x1 msk=0x00000000 | SCISSOR 0,0..639,223 | TEST=0x000000000005008B | TEX0 tbp=0x0 tbw=8 psm=0x2C tw=512 th=512 tfx=0 | V0(1944.0,2027.0) V1(1953.0,2036.0) uv0(1416,360) uv1(1552,640) | XYOFFSET ofx=1728 ofy=1936 -> screen (216,91)..(225,100)
[p4:gs-sprite] #440000 ctx=0 tme=1 abe=1 FRAME fbp=0x0 fbw=10 psm=0x1 msk=0x00000000 | SCISSOR 0,0..639,223 | TEST=0x000000000005008B | TEX0 tbp=0x0 tbw=8 psm=0x2C tw=512 th=512 tfx=0 | V0(1886.5,2013.0) V1(1893.5,2022.0) uv0(8008,8) uv1(8112,288) | XYOFFSET ofx=1728 ofy=1936 -> screen (158,77)..(165,86)
[p4:gs-sprite] #440500 ctx=0 tme=1 abe=1 FRAME fbp=0x0 fbw=10 psm=0x1 msk=0x00000000 | SCISSOR 0,0..639,223 | TEST=0x000000000005008B | TEX0 tbp=0x0 tbw=8 psm=0x2C tw=512 th=512 tfx=0 | V0(1950.5,2055.0) V1(1958.5,2064.0) uv0(1288,360) uv1(1408,640) | XYOFFSET ofx=1728 ofy=1936 -> screen (222,119)..(230,128)
[p4:clut] samples=301000000 nonzero=112594641 (37.41%) u=[0..507] v=[0..255] distinctIdx=256 topNonZeroIdx=0x03(20495199) psm=0x2C tbp0=0x0 tbw=8 cbp=0x3B40 csa=0
[p4:gs-sprite] #441000 ctx=0 tme=1 abe=1 FRAME fbp=0x0 fbw=10 psm=0x1 msk=0x00000000 | SCISSOR 0,0..639,223 | TEST=0x000000000005008B | TEX0 tbp=0x0 tbw=8 psm=0x2C tw=512 th=512 tfx=0 | V0(2112.0,2027.0) V1(2117.0,2036.0) uv0(1784,360) uv1(1856,640) | XYOFFSET ofx=1728 ofy=1936 -> screen (384,91)..(389,100)
[p4:gs-sprite] #441500 ctx=0 tme=1 abe=1 FRAME fbp=0x0 fbw=10 psm=0x1 msk=0x00000000 | SCISSOR 0,0..639,223 | TEST=0x000000000005008B | TEX0 tbp=0x0 tbw=8 psm=0x2C tw=512 th=512 tfx=0 | V0(2066.5,2013.0) V1(2074.5,2024.0) uv0(2584,360) uv1(2704,704) | XYOFFSET ofx=1728 ofy=1936 -> screen (338,77)..(346,88)
[p4:gs-sprite] #442000 ctx=0 tme=1 abe=1 FRAME fbp=0x0 fbw=10 psm=0x1 msk=0x00000000 | SCISSOR 0,0..639,223 | TEST=0x000000000005008B | TEX0 tbp=0x0 tbw=8 psm=0x2C tw=512 th=512 tfx=0 | V0(2144.5,2055.0) V1(2152.5,2066.0) uv0(2584,360) uv1(2704,704) | XYOFFSET ofx=1728 ofy=1936 -> screen (416,119)..(424,130)
[p4:gs-sprite] #442500 ctx=0 tme=1 abe=1 FRAME fbp=0x0 fbw=10 psm=0x1 msk=0x00000000 | SCISSOR 0,0..639,223 | TEST=0x000000000005008B | TEX0 tbp=0x0 tbw=8 psm=0x2C tw=512 th=512 tfx=0 | V0(1939.0,2041.0) V1(1942.0,2050.0) uv0(872,360) uv1(912,640) | XYOFFSET ofx=1728 ofy=1936 -> screen (211,105)..(214,114)
[p4:clut] samples=301500000 nonzero=112791130 (37.41%) u=[0..507] v=[0..255] distinctIdx=256 topNonZeroIdx=0x03(20584857) psm=0x2C tbp0=0x0 tbw=8 cbp=0x3B40 csa=0
[p4:gs-sprite] #443000 ctx=0 tme=1 abe=1 FRAME fbp=0x0 fbw=10 psm=0x1 msk=0x00000000 | SCISSOR 0,0..639,223 | TEST=0x000000000005008B | TEX0 tbp=0x0 tbw=8 psm=0x2C tw=512 th=512 tfx=0 | V0(2235.5,2013.0) V1(2243.5,2022.0) uv0(1288,360) uv1(1408,640) | XYOFFSET ofx=1728 ofy=1936 -> screen (507,77)..(515,86)
[p4:gs-sprite] #443500 ctx=0 tme=1 abe=1 FRAME fbp=0x0 fbw=10 psm=0x1 msk=0x00000000 | SCISSOR 0,0..639,223 | TEST=0x000000000005008B | TEX0 tbp=0x0 tbw=8 psm=0x2C tw=512 th=512 tfx=0 | V0(2060.5,2069.0) V1(2081.5,2079.5) uv0(5112,1432) uv1(5440,1760) | XYOFFSET ofx=1728 ofy=1936 -> screen (332,133)..(353,143)
[p4:gs-sprite] #444000 ctx=0 tme=1 abe=1 FRAME fbp=0x0 fbw=10 psm=0x1 msk=0x00000000 | SCISSOR 0,0..639,223 | TEST=0x000000000005008B | TEX0 tbp=0x0 tbw=8 psm=0x2C tw=512 th=512 tfx=0 | V0(2124.0,2041.0) V1(2130.0,2050.0) uv0(1960,360) uv1(2048,640) | XYOFFSET ofx=1728 ofy=1936 -> screen (396,105)..(402,114)
[p4:clut] samples=302000000 nonzero=112987658 (37.41%) u=[0..507] v=[0..255] distinctIdx=256 topNonZeroIdx=0x03(20674455) psm=0x2C tbp0=0x0 tbw=8 cbp=0x3B40 csa=0
[p4:gs-sprite] #444500 ctx=0 tme=1 abe=1 FRAME fbp=0x0 fbw=10 psm=0x1 msk=0x00000000 | SCISSOR 0,0..639,223 | TEST=0x000000000005008B | TEX0 tbp=0x0 tbw=8 psm=0x2C tw=512 th=512 tfx=0 | V0(2001.0,2027.0) V1(2006.0,2036.0) uv0(1784,360) uv1(1856,640) | XYOFFSET ofx=1728 ofy=1936 -> screen (273,91)..(278,100)
[p4:gs-sprite] #445000 ctx=0 tme=1 abe=1 FRAME fbp=0x0 fbw=10 psm=0x1 msk=0x00000000 | SCISSOR 0,0..639,223 | TEST=0x000000000005008B | TEX0 tbp=0x0 tbw=8 psm=0x2C tw=512 th=512 tfx=0 | V0(1956.5,2013.0) V1(1964.5,2022.0) uv0(744,360) uv1(864,640) | XYOFFSET ofx=1728 ofy=1936 -> screen (228,77)..(236,86)
[p4:gs-sprite] #445500 ctx=0 tme=1 abe=1 FRAME fbp=0x0 fbw=10 psm=0x1 msk=0x00000000 | SCISSOR 0,0..639,223 | TEST=0x000000000005008B | TEX0 tbp=0x0 tbw=8 psm=0x2C tw=512 th=512 tfx=0 | V0(2018.5,2055.0) V1(2023.5,2064.0) uv0(1784,360) uv1(1856,640) | XYOFFSET ofx=1728 ofy=1936 -> screen (290,119)..(295,128)
[p4:gs-sprite] #446000 ctx=0 tme=1 abe=1 FRAME fbp=0x0 fbw=10 psm=0x1 msk=0x00000000 | SCISSOR 0,0..639,223 | TEST=0x000000000005008B | TEX0 tbp=0x0 tbw=8 psm=0x2C tw=512 th=512 tfx=0 | V0(2164.0,2027.0) V1(2172.0,2036.0) uv0(6184,8) uv1(6304,288) | XYOFFSET ofx=1728 ofy=1936 -> screen (436,91)..(444,100)
[p4:clut] samples=302500000 nonzero=113184331 (37.42%) u=[0..507] v=[0..255] distinctIdx=256 topNonZeroIdx=0x03(20764182) psm=0x2C tbp0=0x0 tbw=8 cbp=0x3B40 csa=0
[p4:gs-sprite] #446500 ctx=0 tme=1 abe=1 FRAME fbp=0x0 fbw=10 psm=0x1 msk=0x00000000 | SCISSOR 0,0..639,223 | TEST=0x000000000005008B | TEX0 tbp=0x0 tbw=8 psm=0x2C tw=512 th=512 tfx=0 | V0(2124.5,2013.0) V1(2132.5,2022.0) uv0(488,360) uv1(608,640) | XYOFFSET ofx=1728 ofy=1936 -> screen (396,77)..(404,86)
[p4:gs-sprite] #447000 ctx=0 tme=1 abe=1 FRAME fbp=0x0 fbw=10 psm=0x1 msk=0x00000000 | SCISSOR 0,0..639,223 | TEST=0x000000000005008B | TEX0 tbp=0x0 tbw=8 psm=0x2C tw=512 th=512 tfx=0 | V0(2202.5,2055.0) V1(2210.5,2064.0) uv0(488,360) uv1(608,640) | XYOFFSET ofx=1728 ofy=1936 -> screen (474,119)..(482,128)
[p4:gs-sprite] #447500 ctx=0 tme=1 abe=1 FRAME fbp=0x0 fbw=10 psm=0x1 msk=0x00000000 | SCISSOR 0,0..639,223 | TEST=0x000000000005008B | TEX0 tbp=0x0 tbw=8 psm=0x2C tw=512 th=512 tfx=0 | V0(1998.0,2041.0) V1(2008.0,2050.0) uv0(5592,8) uv1(5744,288) | XYOFFSET ofx=1728 ofy=1936 -> screen (270,105)..(280,114)
[p4:gs-sprite] #448000 ctx=0 tme=1 abe=1 FRAME fbp=0x0 fbw=10 psm=0x1 msk=0x00000000 | SCISSOR 0,0..639,223 | TEST=0x000000000005008B | TEX0 tbp=0x0 tbw=8 psm=0x2C tw=512 th=512 tfx=0 | V0(1881.0,2027.0) V1(1889.0,2036.0) uv0(744,360) uv1(864,640) | XYOFFSET ofx=1728 ofy=1936 -> screen (153,91)..(161,100)
[p4:clut] samples=303000000 nonzero=113381232 (37.42%) u=[0..507] v=[0..255] distinctIdx=256 topNonZeroIdx=0x03(20854043) psm=0x2C tbp0=0x0 tbw=8 cbp=0x3B40 csa=0
[p4:gs-sprite] #448500 ctx=0 tme=0 abe=0 FRAME fbp=0x0 fbw=10 psm=0x1 msk=0x00000000 | SCISSOR 0,0..639,223 | TEST=0x000000000005008B | TEX0 tbp=0x0 tbw=0 psm=0x0 tw=1 th=1 tfx=0 | V0(1829.0,2007.0) V1(2267.0,2087.0) uv0(0,0) uv1(0,0) | XYOFFSET ofx=1728 ofy=1936 -> screen (101,71)..(539,151)
[p4:gs-sprite] #449000 ctx=0 tme=1 abe=1 FRAME fbp=0x0 fbw=10 psm=0x1 msk=0x00000000 | SCISSOR 0,0..639,223 | TEST=0x000000000005008B | TEX0 tbp=0x0 tbw=8 psm=0x2C tw=512 th=512 tfx=0 | V0(1888.5,2055.0) V1(1896.5,2066.0) uv0(2584,360) uv1(2704,704) | XYOFFSET ofx=1728 ofy=1936 -> screen (160,119)..(168,130)
[p4:gs-sprite] #449500 ctx=0 tme=1 abe=1 FRAME fbp=0x0 fbw=10 psm=0x1 msk=0x00000000 | SCISSOR 0,0..639,223 | TEST=0x000000000005008B | TEX0 tbp=0x0 tbw=8 psm=0x2C tw=512 th=512 tfx=0 | V0(2057.0,2027.0) V1(2066.0,2036.0) uv0(3912,8) uv1(4048,288) | XYOFFSET ofx=1728 ofy=1936 -> screen (329,91)..(338,100)
[p4:gs-sprite] #450000 ctx=0 tme=1 abe=1 FRAME fbp=0x0 fbw=10 psm=0x1 msk=0x00000000 | SCISSOR 0,0..639,223 | TEST=0x000000000005008B | TEX0 tbp=0x0 tbw=8 psm=0x2C tw=512 th=512 tfx=0 | V0(2017.5,2013.0) V1(2024.5,2022.0) uv0(2056,360) uv1(2160,640) | XYOFFSET ofx=1728 ofy=1936 -> screen (289,77)..(296,86)
[p4:clut] samples=303500000 nonzero=113578054 (37.42%) u=[0..507] v=[0..255] distinctIdx=256 topNonZeroIdx=0x03(20943829) psm=0x2C tbp0=0x0 tbw=8 cbp=0x3B40 csa=0
[p4:gs-sprite] #450500 ctx=0 tme=1 abe=1 FRAME fbp=0x0 fbw=10 psm=0x1 msk=0x00000000 | SCISSOR 0,0..639,223 | TEST=0x000000000005008B | TEX0 tbp=0x0 tbw=8 psm=0x2C tw=512 th=512 tfx=0 | V0(2073.5,2055.0) V1(2080.5,2064.0) uv0(8008,8) uv1(8112,288) | XYOFFSET ofx=1728 ofy=1936 -> screen (345,119)..(352,128)
[p4:gs-sprite] #451000 ctx=0 tme=1 abe=1 FRAME fbp=0x0 fbw=10 psm=0x1 msk=0x00000000 | SCISSOR 0,0..639,223 | TEST=0x000000000005008B | TEX0 tbp=0x0 tbw=8 psm=0x2C tw=512 th=512 tfx=0 | V0(2204.0,2027.0) V1(2213.0,2036.0) uv0(1416,360) uv1(1552,640) | XYOFFSET ofx=1728 ofy=1936 -> screen (476,91)..(485,100)
[p4:gs-sprite] #451500 ctx=0 tme=1 abe=1 FRAME fbp=0x0 fbw=10 psm=0x1 msk=0x00000000 | SCISSOR 0,0..639,223 | TEST=0x000000000005008B | TEX0 tbp=0x0 tbw=8 psm=0x2C tw=512 th=512 tfx=0 | V0(2177.5,2013.0) V1(2184.5,2022.0) uv0(8008,8) uv1(8112,288) | XYOFFSET ofx=1728 ofy=1936 -> screen (449,77)..(456,86)
[p4:clut] samples=304000000 nonzero=113774457 (37.43%) u=[0..507] v=[0..255] distinctIdx=256 topNonZeroIdx=0x03(21033432) psm=0x2C tbp0=0x0 tbw=8 cbp=0x3B40 csa=0
[p4:gs-sprite] #452000 ctx=0 tme=1 abe=1 FRAME fbp=0x0 fbw=10 psm=0x1 msk=0x00000000 | SCISSOR 0,0..639,223 | TEST=0x000000000005008B | TEX0 tbp=0x0 tbw=8 psm=0x2C tw=512 th=512 tfx=0 | V0(1973.5,2069.0) V1(1991.5,2079.0) uv0(3368,1096) uv1(3648,1408) | XYOFFSET ofx=1728 ofy=1936 -> screen (245,133)..(263,143)
[p4:gs-sprite] #452500 ctx=0 tme=1 abe=1 FRAME fbp=0x0 fbw=10 psm=0x1 msk=0x00000000 | SCISSOR 0,0..639,223 | TEST=0x000000000005008B | TEX0 tbp=0x0 tbw=8 psm=0x2C tw=512 th=512 tfx=0 | V0(2066.0,2041.0) V1(2075.0,2050.0) uv0(6040,8) uv1(6176,288) | XYOFFSET ofx=1728 ofy=1936 -> screen (338,105)..(347,114)
[p4:gs-sprite] #453000 ctx=0 tme=1 abe=1 FRAME fbp=0x0 fbw=10 psm=0x1 msk=0x00000000 | SCISSOR 0,0..639,223 | TEST=0x000000000005008B | TEX0 tbp=0x0 tbw=8 psm=0x2C tw=512 th=512 tfx=0 | V0(1944.0,2027.0) V1(1953.0,2036.0) uv0(1416,360) uv1(1552,640) | XYOFFSET ofx=1728 ofy=1936 -> screen (216,91)..(225,100)
[p4:gs-sprite] #453500 ctx=0 tme=1 abe=1 FRAME fbp=0x0 fbw=10 psm=0x1 msk=0x00000000 | SCISSOR 0,0..639,223 | TEST=0x000000000005008B | TEX0 tbp=0x0 tbw=8 psm=0x2C tw=512 th=512 tfx=0 | V0(1886.5,2013.0) V1(1893.5,2022.0) uv0(8008,8) uv1(8112,288) | XYOFFSET ofx=1728 ofy=1936 -> screen (158,77)..(165,86)
[p4:clut] samples=304500000 nonzero=113970988 (37.43%) u=[0..507] v=[0..255] distinctIdx=256 topNonZeroIdx=0x03(21123052) psm=0x2C tbp0=0x0 tbw=8 cbp=0x3B40 csa=0
[p4:gs-sprite] #454000 ctx=0 tme=1 abe=1 FRAME fbp=0x0 fbw=10 psm=0x1 msk=0x00000000 | SCISSOR 0,0..639,223 | TEST=0x000000000005008B | TEX0 tbp=0x0 tbw=8 psm=0x2C tw=512 th=512 tfx=0 | V0(1950.5,2055.0) V1(1958.5,2064.0) uv0(1288,360) uv1(1408,640) | XYOFFSET ofx=1728 ofy=1936 -> screen (222,119)..(230,128)
[p4:gs-sprite] #454500 ctx=0 tme=1 abe=1 FRAME fbp=0x0 fbw=10 psm=0x1 msk=0x00000000 | SCISSOR 0,0..639,223 | TEST=0x000000000005008B | TEX0 tbp=0x0 tbw=8 psm=0x2C tw=512 th=512 tfx=0 | V0(2112.0,2027.0) V1(2117.0,2036.0) uv0(1784,360) uv1(1856,640) | XYOFFSET ofx=1728 ofy=1936 -> screen (384,91)..(389,100)
[p4:gs-sprite] #455000 ctx=0 tme=1 abe=1 FRAME fbp=0x0 fbw=10 psm=0x1 msk=0x00000000 | SCISSOR 0,0..639,223 | TEST=0x000000000005008B | TEX0 tbp=0x0 tbw=8 psm=0x2C tw=512 th=512 tfx=0 | V0(2066.5,2013.0) V1(2074.5,2024.0) uv0(2584,360) uv1(2704,704) | XYOFFSET ofx=1728 ofy=1936 -> screen (338,77)..(346,88)
[p4:gs-sprite] #455500 ctx=0 tme=1 abe=1 FRAME fbp=0x0 fbw=10 psm=0x1 msk=0x00000000 | SCISSOR 0,0..639,223 | TEST=0x000000000005008B | TEX0 tbp=0x0 tbw=8 psm=0x2C tw=512 th=512 tfx=0 | V0(2144.5,2055.0) V1(2152.5,2066.0) uv0(2584,360) uv1(2704,704) | XYOFFSET ofx=1728 ofy=1936 -> screen (416,119)..(424,130)
[p4:clut] samples=305000000 nonzero=114167634 (37.43%) u=[0..507] v=[0..255] distinctIdx=256 topNonZeroIdx=0x03(21212777) psm=0x2C tbp0=0x0 tbw=8 cbp=0x3B40 csa=0
[p4:gs-sprite] #456000 ctx=0 tme=1 abe=1 FRAME fbp=0x0 fbw=10 psm=0x1 msk=0x00000000 | SCISSOR 0,0..639,223 | TEST=0x000000000005008B | TEX0 tbp=0x0 tbw=8 psm=0x2C tw=512 th=512 tfx=0 | V0(1939.0,2041.0) V1(1942.0,2050.0) uv0(872,360) uv1(912,640) | XYOFFSET ofx=1728 ofy=1936 -> screen (211,105)..(214,114)
[p4:gs-sprite] #456500 ctx=0 tme=1 abe=1 FRAME fbp=0x0 fbw=10 psm=0x1 msk=0x00000000 | SCISSOR 0,0..639,223 | TEST=0x000000000005008B | TEX0 tbp=0x0 tbw=8 psm=0x2C tw=512 th=512 tfx=0 | V0(2235.5,2013.0) V1(2243.5,2022.0) uv0(1288,360) uv1(1408,640) | XYOFFSET ofx=1728 ofy=1936 -> screen (507,77)..(515,86)
[p4:gs-sprite] #457000 ctx=0 tme=1 abe=1 FRAME fbp=0x0 fbw=10 psm=0x1 msk=0x00000000 | SCISSOR 0,0..639,223 | TEST=0x000000000005008B | TEX0 tbp=0x0 tbw=8 psm=0x2C tw=512 th=512 tfx=0 | V0(2060.5,2069.0) V1(2081.5,2079.5) uv0(5112,1432) uv1(5440,1760) | XYOFFSET ofx=1728 ofy=1936 -> screen (332,133)..(353,143)
[p4:gs-sprite] #457500 ctx=0 tme=1 abe=1 FRAME fbp=0x0 fbw=10 psm=0x1 msk=0x00000000 | SCISSOR 0,0..639,223 | TEST=0x000000000005008B | TEX0 tbp=0x0 tbw=8 psm=0x2C tw=512 th=512 tfx=0 | V0(2124.0,2041.0) V1(2130.0,2050.0) uv0(1960,360) uv1(2048,640) | XYOFFSET ofx=1728 ofy=1936 -> screen (396,105)..(402,114)
[p4:clut] samples=305500000 nonzero=114364590 (37.44%) u=[0..507] v=[0..255] distinctIdx=256 topNonZeroIdx=0x03(21302695) psm=0x2C tbp0=0x0 tbw=8 cbp=0x3B40 csa=0
[p4:vbl] ticks=7200
[p4:gs-sprite] #458000 ctx=0 tme=1 abe=1 FRAME fbp=0x0 fbw=10 psm=0x1 msk=0x00000000 | SCISSOR 0,0..639,223 | TEST=0x000000000005008B | TEX0 tbp=0x0 tbw=8 psm=0x2C tw=512 th=512 tfx=0 | V0(2001.0,2027.0) V1(2006.0,2036.0) uv0(1784,360) uv1(1856,640) | XYOFFSET ofx=1728 ofy=1936 -> screen (273,91)..(278,100)
[p4:gs-sprite] #458500 ctx=0 tme=1 abe=1 FRAME fbp=0x0 fbw=10 psm=0x1 msk=0x00000000 | SCISSOR 0,0..639,223 | TEST=0x000000000005008B | TEX0 tbp=0x0 tbw=8 psm=0x2C tw=512 th=512 tfx=0 | V0(1956.5,2013.0) V1(1964.5,2022.0) uv0(744,360) uv1(864,640) | XYOFFSET ofx=1728 ofy=1936 -> screen (228,77)..(236,86)
[p4:gs-sprite] #459000 ctx=0 tme=1 abe=1 FRAME fbp=0x0 fbw=10 psm=0x1 msk=0x00000000 | SCISSOR 0,0..639,223 | TEST=0x000000000005008B | TEX0 tbp=0x0 tbw=8 psm=0x2C tw=512 th=512 tfx=0 | V0(2018.5,2055.0) V1(2023.5,2064.0) uv0(1784,360) uv1(1856,640) | XYOFFSET ofx=1728 ofy=1936 -> screen (290,119)..(295,128)
[p4:clut] samples=306000000 nonzero=114561281 (37.44%) u=[0..507] v=[0..255] distinctIdx=256 topNonZeroIdx=0x03(21392378) psm=0x2C tbp0=0x0 tbw=8 cbp=0x3B40 csa=0
[p4:gs-sprite] #459500 ctx=0 tme=1 abe=1 FRAME fbp=0x0 fbw=10 psm=0x1 msk=0x00000000 | SCISSOR 0,0..639,223 | TEST=0x000000000005008B | TEX0 tbp=0x0 tbw=8 psm=0x2C tw=512 th=512 tfx=0 | V0(2164.0,2027.0) V1(2172.0,2036.0) uv0(6184,8) uv1(6304,288) | XYOFFSET ofx=1728 ofy=1936 -> screen (436,91)..(444,100)
[p4:gs-sprite] #460000 ctx=0 tme=1 abe=1 FRAME fbp=0x0 fbw=10 psm=0x1 msk=0x00000000 | SCISSOR 0,0..639,223 | TEST=0x000000000005008B | TEX0 tbp=0x0 tbw=8 psm=0x2C tw=512 th=512 tfx=0 | V0(2124.5,2013.0) V1(2132.5,2022.0) uv0(488,360) uv1(608,640) | XYOFFSET ofx=1728 ofy=1936 -> screen (396,77)..(404,86)
[p4:gs-sprite] #460500 ctx=0 tme=1 abe=1 FRAME fbp=0x0 fbw=10 psm=0x1 msk=0x00000000 | SCISSOR 0,0..639,223 | TEST=0x000000000005008B | TEX0 tbp=0x0 tbw=8 psm=0x2C tw=512 th=512 tfx=0 | V0(2202.5,2055.0) V1(2210.5,2064.0) uv0(488,360) uv1(608,640) | XYOFFSET ofx=1728 ofy=1936 -> screen (474,119)..(482,128)
[p4:gs-sprite] #461000 ctx=0 tme=1 abe=1 FRAME fbp=0x0 fbw=10 psm=0x1 msk=0x00000000 | SCISSOR 0,0..639,223 | TEST=0x000000000005008B | TEX0 tbp=0x0 tbw=8 psm=0x2C tw=512 th=512 tfx=0 | V0(1998.0,2041.0) V1(2008.0,2050.0) uv0(5592,8) uv1(5744,288) | XYOFFSET ofx=1728 ofy=1936 -> screen (270,105)..(280,114)
[p4:clut] samples=306500000 nonzero=114757612 (37.44%) u=[0..507] v=[0..255] distinctIdx=256 topNonZeroIdx=0x03(21481949) psm=0x2C tbp0=0x0 tbw=8 cbp=0x3B40 csa=0
[p4:gs-sprite] #461500 ctx=0 tme=1 abe=1 FRAME fbp=0x0 fbw=10 psm=0x1 msk=0x00000000 | SCISSOR 0,0..639,223 | TEST=0x000000000005008B | TEX0 tbp=0x0 tbw=8 psm=0x2C tw=512 th=512 tfx=0 | V0(1881.0,2027.0) V1(1889.0,2036.0) uv0(744,360) uv1(864,640) | XYOFFSET ofx=1728 ofy=1936 -> screen (153,91)..(161,100)
[p4:gs-sprite] #462000 ctx=0 tme=0 abe=0 FRAME fbp=0x0 fbw=10 psm=0x1 msk=0x00000000 | SCISSOR 0,0..639,223 | TEST=0x000000000005008B | TEX0 tbp=0x0 tbw=0 psm=0x0 tw=1 th=1 tfx=0 | V0(1829.0,2007.0) V1(2267.0,2087.0) uv0(0,0) uv1(0,0) | XYOFFSET ofx=1728 ofy=1936 -> screen (101,71)..(539,151)
[p4:gs-sprite] #462500 ctx=0 tme=1 abe=1 FRAME fbp=0x0 fbw=10 psm=0x1 msk=0x00000000 | SCISSOR 0,0..639,223 | TEST=0x000000000005008B | TEX0 tbp=0x0 tbw=8 psm=0x2C tw=512 th=512 tfx=0 | V0(1888.5,2055.0) V1(1896.5,2066.0) uv0(2584,360) uv1(2704,704) | XYOFFSET ofx=1728 ofy=1936 -> screen (160,119)..(168,130)
[p4:gs-sprite] #463000 ctx=0 tme=1 abe=1 FRAME fbp=0x0 fbw=10 psm=0x1 msk=0x00000000 | SCISSOR 0,0..639,223 | TEST=0x000000000005008B | TEX0 tbp=0x0 tbw=8 psm=0x2C tw=512 th=512 tfx=0 | V0(2057.0,2027.0) V1(2066.0,2036.0) uv0(3912,8) uv1(4048,288) | XYOFFSET ofx=1728 ofy=1936 -> screen (329,91)..(338,100)
[p4:clut] samples=307000000 nonzero=114954326 (37.44%) u=[0..507] v=[0..255] distinctIdx=256 topNonZeroIdx=0x03(21571701) psm=0x2C tbp0=0x0 tbw=8 cbp=0x3B40 csa=0
[p4:gs-sprite] #463500 ctx=0 tme=1 abe=1 FRAME fbp=0x0 fbw=10 psm=0x1 msk=0x00000000 | SCISSOR 0,0..639,223 | TEST=0x000000000005008B | TEX0 tbp=0x0 tbw=8 psm=0x2C tw=512 th=512 tfx=0 | V0(2017.5,2013.0) V1(2024.5,2022.0) uv0(2056,360) uv1(2160,640) | XYOFFSET ofx=1728 ofy=1936 -> screen (289,77)..(296,86)
[p4:gs-sprite] #464000 ctx=0 tme=1 abe=1 FRAME fbp=0x0 fbw=10 psm=0x1 msk=0x00000000 | SCISSOR 0,0..639,223 | TEST=0x000000000005008B | TEX0 tbp=0x0 tbw=8 psm=0x2C tw=512 th=512 tfx=0 | V0(2073.5,2055.0) V1(2080.5,2064.0) uv0(8008,8) uv1(8112,288) | XYOFFSET ofx=1728 ofy=1936 -> screen (345,119)..(352,128)
[p4:gs-sprite] #464500 ctx=0 tme=1 abe=1 FRAME fbp=0x0 fbw=10 psm=0x1 msk=0x00000000 | SCISSOR 0,0..639,223 | TEST=0x000000000005008B | TEX0 tbp=0x0 tbw=8 psm=0x2C tw=512 th=512 tfx=0 | V0(2204.0,2027.0) V1(2213.0,2036.0) uv0(1416,360) uv1(1552,640) | XYOFFSET ofx=1728 ofy=1936 -> screen (476,91)..(485,100)
[p4:clut] samples=307500000 nonzero=115151144 (37.45%) u=[0..507] v=[0..255] distinctIdx=256 topNonZeroIdx=0x03(21661499) psm=0x2C tbp0=0x0 tbw=8 cbp=0x3B40 csa=0
[p4:gs-sprite] #465000 ctx=0 tme=1 abe=1 FRAME fbp=0x0 fbw=10 psm=0x1 msk=0x00000000 | SCISSOR 0,0..639,223 | TEST=0x000000000005008B | TEX0 tbp=0x0 tbw=8 psm=0x2C tw=512 th=512 tfx=0 | V0(2177.5,2013.0) V1(2184.5,2022.0) uv0(8008,8) uv1(8112,288) | XYOFFSET ofx=1728 ofy=1936 -> screen (449,77)..(456,86)
[p4:gs-sprite] #465500 ctx=0 tme=1 abe=1 FRAME fbp=0x0 fbw=10 psm=0x1 msk=0x00000000 | SCISSOR 0,0..639,223 | TEST=0x000000000005008B | TEX0 tbp=0x0 tbw=8 psm=0x2C tw=512 th=512 tfx=0 | V0(1973.5,2069.0) V1(1991.5,2079.0) uv0(3368,1096) uv1(3648,1408) | XYOFFSET ofx=1728 ofy=1936 -> screen (245,133)..(263,143)
[p4:gs-sprite] #466000 ctx=0 tme=1 abe=1 FRAME fbp=0x0 fbw=10 psm=0x1 msk=0x00000000 | SCISSOR 0,0..639,223 | TEST=0x000000000005008B | TEX0 tbp=0x0 tbw=8 psm=0x2C tw=512 th=512 tfx=0 | V0(2066.0,2041.0) V1(2075.0,2050.0) uv0(6040,8) uv1(6176,288) | XYOFFSET ofx=1728 ofy=1936 -> screen (338,105)..(347,114)
[p4:gs-sprite] #466500 ctx=0 tme=1 abe=1 FRAME fbp=0x0 fbw=10 psm=0x1 msk=0x00000000 | SCISSOR 0,0..639,223 | TEST=0x000000000005008B | TEX0 tbp=0x0 tbw=8 psm=0x2C tw=512 th=512 tfx=0 | V0(1944.0,2027.0) V1(1953.0,2036.0) uv0(1416,360) uv1(1552,640) | XYOFFSET ofx=1728 ofy=1936 -> screen (216,91)..(225,100)
[p4:clut] samples=308000000 nonzero=115348001 (37.45%) u=[0..507] v=[0..255] distinctIdx=256 topNonZeroIdx=0x03(21751357) psm=0x2C tbp0=0x0 tbw=8 cbp=0x3B40 csa=0
[p4:gs-sprite] #467000 ctx=0 tme=1 abe=1 FRAME fbp=0x0 fbw=10 psm=0x1 msk=0x00000000 | SCISSOR 0,0..639,223 | TEST=0x000000000005008B | TEX0 tbp=0x0 tbw=8 psm=0x2C tw=512 th=512 tfx=0 | V0(1886.5,2013.0) V1(1893.5,2022.0) uv0(8008,8) uv1(8112,288) | XYOFFSET ofx=1728 ofy=1936 -> screen (158,77)..(165,86)
[p4:gs-sprite] #467500 ctx=0 tme=1 abe=1 FRAME fbp=0x0 fbw=10 psm=0x1 msk=0x00000000 | SCISSOR 0,0..639,223 | TEST=0x000000000005008B | TEX0 tbp=0x0 tbw=8 psm=0x2C tw=512 th=512 tfx=0 | V0(1950.5,2055.0) V1(1958.5,2064.0) uv0(1288,360) uv1(1408,640) | XYOFFSET ofx=1728 ofy=1936 -> screen (222,119)..(230,128)
[p4:gs-sprite] #468000 ctx=0 tme=1 abe=1 FRAME fbp=0x0 fbw=10 psm=0x1 msk=0x00000000 | SCISSOR 0,0..639,223 | TEST=0x000000000005008B | TEX0 tbp=0x0 tbw=8 psm=0x2C tw=512 th=512 tfx=0 | V0(2112.0,2027.0) V1(2117.0,2036.0) uv0(1784,360) uv1(1856,640) | XYOFFSET ofx=1728 ofy=1936 -> screen (384,91)..(389,100)
[p4:gs-sprite] #468500 ctx=0 tme=1 abe=1 FRAME fbp=0x0 fbw=10 psm=0x1 msk=0x00000000 | SCISSOR 0,0..639,223 | TEST=0x000000000005008B | TEX0 tbp=0x0 tbw=8 psm=0x2C tw=512 th=512 tfx=0 | V0(2066.5,2013.0) V1(2074.5,2024.0) uv0(2584,360) uv1(2704,704) | XYOFFSET ofx=1728 ofy=1936 -> screen (338,77)..(346,88)
[p4:clut] samples=308500000 nonzero=115544475 (37.45%) u=[0..507] v=[0..255] distinctIdx=256 topNonZeroIdx=0x03(21840994) psm=0x2C tbp0=0x0 tbw=8 cbp=0x3B40 csa=0
[p4:gs-sprite] #469000 ctx=0 tme=1 abe=1 FRAME fbp=0x0 fbw=10 psm=0x1 msk=0x00000000 | SCISSOR 0,0..639,223 | TEST=0x000000000005008B | TEX0 tbp=0x0 tbw=8 psm=0x2C tw=512 th=512 tfx=0 | V0(2144.5,2055.0) V1(2152.5,2066.0) uv0(2584,360) uv1(2704,704) | XYOFFSET ofx=1728 ofy=1936 -> screen (416,119)..(424,130)
[p4:gs-sprite] #469500 ctx=0 tme=1 abe=1 FRAME fbp=0x0 fbw=10 psm=0x1 msk=0x00000000 | SCISSOR 0,0..639,223 | TEST=0x000000000005008B | TEX0 tbp=0x0 tbw=8 psm=0x2C tw=512 th=512 tfx=0 | V0(1939.0,2041.0) V1(1942.0,2050.0) uv0(872,360) uv1(912,640) | XYOFFSET ofx=1728 ofy=1936 -> screen (211,105)..(214,114)
[p4:gs-sprite] #470000 ctx=0 tme=1 abe=1 FRAME fbp=0x0 fbw=10 psm=0x1 msk=0x00000000 | SCISSOR 0,0..639,223 | TEST=0x000000000005008B | TEX0 tbp=0x0 tbw=8 psm=0x2C tw=512 th=512 tfx=0 | V0(2235.5,2013.0) V1(2243.5,2022.0) uv0(1288,360) uv1(1408,640) | XYOFFSET ofx=1728 ofy=1936 -> screen (507,77)..(515,86)
[p4:gs-sprite] #470500 ctx=0 tme=1 abe=1 FRAME fbp=0x0 fbw=10 psm=0x1 msk=0x00000000 | SCISSOR 0,0..639,223 | TEST=0x000000000005008B | TEX0 tbp=0x0 tbw=8 psm=0x2C tw=512 th=512 tfx=0 | V0(2060.5,2069.0) V1(2081.5,2079.5) uv0(5112,1432) uv1(5440,1760) | XYOFFSET ofx=1728 ofy=1936 -> screen (332,133)..(353,143)
[p4:clut] samples=309000000 nonzero=115740993 (37.46%) u=[0..507] v=[0..255] distinctIdx=256 topNonZeroIdx=0x03(21930609) psm=0x2C tbp0=0x0 tbw=8 cbp=0x3B40 csa=0
[p4:gs-sprite] #471000 ctx=0 tme=1 abe=1 FRAME fbp=0x0 fbw=10 psm=0x1 msk=0x00000000 | SCISSOR 0,0..639,223 | TEST=0x000000000005008B | TEX0 tbp=0x0 tbw=8 psm=0x2C tw=512 th=512 tfx=0 | V0(2124.0,2041.0) V1(2130.0,2050.0) uv0(1960,360) uv1(2048,640) | XYOFFSET ofx=1728 ofy=1936 -> screen (396,105)..(402,114)
[p4:gs-sprite] #471500 ctx=0 tme=1 abe=1 FRAME fbp=0x0 fbw=10 psm=0x1 msk=0x00000000 | SCISSOR 0,0..639,223 | TEST=0x000000000005008B | TEX0 tbp=0x0 tbw=8 psm=0x2C tw=512 th=512 tfx=0 | V0(2001.0,2027.0) V1(2006.0,2036.0) uv0(1784,360) uv1(1856,640) | XYOFFSET ofx=1728 ofy=1936 -> screen (273,91)..(278,100)
[p4:gs-sprite] #472000 ctx=0 tme=1 abe=1 FRAME fbp=0x0 fbw=10 psm=0x1 msk=0x00000000 | SCISSOR 0,0..639,223 | TEST=0x000000000005008B | TEX0 tbp=0x0 tbw=8 psm=0x2C tw=512 th=512 tfx=0 | V0(1956.5,2013.0) V1(1964.5,2022.0) uv0(744,360) uv1(864,640) | XYOFFSET ofx=1728 ofy=1936 -> screen (228,77)..(236,86)
[p4:clut] samples=309500000 nonzero=115937626 (37.46%) u=[0..507] v=[0..255] distinctIdx=256 topNonZeroIdx=0x03(22020313) psm=0x2C tbp0=0x0 tbw=8 cbp=0x3B40 csa=0
[p4:gs-sprite] #472500 ctx=0 tme=1 abe=1 FRAME fbp=0x0 fbw=10 psm=0x1 msk=0x00000000 | SCISSOR 0,0..639,223 | TEST=0x000000000005008B | TEX0 tbp=0x0 tbw=8 psm=0x2C tw=512 th=512 tfx=0 | V0(2018.5,2055.0) V1(2023.5,2064.0) uv0(1784,360) uv1(1856,640) | XYOFFSET ofx=1728 ofy=1936 -> screen (290,119)..(295,128)
[p4:gs-sprite] #473000 ctx=0 tme=1 abe=1 FRAME fbp=0x0 fbw=10 psm=0x1 msk=0x00000000 | SCISSOR 0,0..639,223 | TEST=0x000000000005008B | TEX0 tbp=0x0 tbw=8 psm=0x2C tw=512 th=512 tfx=0 | V0(2164.0,2027.0) V1(2172.0,2036.0) uv0(6184,8) uv1(6304,288) | XYOFFSET ofx=1728 ofy=1936 -> screen (436,91)..(444,100)
[p4:gs-sprite] #473500 ctx=0 tme=1 abe=1 FRAME fbp=0x0 fbw=10 psm=0x1 msk=0x00000000 | SCISSOR 0,0..639,223 | TEST=0x000000000005008B | TEX0 tbp=0x0 tbw=8 psm=0x2C tw=512 th=512 tfx=0 | V0(2124.5,2013.0) V1(2132.5,2022.0) uv0(488,360) uv1(608,640) | XYOFFSET ofx=1728 ofy=1936 -> screen (396,77)..(404,86)
[p4:gs-sprite] #474000 ctx=0 tme=1 abe=1 FRAME fbp=0x0 fbw=10 psm=0x1 msk=0x00000000 | SCISSOR 0,0..639,223 | TEST=0x000000000005008B | TEX0 tbp=0x0 tbw=8 psm=0x2C tw=512 th=512 tfx=0 | V0(2202.5,2055.0) V1(2210.5,2064.0) uv0(488,360) uv1(608,640) | XYOFFSET ofx=1728 ofy=1936 -> screen (474,119)..(482,128)
[p4:clut] samples=310000000 nonzero=116134578 (37.46%) u=[0..507] v=[0..255] distinctIdx=256 topNonZeroIdx=0x03(22110198) psm=0x2C tbp0=0x0 tbw=8 cbp=0x3B40 csa=0
[p4:gs-sprite] #474500 ctx=0 tme=1 abe=1 FRAME fbp=0x0 fbw=10 psm=0x1 msk=0x00000000 | SCISSOR 0,0..639,223 | TEST=0x000000000005008B | TEX0 tbp=0x0 tbw=8 psm=0x2C tw=512 th=512 tfx=0 | V0(1998.0,2041.0) V1(2008.0,2050.0) uv0(5592,8) uv1(5744,288) | XYOFFSET ofx=1728 ofy=1936 -> screen (270,105)..(280,114)
[p4:gs-sprite] #475000 ctx=0 tme=1 abe=1 FRAME fbp=0x0 fbw=10 psm=0x1 msk=0x00000000 | SCISSOR 0,0..639,223 | TEST=0x000000000005008B | TEX0 tbp=0x0 tbw=8 psm=0x2C tw=512 th=512 tfx=0 | V0(1881.0,2027.0) V1(1889.0,2036.0) uv0(744,360) uv1(864,640) | XYOFFSET ofx=1728 ofy=1936 -> screen (153,91)..(161,100)
[p4:gs-sprite] #475500 ctx=0 tme=0 abe=0 FRAME fbp=0x0 fbw=10 psm=0x1 msk=0x00000000 | SCISSOR 0,0..639,223 | TEST=0x000000000005008B | TEX0 tbp=0x0 tbw=0 psm=0x0 tw=1 th=1 tfx=0 | V0(1829.0,2007.0) V1(2267.0,2087.0) uv0(0,0) uv1(0,0) | XYOFFSET ofx=1728 ofy=1936 -> screen (101,71)..(539,151)
[p4:gs-sprite] #476000 ctx=0 tme=1 abe=1 FRAME fbp=0x0 fbw=10 psm=0x1 msk=0x00000000 | SCISSOR 0,0..639,223 | TEST=0x000000000005008B | TEX0 tbp=0x0 tbw=8 psm=0x2C tw=512 th=512 tfx=0 | V0(1888.5,2055.0) V1(1896.5,2066.0) uv0(2584,360) uv1(2704,704) | XYOFFSET ofx=1728 ofy=1936 -> screen (160,119)..(168,130)
[p4:clut] samples=310500000 nonzero=116331332 (37.47%) u=[0..507] v=[0..255] distinctIdx=256 topNonZeroIdx=0x03(22199951) psm=0x2C tbp0=0x0 tbw=8 cbp=0x3B40 csa=0
[p4:gs-sprite] #476500 ctx=0 tme=1 abe=1 FRAME fbp=0x0 fbw=10 psm=0x1 msk=0x00000000 | SCISSOR 0,0..639,223 | TEST=0x000000000005008B | TEX0 tbp=0x0 tbw=8 psm=0x2C tw=512 th=512 tfx=0 | V0(2057.0,2027.0) V1(2066.0,2036.0) uv0(3912,8) uv1(4048,288) | XYOFFSET ofx=1728 ofy=1936 -> screen (329,91)..(338,100)
[p4:gs-sprite] #477000 ctx=0 tme=1 abe=1 FRAME fbp=0x0 fbw=10 psm=0x1 msk=0x00000000 | SCISSOR 0,0..639,223 | TEST=0x000000000005008B | TEX0 tbp=0x0 tbw=8 psm=0x2C tw=512 th=512 tfx=0 | V0(2017.5,2013.0) V1(2024.5,2022.0) uv0(2056,360) uv1(2160,640) | XYOFFSET ofx=1728 ofy=1936 -> screen (289,77)..(296,86)
[p4:gs-sprite] #477500 ctx=0 tme=1 abe=1 FRAME fbp=0x0 fbw=10 psm=0x1 msk=0x00000000 | SCISSOR 0,0..639,223 | TEST=0x000000000005008B | TEX0 tbp=0x0 tbw=8 psm=0x2C tw=512 th=512 tfx=0 | V0(2073.5,2055.0) V1(2080.5,2064.0) uv0(8008,8) uv1(8112,288) | XYOFFSET ofx=1728 ofy=1936 -> screen (345,119)..(352,128)
[p4:clut] samples=311000000 nonzero=116527805 (37.47%) u=[0..507] v=[0..255] distinctIdx=256 topNonZeroIdx=0x03(22289581) psm=0x2C tbp0=0x0 tbw=8 cbp=0x3B40 csa=0
[p4:gs-sprite] #478000 ctx=0 tme=1 abe=1 FRAME fbp=0x0 fbw=10 psm=0x1 msk=0x00000000 | SCISSOR 0,0..639,223 | TEST=0x000000000005008B | TEX0 tbp=0x0 tbw=8 psm=0x2C tw=512 th=512 tfx=0 | V0(2204.0,2027.0) V1(2213.0,2036.0) uv0(1416,360) uv1(1552,640) | XYOFFSET ofx=1728 ofy=1936 -> screen (476,91)..(485,100)
[p4:gs-sprite] #478500 ctx=0 tme=1 abe=1 FRAME fbp=0x0 fbw=10 psm=0x1 msk=0x00000000 | SCISSOR 0,0..639,223 | TEST=0x000000000005008B | TEX0 tbp=0x0 tbw=8 psm=0x2C tw=512 th=512 tfx=0 | V0(2177.5,2013.0) V1(2184.5,2022.0) uv0(8008,8) uv1(8112,288) | XYOFFSET ofx=1728 ofy=1936 -> screen (449,77)..(456,86)
[p4:gs-sprite] #479000 ctx=0 tme=1 abe=1 FRAME fbp=0x0 fbw=10 psm=0x1 msk=0x00000000 | SCISSOR 0,0..639,223 | TEST=0x000000000005008B | TEX0 tbp=0x0 tbw=8 psm=0x2C tw=512 th=512 tfx=0 | V0(1973.5,2069.0) V1(1991.5,2079.0) uv0(3368,1096) uv1(3648,1408) | XYOFFSET ofx=1728 ofy=1936 -> screen (245,133)..(263,143)
[p4:gs-sprite] #479500 ctx=0 tme=1 abe=1 FRAME fbp=0x0 fbw=10 psm=0x1 msk=0x00000000 | SCISSOR 0,0..639,223 | TEST=0x000000000005008B | TEX0 tbp=0x0 tbw=8 psm=0x2C tw=512 th=512 tfx=0 | V0(2066.0,2041.0) V1(2075.0,2050.0) uv0(6040,8) uv1(6176,288) | XYOFFSET ofx=1728 ofy=1936 -> screen (338,105)..(347,114)
[p4:clut] samples=311500000 nonzero=116724330 (37.47%) u=[0..507] v=[0..255] distinctIdx=256 topNonZeroIdx=0x03(22379205) psm=0x2C tbp0=0x0 tbw=8 cbp=0x3B40 csa=0
[p4:gs-sprite] #480000 ctx=0 tme=1 abe=1 FRAME fbp=0x0 fbw=10 psm=0x1 msk=0x00000000 | SCISSOR 0,0..639,223 | TEST=0x000000000005008B | TEX0 tbp=0x0 tbw=8 psm=0x2C tw=512 th=512 tfx=0 | V0(1944.0,2027.0) V1(1953.0,2036.0) uv0(1416,360) uv1(1552,640) | XYOFFSET ofx=1728 ofy=1936 -> screen (216,91)..(225,100)
[p4:gs-sprite] #480500 ctx=0 tme=1 abe=1 FRAME fbp=0x0 fbw=10 psm=0x1 msk=0x00000000 | SCISSOR 0,0..639,223 | TEST=0x000000000005008B | TEX0 tbp=0x0 tbw=8 psm=0x2C tw=512 th=512 tfx=0 | V0(1886.5,2013.0) V1(1893.5,2022.0) uv0(8008,8) uv1(8112,288) | XYOFFSET ofx=1728 ofy=1936 -> screen (158,77)..(165,86)
[p4:gs-sprite] #481000 ctx=0 tme=1 abe=1 FRAME fbp=0x0 fbw=10 psm=0x1 msk=0x00000000 | SCISSOR 0,0..639,223 | TEST=0x000000000005008B | TEX0 tbp=0x0 tbw=8 psm=0x2C tw=512 th=512 tfx=0 | V0(1950.5,2055.0) V1(1958.5,2064.0) uv0(1288,360) uv1(1408,640) | XYOFFSET ofx=1728 ofy=1936 -> screen (222,119)..(230,128)
[p4:gs-sprite] #481500 ctx=0 tme=1 abe=1 FRAME fbp=0x0 fbw=10 psm=0x1 msk=0x00000000 | SCISSOR 0,0..639,223 | TEST=0x000000000005008B | TEX0 tbp=0x0 tbw=8 psm=0x2C tw=512 th=512 tfx=0 | V0(2112.0,2027.0) V1(2117.0,2036.0) uv0(1784,360) uv1(1856,640) | XYOFFSET ofx=1728 ofy=1936 -> screen (384,91)..(389,100)
[p4:clut] samples=312000000 nonzero=116920988 (37.47%) u=[0..507] v=[0..255] distinctIdx=256 topNonZeroIdx=0x03(22468921) psm=0x2C tbp0=0x0 tbw=8 cbp=0x3B40 csa=0
[p4:gs-sprite] #482000 ctx=0 tme=1 abe=1 FRAME fbp=0x0 fbw=10 psm=0x1 msk=0x00000000 | SCISSOR 0,0..639,223 | TEST=0x000000000005008B | TEX0 tbp=0x0 tbw=8 psm=0x2C tw=512 th=512 tfx=0 | V0(2066.5,2013.0) V1(2074.5,2024.0) uv0(2584,360) uv1(2704,704) | XYOFFSET ofx=1728 ofy=1936 -> screen (338,77)..(346,88)
[p4:gs-sprite] #482500 ctx=0 tme=1 abe=1 FRAME fbp=0x0 fbw=10 psm=0x1 msk=0x00000000 | SCISSOR 0,0..639,223 | TEST=0x000000000005008B | TEX0 tbp=0x0 tbw=8 psm=0x2C tw=512 th=512 tfx=0 | V0(2144.5,2055.0) V1(2152.5,2066.0) uv0(2584,360) uv1(2704,704) | XYOFFSET ofx=1728 ofy=1936 -> screen (416,119)..(424,130)
[p4:gs-sprite] #483000 ctx=0 tme=1 abe=1 FRAME fbp=0x0 fbw=10 psm=0x1 msk=0x00000000 | SCISSOR 0,0..639,223 | TEST=0x000000000005008B | TEX0 tbp=0x0 tbw=8 psm=0x2C tw=512 th=512 tfx=0 | V0(1939.0,2041.0) V1(1942.0,2050.0) uv0(872,360) uv1(912,640) | XYOFFSET ofx=1728 ofy=1936 -> screen (211,105)..(214,114)
[p4:vbl] ticks=7500
[p4:gs-sprite] #483500 ctx=0 tme=1 abe=1 FRAME fbp=0x0 fbw=10 psm=0x1 msk=0x00000000 | SCISSOR 0,0..639,223 | TEST=0x000000000005008B | TEX0 tbp=0x0 tbw=8 psm=0x2C tw=512 th=512 tfx=0 | V0(2235.5,2013.0) V1(2243.5,2022.0) uv0(1288,360) uv1(1408,640) | XYOFFSET ofx=1728 ofy=1936 -> screen (507,77)..(515,86)
[p4:clut] samples=312500000 nonzero=117117969 (37.48%) u=[0..507] v=[0..255] distinctIdx=256 topNonZeroIdx=0x03(22558880) psm=0x2C tbp0=0x0 tbw=8 cbp=0x3B40 csa=0
[p4:gs-sprite] #484000 ctx=0 tme=1 abe=1 FRAME fbp=0x0 fbw=10 psm=0x1 msk=0x00000000 | SCISSOR 0,0..639,223 | TEST=0x000000000005008B | TEX0 tbp=0x0 tbw=8 psm=0x2C tw=512 th=512 tfx=0 | V0(2060.5,2069.0) V1(2081.5,2079.5) uv0(5112,1432) uv1(5440,1760) | XYOFFSET ofx=1728 ofy=1936 -> screen (332,133)..(353,143)
[p4:gs-sprite] #484500 ctx=0 tme=1 abe=1 FRAME fbp=0x0 fbw=10 psm=0x1 msk=0x00000000 | SCISSOR 0,0..639,223 | TEST=0x000000000005008B | TEX0 tbp=0x0 tbw=8 psm=0x2C tw=512 th=512 tfx=0 | V0(2124.0,2041.0) V1(2130.0,2050.0) uv0(1960,360) uv1(2048,640) | XYOFFSET ofx=1728 ofy=1936 -> screen (396,105)..(402,114)
[p4:gs-sprite] #485000 ctx=0 tme=1 abe=1 FRAME fbp=0x0 fbw=10 psm=0x1 msk=0x00000000 | SCISSOR 0,0..639,223 | TEST=0x000000000005008B | TEX0 tbp=0x0 tbw=8 psm=0x2C tw=512 th=512 tfx=0 | V0(2001.0,2027.0) V1(2006.0,2036.0) uv0(1784,360) uv1(1856,640) | XYOFFSET ofx=1728 ofy=1936 -> screen (273,91)..(278,100)
[p4:clut] samples=313000000 nonzero=117314536 (37.48%) u=[0..507] v=[0..255] distinctIdx=256 topNonZeroIdx=0x03(22648498) psm=0x2C tbp0=0x0 tbw=8 cbp=0x3B40 csa=0
[p4:gs-sprite] #485500 ctx=0 tme=1 abe=1 FRAME fbp=0x0 fbw=10 psm=0x1 msk=0x00000000 | SCISSOR 0,0..639,223 | TEST=0x000000000005008B | TEX0 tbp=0x0 tbw=8 psm=0x2C tw=512 th=512 tfx=0 | V0(1956.5,2013.0) V1(1964.5,2022.0) uv0(744,360) uv1(864,640) | XYOFFSET ofx=1728 ofy=1936 -> screen (228,77)..(236,86)
[p4:gs-sprite] #486000 ctx=0 tme=1 abe=1 FRAME fbp=0x0 fbw=10 psm=0x1 msk=0x00000000 | SCISSOR 0,0..639,223 | TEST=0x000000000005008B | TEX0 tbp=0x0 tbw=8 psm=0x2C tw=512 th=512 tfx=0 | V0(2018.5,2055.0) V1(2023.5,2064.0) uv0(1784,360) uv1(1856,640) | XYOFFSET ofx=1728 ofy=1936 -> screen (290,119)..(295,128)
[p4:gs-sprite] #486500 ctx=0 tme=1 abe=1 FRAME fbp=0x0 fbw=10 psm=0x1 msk=0x00000000 | SCISSOR 0,0..639,223 | TEST=0x000000000005008B | TEX0 tbp=0x0 tbw=8 psm=0x2C tw=512 th=512 tfx=0 | V0(2164.0,2027.0) V1(2172.0,2036.0) uv0(6184,8) uv1(6304,288) | XYOFFSET ofx=1728 ofy=1936 -> screen (436,91)..(444,100)
[p4:gs-sprite] #487000 ctx=0 tme=1 abe=1 FRAME fbp=0x0 fbw=10 psm=0x1 msk=0x00000000 | SCISSOR 0,0..639,223 | TEST=0x000000000005008B | TEX0 tbp=0x0 tbw=8 psm=0x2C tw=512 th=512 tfx=0 | V0(2124.5,2013.0) V1(2132.5,2022.0) uv0(488,360) uv1(608,640) | XYOFFSET ofx=1728 ofy=1936 -> screen (396,77)..(404,86)
[p4:clut] samples=313500000 nonzero=117510985 (37.48%) u=[0..507] v=[0..255] distinctIdx=256 topNonZeroIdx=0x03(22738120) psm=0x2C tbp0=0x0 tbw=8 cbp=0x3B40 csa=0
[p4:gs-sprite] #487500 ctx=0 tme=1 abe=1 FRAME fbp=0x0 fbw=10 psm=0x1 msk=0x00000000 | SCISSOR 0,0..639,223 | TEST=0x000000000005008B | TEX0 tbp=0x0 tbw=8 psm=0x2C tw=512 th=512 tfx=0 | V0(2202.5,2055.0) V1(2210.5,2064.0) uv0(488,360) uv1(608,640) | XYOFFSET ofx=1728 ofy=1936 -> screen (474,119)..(482,128)
[p4:gs-sprite] #488000 ctx=0 tme=1 abe=1 FRAME fbp=0x0 fbw=10 psm=0x1 msk=0x00000000 | SCISSOR 0,0..639,223 | TEST=0x000000000005008B | TEX0 tbp=0x0 tbw=8 psm=0x2C tw=512 th=512 tfx=0 | V0(1998.0,2041.0) V1(2008.0,2050.0) uv0(5592,8) uv1(5744,288) | XYOFFSET ofx=1728 ofy=1936 -> screen (270,105)..(280,114)
[p4:gs-sprite] #488500 ctx=0 tme=1 abe=1 FRAME fbp=0x0 fbw=10 psm=0x1 msk=0x00000000 | SCISSOR 0,0..639,223 | TEST=0x000000000005008B | TEX0 tbp=0x0 tbw=8 psm=0x2C tw=512 th=512 tfx=0 | V0(1881.0,2027.0) V1(1889.0,2036.0) uv0(744,360) uv1(864,640) | XYOFFSET ofx=1728 ofy=1936 -> screen (153,91)..(161,100)
[p4:gs-sprite] #489000 ctx=0 tme=0 abe=0 FRAME fbp=0x0 fbw=10 psm=0x1 msk=0x00000000 | SCISSOR 0,0..639,223 | TEST=0x000000000005008B | TEX0 tbp=0x0 tbw=0 psm=0x0 tw=1 th=1 tfx=0 | V0(1829.0,2007.0) V1(2267.0,2087.0) uv0(0,0) uv1(0,0) | XYOFFSET ofx=1728 ofy=1936 -> screen (101,71)..(539,151)
[p4:clut] samples=314000000 nonzero=117707681 (37.49%) u=[0..507] v=[0..255] distinctIdx=256 topNonZeroIdx=0x03(22827863) psm=0x2C tbp0=0x0 tbw=8 cbp=0x3B40 csa=0
[p4:gs-sprite] #489500 ctx=0 tme=1 abe=1 FRAME fbp=0x0 fbw=10 psm=0x1 msk=0x00000000 | SCISSOR 0,0..639,223 | TEST=0x000000000005008B | TEX0 tbp=0x0 tbw=8 psm=0x2C tw=512 th=512 tfx=0 | V0(1888.5,2055.0) V1(1896.5,2066.0) uv0(2584,360) uv1(2704,704) | XYOFFSET ofx=1728 ofy=1936 -> screen (160,119)..(168,130)
[p4:gs-sprite] #490000 ctx=0 tme=1 abe=1 FRAME fbp=0x0 fbw=10 psm=0x1 msk=0x00000000 | SCISSOR 0,0..639,223 | TEST=0x000000000005008B | TEX0 tbp=0x0 tbw=8 psm=0x2C tw=512 th=512 tfx=0 | V0(2057.0,2027.0) V1(2066.0,2036.0) uv0(3912,8) uv1(4048,288) | XYOFFSET ofx=1728 ofy=1936 -> screen (329,91)..(338,100)
[p4:gs-sprite] #490500 ctx=0 tme=1 abe=1 FRAME fbp=0x0 fbw=10 psm=0x1 msk=0x00000000 | SCISSOR 0,0..639,223 | TEST=0x000000000005008B | TEX0 tbp=0x0 tbw=8 psm=0x2C tw=512 th=512 tfx=0 | V0(2017.5,2013.0) V1(2024.5,2022.0) uv0(2056,360) uv1(2160,640) | XYOFFSET ofx=1728 ofy=1936 -> screen (289,77)..(296,86)
[p4:gs-sprite] #491000 ctx=0 tme=1 abe=1 FRAME fbp=0x0 fbw=10 psm=0x1 msk=0x00000000 | SCISSOR 0,0..639,223 | TEST=0x000000000005008B | TEX0 tbp=0x0 tbw=8 psm=0x2C tw=512 th=512 tfx=0 | V0(2073.5,2055.0) V1(2080.5,2064.0) uv0(8008,8) uv1(8112,288) | XYOFFSET ofx=1728 ofy=1936 -> screen (345,119)..(352,128)
[p4:clut] samples=314500000 nonzero=117904531 (37.49%) u=[0..507] v=[0..255] distinctIdx=256 topNonZeroIdx=0x03(22917670) psm=0x2C tbp0=0x0 tbw=8 cbp=0x3B40 csa=0
[p4:gs-sprite] #491500 ctx=0 tme=1 abe=1 FRAME fbp=0x0 fbw=10 psm=0x1 msk=0x00000000 | SCISSOR 0,0..639,223 | TEST=0x000000000005008B | TEX0 tbp=0x0 tbw=8 psm=0x2C tw=512 th=512 tfx=0 | V0(2204.0,2027.0) V1(2213.0,2036.0) uv0(1416,360) uv1(1552,640) | XYOFFSET ofx=1728 ofy=1936 -> screen (476,91)..(485,100)
[p4:gs-sprite] #492000 ctx=0 tme=1 abe=1 FRAME fbp=0x0 fbw=10 psm=0x1 msk=0x00000000 | SCISSOR 0,0..639,223 | TEST=0x000000000005008B | TEX0 tbp=0x0 tbw=8 psm=0x2C tw=512 th=512 tfx=0 | V0(2177.5,2013.0) V1(2184.5,2022.0) uv0(8008,8) uv1(8112,288) | XYOFFSET ofx=1728 ofy=1936 -> screen (449,77)..(456,86)
[p4:gs-sprite] #492500 ctx=0 tme=1 abe=1 FRAME fbp=0x0 fbw=10 psm=0x1 msk=0x00000000 | SCISSOR 0,0..639,223 | TEST=0x000000000005008B | TEX0 tbp=0x0 tbw=8 psm=0x2C tw=512 th=512 tfx=0 | V0(1973.5,2069.0) V1(1991.5,2079.0) uv0(3368,1096) uv1(3648,1408) | XYOFFSET ofx=1728 ofy=1936 -> screen (245,133)..(263,143)
[p4:clut] samples=315000000 nonzero=118101336 (37.49%) u=[0..507] v=[0..255] distinctIdx=256 topNonZeroIdx=0x03(23007494) psm=0x2C tbp0=0x0 tbw=8 cbp=0x3B40 csa=0
[p4:gs-sprite] #493000 ctx=0 tme=1 abe=1 FRAME fbp=0x0 fbw=10 psm=0x1 msk=0x00000000 | SCISSOR 0,0..639,223 | TEST=0x000000000005008B | TEX0 tbp=0x0 tbw=8 psm=0x2C tw=512 th=512 tfx=0 | V0(2066.0,2041.0) V1(2075.0,2050.0) uv0(6040,8) uv1(6176,288) | XYOFFSET ofx=1728 ofy=1936 -> screen (338,105)..(347,114)
[p4:gs-sprite] #493500 ctx=0 tme=1 abe=1 FRAME fbp=0x0 fbw=10 psm=0x1 msk=0x00000000 | SCISSOR 0,0..639,223 | TEST=0x000000000005008B | TEX0 tbp=0x0 tbw=8 psm=0x2C tw=512 th=512 tfx=0 | V0(1944.0,2027.0) V1(1953.0,2036.0) uv0(1416,360) uv1(1552,640) | XYOFFSET ofx=1728 ofy=1936 -> screen (216,91)..(225,100)
[p4:gs-sprite] #494000 ctx=0 tme=1 abe=1 FRAME fbp=0x0 fbw=10 psm=0x1 msk=0x00000000 | SCISSOR 0,0..639,223 | TEST=0x000000000005008B | TEX0 tbp=0x0 tbw=8 psm=0x2C tw=512 th=512 tfx=0 | V0(1886.5,2013.0) V1(1893.5,2022.0) uv0(8008,8) uv1(8112,288) | XYOFFSET ofx=1728 ofy=1936 -> screen (158,77)..(165,86)
[p4:gs-sprite] #494500 ctx=0 tme=1 abe=1 FRAME fbp=0x0 fbw=10 psm=0x1 msk=0x00000000 | SCISSOR 0,0..639,223 | TEST=0x000000000005008B | TEX0 tbp=0x0 tbw=8 psm=0x2C tw=512 th=512 tfx=0 | V0(1950.5,2055.0) V1(1958.5,2064.0) uv0(1288,360) uv1(1408,640) | XYOFFSET ofx=1728 ofy=1936 -> screen (222,119)..(230,128)
[p4:clut] samples=315500000 nonzero=118297767 (37.50%) u=[0..507] v=[0..255] distinctIdx=256 topNonZeroIdx=0x03(23097117) psm=0x2C tbp0=0x0 tbw=8 cbp=0x3B40 csa=0
[p4:gs-sprite] #495000 ctx=0 tme=1 abe=1 FRAME fbp=0x0 fbw=10 psm=0x1 msk=0x00000000 | SCISSOR 0,0..639,223 | TEST=0x000000000005008B | TEX0 tbp=0x0 tbw=8 psm=0x2C tw=512 th=512 tfx=0 | V0(2112.0,2027.0) V1(2117.0,2036.0) uv0(1784,360) uv1(1856,640) | XYOFFSET ofx=1728 ofy=1936 -> screen (384,91)..(389,100)
[p4:gs-sprite] #495500 ctx=0 tme=1 abe=1 FRAME fbp=0x0 fbw=10 psm=0x1 msk=0x00000000 | SCISSOR 0,0..639,223 | TEST=0x000000000005008B | TEX0 tbp=0x0 tbw=8 psm=0x2C tw=512 th=512 tfx=0 | V0(2066.5,2013.0) V1(2074.5,2024.0) uv0(2584,360) uv1(2704,704) | XYOFFSET ofx=1728 ofy=1936 -> screen (338,77)..(346,88)
[p4:gs-sprite] #496000 ctx=0 tme=1 abe=1 FRAME fbp=0x0 fbw=10 psm=0x1 msk=0x00000000 | SCISSOR 0,0..639,223 | TEST=0x000000000005008B | TEX0 tbp=0x0 tbw=8 psm=0x2C tw=512 th=512 tfx=0 | V0(2144.5,2055.0) V1(2152.5,2066.0) uv0(2584,360) uv1(2704,704) | XYOFFSET ofx=1728 ofy=1936 -> screen (416,119)..(424,130)
[p4:gs-sprite] #496500 ctx=0 tme=1 abe=1 FRAME fbp=0x0 fbw=10 psm=0x1 msk=0x00000000 | SCISSOR 0,0..639,223 | TEST=0x000000000005008B | TEX0 tbp=0x0 tbw=8 psm=0x2C tw=512 th=512 tfx=0 | V0(1939.0,2041.0) V1(1942.0,2050.0) uv0(872,360) uv1(912,640) | XYOFFSET ofx=1728 ofy=1936 -> screen (211,105)..(214,114)
[p4:clut] samples=316000000 nonzero=118494332 (37.50%) u=[0..507] v=[0..255] distinctIdx=256 topNonZeroIdx=0x03(23186755) psm=0x2C tbp0=0x0 tbw=8 cbp=0x3B40 csa=0
[p4:gs-sprite] #497000 ctx=0 tme=1 abe=1 FRAME fbp=0x0 fbw=10 psm=0x1 msk=0x00000000 | SCISSOR 0,0..639,223 | TEST=0x000000000005008B | TEX0 tbp=0x0 tbw=8 psm=0x2C tw=512 th=512 tfx=0 | V0(2235.5,2013.0) V1(2243.5,2022.0) uv0(1288,360) uv1(1408,640) | XYOFFSET ofx=1728 ofy=1936 -> screen (507,77)..(515,86)
[p4:gs-sprite] #497500 ctx=0 tme=1 abe=1 FRAME fbp=0x0 fbw=10 psm=0x1 msk=0x00000000 | SCISSOR 0,0..639,223 | TEST=0x000000000005008B | TEX0 tbp=0x0 tbw=8 psm=0x2C tw=512 th=512 tfx=0 | V0(2060.5,2069.0) V1(2081.5,2079.5) uv0(5112,1432) uv1(5440,1760) | XYOFFSET ofx=1728 ofy=1936 -> screen (332,133)..(353,143)
[p4:gs-sprite] #498000 ctx=0 tme=1 abe=1 FRAME fbp=0x0 fbw=10 psm=0x1 msk=0x00000000 | SCISSOR 0,0..639,223 | TEST=0x000000000005008B | TEX0 tbp=0x0 tbw=8 psm=0x2C tw=512 th=512 tfx=0 | V0(2124.0,2041.0) V1(2130.0,2050.0) uv0(1960,360) uv1(2048,640) | XYOFFSET ofx=1728 ofy=1936 -> screen (396,105)..(402,114)
[p4:clut] samples=316500000 nonzero=118690975 (37.50%) u=[0..507] v=[0..255] distinctIdx=256 topNonZeroIdx=0x03(23276470) psm=0x2C tbp0=0x0 tbw=8 cbp=0x3B40 csa=0
[p4:gs-sprite] #498500 ctx=0 tme=1 abe=1 FRAME fbp=0x0 fbw=10 psm=0x1 msk=0x00000000 | SCISSOR 0,0..639,223 | TEST=0x000000000005008B | TEX0 tbp=0x0 tbw=8 psm=0x2C tw=512 th=512 tfx=0 | V0(2001.0,2027.0) V1(2006.0,2036.0) uv0(1784,360) uv1(1856,640) | XYOFFSET ofx=1728 ofy=1936 -> screen (273,91)..(278,100)
[p4:gs-sprite] #499000 ctx=0 tme=1 abe=1 FRAME fbp=0x0 fbw=10 psm=0x1 msk=0x00000000 | SCISSOR 0,0..639,223 | TEST=0x000000000005008B | TEX0 tbp=0x0 tbw=8 psm=0x2C tw=512 th=512 tfx=0 | V0(1956.5,2013.0) V1(1964.5,2022.0) uv0(744,360) uv1(864,640) | XYOFFSET ofx=1728 ofy=1936 -> screen (228,77)..(236,86)
[p4:gs-sprite] #499500 ctx=0 tme=1 abe=1 FRAME fbp=0x0 fbw=10 psm=0x1 msk=0x00000000 | SCISSOR 0,0..639,223 | TEST=0x000000000005008B | TEX0 tbp=0x0 tbw=8 psm=0x2C tw=512 th=512 tfx=0 | V0(2018.5,2055.0) V1(2023.5,2064.0) uv0(1784,360) uv1(1856,640) | XYOFFSET ofx=1728 ofy=1936 -> screen (290,119)..(295,128)
[p4:gs-sprite] #500000 ctx=0 tme=1 abe=1 FRAME fbp=0x0 fbw=10 psm=0x1 msk=0x00000000 | SCISSOR 0,0..639,223 | TEST=0x000000000005008B | TEX0 tbp=0x0 tbw=8 psm=0x2C tw=512 th=512 tfx=0 | V0(2164.0,2027.0) V1(2172.0,2036.0) uv0(6184,8) uv1(6304,288) | XYOFFSET ofx=1728 ofy=1936 -> screen (436,91)..(444,100)
[p4:clut] samples=317000000 nonzero=118887931 (37.50%) u=[0..507] v=[0..255] distinctIdx=256 topNonZeroIdx=0x03(23366356) psm=0x2C tbp0=0x0 tbw=8 cbp=0x3B40 csa=0
[p4:gs-sprite] #500500 ctx=0 tme=1 abe=1 FRAME fbp=0x0 fbw=10 psm=0x1 msk=0x00000000 | SCISSOR 0,0..639,223 | TEST=0x000000000005008B | TEX0 tbp=0x0 tbw=8 psm=0x2C tw=512 th=512 tfx=0 | V0(2124.5,2013.0) V1(2132.5,2022.0) uv0(488,360) uv1(608,640) | XYOFFSET ofx=1728 ofy=1936 -> screen (396,77)..(404,86)
[p4:gs-sprite] #501000 ctx=0 tme=1 abe=1 FRAME fbp=0x0 fbw=10 psm=0x1 msk=0x00000000 | SCISSOR 0,0..639,223 | TEST=0x000000000005008B | TEX0 tbp=0x0 tbw=8 psm=0x2C tw=512 th=512 tfx=0 | V0(2202.5,2055.0) V1(2210.5,2064.0) uv0(488,360) uv1(608,640) | XYOFFSET ofx=1728 ofy=1936 -> screen (474,119)..(482,128)
[p4:gs-sprite] #501500 ctx=0 tme=1 abe=1 FRAME fbp=0x0 fbw=10 psm=0x1 msk=0x00000000 | SCISSOR 0,0..639,223 | TEST=0x000000000005008B | TEX0 tbp=0x0 tbw=8 psm=0x2C tw=512 th=512 tfx=0 | V0(1998.0,2041.0) V1(2008.0,2050.0) uv0(5592,8) uv1(5744,288) | XYOFFSET ofx=1728 ofy=1936 -> screen (270,105)..(280,114)
[p4:gs-sprite] #502000 ctx=0 tme=1 abe=1 FRAME fbp=0x0 fbw=10 psm=0x1 msk=0x00000000 | SCISSOR 0,0..639,223 | TEST=0x000000000005008B | TEX0 tbp=0x0 tbw=8 psm=0x2C tw=512 th=512 tfx=0 | V0(1881.0,2027.0) V1(1889.0,2036.0) uv0(744,360) uv1(864,640) | XYOFFSET ofx=1728 ofy=1936 -> screen (153,91)..(161,100)
[p4:clut] samples=317500000 nonzero=119084656 (37.51%) u=[0..507] v=[0..255] distinctIdx=256 topNonZeroIdx=0x03(23456082) psm=0x2C tbp0=0x0 tbw=8 cbp=0x3B40 csa=0
[p4:gs-sprite] #502500 ctx=0 tme=0 abe=0 FRAME fbp=0x0 fbw=10 psm=0x1 msk=0x00000000 | SCISSOR 0,0..639,223 | TEST=0x000000000005008B | TEX0 tbp=0x0 tbw=0 psm=0x0 tw=1 th=1 tfx=0 | V0(1829.0,2007.0) V1(2267.0,2087.0) uv0(0,0) uv1(0,0) | XYOFFSET ofx=1728 ofy=1936 -> screen (101,71)..(539,151)
[p4:gs-sprite] #503000 ctx=0 tme=1 abe=1 FRAME fbp=0x0 fbw=10 psm=0x1 msk=0x00000000 | SCISSOR 0,0..639,223 | TEST=0x000000000005008B | TEX0 tbp=0x0 tbw=8 psm=0x2C tw=512 th=512 tfx=0 | V0(1888.5,2055.0) V1(1896.5,2066.0) uv0(2584,360) uv1(2704,704) | XYOFFSET ofx=1728 ofy=1936 -> screen (160,119)..(168,130)
[p4:gs-sprite] #503500 ctx=0 tme=1 abe=1 FRAME fbp=0x0 fbw=10 psm=0x1 msk=0x00000000 | SCISSOR 0,0..639,223 | TEST=0x000000000005008B | TEX0 tbp=0x0 tbw=8 psm=0x2C tw=512 th=512 tfx=0 | V0(2057.0,2027.0) V1(2066.0,2036.0) uv0(3912,8) uv1(4048,288) | XYOFFSET ofx=1728 ofy=1936 -> screen (329,91)..(338,100)
[p4:gs-sprite] #504000 ctx=0 tme=1 abe=1 FRAME fbp=0x0 fbw=10 psm=0x1 msk=0x00000000 | SCISSOR 0,0..639,223 | TEST=0x000000000005008B | TEX0 tbp=0x0 tbw=8 psm=0x2C tw=512 th=512 tfx=0 | V0(2017.5,2013.0) V1(2024.5,2022.0) uv0(2056,360) uv1(2160,640) | XYOFFSET ofx=1728 ofy=1936 -> screen (289,77)..(296,86)
[p4:clut] samples=318000000 nonzero=119281120 (37.51%) u=[0..507] v=[0..255] distinctIdx=256 topNonZeroIdx=0x03(23545726) psm=0x2C tbp0=0x0 tbw=8 cbp=0x3B40 csa=0
[p4:gs-sprite] #504500 ctx=0 tme=1 abe=1 FRAME fbp=0x0 fbw=10 psm=0x1 msk=0x00000000 | SCISSOR 0,0..639,223 | TEST=0x000000000005008B | TEX0 tbp=0x0 tbw=8 psm=0x2C tw=512 th=512 tfx=0 | V0(2073.5,2055.0) V1(2080.5,2064.0) uv0(8008,8) uv1(8112,288) | XYOFFSET ofx=1728 ofy=1936 -> screen (345,119)..(352,128)
[p4:gs-sprite] #505000 ctx=0 tme=1 abe=1 FRAME fbp=0x0 fbw=10 psm=0x1 msk=0x00000000 | SCISSOR 0,0..639,223 | TEST=0x000000000005008B | TEX0 tbp=0x0 tbw=8 psm=0x2C tw=512 th=512 tfx=0 | V0(2204.0,2027.0) V1(2213.0,2036.0) uv0(1416,360) uv1(1552,640) | XYOFFSET ofx=1728 ofy=1936 -> screen (476,91)..(485,100)
[p4:gs-sprite] #505500 ctx=0 tme=1 abe=1 FRAME fbp=0x0 fbw=10 psm=0x1 msk=0x00000000 | SCISSOR 0,0..639,223 | TEST=0x000000000005008B | TEX0 tbp=0x0 tbw=8 psm=0x2C tw=512 th=512 tfx=0 | V0(2177.5,2013.0) V1(2184.5,2022.0) uv0(8008,8) uv1(8112,288) | XYOFFSET ofx=1728 ofy=1936 -> screen (449,77)..(456,86)
[p4:clut] samples=318500000 nonzero=119477677 (37.51%) u=[0..507] v=[0..255] distinctIdx=256 topNonZeroIdx=0x03(23635368) psm=0x2C tbp0=0x0 tbw=8 cbp=0x3B40 csa=0
[p4:gs-sprite] #506000 ctx=0 tme=1 abe=1 FRAME fbp=0x0 fbw=10 psm=0x1 msk=0x00000000 | SCISSOR 0,0..639,223 | TEST=0x000000000005008B | TEX0 tbp=0x0 tbw=8 psm=0x2C tw=512 th=512 tfx=0 | V0(1973.5,2069.0) V1(1991.5,2079.0) uv0(3368,1096) uv1(3648,1408) | XYOFFSET ofx=1728 ofy=1936 -> screen (245,133)..(263,143)
[p4:gs-sprite] #506500 ctx=0 tme=1 abe=1 FRAME fbp=0x0 fbw=10 psm=0x1 msk=0x00000000 | SCISSOR 0,0..639,223 | TEST=0x000000000005008B | TEX0 tbp=0x0 tbw=8 psm=0x2C tw=512 th=512 tfx=0 | V0(2066.0,2041.0) V1(2075.0,2050.0) uv0(6040,8) uv1(6176,288) | XYOFFSET ofx=1728 ofy=1936 -> screen (338,105)..(347,114)
[p4:gs-sprite] #507000 ctx=0 tme=1 abe=1 FRAME fbp=0x0 fbw=10 psm=0x1 msk=0x00000000 | SCISSOR 0,0..639,223 | TEST=0x000000000005008B | TEX0 tbp=0x0 tbw=8 psm=0x2C tw=512 th=512 tfx=0 | V0(1944.0,2027.0) V1(1953.0,2036.0) uv0(1416,360) uv1(1552,640) | XYOFFSET ofx=1728 ofy=1936 -> screen (216,91)..(225,100)
[p4:gs-sprite] #507500 ctx=0 tme=1 abe=1 FRAME fbp=0x0 fbw=10 psm=0x1 msk=0x00000000 | SCISSOR 0,0..639,223 | TEST=0x000000000005008B | TEX0 tbp=0x0 tbw=8 psm=0x2C tw=512 th=512 tfx=0 | V0(1886.5,2013.0) V1(1893.5,2022.0) uv0(8008,8) uv1(8112,288) | XYOFFSET ofx=1728 ofy=1936 -> screen (158,77)..(165,86)
[p4:clut] samples=319000000 nonzero=119674301 (37.52%) u=[0..507] v=[0..255] distinctIdx=256 topNonZeroIdx=0x03(23725085) psm=0x2C tbp0=0x0 tbw=8 cbp=0x3B40 csa=0
[p4:gs-sprite] #508000 ctx=0 tme=1 abe=1 FRAME fbp=0x0 fbw=10 psm=0x1 msk=0x00000000 | SCISSOR 0,0..639,223 | TEST=0x000000000005008B | TEX0 tbp=0x0 tbw=8 psm=0x2C tw=512 th=512 tfx=0 | V0(1950.5,2055.0) V1(1958.5,2064.0) uv0(1288,360) uv1(1408,640) | XYOFFSET ofx=1728 ofy=1936 -> screen (222,119)..(230,128)
[p4:gs-sprite] #508500 ctx=0 tme=1 abe=1 FRAME fbp=0x0 fbw=10 psm=0x1 msk=0x00000000 | SCISSOR 0,0..639,223 | TEST=0x000000000005008B | TEX0 tbp=0x0 tbw=8 psm=0x2C tw=512 th=512 tfx=0 | V0(2112.0,2027.0) V1(2117.0,2036.0) uv0(1784,360) uv1(1856,640) | XYOFFSET ofx=1728 ofy=1936 -> screen (384,91)..(389,100)
[p4:vbl] ticks=7800
[p4:gs-sprite] #509000 ctx=0 tme=1 abe=1 FRAME fbp=0x0 fbw=10 psm=0x1 msk=0x00000000 | SCISSOR 0,0..639,223 | TEST=0x000000000005008B | TEX0 tbp=0x0 tbw=8 psm=0x2C tw=512 th=512 tfx=0 | V0(2066.5,2013.0) V1(2074.5,2024.0) uv0(2584,360) uv1(2704,704) | XYOFFSET ofx=1728 ofy=1936 -> screen (338,77)..(346,88)
[p4:gs-sprite] #509500 ctx=0 tme=1 abe=1 FRAME fbp=0x0 fbw=10 psm=0x1 msk=0x00000000 | SCISSOR 0,0..639,223 | TEST=0x000000000005008B | TEX0 tbp=0x0 tbw=8 psm=0x2C tw=512 th=512 tfx=0 | V0(2144.5,2055.0) V1(2152.5,2066.0) uv0(2584,360) uv1(2704,704) | XYOFFSET ofx=1728 ofy=1936 -> screen (416,119)..(424,130)
[p4:clut] samples=319500000 nonzero=119871304 (37.52%) u=[0..507] v=[0..255] distinctIdx=256 topNonZeroIdx=0x03(23815028) psm=0x2C tbp0=0x0 tbw=8 cbp=0x3B40 csa=0
[p4:gs-sprite] #510000 ctx=0 tme=1 abe=1 FRAME fbp=0x0 fbw=10 psm=0x1 msk=0x00000000 | SCISSOR 0,0..639,223 | TEST=0x000000000005008B | TEX0 tbp=0x0 tbw=8 psm=0x2C tw=512 th=512 tfx=0 | V0(1939.0,2041.0) V1(1942.0,2050.0) uv0(872,360) uv1(912,640) | XYOFFSET ofx=1728 ofy=1936 -> screen (211,105)..(214,114)
[p4:gs-sprite] #510500 ctx=0 tme=1 abe=1 FRAME fbp=0x0 fbw=10 psm=0x1 msk=0x00000000 | SCISSOR 0,0..639,223 | TEST=0x000000000005008B | TEX0 tbp=0x0 tbw=8 psm=0x2C tw=512 th=512 tfx=0 | V0(2235.5,2013.0) V1(2243.5,2022.0) uv0(1288,360) uv1(1408,640) | XYOFFSET ofx=1728 ofy=1936 -> screen (507,77)..(515,86)
[p4:gs-sprite] #511000 ctx=0 tme=1 abe=1 FRAME fbp=0x0 fbw=10 psm=0x1 msk=0x00000000 | SCISSOR 0,0..639,223 | TEST=0x000000000005008B | TEX0 tbp=0x0 tbw=8 psm=0x2C tw=512 th=512 tfx=0 | V0(2060.5,2069.0) V1(2081.5,2079.5) uv0(5112,1432) uv1(5440,1760) | XYOFFSET ofx=1728 ofy=1936 -> screen (332,133)..(353,143)
[p4:clut] samples=320000000 nonzero=120067825 (37.52%) u=[0..507] v=[0..255] distinctIdx=256 topNonZeroIdx=0x03(23904640) psm=0x2C tbp0=0x0 tbw=8 cbp=0x3B40 csa=0
[p4:gs-sprite] #511500 ctx=0 tme=1 abe=1 FRAME fbp=0x0 fbw=10 psm=0x1 msk=0x00000000 | SCISSOR 0,0..639,223 | TEST=0x000000000005008B | TEX0 tbp=0x0 tbw=8 psm=0x2C tw=512 th=512 tfx=0 | V0(2124.0,2041.0) V1(2130.0,2050.0) uv0(1960,360) uv1(2048,640) | XYOFFSET ofx=1728 ofy=1936 -> screen (396,105)..(402,114)
[p4:gs-sprite] #512000 ctx=0 tme=1 abe=1 FRAME fbp=0x0 fbw=10 psm=0x1 msk=0x00000000 | SCISSOR 0,0..639,223 | TEST=0x000000000005008B | TEX0 tbp=0x0 tbw=8 psm=0x2C tw=512 th=512 tfx=0 | V0(2001.0,2027.0) V1(2006.0,2036.0) uv0(1784,360) uv1(1856,640) | XYOFFSET ofx=1728 ofy=1936 -> screen (273,91)..(278,100)
[p4:gs-sprite] #512500 ctx=0 tme=1 abe=1 FRAME fbp=0x0 fbw=10 psm=0x1 msk=0x00000000 | SCISSOR 0,0..639,223 | TEST=0x000000000005008B | TEX0 tbp=0x0 tbw=8 psm=0x2C tw=512 th=512 tfx=0 | V0(1956.5,2013.0) V1(1964.5,2022.0) uv0(744,360) uv1(864,640) | XYOFFSET ofx=1728 ofy=1936 -> screen (228,77)..(236,86)
[p4:gs-sprite] #513000 ctx=0 tme=1 abe=1 FRAME fbp=0x0 fbw=10 psm=0x1 msk=0x00000000 | SCISSOR 0,0..639,223 | TEST=0x000000000005008B | TEX0 tbp=0x0 tbw=8 psm=0x2C tw=512 th=512 tfx=0 | V0(2018.5,2055.0) V1(2023.5,2064.0) uv0(1784,360) uv1(1856,640) | XYOFFSET ofx=1728 ofy=1936 -> screen (290,119)..(295,128)
[p4:clut] samples=320500000 nonzero=120264330 (37.52%) u=[0..507] v=[0..255] distinctIdx=256 topNonZeroIdx=0x03(23994265) psm=0x2C tbp0=0x0 tbw=8 cbp=0x3B40 csa=0
[p4:gs-sprite] #513500 ctx=0 tme=1 abe=1 FRAME fbp=0x0 fbw=10 psm=0x1 msk=0x00000000 | SCISSOR 0,0..639,223 | TEST=0x000000000005008B | TEX0 tbp=0x0 tbw=8 psm=0x2C tw=512 th=512 tfx=0 | V0(2164.0,2027.0) V1(2172.0,2036.0) uv0(6184,8) uv1(6304,288) | XYOFFSET ofx=1728 ofy=1936 -> screen (436,91)..(444,100)
[p4:gs-sprite] #514000 ctx=0 tme=1 abe=1 FRAME fbp=0x0 fbw=10 psm=0x1 msk=0x00000000 | SCISSOR 0,0..639,223 | TEST=0x000000000005008B | TEX0 tbp=0x0 tbw=8 psm=0x2C tw=512 th=512 tfx=0 | V0(2124.5,2013.0) V1(2132.5,2022.0) uv0(488,360) uv1(608,640) | XYOFFSET ofx=1728 ofy=1936 -> screen (396,77)..(404,86)
[p4:gs-sprite] #514500 ctx=0 tme=1 abe=1 FRAME fbp=0x0 fbw=10 psm=0x1 msk=0x00000000 | SCISSOR 0,0..639,223 | TEST=0x000000000005008B | TEX0 tbp=0x0 tbw=8 psm=0x2C tw=512 th=512 tfx=0 | V0(2202.5,2055.0) V1(2210.5,2064.0) uv0(488,360) uv1(608,640) | XYOFFSET ofx=1728 ofy=1936 -> screen (474,119)..(482,128)
[p4:gs-sprite] #515000 ctx=0 tme=1 abe=1 FRAME fbp=0x0 fbw=10 psm=0x1 msk=0x00000000 | SCISSOR 0,0..639,223 | TEST=0x000000000005008B | TEX0 tbp=0x0 tbw=8 psm=0x2C tw=512 th=512 tfx=0 | V0(1998.0,2041.0) V1(2008.0,2050.0) uv0(5592,8) uv1(5744,288) | XYOFFSET ofx=1728 ofy=1936 -> screen (270,105)..(280,114)
[p4:clut] samples=321000000 nonzero=120461017 (37.53%) u=[0..507] v=[0..255] distinctIdx=256 topNonZeroIdx=0x03(24084010) psm=0x2C tbp0=0x0 tbw=8 cbp=0x3B40 csa=0
[p4:gs-sprite] #515500 ctx=0 tme=1 abe=1 FRAME fbp=0x0 fbw=10 psm=0x1 msk=0x00000000 | SCISSOR 0,0..639,223 | TEST=0x000000000005008B | TEX0 tbp=0x0 tbw=8 psm=0x2C tw=512 th=512 tfx=0 | V0(1881.0,2027.0) V1(1889.0,2036.0) uv0(744,360) uv1(864,640) | XYOFFSET ofx=1728 ofy=1936 -> screen (153,91)..(161,100)
[p4:gs-sprite] #516000 ctx=0 tme=0 abe=0 FRAME fbp=0x0 fbw=10 psm=0x1 msk=0x00000000 | SCISSOR 0,0..639,223 | TEST=0x000000000005008B | TEX0 tbp=0x0 tbw=0 psm=0x0 tw=1 th=1 tfx=0 | V0(1829.0,2007.0) V1(2267.0,2087.0) uv0(0,0) uv1(0,0) | XYOFFSET ofx=1728 ofy=1936 -> screen (101,71)..(539,151)
[p4:gs-sprite] #516500 ctx=0 tme=1 abe=1 FRAME fbp=0x0 fbw=10 psm=0x1 msk=0x00000000 | SCISSOR 0,0..639,223 | TEST=0x000000000005008B | TEX0 tbp=0x0 tbw=8 psm=0x2C tw=512 th=512 tfx=0 | V0(1888.5,2055.0) V1(1896.5,2066.0) uv0(2584,360) uv1(2704,704) | XYOFFSET ofx=1728 ofy=1936 -> screen (160,119)..(168,130)
[p4:gs-sprite] #517000 ctx=0 tme=1 abe=1 FRAME fbp=0x0 fbw=10 psm=0x1 msk=0x00000000 | SCISSOR 0,0..639,223 | TEST=0x000000000005008B | TEX0 tbp=0x0 tbw=8 psm=0x2C tw=512 th=512 tfx=0 | V0(2057.0,2027.0) V1(2066.0,2036.0) uv0(3912,8) uv1(4048,288) | XYOFFSET ofx=1728 ofy=1936 -> screen (329,91)..(338,100)
[p4:clut] samples=321500000 nonzero=120657879 (37.53%) u=[0..507] v=[0..255] distinctIdx=256 topNonZeroIdx=0x03(24173837) psm=0x2C tbp0=0x0 tbw=8 cbp=0x3B40 csa=0
[p4:gs-sprite] #517500 ctx=0 tme=1 abe=1 FRAME fbp=0x0 fbw=10 psm=0x1 msk=0x00000000 | SCISSOR 0,0..639,223 | TEST=0x000000000005008B | TEX0 tbp=0x0 tbw=8 psm=0x2C tw=512 th=512 tfx=0 | V0(2017.5,2013.0) V1(2024.5,2022.0) uv0(2056,360) uv1(2160,640) | XYOFFSET ofx=1728 ofy=1936 -> screen (289,77)..(296,86)
[p4:gs-sprite] #518000 ctx=0 tme=1 abe=1 FRAME fbp=0x0 fbw=10 psm=0x1 msk=0x00000000 | SCISSOR 0,0..639,223 | TEST=0x000000000005008B | TEX0 tbp=0x0 tbw=8 psm=0x2C tw=512 th=512 tfx=0 | V0(2073.5,2055.0) V1(2080.5,2064.0) uv0(8008,8) uv1(8112,288) | XYOFFSET ofx=1728 ofy=1936 -> screen (345,119)..(352,128)
[p4:gs-sprite] #518500 ctx=0 tme=1 abe=1 FRAME fbp=0x0 fbw=10 psm=0x1 msk=0x00000000 | SCISSOR 0,0..639,223 | TEST=0x000000000005008B | TEX0 tbp=0x0 tbw=8 psm=0x2C tw=512 th=512 tfx=0 | V0(2204.0,2027.0) V1(2213.0,2036.0) uv0(1416,360) uv1(1552,640) | XYOFFSET ofx=1728 ofy=1936 -> screen (476,91)..(485,100)
[p4:clut] samples=322000000 nonzero=120854706 (37.53%) u=[0..507] v=[0..255] distinctIdx=256 topNonZeroIdx=0x03(24263646) psm=0x2C tbp0=0x0 tbw=8 cbp=0x3B40 csa=0
[p4:gs-sprite] #519000 ctx=0 tme=1 abe=1 FRAME fbp=0x0 fbw=10 psm=0x1 msk=0x00000000 | SCISSOR 0,0..639,223 | TEST=0x000000000005008B | TEX0 tbp=0x0 tbw=8 psm=0x2C tw=512 th=512 tfx=0 | V0(2177.5,2013.0) V1(2184.5,2022.0) uv0(8008,8) uv1(8112,288) | XYOFFSET ofx=1728 ofy=1936 -> screen (449,77)..(456,86)
[p4:gs-sprite] #519500 ctx=0 tme=1 abe=1 FRAME fbp=0x0 fbw=10 psm=0x1 msk=0x00000000 | SCISSOR 0,0..639,223 | TEST=0x000000000005008B | TEX0 tbp=0x0 tbw=8 psm=0x2C tw=512 th=512 tfx=0 | V0(1973.5,2069.0) V1(1991.5,2079.0) uv0(3368,1096) uv1(3648,1408) | XYOFFSET ofx=1728 ofy=1936 -> screen (245,133)..(263,143)
[p4:gs-sprite] #520000 ctx=0 tme=1 abe=1 FRAME fbp=0x0 fbw=10 psm=0x1 msk=0x00000000 | SCISSOR 0,0..639,223 | TEST=0x000000000005008B | TEX0 tbp=0x0 tbw=8 psm=0x2C tw=512 th=512 tfx=0 | V0(2066.0,2041.0) V1(2075.0,2050.0) uv0(6040,8) uv1(6176,288) | XYOFFSET ofx=1728 ofy=1936 -> screen (338,105)..(347,114)
[p4:gs-sprite] #520500 ctx=0 tme=1 abe=1 FRAME fbp=0x0 fbw=10 psm=0x1 msk=0x00000000 | SCISSOR 0,0..639,223 | TEST=0x000000000005008B | TEX0 tbp=0x0 tbw=8 psm=0x2C tw=512 th=512 tfx=0 | V0(1944.0,2027.0) V1(1953.0,2036.0) uv0(1416,360) uv1(1552,640) | XYOFFSET ofx=1728 ofy=1936 -> screen (216,91)..(225,100)
[p4:clut] samples=322500000 nonzero=121051121 (37.54%) u=[0..507] v=[0..255] distinctIdx=256 topNonZeroIdx=0x03(24353268) psm=0x2C tbp0=0x0 tbw=8 cbp=0x3B40 csa=0
[p4:gs-sprite] #521000 ctx=0 tme=1 abe=1 FRAME fbp=0x0 fbw=10 psm=0x1 msk=0x00000000 | SCISSOR 0,0..639,223 | TEST=0x000000000005008B | TEX0 tbp=0x0 tbw=8 psm=0x2C tw=512 th=512 tfx=0 | V0(1886.5,2013.0) V1(1893.5,2022.0) uv0(8008,8) uv1(8112,288) | XYOFFSET ofx=1728 ofy=1936 -> screen (158,77)..(165,86)
[p4:gs-sprite] #521500 ctx=0 tme=1 abe=1 FRAME fbp=0x0 fbw=10 psm=0x1 msk=0x00000000 | SCISSOR 0,0..639,223 | TEST=0x000000000005008B | TEX0 tbp=0x0 tbw=8 psm=0x2C tw=512 th=512 tfx=0 | V0(1950.5,2055.0) V1(1958.5,2064.0) uv0(1288,360) uv1(1408,640) | XYOFFSET ofx=1728 ofy=1936 -> screen (222,119)..(230,128)
[p4:gs-sprite] #522000 ctx=0 tme=1 abe=1 FRAME fbp=0x0 fbw=10 psm=0x1 msk=0x00000000 | SCISSOR 0,0..639,223 | TEST=0x000000000005008B | TEX0 tbp=0x0 tbw=8 psm=0x2C tw=512 th=512 tfx=0 | V0(2112.0,2027.0) V1(2117.0,2036.0) uv0(1784,360) uv1(1856,640) | XYOFFSET ofx=1728 ofy=1936 -> screen (384,91)..(389,100)
[p4:gs-sprite] #522500 ctx=0 tme=1 abe=1 FRAME fbp=0x0 fbw=10 psm=0x1 msk=0x00000000 | SCISSOR 0,0..639,223 | TEST=0x000000000005008B | TEX0 tbp=0x0 tbw=8 psm=0x2C tw=512 th=512 tfx=0 | V0(2066.5,2013.0) V1(2074.5,2024.0) uv0(2584,360) uv1(2704,704) | XYOFFSET ofx=1728 ofy=1936 -> screen (338,77)..(346,88)
[p4:clut] samples=323000000 nonzero=121247640 (37.54%) u=[0..507] v=[0..255] distinctIdx=256 topNonZeroIdx=0x03(24442862) psm=0x2C tbp0=0x0 tbw=8 cbp=0x3B40 csa=0
[p4:gs-sprite] #523000 ctx=0 tme=1 abe=1 FRAME fbp=0x0 fbw=10 psm=0x1 msk=0x00000000 | SCISSOR 0,0..639,223 | TEST=0x000000000005008B | TEX0 tbp=0x0 tbw=8 psm=0x2C tw=512 th=512 tfx=0 | V0(2144.5,2055.0) V1(2152.5,2066.0) uv0(2584,360) uv1(2704,704) | XYOFFSET ofx=1728 ofy=1936 -> screen (416,119)..(424,130)
[p4:gs-sprite] #523500 ctx=0 tme=1 abe=1 FRAME fbp=0x0 fbw=10 psm=0x1 msk=0x00000000 | SCISSOR 0,0..639,223 | TEST=0x000000000005008B | TEX0 tbp=0x0 tbw=8 psm=0x2C tw=512 th=512 tfx=0 | V0(1939.0,2041.0) V1(1942.0,2050.0) uv0(872,360) uv1(912,640) | XYOFFSET ofx=1728 ofy=1936 -> screen (211,105)..(214,114)
[p4:gs-sprite] #524000 ctx=0 tme=1 abe=1 FRAME fbp=0x0 fbw=10 psm=0x1 msk=0x00000000 | SCISSOR 0,0..639,223 | TEST=0x000000000005008B | TEX0 tbp=0x0 tbw=8 psm=0x2C tw=512 th=512 tfx=0 | V0(2235.5,2013.0) V1(2243.5,2022.0) uv0(1288,360) uv1(1408,640) | XYOFFSET ofx=1728 ofy=1936 -> screen (507,77)..(515,86)
[p4:gs-sprite] #524500 ctx=0 tme=1 abe=1 FRAME fbp=0x0 fbw=10 psm=0x1 msk=0x00000000 | SCISSOR 0,0..639,223 | TEST=0x000000000005008B | TEX0 tbp=0x0 tbw=8 psm=0x2C tw=512 th=512 tfx=0 | V0(2060.5,2069.0) V1(2081.5,2079.5) uv0(5112,1432) uv1(5440,1760) | XYOFFSET ofx=1728 ofy=1936 -> screen (332,133)..(353,143)
[p4:clut] samples=323500000 nonzero=121444345 (37.54%) u=[0..507] v=[0..255] distinctIdx=256 topNonZeroIdx=0x03(24532624) psm=0x2C tbp0=0x0 tbw=8 cbp=0x3B40 csa=0
[p4:gs-sprite] #525000 ctx=0 tme=1 abe=1 FRAME fbp=0x0 fbw=10 psm=0x1 msk=0x00000000 | SCISSOR 0,0..639,223 | TEST=0x000000000005008B | TEX0 tbp=0x0 tbw=8 psm=0x2C tw=512 th=512 tfx=0 | V0(2124.0,2041.0) V1(2130.0,2050.0) uv0(1960,360) uv1(2048,640) | XYOFFSET ofx=1728 ofy=1936 -> screen (396,105)..(402,114)
[p4:gs-sprite] #525500 ctx=0 tme=1 abe=1 FRAME fbp=0x0 fbw=10 psm=0x1 msk=0x00000000 | SCISSOR 0,0..639,223 | TEST=0x000000000005008B | TEX0 tbp=0x0 tbw=8 psm=0x2C tw=512 th=512 tfx=0 | V0(2001.0,2027.0) V1(2006.0,2036.0) uv0(1784,360) uv1(1856,640) | XYOFFSET ofx=1728 ofy=1936 -> screen (273,91)..(278,100)
[p4:gs-sprite] #526000 ctx=0 tme=1 abe=1 FRAME fbp=0x0 fbw=10 psm=0x1 msk=0x00000000 | SCISSOR 0,0..639,223 | TEST=0x000000000005008B | TEX0 tbp=0x0 tbw=8 psm=0x2C tw=512 th=512 tfx=0 | V0(1956.5,2013.0) V1(1964.5,2022.0) uv0(744,360) uv1(864,640) | XYOFFSET ofx=1728 ofy=1936 -> screen (228,77)..(236,86)
[p4:clut] samples=324000000 nonzero=121641231 (37.54%) u=[0..507] v=[0..255] distinctIdx=256 topNonZeroIdx=0x03(24622499) psm=0x2C tbp0=0x0 tbw=8 cbp=0x3B40 csa=0
[p4:gs-sprite] #526500 ctx=0 tme=1 abe=1 FRAME fbp=0x0 fbw=10 psm=0x1 msk=0x00000000 | SCISSOR 0,0..639,223 | TEST=0x000000000005008B | TEX0 tbp=0x0 tbw=8 psm=0x2C tw=512 th=512 tfx=0 | V0(2018.5,2055.0) V1(2023.5,2064.0) uv0(1784,360) uv1(1856,640) | XYOFFSET ofx=1728 ofy=1936 -> screen (290,119)..(295,128)
[p4:gs-sprite] #527000 ctx=0 tme=1 abe=1 FRAME fbp=0x0 fbw=10 psm=0x1 msk=0x00000000 | SCISSOR 0,0..639,223 | TEST=0x000000000005008B | TEX0 tbp=0x0 tbw=8 psm=0x2C tw=512 th=512 tfx=0 | V0(2164.0,2027.0) V1(2172.0,2036.0) uv0(6184,8) uv1(6304,288) | XYOFFSET ofx=1728 ofy=1936 -> screen (436,91)..(444,100)
[p4:gs-sprite] #527500 ctx=0 tme=1 abe=1 FRAME fbp=0x0 fbw=10 psm=0x1 msk=0x00000000 | SCISSOR 0,0..639,223 | TEST=0x000000000005008B | TEX0 tbp=0x0 tbw=8 psm=0x2C tw=512 th=512 tfx=0 | V0(2124.5,2013.0) V1(2132.5,2022.0) uv0(488,360) uv1(608,640) | XYOFFSET ofx=1728 ofy=1936 -> screen (396,77)..(404,86)
[p4:gs-sprite] #528000 ctx=0 tme=1 abe=1 FRAME fbp=0x0 fbw=10 psm=0x1 msk=0x00000000 | SCISSOR 0,0..639,223 | TEST=0x000000000005008B | TEX0 tbp=0x0 tbw=8 psm=0x2C tw=512 th=512 tfx=0 | V0(2202.5,2055.0) V1(2210.5,2064.0) uv0(488,360) uv1(608,640) | XYOFFSET ofx=1728 ofy=1936 -> screen (474,119)..(482,128)
[p4:clut] samples=324500000 nonzero=121837986 (37.55%) u=[0..507] v=[0..255] distinctIdx=256 topNonZeroIdx=0x03(24712225) psm=0x2C tbp0=0x0 tbw=8 cbp=0x3B40 csa=0
[p4:gs-sprite] #528500 ctx=0 tme=1 abe=1 FRAME fbp=0x0 fbw=10 psm=0x1 msk=0x00000000 | SCISSOR 0,0..639,223 | TEST=0x000000000005008B | TEX0 tbp=0x0 tbw=8 psm=0x2C tw=512 th=512 tfx=0 | V0(1998.0,2041.0) V1(2008.0,2050.0) uv0(5592,8) uv1(5744,288) | XYOFFSET ofx=1728 ofy=1936 -> screen (270,105)..(280,114)
[p4:gs-sprite] #529000 ctx=0 tme=1 abe=1 FRAME fbp=0x0 fbw=10 psm=0x1 msk=0x00000000 | SCISSOR 0,0..639,223 | TEST=0x000000000005008B | TEX0 tbp=0x0 tbw=8 psm=0x2C tw=512 th=512 tfx=0 | V0(1881.0,2027.0) V1(1889.0,2036.0) uv0(744,360) uv1(864,640) | XYOFFSET ofx=1728 ofy=1936 -> screen (153,91)..(161,100)
[p4:gs-sprite] #529500 ctx=0 tme=0 abe=0 FRAME fbp=0x0 fbw=10 psm=0x1 msk=0x00000000 | SCISSOR 0,0..639,223 | TEST=0x000000000005008B | TEX0 tbp=0x0 tbw=0 psm=0x0 tw=1 th=1 tfx=0 | V0(1829.0,2007.0) V1(2267.0,2087.0) uv0(0,0) uv1(0,0) | XYOFFSET ofx=1728 ofy=1936 -> screen (101,71)..(539,151)
[p4:gs-sprite] #530000 ctx=0 tme=1 abe=1 FRAME fbp=0x0 fbw=10 psm=0x1 msk=0x00000000 | SCISSOR 0,0..639,223 | TEST=0x000000000005008B | TEX0 tbp=0x0 tbw=8 psm=0x2C tw=512 th=512 tfx=0 | V0(1888.5,2055.0) V1(1896.5,2066.0) uv0(2584,360) uv1(2704,704) | XYOFFSET ofx=1728 ofy=1936 -> screen (160,119)..(168,130)
[p4:clut] samples=325000000 nonzero=122034354 (37.55%) u=[0..507] v=[0..255] distinctIdx=256 topNonZeroIdx=0x03(24801825) psm=0x2C tbp0=0x0 tbw=8 cbp=0x3B40 csa=0
[p4:gs-sprite] #530500 ctx=0 tme=1 abe=1 FRAME fbp=0x0 fbw=10 psm=0x1 msk=0x00000000 | SCISSOR 0,0..639,223 | TEST=0x000000000005008B | TEX0 tbp=0x0 tbw=8 psm=0x2C tw=512 th=512 tfx=0 | V0(2057.0,2027.0) V1(2066.0,2036.0) uv0(3912,8) uv1(4048,288) | XYOFFSET ofx=1728 ofy=1936 -> screen (329,91)..(338,100)
[p4:gs-sprite] #531000 ctx=0 tme=1 abe=1 FRAME fbp=0x0 fbw=10 psm=0x1 msk=0x00000000 | SCISSOR 0,0..639,223 | TEST=0x000000000005008B | TEX0 tbp=0x0 tbw=8 psm=0x2C tw=512 th=512 tfx=0 | V0(2017.5,2013.0) V1(2024.5,2022.0) uv0(2056,360) uv1(2160,640) | XYOFFSET ofx=1728 ofy=1936 -> screen (289,77)..(296,86)
[p4:gs-sprite] #531500 ctx=0 tme=1 abe=1 FRAME fbp=0x0 fbw=10 psm=0x1 msk=0x00000000 | SCISSOR 0,0..639,223 | TEST=0x000000000005008B | TEX0 tbp=0x0 tbw=8 psm=0x2C tw=512 th=512 tfx=0 | V0(2073.5,2055.0) V1(2080.5,2064.0) uv0(8008,8) uv1(8112,288) | XYOFFSET ofx=1728 ofy=1936 -> screen (345,119)..(352,128)
[p4:clut] samples=325500000 nonzero=122230982 (37.55%) u=[0..507] v=[0..255] distinctIdx=256 topNonZeroIdx=0x03(24891502) psm=0x2C tbp0=0x0 tbw=8 cbp=0x3B40 csa=0
[p4:gs-sprite] #532000 ctx=0 tme=1 abe=1 FRAME fbp=0x0 fbw=10 psm=0x1 msk=0x00000000 | SCISSOR 0,0..639,223 | TEST=0x000000000005008B | TEX0 tbp=0x0 tbw=8 psm=0x2C tw=512 th=512 tfx=0 | V0(2204.0,2027.0) V1(2213.0,2036.0) uv0(1416,360) uv1(1552,640) | XYOFFSET ofx=1728 ofy=1936 -> screen (476,91)..(485,100)
[p4:gs-sprite] #532500 ctx=0 tme=1 abe=1 FRAME fbp=0x0 fbw=10 psm=0x1 msk=0x00000000 | SCISSOR 0,0..639,223 | TEST=0x000000000005008B | TEX0 tbp=0x0 tbw=8 psm=0x2C tw=512 th=512 tfx=0 | V0(2177.5,2013.0) V1(2184.5,2022.0) uv0(8008,8) uv1(8112,288) | XYOFFSET ofx=1728 ofy=1936 -> screen (449,77)..(456,86)
[p4:gs-sprite] #533000 ctx=0 tme=1 abe=1 FRAME fbp=0x0 fbw=10 psm=0x1 msk=0x00000000 | SCISSOR 0,0..639,223 | TEST=0x000000000005008B | TEX0 tbp=0x0 tbw=8 psm=0x2C tw=512 th=512 tfx=0 | V0(1973.5,2069.0) V1(1991.5,2079.0) uv0(3368,1096) uv1(3648,1408) | XYOFFSET ofx=1728 ofy=1936 -> screen (245,133)..(263,143)
[p4:gs-sprite] #533500 ctx=0 tme=1 abe=1 FRAME fbp=0x0 fbw=10 psm=0x1 msk=0x00000000 | SCISSOR 0,0..639,223 | TEST=0x000000000005008B | TEX0 tbp=0x0 tbw=8 psm=0x2C tw=512 th=512 tfx=0 | V0(2066.0,2041.0) V1(2075.0,2050.0) uv0(6040,8) uv1(6176,288) | XYOFFSET ofx=1728 ofy=1936 -> screen (338,105)..(347,114)
[p4:clut] samples=326000000 nonzero=122427676 (37.55%) u=[0..507] v=[0..255] distinctIdx=256 topNonZeroIdx=0x03(24981228) psm=0x2C tbp0=0x0 tbw=8 cbp=0x3B40 csa=0
[p4:gs-sprite] #534000 ctx=0 tme=1 abe=1 FRAME fbp=0x0 fbw=10 psm=0x1 msk=0x00000000 | SCISSOR 0,0..639,223 | TEST=0x000000000005008B | TEX0 tbp=0x0 tbw=8 psm=0x2C tw=512 th=512 tfx=0 | V0(1944.0,2027.0) V1(1953.0,2036.0) uv0(1416,360) uv1(1552,640) | XYOFFSET ofx=1728 ofy=1936 -> screen (216,91)..(225,100)
[p4:gs-sprite] #534500 ctx=0 tme=1 abe=1 FRAME fbp=0x0 fbw=10 psm=0x1 msk=0x00000000 | SCISSOR 0,0..639,223 | TEST=0x000000000005008B | TEX0 tbp=0x0 tbw=8 psm=0x2C tw=512 th=512 tfx=0 | V0(1886.5,2013.0) V1(1893.5,2022.0) uv0(8008,8) uv1(8112,288) | XYOFFSET ofx=1728 ofy=1936 -> screen (158,77)..(165,86)
[p4:gs-sprite] #535000 ctx=0 tme=1 abe=1 FRAME fbp=0x0 fbw=10 psm=0x1 msk=0x00000000 | SCISSOR 0,0..639,223 | TEST=0x000000000005008B | TEX0 tbp=0x0 tbw=8 psm=0x2C tw=512 th=512 tfx=0 | V0(1950.5,2055.0) V1(1958.5,2064.0) uv0(1288,360) uv1(1408,640) | XYOFFSET ofx=1728 ofy=1936 -> screen (222,119)..(230,128)
[p4:vbl] ticks=8100
[p4:gs-sprite] #535500 ctx=0 tme=1 abe=1 FRAME fbp=0x0 fbw=10 psm=0x1 msk=0x00000000 | SCISSOR 0,0..639,223 | TEST=0x000000000005008B | TEX0 tbp=0x0 tbw=8 psm=0x2C tw=512 th=512 tfx=0 | V0(2112.0,2027.0) V1(2117.0,2036.0) uv0(1784,360) uv1(1856,640) | XYOFFSET ofx=1728 ofy=1936 -> screen (384,91)..(389,100)
[p4:clut] samples=326500000 nonzero=122624657 (37.56%) u=[0..507] v=[0..255] distinctIdx=256 topNonZeroIdx=0x03(25071173) psm=0x2C tbp0=0x0 tbw=8 cbp=0x3B40 csa=0
[p4:gs-sprite] #536000 ctx=0 tme=1 abe=1 FRAME fbp=0x0 fbw=10 psm=0x1 msk=0x00000000 | SCISSOR 0,0..639,223 | TEST=0x000000000005008B | TEX0 tbp=0x0 tbw=8 psm=0x2C tw=512 th=512 tfx=0 | V0(2066.5,2013.0) V1(2074.5,2024.0) uv0(2584,360) uv1(2704,704) | XYOFFSET ofx=1728 ofy=1936 -> screen (338,77)..(346,88)
[p4:gs-sprite] #536500 ctx=0 tme=1 abe=1 FRAME fbp=0x0 fbw=10 psm=0x1 msk=0x00000000 | SCISSOR 0,0..639,223 | TEST=0x000000000005008B | TEX0 tbp=0x0 tbw=8 psm=0x2C tw=512 th=512 tfx=0 | V0(2144.5,2055.0) V1(2152.5,2066.0) uv0(2584,360) uv1(2704,704) | XYOFFSET ofx=1728 ofy=1936 -> screen (416,119)..(424,130)
[p4:gs-sprite] #537000 ctx=0 tme=1 abe=1 FRAME fbp=0x0 fbw=10 psm=0x1 msk=0x00000000 | SCISSOR 0,0..639,223 | TEST=0x000000000005008B | TEX0 tbp=0x0 tbw=8 psm=0x2C tw=512 th=512 tfx=0 | V0(1939.0,2041.0) V1(1942.0,2050.0) uv0(872,360) uv1(912,640) | XYOFFSET ofx=1728 ofy=1936 -> screen (211,105)..(214,114)
[p4:gs-sprite] #537500 ctx=0 tme=1 abe=1 FRAME fbp=0x0 fbw=10 psm=0x1 msk=0x00000000 | SCISSOR 0,0..639,223 | TEST=0x000000000005008B | TEX0 tbp=0x0 tbw=8 psm=0x2C tw=512 th=512 tfx=0 | V0(2235.5,2013.0) V1(2243.5,2022.0) uv0(1288,360) uv1(1408,640) | XYOFFSET ofx=1728 ofy=1936 -> screen (507,77)..(515,86)
[p4:clut] samples=327000000 nonzero=122821146 (37.56%) u=[0..507] v=[0..255] distinctIdx=256 topNonZeroIdx=0x03(25160786) psm=0x2C tbp0=0x0 tbw=8 cbp=0x3B40 csa=0
[p4:gs-sprite] #538000 ctx=0 tme=1 abe=1 FRAME fbp=0x0 fbw=10 psm=0x1 msk=0x00000000 | SCISSOR 0,0..639,223 | TEST=0x000000000005008B | TEX0 tbp=0x0 tbw=8 psm=0x2C tw=512 th=512 tfx=0 | V0(2060.5,2069.0) V1(2081.5,2079.5) uv0(5112,1432) uv1(5440,1760) | XYOFFSET ofx=1728 ofy=1936 -> screen (332,133)..(353,143)
[p4:gs-sprite] #538500 ctx=0 tme=1 abe=1 FRAME fbp=0x0 fbw=10 psm=0x1 msk=0x00000000 | SCISSOR 0,0..639,223 | TEST=0x000000000005008B | TEX0 tbp=0x0 tbw=8 psm=0x2C tw=512 th=512 tfx=0 | V0(2124.0,2041.0) V1(2130.0,2050.0) uv0(1960,360) uv1(2048,640) | XYOFFSET ofx=1728 ofy=1936 -> screen (396,105)..(402,114)
[p4:gs-sprite] #539000 ctx=0 tme=1 abe=1 FRAME fbp=0x0 fbw=10 psm=0x1 msk=0x00000000 | SCISSOR 0,0..639,223 | TEST=0x000000000005008B | TEX0 tbp=0x0 tbw=8 psm=0x2C tw=512 th=512 tfx=0 | V0(2001.0,2027.0) V1(2006.0,2036.0) uv0(1784,360) uv1(1856,640) | XYOFFSET ofx=1728 ofy=1936 -> screen (273,91)..(278,100)
[p4:clut] samples=327500000 nonzero=123017682 (37.56%) u=[0..507] v=[0..255] distinctIdx=256 topNonZeroIdx=0x03(25250409) psm=0x2C tbp0=0x0 tbw=8 cbp=0x3B40 csa=0
[p4:gs-sprite] #539500 ctx=0 tme=1 abe=1 FRAME fbp=0x0 fbw=10 psm=0x1 msk=0x00000000 | SCISSOR 0,0..639,223 | TEST=0x000000000005008B | TEX0 tbp=0x0 tbw=8 psm=0x2C tw=512 th=512 tfx=0 | V0(1956.5,2013.0) V1(1964.5,2022.0) uv0(744,360) uv1(864,640) | XYOFFSET ofx=1728 ofy=1936 -> screen (228,77)..(236,86)
[p4:gs-sprite] #540000 ctx=0 tme=1 abe=1 FRAME fbp=0x0 fbw=10 psm=0x1 msk=0x00000000 | SCISSOR 0,0..639,223 | TEST=0x000000000005008B | TEX0 tbp=0x0 tbw=8 psm=0x2C tw=512 th=512 tfx=0 | V0(2018.5,2055.0) V1(2023.5,2064.0) uv0(1784,360) uv1(1856,640) | XYOFFSET ofx=1728 ofy=1936 -> screen (290,119)..(295,128)
[p4:gs-sprite] #540500 ctx=0 tme=1 abe=1 FRAME fbp=0x0 fbw=10 psm=0x1 msk=0x00000000 | SCISSOR 0,0..639,223 | TEST=0x000000000005008B | TEX0 tbp=0x0 tbw=8 psm=0x2C tw=512 th=512 tfx=0 | V0(2164.0,2027.0) V1(2172.0,2036.0) uv0(6184,8) uv1(6304,288) | XYOFFSET ofx=1728 ofy=1936 -> screen (436,91)..(444,100)
[p4:gs-sprite] #541000 ctx=0 tme=1 abe=1 FRAME fbp=0x0 fbw=10 psm=0x1 msk=0x00000000 | SCISSOR 0,0..639,223 | TEST=0x000000000005008B | TEX0 tbp=0x0 tbw=8 psm=0x2C tw=512 th=512 tfx=0 | V0(2124.5,2013.0) V1(2132.5,2022.0) uv0(488,360) uv1(608,640) | XYOFFSET ofx=1728 ofy=1936 -> screen (396,77)..(404,86)
[p4:clut] samples=328000000 nonzero=123214348 (37.57%) u=[0..507] v=[0..255] distinctIdx=256 topNonZeroIdx=0x03(25340147) psm=0x2C tbp0=0x0 tbw=8 cbp=0x3B40 csa=0
[p4:gs-sprite] #541500 ctx=0 tme=1 abe=1 FRAME fbp=0x0 fbw=10 psm=0x1 msk=0x00000000 | SCISSOR 0,0..639,223 | TEST=0x000000000005008B | TEX0 tbp=0x0 tbw=8 psm=0x2C tw=512 th=512 tfx=0 | V0(2202.5,2055.0) V1(2210.5,2064.0) uv0(488,360) uv1(608,640) | XYOFFSET ofx=1728 ofy=1936 -> screen (474,119)..(482,128)
[p4:gs-sprite] #542000 ctx=0 tme=1 abe=1 FRAME fbp=0x0 fbw=10 psm=0x1 msk=0x00000000 | SCISSOR 0,0..639,223 | TEST=0x000000000005008B | TEX0 tbp=0x0 tbw=8 psm=0x2C tw=512 th=512 tfx=0 | V0(1998.0,2041.0) V1(2008.0,2050.0) uv0(5592,8) uv1(5744,288) | XYOFFSET ofx=1728 ofy=1936 -> screen (270,105)..(280,114)
[p4:gs-sprite] #542500 ctx=0 tme=1 abe=1 FRAME fbp=0x0 fbw=10 psm=0x1 msk=0x00000000 | SCISSOR 0,0..639,223 | TEST=0x000000000005008B | TEX0 tbp=0x0 tbw=8 psm=0x2C tw=512 th=512 tfx=0 | V0(1881.0,2027.0) V1(1889.0,2036.0) uv0(744,360) uv1(864,640) | XYOFFSET ofx=1728 ofy=1936 -> screen (153,91)..(161,100)
[p4:gs-sprite] #543000 ctx=0 tme=0 abe=0 FRAME fbp=0x0 fbw=10 psm=0x1 msk=0x00000000 | SCISSOR 0,0..639,223 | TEST=0x000000000005008B | TEX0 tbp=0x0 tbw=0 psm=0x0 tw=1 th=1 tfx=0 | V0(1829.0,2007.0) V1(2267.0,2087.0) uv0(0,0) uv1(0,0) | XYOFFSET ofx=1728 ofy=1936 -> screen (101,71)..(539,151)
[p4:clut] samples=328500000 nonzero=123411228 (37.57%) u=[0..507] v=[0..255] distinctIdx=256 topNonZeroIdx=0x03(25429992) psm=0x2C tbp0=0x0 tbw=8 cbp=0x3B40 csa=0
[p4:gs-sprite] #543500 ctx=0 tme=1 abe=1 FRAME fbp=0x0 fbw=10 psm=0x1 msk=0x00000000 | SCISSOR 0,0..639,223 | TEST=0x000000000005008B | TEX0 tbp=0x0 tbw=8 psm=0x2C tw=512 th=512 tfx=0 | V0(1888.5,2055.0) V1(1896.5,2066.0) uv0(2584,360) uv1(2704,704) | XYOFFSET ofx=1728 ofy=1936 -> screen (160,119)..(168,130)
[p4:gs-sprite] #544000 ctx=0 tme=1 abe=1 FRAME fbp=0x0 fbw=10 psm=0x1 msk=0x00000000 | SCISSOR 0,0..639,223 | TEST=0x000000000005008B | TEX0 tbp=0x0 tbw=8 psm=0x2C tw=512 th=512 tfx=0 | V0(2057.0,2027.0) V1(2066.0,2036.0) uv0(3912,8) uv1(4048,288) | XYOFFSET ofx=1728 ofy=1936 -> screen (329,91)..(338,100)
[p4:gs-sprite] #544500 ctx=0 tme=1 abe=1 FRAME fbp=0x0 fbw=10 psm=0x1 msk=0x00000000 | SCISSOR 0,0..639,223 | TEST=0x000000000005008B | TEX0 tbp=0x0 tbw=8 psm=0x2C tw=512 th=512 tfx=0 | V0(2017.5,2013.0) V1(2024.5,2022.0) uv0(2056,360) uv1(2160,640) | XYOFFSET ofx=1728 ofy=1936 -> screen (289,77)..(296,86)
[p4:clut] samples=329000000 nonzero=123608061 (37.57%) u=[0..507] v=[0..255] distinctIdx=256 topNonZeroIdx=0x03(25519807) psm=0x2C tbp0=0x0 tbw=8 cbp=0x3B40 csa=0
[p4:gs-sprite] #545000 ctx=0 tme=1 abe=1 FRAME fbp=0x0 fbw=10 psm=0x1 msk=0x00000000 | SCISSOR 0,0..639,223 | TEST=0x000000000005008B | TEX0 tbp=0x0 tbw=8 psm=0x2C tw=512 th=512 tfx=0 | V0(2073.5,2055.0) V1(2080.5,2064.0) uv0(8008,8) uv1(8112,288) | XYOFFSET ofx=1728 ofy=1936 -> screen (345,119)..(352,128)
[p4:gs-sprite] #545500 ctx=0 tme=1 abe=1 FRAME fbp=0x0 fbw=10 psm=0x1 msk=0x00000000 | SCISSOR 0,0..639,223 | TEST=0x000000000005008B | TEX0 tbp=0x0 tbw=8 psm=0x2C tw=512 th=512 tfx=0 | V0(2204.0,2027.0) V1(2213.0,2036.0) uv0(1416,360) uv1(1552,640) | XYOFFSET ofx=1728 ofy=1936 -> screen (476,91)..(485,100)
[p4:gs-sprite] #546000 ctx=0 tme=1 abe=1 FRAME fbp=0x0 fbw=10 psm=0x1 msk=0x00000000 | SCISSOR 0,0..639,223 | TEST=0x000000000005008B | TEX0 tbp=0x0 tbw=8 psm=0x2C tw=512 th=512 tfx=0 | V0(2177.5,2013.0) V1(2184.5,2022.0) uv0(8008,8) uv1(8112,288) | XYOFFSET ofx=1728 ofy=1936 -> screen (449,77)..(456,86)
[p4:gs-sprite] #546500 ctx=0 tme=1 abe=1 FRAME fbp=0x0 fbw=10 psm=0x1 msk=0x00000000 | SCISSOR 0,0..639,223 | TEST=0x000000000005008B | TEX0 tbp=0x0 tbw=8 psm=0x2C tw=512 th=512 tfx=0 | V0(1973.5,2069.0) V1(1991.5,2079.0) uv0(3368,1096) uv1(3648,1408) | XYOFFSET ofx=1728 ofy=1936 -> screen (245,133)..(263,143)
[p4:clut] samples=329500000 nonzero=123804493 (37.57%) u=[0..507] v=[0..255] distinctIdx=256 topNonZeroIdx=0x03(25609432) psm=0x2C tbp0=0x0 tbw=8 cbp=0x3B40 csa=0
[p4:gs-sprite] #547000 ctx=0 tme=1 abe=1 FRAME fbp=0x0 fbw=10 psm=0x1 msk=0x00000000 | SCISSOR 0,0..639,223 | TEST=0x000000000005008B | TEX0 tbp=0x0 tbw=8 psm=0x2C tw=512 th=512 tfx=0 | V0(2066.0,2041.0) V1(2075.0,2050.0) uv0(6040,8) uv1(6176,288) | XYOFFSET ofx=1728 ofy=1936 -> screen (338,105)..(347,114)
[p4:gs-sprite] #547500 ctx=0 tme=1 abe=1 FRAME fbp=0x0 fbw=10 psm=0x1 msk=0x00000000 | SCISSOR 0,0..639,223 | TEST=0x000000000005008B | TEX0 tbp=0x0 tbw=8 psm=0x2C tw=512 th=512 tfx=0 | V0(1944.0,2027.0) V1(1953.0,2036.0) uv0(1416,360) uv1(1552,640) | XYOFFSET ofx=1728 ofy=1936 -> screen (216,91)..(225,100)
[p4:gs-sprite] #548000 ctx=0 tme=1 abe=1 FRAME fbp=0x0 fbw=10 psm=0x1 msk=0x00000000 | SCISSOR 0,0..639,223 | TEST=0x000000000005008B | TEX0 tbp=0x0 tbw=8 psm=0x2C tw=512 th=512 tfx=0 | V0(1886.5,2013.0) V1(1893.5,2022.0) uv0(8008,8) uv1(8112,288) | XYOFFSET ofx=1728 ofy=1936 -> screen (158,77)..(165,86)
[p4:gs-sprite] #548500 ctx=0 tme=1 abe=1 FRAME fbp=0x0 fbw=10 psm=0x1 msk=0x00000000 | SCISSOR 0,0..639,223 | TEST=0x000000000005008B | TEX0 tbp=0x0 tbw=8 psm=0x2C tw=512 th=512 tfx=0 | V0(1950.5,2055.0) V1(1958.5,2064.0) uv0(1288,360) uv1(1408,640) | XYOFFSET ofx=1728 ofy=1936 -> screen (222,119)..(230,128)
[p4:clut] samples=330000000 nonzero=124000957 (37.58%) u=[0..507] v=[0..255] distinctIdx=256 topNonZeroIdx=0x03(25699001) psm=0x2C tbp0=0x0 tbw=8 cbp=0x3B40 csa=0
[p4:gs-sprite] #549000 ctx=0 tme=1 abe=1 FRAME fbp=0x0 fbw=10 psm=0x1 msk=0x00000000 | SCISSOR 0,0..639,223 | TEST=0x000000000005008B | TEX0 tbp=0x0 tbw=8 psm=0x2C tw=512 th=512 tfx=0 | V0(2112.0,2027.0) V1(2117.0,2036.0) uv0(1784,360) uv1(1856,640) | XYOFFSET ofx=1728 ofy=1936 -> screen (384,91)..(389,100)
[p4:gs-sprite] #549500 ctx=0 tme=1 abe=1 FRAME fbp=0x0 fbw=10 psm=0x1 msk=0x00000000 | SCISSOR 0,0..639,223 | TEST=0x000000000005008B | TEX0 tbp=0x0 tbw=8 psm=0x2C tw=512 th=512 tfx=0 | V0(2066.5,2013.0) V1(2074.5,2024.0) uv0(2584,360) uv1(2704,704) | XYOFFSET ofx=1728 ofy=1936 -> screen (338,77)..(346,88)
[p4:gs-sprite] #550000 ctx=0 tme=1 abe=1 FRAME fbp=0x0 fbw=10 psm=0x1 msk=0x00000000 | SCISSOR 0,0..639,223 | TEST=0x000000000005008B | TEX0 tbp=0x0 tbw=8 psm=0x2C tw=512 th=512 tfx=0 | V0(2144.5,2055.0) V1(2152.5,2066.0) uv0(2584,360) uv1(2704,704) | XYOFFSET ofx=1728 ofy=1936 -> screen (416,119)..(424,130)
[p4:gs-sprite] #550500 ctx=0 tme=1 abe=1 FRAME fbp=0x0 fbw=10 psm=0x1 msk=0x00000000 | SCISSOR 0,0..639,223 | TEST=0x000000000005008B | TEX0 tbp=0x0 tbw=8 psm=0x2C tw=512 th=512 tfx=0 | V0(1939.0,2041.0) V1(1942.0,2050.0) uv0(872,360) uv1(912,640) | XYOFFSET ofx=1728 ofy=1936 -> screen (211,105)..(214,114)
[p4:clut] samples=330500000 nonzero=124197660 (37.58%) u=[0..507] v=[0..255] distinctIdx=256 topNonZeroIdx=0x03(25788753) psm=0x2C tbp0=0x0 tbw=8 cbp=0x3B40 csa=0
[p4:gs-sprite] #551000 ctx=0 tme=1 abe=1 FRAME fbp=0x0 fbw=10 psm=0x1 msk=0x00000000 | SCISSOR 0,0..639,223 | TEST=0x000000000005008B | TEX0 tbp=0x0 tbw=8 psm=0x2C tw=512 th=512 tfx=0 | V0(2235.5,2013.0) V1(2243.5,2022.0) uv0(1288,360) uv1(1408,640) | XYOFFSET ofx=1728 ofy=1936 -> screen (507,77)..(515,86)
[p4:gs-sprite] #551500 ctx=0 tme=1 abe=1 FRAME fbp=0x0 fbw=10 psm=0x1 msk=0x00000000 | SCISSOR 0,0..639,223 | TEST=0x000000000005008B | TEX0 tbp=0x0 tbw=8 psm=0x2C tw=512 th=512 tfx=0 | V0(2060.5,2069.0) V1(2081.5,2079.5) uv0(5112,1432) uv1(5440,1760) | XYOFFSET ofx=1728 ofy=1936 -> screen (332,133)..(353,143)
[p4:gs-sprite] #552000 ctx=0 tme=1 abe=1 FRAME fbp=0x0 fbw=10 psm=0x1 msk=0x00000000 | SCISSOR 0,0..639,223 | TEST=0x000000000005008B | TEX0 tbp=0x0 tbw=8 psm=0x2C tw=512 th=512 tfx=0 | V0(2124.0,2041.0) V1(2130.0,2050.0) uv0(1960,360) uv1(2048,640) | XYOFFSET ofx=1728 ofy=1936 -> screen (396,105)..(402,114)
[p4:clut] samples=331000000 nonzero=124394593 (37.58%) u=[0..507] v=[0..255] distinctIdx=256 topNonZeroIdx=0x03(25878654) psm=0x2C tbp0=0x0 tbw=8 cbp=0x3B40 csa=0
[p4:gs-sprite] #552500 ctx=0 tme=1 abe=1 FRAME fbp=0x0 fbw=10 psm=0x1 msk=0x00000000 | SCISSOR 0,0..639,223 | TEST=0x000000000005008B | TEX0 tbp=0x0 tbw=8 psm=0x2C tw=512 th=512 tfx=0 | V0(2001.0,2027.0) V1(2006.0,2036.0) uv0(1784,360) uv1(1856,640) | XYOFFSET ofx=1728 ofy=1936 -> screen (273,91)..(278,100)
[p4:gs-sprite] #553000 ctx=0 tme=1 abe=1 FRAME fbp=0x0 fbw=10 psm=0x1 msk=0x00000000 | SCISSOR 0,0..639,223 | TEST=0x000000000005008B | TEX0 tbp=0x0 tbw=8 psm=0x2C tw=512 th=512 tfx=0 | V0(1956.5,2013.0) V1(1964.5,2022.0) uv0(744,360) uv1(864,640) | XYOFFSET ofx=1728 ofy=1936 -> screen (228,77)..(236,86)
[p4:gs-sprite] #553500 ctx=0 tme=1 abe=1 FRAME fbp=0x0 fbw=10 psm=0x1 msk=0x00000000 | SCISSOR 0,0..639,223 | TEST=0x000000000005008B | TEX0 tbp=0x0 tbw=8 psm=0x2C tw=512 th=512 tfx=0 | V0(2018.5,2055.0) V1(2023.5,2064.0) uv0(1784,360) uv1(1856,640) | XYOFFSET ofx=1728 ofy=1936 -> screen (290,119)..(295,128)
[p4:gs-sprite] #554000 ctx=0 tme=1 abe=1 FRAME fbp=0x0 fbw=10 psm=0x1 msk=0x00000000 | SCISSOR 0,0..639,223 | TEST=0x000000000005008B | TEX0 tbp=0x0 tbw=8 psm=0x2C tw=512 th=512 tfx=0 | V0(2164.0,2027.0) V1(2172.0,2036.0) uv0(6184,8) uv1(6304,288) | XYOFFSET ofx=1728 ofy=1936 -> screen (436,91)..(444,100)
[p4:clut] samples=331500000 nonzero=124591337 (37.58%) u=[0..507] v=[0..255] distinctIdx=256 topNonZeroIdx=0x03(25968369) psm=0x2C tbp0=0x0 tbw=8 cbp=0x3B40 csa=0
[p4:gs-sprite] #554500 ctx=0 tme=1 abe=1 FRAME fbp=0x0 fbw=10 psm=0x1 msk=0x00000000 | SCISSOR 0,0..639,223 | TEST=0x000000000005008B | TEX0 tbp=0x0 tbw=8 psm=0x2C tw=512 th=512 tfx=0 | V0(2124.5,2013.0) V1(2132.5,2022.0) uv0(488,360) uv1(608,640) | XYOFFSET ofx=1728 ofy=1936 -> screen (396,77)..(404,86)
[p4:gs-sprite] #555000 ctx=0 tme=1 abe=1 FRAME fbp=0x0 fbw=10 psm=0x1 msk=0x00000000 | SCISSOR 0,0..639,223 | TEST=0x000000000005008B | TEX0 tbp=0x0 tbw=8 psm=0x2C tw=512 th=512 tfx=0 | V0(2202.5,2055.0) V1(2210.5,2064.0) uv0(488,360) uv1(608,640) | XYOFFSET ofx=1728 ofy=1936 -> screen (474,119)..(482,128)
[p4:gs-sprite] #555500 ctx=0 tme=1 abe=1 FRAME fbp=0x0 fbw=10 psm=0x1 msk=0x00000000 | SCISSOR 0,0..639,223 | TEST=0x000000000005008B | TEX0 tbp=0x0 tbw=8 psm=0x2C tw=512 th=512 tfx=0 | V0(1998.0,2041.0) V1(2008.0,2050.0) uv0(5592,8) uv1(5744,288) | XYOFFSET ofx=1728 ofy=1936 -> screen (270,105)..(280,114)
[p4:gs-sprite] #556000 ctx=0 tme=1 abe=1 FRAME fbp=0x0 fbw=10 psm=0x1 msk=0x00000000 | SCISSOR 0,0..639,223 | TEST=0x000000000005008B | TEX0 tbp=0x0 tbw=8 psm=0x2C tw=512 th=512 tfx=0 | V0(1881.0,2027.0) V1(1889.0,2036.0) uv0(744,360) uv1(864,640) | XYOFFSET ofx=1728 ofy=1936 -> screen (153,91)..(161,100)
[p4:clut] samples=332000000 nonzero=124787676 (37.59%) u=[0..507] v=[0..255] distinctIdx=256 topNonZeroIdx=0x03(26057966) psm=0x2C tbp0=0x0 tbw=8 cbp=0x3B40 csa=0
[p4:gs-sprite] #556500 ctx=0 tme=0 abe=0 FRAME fbp=0x0 fbw=10 psm=0x1 msk=0x00000000 | SCISSOR 0,0..639,223 | TEST=0x000000000005008B | TEX0 tbp=0x0 tbw=0 psm=0x0 tw=1 th=1 tfx=0 | V0(1829.0,2007.0) V1(2267.0,2087.0) uv0(0,0) uv1(0,0) | XYOFFSET ofx=1728 ofy=1936 -> screen (101,71)..(539,151)
[p4:gs-sprite] #557000 ctx=0 tme=1 abe=1 FRAME fbp=0x0 fbw=10 psm=0x1 msk=0x00000000 | SCISSOR 0,0..639,223 | TEST=0x000000000005008B | TEX0 tbp=0x0 tbw=8 psm=0x2C tw=512 th=512 tfx=0 | V0(1888.5,2055.0) V1(1896.5,2066.0) uv0(2584,360) uv1(2704,704) | XYOFFSET ofx=1728 ofy=1936 -> screen (160,119)..(168,130)
[p4:gs-sprite] #557500 ctx=0 tme=1 abe=1 FRAME fbp=0x0 fbw=10 psm=0x1 msk=0x00000000 | SCISSOR 0,0..639,223 | TEST=0x000000000005008B | TEX0 tbp=0x0 tbw=8 psm=0x2C tw=512 th=512 tfx=0 | V0(2057.0,2027.0) V1(2066.0,2036.0) uv0(3912,8) uv1(4048,288) | XYOFFSET ofx=1728 ofy=1936 -> screen (329,91)..(338,100)
[p4:gs-sprite] #558000 ctx=0 tme=1 abe=1 FRAME fbp=0x0 fbw=10 psm=0x1 msk=0x00000000 | SCISSOR 0,0..639,223 | TEST=0x000000000005008B | TEX0 tbp=0x0 tbw=8 psm=0x2C tw=512 th=512 tfx=0 | V0(2017.5,2013.0) V1(2024.5,2022.0) uv0(2056,360) uv1(2160,640) | XYOFFSET ofx=1728 ofy=1936 -> screen (289,77)..(296,86)
[p4:clut] samples=332500000 nonzero=124984311 (37.59%) u=[0..507] v=[0..255] distinctIdx=256 topNonZeroIdx=0x03(26147654) psm=0x2C tbp0=0x0 tbw=8 cbp=0x3B40 csa=0
[p4:gs-sprite] #558500 ctx=0 tme=1 abe=1 FRAME fbp=0x0 fbw=10 psm=0x1 msk=0x00000000 | SCISSOR 0,0..639,223 | TEST=0x000000000005008B | TEX0 tbp=0x0 tbw=8 psm=0x2C tw=512 th=512 tfx=0 | V0(2073.5,2055.0) V1(2080.5,2064.0) uv0(8008,8) uv1(8112,288) | XYOFFSET ofx=1728 ofy=1936 -> screen (345,119)..(352,128)
[p4:gs-sprite] #559000 ctx=0 tme=1 abe=1 FRAME fbp=0x0 fbw=10 psm=0x1 msk=0x00000000 | SCISSOR 0,0..639,223 | TEST=0x000000000005008B | TEX0 tbp=0x0 tbw=8 psm=0x2C tw=512 th=512 tfx=0 | V0(2204.0,2027.0) V1(2213.0,2036.0) uv0(1416,360) uv1(1552,640) | XYOFFSET ofx=1728 ofy=1936 -> screen (476,91)..(485,100)
[p4:gs-sprite] #559500 ctx=0 tme=1 abe=1 FRAME fbp=0x0 fbw=10 psm=0x1 msk=0x00000000 | SCISSOR 0,0..639,223 | TEST=0x000000000005008B | TEX0 tbp=0x0 tbw=8 psm=0x2C tw=512 th=512 tfx=0 | V0(2177.5,2013.0) V1(2184.5,2022.0) uv0(8008,8) uv1(8112,288) | XYOFFSET ofx=1728 ofy=1936 -> screen (449,77)..(456,86)
[p4:clut] samples=333000000 nonzero=125181079 (37.59%) u=[0..507] v=[0..255] distinctIdx=256 topNonZeroIdx=0x03(26237422) psm=0x2C tbp0=0x0 tbw=8 cbp=0x3B40 csa=0
[p4:gs-sprite] #560000 ctx=0 tme=1 abe=1 FRAME fbp=0x0 fbw=10 psm=0x1 msk=0x00000000 | SCISSOR 0,0..639,223 | TEST=0x000000000005008B | TEX0 tbp=0x0 tbw=8 psm=0x2C tw=512 th=512 tfx=0 | V0(1973.5,2069.0) V1(1991.5,2079.0) uv0(3368,1096) uv1(3648,1408) | XYOFFSET ofx=1728 ofy=1936 -> screen (245,133)..(263,143)
[p4:gs-sprite] #560500 ctx=0 tme=1 abe=1 FRAME fbp=0x0 fbw=10 psm=0x1 msk=0x00000000 | SCISSOR 0,0..639,223 | TEST=0x000000000005008B | TEX0 tbp=0x0 tbw=8 psm=0x2C tw=512 th=512 tfx=0 | V0(2066.0,2041.0) V1(2075.0,2050.0) uv0(6040,8) uv1(6176,288) | XYOFFSET ofx=1728 ofy=1936 -> screen (338,105)..(347,114)
[p4:gs-sprite] #561000 ctx=0 tme=1 abe=1 FRAME fbp=0x0 fbw=10 psm=0x1 msk=0x00000000 | SCISSOR 0,0..639,223 | TEST=0x000000000005008B | TEX0 tbp=0x0 tbw=8 psm=0x2C tw=512 th=512 tfx=0 | V0(1944.0,2027.0) V1(1953.0,2036.0) uv0(1416,360) uv1(1552,640) | XYOFFSET ofx=1728 ofy=1936 -> screen (216,91)..(225,100)
[p4:vbl] ticks=8400
[p4:gs-sprite] #561500 ctx=0 tme=1 abe=1 FRAME fbp=0x0 fbw=10 psm=0x1 msk=0x00000000 | SCISSOR 0,0..639,223 | TEST=0x000000000005008B | TEX0 tbp=0x0 tbw=8 psm=0x2C tw=512 th=512 tfx=0 | V0(1886.5,2013.0) V1(1893.5,2022.0) uv0(8008,8) uv1(8112,288) | XYOFFSET ofx=1728 ofy=1936 -> screen (158,77)..(165,86)
[p4:clut] samples=333500000 nonzero=125377984 (37.59%) u=[0..507] v=[0..255] distinctIdx=256 topNonZeroIdx=0x03(26327311) psm=0x2C tbp0=0x0 tbw=8 cbp=0x3B40 csa=0
[p4:gs-sprite] #562000 ctx=0 tme=1 abe=1 FRAME fbp=0x0 fbw=10 psm=0x1 msk=0x00000000 | SCISSOR 0,0..639,223 | TEST=0x000000000005008B | TEX0 tbp=0x0 tbw=8 psm=0x2C tw=512 th=512 tfx=0 | V0(1950.5,2055.0) V1(1958.5,2064.0) uv0(1288,360) uv1(1408,640) | XYOFFSET ofx=1728 ofy=1936 -> screen (222,119)..(230,128)
[p4:gs-sprite] #562500 ctx=0 tme=1 abe=1 FRAME fbp=0x0 fbw=10 psm=0x1 msk=0x00000000 | SCISSOR 0,0..639,223 | TEST=0x000000000005008B | TEX0 tbp=0x0 tbw=8 psm=0x2C tw=512 th=512 tfx=0 | V0(2112.0,2027.0) V1(2117.0,2036.0) uv0(1784,360) uv1(1856,640) | XYOFFSET ofx=1728 ofy=1936 -> screen (384,91)..(389,100)
[p4:gs-sprite] #563000 ctx=0 tme=1 abe=1 FRAME fbp=0x0 fbw=10 psm=0x1 msk=0x00000000 | SCISSOR 0,0..639,223 | TEST=0x000000000005008B | TEX0 tbp=0x0 tbw=8 psm=0x2C tw=512 th=512 tfx=0 | V0(2066.5,2013.0) V1(2074.5,2024.0) uv0(2584,360) uv1(2704,704) | XYOFFSET ofx=1728 ofy=1936 -> screen (338,77)..(346,88)
[p4:gs-sprite] #563500 ctx=0 tme=1 abe=1 FRAME fbp=0x0 fbw=10 psm=0x1 msk=0x00000000 | SCISSOR 0,0..639,223 | TEST=0x000000000005008B | TEX0 tbp=0x0 tbw=8 psm=0x2C tw=512 th=512 tfx=0 | V0(2144.5,2055.0) V1(2152.5,2066.0) uv0(2584,360) uv1(2704,704) | XYOFFSET ofx=1728 ofy=1936 -> screen (416,119)..(424,130)
[p4:clut] samples=334000000 nonzero=125574456 (37.60%) u=[0..507] v=[0..255] distinctIdx=256 topNonZeroIdx=0x03(26416947) psm=0x2C tbp0=0x0 tbw=8 cbp=0x3B40 csa=0
[p4:gs-sprite] #564000 ctx=0 tme=1 abe=1 FRAME fbp=0x0 fbw=10 psm=0x1 msk=0x00000000 | SCISSOR 0,0..639,223 | TEST=0x000000000005008B | TEX0 tbp=0x0 tbw=8 psm=0x2C tw=512 th=512 tfx=0 | V0(1939.0,2041.0) V1(1942.0,2050.0) uv0(872,360) uv1(912,640) | XYOFFSET ofx=1728 ofy=1936 -> screen (211,105)..(214,114)
[p4:gs-sprite] #564500 ctx=0 tme=1 abe=1 FRAME fbp=0x0 fbw=10 psm=0x1 msk=0x00000000 | SCISSOR 0,0..639,223 | TEST=0x000000000005008B | TEX0 tbp=0x0 tbw=8 psm=0x2C tw=512 th=512 tfx=0 | V0(2235.5,2013.0) V1(2243.5,2022.0) uv0(1288,360) uv1(1408,640) | XYOFFSET ofx=1728 ofy=1936 -> screen (507,77)..(515,86)
[p4:gs-sprite] #565000 ctx=0 tme=1 abe=1 FRAME fbp=0x0 fbw=10 psm=0x1 msk=0x00000000 | SCISSOR 0,0..639,223 | TEST=0x000000000005008B | TEX0 tbp=0x0 tbw=8 psm=0x2C tw=512 th=512 tfx=0 | V0(2060.5,2069.0) V1(2081.5,2079.5) uv0(5112,1432) uv1(5440,1760) | XYOFFSET ofx=1728 ofy=1936 -> screen (332,133)..(353,143)
[p4:clut] samples=334500000 nonzero=125770978 (37.60%) u=[0..507] v=[0..255] distinctIdx=256 topNonZeroIdx=0x03(26506547) psm=0x2C tbp0=0x0 tbw=8 cbp=0x3B40 csa=0
[p4:gs-sprite] #565500 ctx=0 tme=1 abe=1 FRAME fbp=0x0 fbw=10 psm=0x1 msk=0x00000000 | SCISSOR 0,0..639,223 | TEST=0x000000000005008B | TEX0 tbp=0x0 tbw=8 psm=0x2C tw=512 th=512 tfx=0 | V0(2124.0,2041.0) V1(2130.0,2050.0) uv0(1960,360) uv1(2048,640) | XYOFFSET ofx=1728 ofy=1936 -> screen (396,105)..(402,114)
[p4:gs-sprite] #566000 ctx=0 tme=1 abe=1 FRAME fbp=0x0 fbw=10 psm=0x1 msk=0x00000000 | SCISSOR 0,0..639,223 | TEST=0x000000000005008B | TEX0 tbp=0x0 tbw=8 psm=0x2C tw=512 th=512 tfx=0 | V0(2001.0,2027.0) V1(2006.0,2036.0) uv0(1784,360) uv1(1856,640) | XYOFFSET ofx=1728 ofy=1936 -> screen (273,91)..(278,100)
[p4:gs-sprite] #566500 ctx=0 tme=1 abe=1 FRAME fbp=0x0 fbw=10 psm=0x1 msk=0x00000000 | SCISSOR 0,0..639,223 | TEST=0x000000000005008B | TEX0 tbp=0x0 tbw=8 psm=0x2C tw=512 th=512 tfx=0 | V0(1956.5,2013.0) V1(1964.5,2022.0) uv0(744,360) uv1(864,640) | XYOFFSET ofx=1728 ofy=1936 -> screen (228,77)..(236,86)
[p4:gs-sprite] #567000 ctx=0 tme=1 abe=1 FRAME fbp=0x0 fbw=10 psm=0x1 msk=0x00000000 | SCISSOR 0,0..639,223 | TEST=0x000000000005008B | TEX0 tbp=0x0 tbw=8 psm=0x2C tw=512 th=512 tfx=0 | V0(2018.5,2055.0) V1(2023.5,2064.0) uv0(1784,360) uv1(1856,640) | XYOFFSET ofx=1728 ofy=1936 -> screen (290,119)..(295,128)
[p4:clut] samples=335000000 nonzero=125967662 (37.60%) u=[0..507] v=[0..255] distinctIdx=256 topNonZeroIdx=0x03(26596278) psm=0x2C tbp0=0x0 tbw=8 cbp=0x3B40 csa=0
[p4:gs-sprite] #567500 ctx=0 tme=1 abe=1 FRAME fbp=0x0 fbw=10 psm=0x1 msk=0x00000000 | SCISSOR 0,0..639,223 | TEST=0x000000000005008B | TEX0 tbp=0x0 tbw=8 psm=0x2C tw=512 th=512 tfx=0 | V0(2164.0,2027.0) V1(2172.0,2036.0) uv0(6184,8) uv1(6304,288) | XYOFFSET ofx=1728 ofy=1936 -> screen (436,91)..(444,100)
[p4:gs-sprite] #568000 ctx=0 tme=1 abe=1 FRAME fbp=0x0 fbw=10 psm=0x1 msk=0x00000000 | SCISSOR 0,0..639,223 | TEST=0x000000000005008B | TEX0 tbp=0x0 tbw=8 psm=0x2C tw=512 th=512 tfx=0 | V0(2124.5,2013.0) V1(2132.5,2022.0) uv0(488,360) uv1(608,640) | XYOFFSET ofx=1728 ofy=1936 -> screen (396,77)..(404,86)
[p4:gs-sprite] #568500 ctx=0 tme=1 abe=1 FRAME fbp=0x0 fbw=10 psm=0x1 msk=0x00000000 | SCISSOR 0,0..639,223 | TEST=0x000000000005008B | TEX0 tbp=0x0 tbw=8 psm=0x2C tw=512 th=512 tfx=0 | V0(2202.5,2055.0) V1(2210.5,2064.0) uv0(488,360) uv1(608,640) | XYOFFSET ofx=1728 ofy=1936 -> screen (474,119)..(482,128)
[p4:gs-sprite] #569000 ctx=0 tme=1 abe=1 FRAME fbp=0x0 fbw=10 psm=0x1 msk=0x00000000 | SCISSOR 0,0..639,223 | TEST=0x000000000005008B | TEX0 tbp=0x0 tbw=8 psm=0x2C tw=512 th=512 tfx=0 | V0(1998.0,2041.0) V1(2008.0,2050.0) uv0(5592,8) uv1(5744,288) | XYOFFSET ofx=1728 ofy=1936 -> screen (270,105)..(280,114)
[p4:clut] samples=335500000 nonzero=126164565 (37.60%) u=[0..507] v=[0..255] distinctIdx=256 topNonZeroIdx=0x03(26686141) psm=0x2C tbp0=0x0 tbw=8 cbp=0x3B40 csa=0
[p4:gs-sprite] #569500 ctx=0 tme=1 abe=1 FRAME fbp=0x0 fbw=10 psm=0x1 msk=0x00000000 | SCISSOR 0,0..639,223 | TEST=0x000000000005008B | TEX0 tbp=0x0 tbw=8 psm=0x2C tw=512 th=512 tfx=0 | V0(1881.0,2027.0) V1(1889.0,2036.0) uv0(744,360) uv1(864,640) | XYOFFSET ofx=1728 ofy=1936 -> screen (153,91)..(161,100)
[p4:gs-sprite] #570000 ctx=0 tme=0 abe=0 FRAME fbp=0x0 fbw=10 psm=0x1 msk=0x00000000 | SCISSOR 0,0..639,223 | TEST=0x000000000005008B | TEX0 tbp=0x0 tbw=0 psm=0x0 tw=1 th=1 tfx=0 | V0(1829.0,2007.0) V1(2267.0,2087.0) uv0(0,0) uv1(0,0) | XYOFFSET ofx=1728 ofy=1936 -> screen (101,71)..(539,151)
[p4:gs-sprite] #570500 ctx=0 tme=1 abe=1 FRAME fbp=0x0 fbw=10 psm=0x1 msk=0x00000000 | SCISSOR 0,0..639,223 | TEST=0x000000000005008B | TEX0 tbp=0x0 tbw=8 psm=0x2C tw=512 th=512 tfx=0 | V0(1888.5,2055.0) V1(1896.5,2066.0) uv0(2584,360) uv1(2704,704) | XYOFFSET ofx=1728 ofy=1936 -> screen (160,119)..(168,130)
[p4:gs-sprite] #571000 ctx=0 tme=1 abe=1 FRAME fbp=0x0 fbw=10 psm=0x1 msk=0x00000000 | SCISSOR 0,0..639,223 | TEST=0x000000000005008B | TEX0 tbp=0x0 tbw=8 psm=0x2C tw=512 th=512 tfx=0 | V0(2057.0,2027.0) V1(2066.0,2036.0) uv0(3912,8) uv1(4048,288) | XYOFFSET ofx=1728 ofy=1936 -> screen (329,91)..(338,100)
[p4:clut] samples=336000000 nonzero=126361391 (37.61%) u=[0..507] v=[0..255] distinctIdx=256 topNonZeroIdx=0x03(26775952) psm=0x2C tbp0=0x0 tbw=8 cbp=0x3B40 csa=0
[p4:gs-sprite] #571500 ctx=0 tme=1 abe=1 FRAME fbp=0x0 fbw=10 psm=0x1 msk=0x00000000 | SCISSOR 0,0..639,223 | TEST=0x000000000005008B | TEX0 tbp=0x0 tbw=8 psm=0x2C tw=512 th=512 tfx=0 | V0(2017.5,2013.0) V1(2024.5,2022.0) uv0(2056,360) uv1(2160,640) | XYOFFSET ofx=1728 ofy=1936 -> screen (289,77)..(296,86)
[p4:gs-sprite] #572000 ctx=0 tme=1 abe=1 FRAME fbp=0x0 fbw=10 psm=0x1 msk=0x00000000 | SCISSOR 0,0..639,223 | TEST=0x000000000005008B | TEX0 tbp=0x0 tbw=8 psm=0x2C tw=512 th=512 tfx=0 | V0(2073.5,2055.0) V1(2080.5,2064.0) uv0(8008,8) uv1(8112,288) | XYOFFSET ofx=1728 ofy=1936 -> screen (345,119)..(352,128)
[p4:gs-sprite] #572500 ctx=0 tme=1 abe=1 FRAME fbp=0x0 fbw=10 psm=0x1 msk=0x00000000 | SCISSOR 0,0..639,223 | TEST=0x000000000005008B | TEX0 tbp=0x0 tbw=8 psm=0x2C tw=512 th=512 tfx=0 | V0(2204.0,2027.0) V1(2213.0,2036.0) uv0(1416,360) uv1(1552,640) | XYOFFSET ofx=1728 ofy=1936 -> screen (476,91)..(485,100)
[p4:clut] samples=336500000 nonzero=126557786 (37.61%) u=[0..507] v=[0..255] distinctIdx=256 topNonZeroIdx=0x03(26865543) psm=0x2C tbp0=0x0 tbw=8 cbp=0x3B40 csa=0
[p4:gs-sprite] #573000 ctx=0 tme=1 abe=1 FRAME fbp=0x0 fbw=10 psm=0x1 msk=0x00000000 | SCISSOR 0,0..639,223 | TEST=0x000000000005008B | TEX0 tbp=0x0 tbw=8 psm=0x2C tw=512 th=512 tfx=0 | V0(2177.5,2013.0) V1(2184.5,2022.0) uv0(8008,8) uv1(8112,288) | XYOFFSET ofx=1728 ofy=1936 -> screen (449,77)..(456,86)
[p4:gs-sprite] #573500 ctx=0 tme=1 abe=1 FRAME fbp=0x0 fbw=10 psm=0x1 msk=0x00000000 | SCISSOR 0,0..639,223 | TEST=0x000000000005008B | TEX0 tbp=0x0 tbw=8 psm=0x2C tw=512 th=512 tfx=0 | V0(1973.5,2069.0) V1(1991.5,2079.0) uv0(3368,1096) uv1(3648,1408) | XYOFFSET ofx=1728 ofy=1936 -> screen (245,133)..(263,143)
[p4:gs-sprite] #574000 ctx=0 tme=1 abe=1 FRAME fbp=0x0 fbw=10 psm=0x1 msk=0x00000000 | SCISSOR 0,0..639,223 | TEST=0x000000000005008B | TEX0 tbp=0x0 tbw=8 psm=0x2C tw=512 th=512 tfx=0 | V0(2066.0,2041.0) V1(2075.0,2050.0) uv0(6040,8) uv1(6176,288) | XYOFFSET ofx=1728 ofy=1936 -> screen (338,105)..(347,114)
[p4:gs-sprite] #574500 ctx=0 tme=1 abe=1 FRAME fbp=0x0 fbw=10 psm=0x1 msk=0x00000000 | SCISSOR 0,0..639,223 | TEST=0x000000000005008B | TEX0 tbp=0x0 tbw=8 psm=0x2C tw=512 th=512 tfx=0 | V0(1944.0,2027.0) V1(1953.0,2036.0) uv0(1416,360) uv1(1552,640) | XYOFFSET ofx=1728 ofy=1936 -> screen (216,91)..(225,100)
[p4:clut] samples=337000000 nonzero=126754350 (37.61%) u=[0..507] v=[0..255] distinctIdx=256 topNonZeroIdx=0x03(26955170) psm=0x2C tbp0=0x0 tbw=8 cbp=0x3B40 csa=0
[p4:gs-sprite] #575000 ctx=0 tme=1 abe=1 FRAME fbp=0x0 fbw=10 psm=0x1 msk=0x00000000 | SCISSOR 0,0..639,223 | TEST=0x000000000005008B | TEX0 tbp=0x0 tbw=8 psm=0x2C tw=512 th=512 tfx=0 | V0(1886.5,2013.0) V1(1893.5,2022.0) uv0(8008,8) uv1(8112,288) | XYOFFSET ofx=1728 ofy=1936 -> screen (158,77)..(165,86)
[p4:gs-sprite] #575500 ctx=0 tme=1 abe=1 FRAME fbp=0x0 fbw=10 psm=0x1 msk=0x00000000 | SCISSOR 0,0..639,223 | TEST=0x000000000005008B | TEX0 tbp=0x0 tbw=8 psm=0x2C tw=512 th=512 tfx=0 | V0(1950.5,2055.0) V1(1958.5,2064.0) uv0(1288,360) uv1(1408,640) | XYOFFSET ofx=1728 ofy=1936 -> screen (222,119)..(230,128)
[p4:gs-sprite] #576000 ctx=0 tme=1 abe=1 FRAME fbp=0x0 fbw=10 psm=0x1 msk=0x00000000 | SCISSOR 0,0..639,223 | TEST=0x000000000005008B | TEX0 tbp=0x0 tbw=8 psm=0x2C tw=512 th=512 tfx=0 | V0(2112.0,2027.0) V1(2117.0,2036.0) uv0(1784,360) uv1(1856,640) | XYOFFSET ofx=1728 ofy=1936 -> screen (384,91)..(389,100)
[p4:gs-sprite] #576500 ctx=0 tme=1 abe=1 FRAME fbp=0x0 fbw=10 psm=0x1 msk=0x00000000 | SCISSOR 0,0..639,223 | TEST=0x000000000005008B | TEX0 tbp=0x0 tbw=8 psm=0x2C tw=512 th=512 tfx=0 | V0(2066.5,2013.0) V1(2074.5,2024.0) uv0(2584,360) uv1(2704,704) | XYOFFSET ofx=1728 ofy=1936 -> screen (338,77)..(346,88)
[p4:clut] samples=337500000 nonzero=126951032 (37.62%) u=[0..507] v=[0..255] distinctIdx=256 topNonZeroIdx=0x03(27044912) psm=0x2C tbp0=0x0 tbw=8 cbp=0x3B40 csa=0
[p4:gs-sprite] #577000 ctx=0 tme=1 abe=1 FRAME fbp=0x0 fbw=10 psm=0x1 msk=0x00000000 | SCISSOR 0,0..639,223 | TEST=0x000000000005008B | TEX0 tbp=0x0 tbw=8 psm=0x2C tw=512 th=512 tfx=0 | V0(2144.5,2055.0) V1(2152.5,2066.0) uv0(2584,360) uv1(2704,704) | XYOFFSET ofx=1728 ofy=1936 -> screen (416,119)..(424,130)
[p4:gs-sprite] #577500 ctx=0 tme=1 abe=1 FRAME fbp=0x0 fbw=10 psm=0x1 msk=0x00000000 | SCISSOR 0,0..639,223 | TEST=0x000000000005008B | TEX0 tbp=0x0 tbw=8 psm=0x2C tw=512 th=512 tfx=0 | V0(1939.0,2041.0) V1(1942.0,2050.0) uv0(872,360) uv1(912,640) | XYOFFSET ofx=1728 ofy=1936 -> screen (211,105)..(214,114)
[p4:gs-sprite] #578000 ctx=0 tme=1 abe=1 FRAME fbp=0x0 fbw=10 psm=0x1 msk=0x00000000 | SCISSOR 0,0..639,223 | TEST=0x000000000005008B | TEX0 tbp=0x0 tbw=8 psm=0x2C tw=512 th=512 tfx=0 | V0(2235.5,2013.0) V1(2243.5,2022.0) uv0(1288,360) uv1(1408,640) | XYOFFSET ofx=1728 ofy=1936 -> screen (507,77)..(515,86)
[p4:clut] samples=338000000 nonzero=127147966 (37.62%) u=[0..507] v=[0..255] distinctIdx=256 topNonZeroIdx=0x03(27134836) psm=0x2C tbp0=0x0 tbw=8 cbp=0x3B40 csa=0
[p4:gs-sprite] #578500 ctx=0 tme=1 abe=1 FRAME fbp=0x0 fbw=10 psm=0x1 msk=0x00000000 | SCISSOR 0,0..639,223 | TEST=0x000000000005008B | TEX0 tbp=0x0 tbw=8 psm=0x2C tw=512 th=512 tfx=0 | V0(2060.5,2069.0) V1(2081.5,2079.5) uv0(5112,1432) uv1(5440,1760) | XYOFFSET ofx=1728 ofy=1936 -> screen (332,133)..(353,143)
[p4:gs-sprite] #579000 ctx=0 tme=1 abe=1 FRAME fbp=0x0 fbw=10 psm=0x1 msk=0x00000000 | SCISSOR 0,0..639,223 | TEST=0x000000000005008B | TEX0 tbp=0x0 tbw=8 psm=0x2C tw=512 th=512 tfx=0 | V0(2124.0,2041.0) V1(2130.0,2050.0) uv0(1960,360) uv1(2048,640) | XYOFFSET ofx=1728 ofy=1936 -> screen (396,105)..(402,114)
[p4:gs-sprite] #579500 ctx=0 tme=1 abe=1 FRAME fbp=0x0 fbw=10 psm=0x1 msk=0x00000000 | SCISSOR 0,0..639,223 | TEST=0x000000000005008B | TEX0 tbp=0x0 tbw=8 psm=0x2C tw=512 th=512 tfx=0 | V0(2001.0,2027.0) V1(2006.0,2036.0) uv0(1784,360) uv1(1856,640) | XYOFFSET ofx=1728 ofy=1936 -> screen (273,91)..(278,100)
[p4:gs-sprite] #580000 ctx=0 tme=1 abe=1 FRAME fbp=0x0 fbw=10 psm=0x1 msk=0x00000000 | SCISSOR 0,0..639,223 | TEST=0x000000000005008B | TEX0 tbp=0x0 tbw=8 psm=0x2C tw=512 th=512 tfx=0 | V0(1956.5,2013.0) V1(1964.5,2022.0) uv0(744,360) uv1(864,640) | XYOFFSET ofx=1728 ofy=1936 -> screen (228,77)..(236,86)
[p4:clut] samples=338500000 nonzero=127344628 (37.62%) u=[0..507] v=[0..255] distinctIdx=256 topNonZeroIdx=0x03(27224484) psm=0x2C tbp0=0x0 tbw=8 cbp=0x3B40 csa=0
[p4:gs-sprite] #580500 ctx=0 tme=1 abe=1 FRAME fbp=0x0 fbw=10 psm=0x1 msk=0x00000000 | SCISSOR 0,0..639,223 | TEST=0x000000000005008B | TEX0 tbp=0x0 tbw=8 psm=0x2C tw=512 th=512 tfx=0 | V0(2018.5,2055.0) V1(2023.5,2064.0) uv0(1784,360) uv1(1856,640) | XYOFFSET ofx=1728 ofy=1936 -> screen (290,119)..(295,128)
[p4:gs-sprite] #581000 ctx=0 tme=1 abe=1 FRAME fbp=0x0 fbw=10 psm=0x1 msk=0x00000000 | SCISSOR 0,0..639,223 | TEST=0x000000000005008B | TEX0 tbp=0x0 tbw=8 psm=0x2C tw=512 th=512 tfx=0 | V0(2164.0,2027.0) V1(2172.0,2036.0) uv0(6184,8) uv1(6304,288) | XYOFFSET ofx=1728 ofy=1936 -> screen (436,91)..(444,100)
[p4:gs-sprite] #581500 ctx=0 tme=1 abe=1 FRAME fbp=0x0 fbw=10 psm=0x1 msk=0x00000000 | SCISSOR 0,0..639,223 | TEST=0x000000000005008B | TEX0 tbp=0x0 tbw=8 psm=0x2C tw=512 th=512 tfx=0 | V0(2124.5,2013.0) V1(2132.5,2022.0) uv0(488,360) uv1(608,640) | XYOFFSET ofx=1728 ofy=1936 -> screen (396,77)..(404,86)
[p4:gs-sprite] #582000 ctx=0 tme=1 abe=1 FRAME fbp=0x0 fbw=10 psm=0x1 msk=0x00000000 | SCISSOR 0,0..639,223 | TEST=0x000000000005008B | TEX0 tbp=0x0 tbw=8 psm=0x2C tw=512 th=512 tfx=0 | V0(2202.5,2055.0) V1(2210.5,2064.0) uv0(488,360) uv1(608,640) | XYOFFSET ofx=1728 ofy=1936 -> screen (474,119)..(482,128)
[p4:clut] samples=339000000 nonzero=127540976 (37.62%) u=[0..507] v=[0..255] distinctIdx=256 topNonZeroIdx=0x03(27314078) psm=0x2C tbp0=0x0 tbw=8 cbp=0x3B40 csa=0
[p4:gs-sprite] #582500 ctx=0 tme=1 abe=1 FRAME fbp=0x0 fbw=10 psm=0x1 msk=0x00000000 | SCISSOR 0,0..639,223 | TEST=0x000000000005008B | TEX0 tbp=0x0 tbw=8 psm=0x2C tw=512 th=512 tfx=0 | V0(1998.0,2041.0) V1(2008.0,2050.0) uv0(5592,8) uv1(5744,288) | XYOFFSET ofx=1728 ofy=1936 -> screen (270,105)..(280,114)
[p4:gs-sprite] #583000 ctx=0 tme=1 abe=1 FRAME fbp=0x0 fbw=10 psm=0x1 msk=0x00000000 | SCISSOR 0,0..639,223 | TEST=0x000000000005008B | TEX0 tbp=0x0 tbw=8 psm=0x2C tw=512 th=512 tfx=0 | V0(1881.0,2027.0) V1(1889.0,2036.0) uv0(744,360) uv1(864,640) | XYOFFSET ofx=1728 ofy=1936 -> screen (153,91)..(161,100)
[p4:gs-sprite] #583500 ctx=0 tme=0 abe=0 FRAME fbp=0x0 fbw=10 psm=0x1 msk=0x00000000 | SCISSOR 0,0..639,223 | TEST=0x000000000005008B | TEX0 tbp=0x0 tbw=0 psm=0x0 tw=1 th=1 tfx=0 | V0(1829.0,2007.0) V1(2267.0,2087.0) uv0(0,0) uv1(0,0) | XYOFFSET ofx=1728 ofy=1936 -> screen (101,71)..(539,151)
[p4:gs-sprite] #584000 ctx=0 tme=1 abe=1 FRAME fbp=0x0 fbw=10 psm=0x1 msk=0x00000000 | SCISSOR 0,0..639,223 | TEST=0x000000000005008B | TEX0 tbp=0x0 tbw=8 psm=0x2C tw=512 th=512 tfx=0 | V0(1888.5,2055.0) V1(1896.5,2066.0) uv0(2584,360) uv1(2704,704) | XYOFFSET ofx=1728 ofy=1936 -> screen (160,119)..(168,130)
[p4:clut] samples=339500000 nonzero=127737656 (37.63%) u=[0..507] v=[0..255] distinctIdx=256 topNonZeroIdx=0x03(27403812) psm=0x2C tbp0=0x0 tbw=8 cbp=0x3B40 csa=0
[p4:gs-sprite] #584500 ctx=0 tme=1 abe=1 FRAME fbp=0x0 fbw=10 psm=0x1 msk=0x00000000 | SCISSOR 0,0..639,223 | TEST=0x000000000005008B | TEX0 tbp=0x0 tbw=8 psm=0x2C tw=512 th=512 tfx=0 | V0(2057.0,2027.0) V1(2066.0,2036.0) uv0(3912,8) uv1(4048,288) | XYOFFSET ofx=1728 ofy=1936 -> screen (329,91)..(338,100)
[p4:gs-sprite] #585000 ctx=0 tme=1 abe=1 FRAME fbp=0x0 fbw=10 psm=0x1 msk=0x00000000 | SCISSOR 0,0..639,223 | TEST=0x000000000005008B | TEX0 tbp=0x0 tbw=8 psm=0x2C tw=512 th=512 tfx=0 | V0(2017.5,2013.0) V1(2024.5,2022.0) uv0(2056,360) uv1(2160,640) | XYOFFSET ofx=1728 ofy=1936 -> screen (289,77)..(296,86)
[p4:gs-sprite] #585500 ctx=0 tme=1 abe=1 FRAME fbp=0x0 fbw=10 psm=0x1 msk=0x00000000 | SCISSOR 0,0..639,223 | TEST=0x000000000005008B | TEX0 tbp=0x0 tbw=8 psm=0x2C tw=512 th=512 tfx=0 | V0(2073.5,2055.0) V1(2080.5,2064.0) uv0(8008,8) uv1(8112,288) | XYOFFSET ofx=1728 ofy=1936 -> screen (345,119)..(352,128)
[p4:clut] samples=340000000 nonzero=127934439 (37.63%) u=[0..507] v=[0..255] distinctIdx=256 topNonZeroIdx=0x03(27493581) psm=0x2C tbp0=0x0 tbw=8 cbp=0x3B40 csa=0
[p4:gs-sprite] #586000 ctx=0 tme=1 abe=1 FRAME fbp=0x0 fbw=10 psm=0x1 msk=0x00000000 | SCISSOR 0,0..639,223 | TEST=0x000000000005008B | TEX0 tbp=0x0 tbw=8 psm=0x2C tw=512 th=512 tfx=0 | V0(2204.0,2027.0) V1(2213.0,2036.0) uv0(1416,360) uv1(1552,640) | XYOFFSET ofx=1728 ofy=1936 -> screen (476,91)..(485,100)
[p4:gs-sprite] #586500 ctx=0 tme=1 abe=1 FRAME fbp=0x0 fbw=10 psm=0x1 msk=0x00000000 | SCISSOR 0,0..639,223 | TEST=0x000000000005008B | TEX0 tbp=0x0 tbw=8 psm=0x2C tw=512 th=512 tfx=0 | V0(2177.5,2013.0) V1(2184.5,2022.0) uv0(8008,8) uv1(8112,288) | XYOFFSET ofx=1728 ofy=1936 -> screen (449,77)..(456,86)
[p4:gs-sprite] #587000 ctx=0 tme=1 abe=1 FRAME fbp=0x0 fbw=10 psm=0x1 msk=0x00000000 | SCISSOR 0,0..639,223 | TEST=0x000000000005008B | TEX0 tbp=0x0 tbw=8 psm=0x2C tw=512 th=512 tfx=0 | V0(1973.5,2069.0) V1(1991.5,2079.0) uv0(3368,1096) uv1(3648,1408) | XYOFFSET ofx=1728 ofy=1936 -> screen (245,133)..(263,143)
[p4:vbl] ticks=8700
[p4:gs-sprite] #587500 ctx=0 tme=1 abe=1 FRAME fbp=0x0 fbw=10 psm=0x1 msk=0x00000000 | SCISSOR 0,0..639,223 | TEST=0x000000000005008B | TEX0 tbp=0x0 tbw=8 psm=0x2C tw=512 th=512 tfx=0 | V0(2066.0,2041.0) V1(2075.0,2050.0) uv0(6040,8) uv1(6176,288) | XYOFFSET ofx=1728 ofy=1936 -> screen (338,105)..(347,114)
[p4:clut] samples=340500000 nonzero=128131333 (37.63%) u=[0..507] v=[0..255] distinctIdx=256 topNonZeroIdx=0x03(27583467) psm=0x2C tbp0=0x0 tbw=8 cbp=0x3B40 csa=0
[p4:gs-sprite] #588000 ctx=0 tme=1 abe=1 FRAME fbp=0x0 fbw=10 psm=0x1 msk=0x00000000 | SCISSOR 0,0..639,223 | TEST=0x000000000005008B | TEX0 tbp=0x0 tbw=8 psm=0x2C tw=512 th=512 tfx=0 | V0(1944.0,2027.0) V1(1953.0,2036.0) uv0(1416,360) uv1(1552,640) | XYOFFSET ofx=1728 ofy=1936 -> screen (216,91)..(225,100)
[p4:gs-sprite] #588500 ctx=0 tme=1 abe=1 FRAME fbp=0x0 fbw=10 psm=0x1 msk=0x00000000 | SCISSOR 0,0..639,223 | TEST=0x000000000005008B | TEX0 tbp=0x0 tbw=8 psm=0x2C tw=512 th=512 tfx=0 | V0(1886.5,2013.0) V1(1893.5,2022.0) uv0(8008,8) uv1(8112,288) | XYOFFSET ofx=1728 ofy=1936 -> screen (158,77)..(165,86)
[p4:gs-sprite] #589000 ctx=0 tme=1 abe=1 FRAME fbp=0x0 fbw=10 psm=0x1 msk=0x00000000 | SCISSOR 0,0..639,223 | TEST=0x000000000005008B | TEX0 tbp=0x0 tbw=8 psm=0x2C tw=512 th=512 tfx=0 | V0(1950.5,2055.0) V1(1958.5,2064.0) uv0(1288,360) uv1(1408,640) | XYOFFSET ofx=1728 ofy=1936 -> screen (222,119)..(230,128)
[p4:gs-sprite] #589500 ctx=0 tme=1 abe=1 FRAME fbp=0x0 fbw=10 psm=0x1 msk=0x00000000 | SCISSOR 0,0..639,223 | TEST=0x000000000005008B | TEX0 tbp=0x0 tbw=8 psm=0x2C tw=512 th=512 tfx=0 | V0(2112.0,2027.0) V1(2117.0,2036.0) uv0(1784,360) uv1(1856,640) | XYOFFSET ofx=1728 ofy=1936 -> screen (384,91)..(389,100)
[p4:clut] samples=341000000 nonzero=128327824 (37.63%) u=[0..507] v=[0..255] distinctIdx=256 topNonZeroIdx=0x03(27673120) psm=0x2C tbp0=0x0 tbw=8 cbp=0x3B40 csa=0
[p4:gs-sprite] #590000 ctx=0 tme=1 abe=1 FRAME fbp=0x0 fbw=10 psm=0x1 msk=0x00000000 | SCISSOR 0,0..639,223 | TEST=0x000000000005008B | TEX0 tbp=0x0 tbw=8 psm=0x2C tw=512 th=512 tfx=0 | V0(2066.5,2013.0) V1(2074.5,2024.0) uv0(2584,360) uv1(2704,704) | XYOFFSET ofx=1728 ofy=1936 -> screen (338,77)..(346,88)
[p4:gs-sprite] #590500 ctx=0 tme=1 abe=1 FRAME fbp=0x0 fbw=10 psm=0x1 msk=0x00000000 | SCISSOR 0,0..639,223 | TEST=0x000000000005008B | TEX0 tbp=0x0 tbw=8 psm=0x2C tw=512 th=512 tfx=0 | V0(2144.5,2055.0) V1(2152.5,2066.0) uv0(2584,360) uv1(2704,704) | XYOFFSET ofx=1728 ofy=1936 -> screen (416,119)..(424,130)
[p4:gs-sprite] #591000 ctx=0 tme=1 abe=1 FRAME fbp=0x0 fbw=10 psm=0x1 msk=0x00000000 | SCISSOR 0,0..639,223 | TEST=0x000000000005008B | TEX0 tbp=0x0 tbw=8 psm=0x2C tw=512 th=512 tfx=0 | V0(1939.0,2041.0) V1(1942.0,2050.0) uv0(872,360) uv1(912,640) | XYOFFSET ofx=1728 ofy=1936 -> screen (211,105)..(214,114)
[p4:gs-sprite] #591500 ctx=0 tme=1 abe=1 FRAME fbp=0x0 fbw=10 psm=0x1 msk=0x00000000 | SCISSOR 0,0..639,223 | TEST=0x000000000005008B | TEX0 tbp=0x0 tbw=8 psm=0x2C tw=512 th=512 tfx=0 | V0(2235.5,2013.0) V1(2243.5,2022.0) uv0(1288,360) uv1(1408,640) | XYOFFSET ofx=1728 ofy=1936 -> screen (507,77)..(515,86)
[p4:clut] samples=341500000 nonzero=128524373 (37.64%) u=[0..507] v=[0..255] distinctIdx=256 topNonZeroIdx=0x03(27762742) psm=0x2C tbp0=0x0 tbw=8 cbp=0x3B40 csa=0
[p4:gs-sprite] #592000 ctx=0 tme=1 abe=1 FRAME fbp=0x0 fbw=10 psm=0x1 msk=0x00000000 | SCISSOR 0,0..639,223 | TEST=0x000000000005008B | TEX0 tbp=0x0 tbw=8 psm=0x2C tw=512 th=512 tfx=0 | V0(2060.5,2069.0) V1(2081.5,2079.5) uv0(5112,1432) uv1(5440,1760) | XYOFFSET ofx=1728 ofy=1936 -> screen (332,133)..(353,143)
[p4:gs-sprite] #592500 ctx=0 tme=1 abe=1 FRAME fbp=0x0 fbw=10 psm=0x1 msk=0x00000000 | SCISSOR 0,0..639,223 | TEST=0x000000000005008B | TEX0 tbp=0x0 tbw=8 psm=0x2C tw=512 th=512 tfx=0 | V0(2124.0,2041.0) V1(2130.0,2050.0) uv0(1960,360) uv1(2048,640) | XYOFFSET ofx=1728 ofy=1936 -> screen (396,105)..(402,114)
[p4:gs-sprite] #593000 ctx=0 tme=1 abe=1 FRAME fbp=0x0 fbw=10 psm=0x1 msk=0x00000000 | SCISSOR 0,0..639,223 | TEST=0x000000000005008B | TEX0 tbp=0x0 tbw=8 psm=0x2C tw=512 th=512 tfx=0 | V0(2001.0,2027.0) V1(2006.0,2036.0) uv0(1784,360) uv1(1856,640) | XYOFFSET ofx=1728 ofy=1936 -> screen (273,91)..(278,100)
[p4:clut] samples=342000000 nonzero=128720994 (37.64%) u=[0..507] v=[0..255] distinctIdx=256 topNonZeroIdx=0x03(27852444) psm=0x2C tbp0=0x0 tbw=8 cbp=0x3B40 csa=0
[p4:gs-sprite] #593500 ctx=0 tme=1 abe=1 FRAME fbp=0x0 fbw=10 psm=0x1 msk=0x00000000 | SCISSOR 0,0..639,223 | TEST=0x000000000005008B | TEX0 tbp=0x0 tbw=8 psm=0x2C tw=512 th=512 tfx=0 | V0(1956.5,2013.0) V1(1964.5,2022.0) uv0(744,360) uv1(864,640) | XYOFFSET ofx=1728 ofy=1936 -> screen (228,77)..(236,86)
[p4:gs-sprite] #594000 ctx=0 tme=1 abe=1 FRAME fbp=0x0 fbw=10 psm=0x1 msk=0x00000000 | SCISSOR 0,0..639,223 | TEST=0x000000000005008B | TEX0 tbp=0x0 tbw=8 psm=0x2C tw=512 th=512 tfx=0 | V0(2018.5,2055.0) V1(2023.5,2064.0) uv0(1784,360) uv1(1856,640) | XYOFFSET ofx=1728 ofy=1936 -> screen (290,119)..(295,128)
[p4:gs-sprite] #594500 ctx=0 tme=1 abe=1 FRAME fbp=0x0 fbw=10 psm=0x1 msk=0x00000000 | SCISSOR 0,0..639,223 | TEST=0x000000000005008B | TEX0 tbp=0x0 tbw=8 psm=0x2C tw=512 th=512 tfx=0 | V0(2164.0,2027.0) V1(2172.0,2036.0) uv0(6184,8) uv1(6304,288) | XYOFFSET ofx=1728 ofy=1936 -> screen (436,91)..(444,100)
[p4:gs-sprite] #595000 ctx=0 tme=1 abe=1 FRAME fbp=0x0 fbw=10 psm=0x1 msk=0x00000000 | SCISSOR 0,0..639,223 | TEST=0x000000000005008B | TEX0 tbp=0x0 tbw=8 psm=0x2C tw=512 th=512 tfx=0 | V0(2124.5,2013.0) V1(2132.5,2022.0) uv0(488,360) uv1(608,640) | XYOFFSET ofx=1728 ofy=1936 -> screen (396,77)..(404,86)
[p4:clut] samples=342500000 nonzero=128917913 (37.64%) u=[0..507] v=[0..255] distinctIdx=256 topNonZeroIdx=0x03(27942304) psm=0x2C tbp0=0x0 tbw=8 cbp=0x3B40 csa=0
[p4:gs-sprite] #595500 ctx=0 tme=1 abe=1 FRAME fbp=0x0 fbw=10 psm=0x1 msk=0x00000000 | SCISSOR 0,0..639,223 | TEST=0x000000000005008B | TEX0 tbp=0x0 tbw=8 psm=0x2C tw=512 th=512 tfx=0 | V0(2202.5,2055.0) V1(2210.5,2064.0) uv0(488,360) uv1(608,640) | XYOFFSET ofx=1728 ofy=1936 -> screen (474,119)..(482,128)
[p4:gs-sprite] #596000 ctx=0 tme=1 abe=1 FRAME fbp=0x0 fbw=10 psm=0x1 msk=0x00000000 | SCISSOR 0,0..639,223 | TEST=0x000000000005008B | TEX0 tbp=0x0 tbw=8 psm=0x2C tw=512 th=512 tfx=0 | V0(1998.0,2041.0) V1(2008.0,2050.0) uv0(5592,8) uv1(5744,288) | XYOFFSET ofx=1728 ofy=1936 -> screen (270,105)..(280,114)
[p4:gs-sprite] #596500 ctx=0 tme=1 abe=1 FRAME fbp=0x0 fbw=10 psm=0x1 msk=0x00000000 | SCISSOR 0,0..639,223 | TEST=0x000000000005008B | TEX0 tbp=0x0 tbw=8 psm=0x2C tw=512 th=512 tfx=0 | V0(1881.0,2027.0) V1(1889.0,2036.0) uv0(744,360) uv1(864,640) | XYOFFSET ofx=1728 ofy=1936 -> screen (153,91)..(161,100)
[p4:gs-sprite] #597000 ctx=0 tme=0 abe=0 FRAME fbp=0x0 fbw=10 psm=0x1 msk=0x00000000 | SCISSOR 0,0..639,223 | TEST=0x000000000005008B | TEX0 tbp=0x0 tbw=0 psm=0x0 tw=1 th=1 tfx=0 | V0(1829.0,2007.0) V1(2267.0,2087.0) uv0(0,0) uv1(0,0) | XYOFFSET ofx=1728 ofy=1936 -> screen (101,71)..(539,151)
[p4:clut] samples=343000000 nonzero=129114681 (37.64%) u=[0..507] v=[0..255] distinctIdx=256 topNonZeroIdx=0x03(28032066) psm=0x2C tbp0=0x0 tbw=8 cbp=0x3B40 csa=0
[p4:gs-sprite] #597500 ctx=0 tme=1 abe=1 FRAME fbp=0x0 fbw=10 psm=0x1 msk=0x00000000 | SCISSOR 0,0..639,223 | TEST=0x000000000005008B | TEX0 tbp=0x0 tbw=8 psm=0x2C tw=512 th=512 tfx=0 | V0(1888.5,2055.0) V1(1896.5,2066.0) uv0(2584,360) uv1(2704,704) | XYOFFSET ofx=1728 ofy=1936 -> screen (160,119)..(168,130)
[p4:gs-sprite] #598000 ctx=0 tme=1 abe=1 FRAME fbp=0x0 fbw=10 psm=0x1 msk=0x00000000 | SCISSOR 0,0..639,223 | TEST=0x000000000005008B | TEX0 tbp=0x0 tbw=8 psm=0x2C tw=512 th=512 tfx=0 | V0(2057.0,2027.0) V1(2066.0,2036.0) uv0(3912,8) uv1(4048,288) | XYOFFSET ofx=1728 ofy=1936 -> screen (329,91)..(338,100)
[p4:gs-sprite] #598500 ctx=0 tme=1 abe=1 FRAME fbp=0x0 fbw=10 psm=0x1 msk=0x00000000 | SCISSOR 0,0..639,223 | TEST=0x000000000005008B | TEX0 tbp=0x0 tbw=8 psm=0x2C tw=512 th=512 tfx=0 | V0(2017.5,2013.0) V1(2024.5,2022.0) uv0(2056,360) uv1(2160,640) | XYOFFSET ofx=1728 ofy=1936 -> screen (289,77)..(296,86)
[p4:clut] samples=343500000 nonzero=129311103 (37.65%) u=[0..507] v=[0..255] distinctIdx=256 topNonZeroIdx=0x03(28121669) psm=0x2C tbp0=0x0 tbw=8 cbp=0x3B40 csa=0
[p4:gs-sprite] #599000 ctx=0 tme=1 abe=1 FRAME fbp=0x0 fbw=10 psm=0x1 msk=0x00000000 | SCISSOR 0,0..639,223 | TEST=0x000000000005008B | TEX0 tbp=0x0 tbw=8 psm=0x2C tw=512 th=512 tfx=0 | V0(2073.5,2055.0) V1(2080.5,2064.0) uv0(8008,8) uv1(8112,288) | XYOFFSET ofx=1728 ofy=1936 -> screen (345,119)..(352,128)
[p4:gs-sprite] #599500 ctx=0 tme=1 abe=1 FRAME fbp=0x0 fbw=10 psm=0x1 msk=0x00000000 | SCISSOR 0,0..639,223 | TEST=0x000000000005008B | TEX0 tbp=0x0 tbw=8 psm=0x2C tw=512 th=512 tfx=0 | V0(2204.0,2027.0) V1(2213.0,2036.0) uv0(1416,360) uv1(1552,640) | XYOFFSET ofx=1728 ofy=1936 -> screen (476,91)..(485,100)
[p4:gs-sprite] #600000 ctx=0 tme=1 abe=1 FRAME fbp=0x0 fbw=10 psm=0x1 msk=0x00000000 | SCISSOR 0,0..639,223 | TEST=0x000000000005008B | TEX0 tbp=0x0 tbw=8 psm=0x2C tw=512 th=512 tfx=0 | V0(2177.5,2013.0) V1(2184.5,2022.0) uv0(8008,8) uv1(8112,288) | XYOFFSET ofx=1728 ofy=1936 -> screen (449,77)..(456,86)
[p4:gs-sprite] #600500 ctx=0 tme=1 abe=1 FRAME fbp=0x0 fbw=10 psm=0x1 msk=0x00000000 | SCISSOR 0,0..639,223 | TEST=0x000000000005008B | TEX0 tbp=0x0 tbw=8 psm=0x2C tw=512 th=512 tfx=0 | V0(1973.5,2069.0) V1(1991.5,2079.0) uv0(3368,1096) uv1(3648,1408) | XYOFFSET ofx=1728 ofy=1936 -> screen (245,133)..(263,143)
[p4:clut] samples=344000000 nonzero=129507674 (37.65%) u=[0..507] v=[0..255] distinctIdx=256 topNonZeroIdx=0x03(28211319) psm=0x2C tbp0=0x0 tbw=8 cbp=0x3B40 csa=0
[p4:gs-sprite] #601000 ctx=0 tme=1 abe=1 FRAME fbp=0x0 fbw=10 psm=0x1 msk=0x00000000 | SCISSOR 0,0..639,223 | TEST=0x000000000005008B | TEX0 tbp=0x0 tbw=8 psm=0x2C tw=512 th=512 tfx=0 | V0(2066.0,2041.0) V1(2075.0,2050.0) uv0(6040,8) uv1(6176,288) | XYOFFSET ofx=1728 ofy=1936 -> screen (338,105)..(347,114)
[p4:gs-sprite] #601500 ctx=0 tme=1 abe=1 FRAME fbp=0x0 fbw=10 psm=0x1 msk=0x00000000 | SCISSOR 0,0..639,223 | TEST=0x000000000005008B | TEX0 tbp=0x0 tbw=8 psm=0x2C tw=512 th=512 tfx=0 | V0(1944.0,2027.0) V1(1953.0,2036.0) uv0(1416,360) uv1(1552,640) | XYOFFSET ofx=1728 ofy=1936 -> screen (216,91)..(225,100)
[p4:gs-sprite] #602000 ctx=0 tme=1 abe=1 FRAME fbp=0x0 fbw=10 psm=0x1 msk=0x00000000 | SCISSOR 0,0..639,223 | TEST=0x000000000005008B | TEX0 tbp=0x0 tbw=8 psm=0x2C tw=512 th=512 tfx=0 | V0(1886.5,2013.0) V1(1893.5,2022.0) uv0(8008,8) uv1(8112,288) | XYOFFSET ofx=1728 ofy=1936 -> screen (158,77)..(165,86)
[p4:gs-sprite] #602500 ctx=0 tme=1 abe=1 FRAME fbp=0x0 fbw=10 psm=0x1 msk=0x00000000 | SCISSOR 0,0..639,223 | TEST=0x000000000005008B | TEX0 tbp=0x0 tbw=8 psm=0x2C tw=512 th=512 tfx=0 | V0(1950.5,2055.0) V1(1958.5,2064.0) uv0(1288,360) uv1(1408,640) | XYOFFSET ofx=1728 ofy=1936 -> screen (222,119)..(230,128)
[p4:clut] samples=344500000 nonzero=129704310 (37.65%) u=[0..507] v=[0..255] distinctIdx=256 topNonZeroIdx=0x03(28301034) psm=0x2C tbp0=0x0 tbw=8 cbp=0x3B40 csa=0
[p4:gs-sprite] #603000 ctx=0 tme=1 abe=1 FRAME fbp=0x0 fbw=10 psm=0x1 msk=0x00000000 | SCISSOR 0,0..639,223 | TEST=0x000000000005008B | TEX0 tbp=0x0 tbw=8 psm=0x2C tw=512 th=512 tfx=0 | V0(2112.0,2027.0) V1(2117.0,2036.0) uv0(1784,360) uv1(1856,640) | XYOFFSET ofx=1728 ofy=1936 -> screen (384,91)..(389,100)
[p4:gs-sprite] #603500 ctx=0 tme=1 abe=1 FRAME fbp=0x0 fbw=10 psm=0x1 msk=0x00000000 | SCISSOR 0,0..639,223 | TEST=0x000000000005008B | TEX0 tbp=0x0 tbw=8 psm=0x2C tw=512 th=512 tfx=0 | V0(2066.5,2013.0) V1(2074.5,2024.0) uv0(2584,360) uv1(2704,704) | XYOFFSET ofx=1728 ofy=1936 -> screen (338,77)..(346,88)
[p4:gs-sprite] #604000 ctx=0 tme=1 abe=1 FRAME fbp=0x0 fbw=10 psm=0x1 msk=0x00000000 | SCISSOR 0,0..639,223 | TEST=0x000000000005008B | TEX0 tbp=0x0 tbw=8 psm=0x2C tw=512 th=512 tfx=0 | V0(2144.5,2055.0) V1(2152.5,2066.0) uv0(2584,360) uv1(2704,704) | XYOFFSET ofx=1728 ofy=1936 -> screen (416,119)..(424,130)
[p4:gs-sprite] #604500 ctx=0 tme=1 abe=1 FRAME fbp=0x0 fbw=10 psm=0x1 msk=0x00000000 | SCISSOR 0,0..639,223 | TEST=0x000000000005008B | TEX0 tbp=0x0 tbw=8 psm=0x2C tw=512 th=512 tfx=0 | V0(1939.0,2041.0) V1(1942.0,2050.0) uv0(872,360) uv1(912,640) | XYOFFSET ofx=1728 ofy=1936 -> screen (211,105)..(214,114)
[p4:clut] samples=345000000 nonzero=129901293 (37.65%) u=[0..507] v=[0..255] distinctIdx=256 topNonZeroIdx=0x03(28390978) psm=0x2C tbp0=0x0 tbw=8 cbp=0x3B40 csa=0
[p4:gs-sprite] #605000 ctx=0 tme=1 abe=1 FRAME fbp=0x0 fbw=10 psm=0x1 msk=0x00000000 | SCISSOR 0,0..639,223 | TEST=0x000000000005008B | TEX0 tbp=0x0 tbw=8 psm=0x2C tw=512 th=512 tfx=0 | V0(2235.5,2013.0) V1(2243.5,2022.0) uv0(1288,360) uv1(1408,640) | XYOFFSET ofx=1728 ofy=1936 -> screen (507,77)..(515,86)
[p4:gs-sprite] #605500 ctx=0 tme=1 abe=1 FRAME fbp=0x0 fbw=10 psm=0x1 msk=0x00000000 | SCISSOR 0,0..639,223 | TEST=0x000000000005008B | TEX0 tbp=0x0 tbw=8 psm=0x2C tw=512 th=512 tfx=0 | V0(2060.5,2069.0) V1(2081.5,2079.5) uv0(5112,1432) uv1(5440,1760) | XYOFFSET ofx=1728 ofy=1936 -> screen (332,133)..(353,143)
[p4:gs-sprite] #606000 ctx=0 tme=1 abe=1 FRAME fbp=0x0 fbw=10 psm=0x1 msk=0x00000000 | SCISSOR 0,0..639,223 | TEST=0x000000000005008B | TEX0 tbp=0x0 tbw=8 psm=0x2C tw=512 th=512 tfx=0 | V0(2124.0,2041.0) V1(2130.0,2050.0) uv0(1960,360) uv1(2048,640) | XYOFFSET ofx=1728 ofy=1936 -> screen (396,105)..(402,114)
[p4:clut] samples=345500000 nonzero=130097896 (37.65%) u=[0..507] v=[0..255] distinctIdx=256 topNonZeroIdx=0x03(28480612) psm=0x2C tbp0=0x0 tbw=8 cbp=0x3B40 csa=0
[p4:gs-sprite] #606500 ctx=0 tme=1 abe=1 FRAME fbp=0x0 fbw=10 psm=0x1 msk=0x00000000 | SCISSOR 0,0..639,223 | TEST=0x000000000005008B | TEX0 tbp=0x0 tbw=8 psm=0x2C tw=512 th=512 tfx=0 | V0(2001.0,2027.0) V1(2006.0,2036.0) uv0(1784,360) uv1(1856,640) | XYOFFSET ofx=1728 ofy=1936 -> screen (273,91)..(278,100)
[p4:gs-sprite] #607000 ctx=0 tme=1 abe=1 FRAME fbp=0x0 fbw=10 psm=0x1 msk=0x00000000 | SCISSOR 0,0..639,223 | TEST=0x000000000005008B | TEX0 tbp=0x0 tbw=8 psm=0x2C tw=512 th=512 tfx=0 | V0(1956.5,2013.0) V1(1964.5,2022.0) uv0(744,360) uv1(864,640) | XYOFFSET ofx=1728 ofy=1936 -> screen (228,77)..(236,86)
[p4:gs-sprite] #607500 ctx=0 tme=1 abe=1 FRAME fbp=0x0 fbw=10 psm=0x1 msk=0x00000000 | SCISSOR 0,0..639,223 | TEST=0x000000000005008B | TEX0 tbp=0x0 tbw=8 psm=0x2C tw=512 th=512 tfx=0 | V0(2018.5,2055.0) V1(2023.5,2064.0) uv0(1784,360) uv1(1856,640) | XYOFFSET ofx=1728 ofy=1936 -> screen (290,119)..(295,128)
[p4:gs-sprite] #608000 ctx=0 tme=1 abe=1 FRAME fbp=0x0 fbw=10 psm=0x1 msk=0x00000000 | SCISSOR 0,0..639,223 | TEST=0x000000000005008B | TEX0 tbp=0x0 tbw=8 psm=0x2C tw=512 th=512 tfx=0 | V0(2164.0,2027.0) V1(2172.0,2036.0) uv0(6184,8) uv1(6304,288) | XYOFFSET ofx=1728 ofy=1936 -> screen (436,91)..(444,100)
[p4:clut] samples=346000000 nonzero=130294299 (37.66%) u=[0..507] v=[0..255] distinctIdx=256 topNonZeroIdx=0x03(28570220) psm=0x2C tbp0=0x0 tbw=8 cbp=0x3B40 csa=0
[p4:gs-sprite] #608500 ctx=0 tme=1 abe=1 FRAME fbp=0x0 fbw=10 psm=0x1 msk=0x00000000 | SCISSOR 0,0..639,223 | TEST=0x000000000005008B | TEX0 tbp=0x0 tbw=8 psm=0x2C tw=512 th=512 tfx=0 | V0(2124.5,2013.0) V1(2132.5,2022.0) uv0(488,360) uv1(608,640) | XYOFFSET ofx=1728 ofy=1936 -> screen (396,77)..(404,86)
[p4:gs-sprite] #609000 ctx=0 tme=1 abe=1 FRAME fbp=0x0 fbw=10 psm=0x1 msk=0x00000000 | SCISSOR 0,0..639,223 | TEST=0x000000000005008B | TEX0 tbp=0x0 tbw=8 psm=0x2C tw=512 th=512 tfx=0 | V0(2202.5,2055.0) V1(2210.5,2064.0) uv0(488,360) uv1(608,640) | XYOFFSET ofx=1728 ofy=1936 -> screen (474,119)..(482,128)
[p4:gs-sprite] #609500 ctx=0 tme=1 abe=1 FRAME fbp=0x0 fbw=10 psm=0x1 msk=0x00000000 | SCISSOR 0,0..639,223 | TEST=0x000000000005008B | TEX0 tbp=0x0 tbw=8 psm=0x2C tw=512 th=512 tfx=0 | V0(1998.0,2041.0) V1(2008.0,2050.0) uv0(5592,8) uv1(5744,288) | XYOFFSET ofx=1728 ofy=1936 -> screen (270,105)..(280,114)
[p4:gs-sprite] #610000 ctx=0 tme=1 abe=1 FRAME fbp=0x0 fbw=10 psm=0x1 msk=0x00000000 | SCISSOR 0,0..639,223 | TEST=0x000000000005008B | TEX0 tbp=0x0 tbw=8 psm=0x2C tw=512 th=512 tfx=0 | V0(1881.0,2027.0) V1(1889.0,2036.0) uv0(744,360) uv1(864,640) | XYOFFSET ofx=1728 ofy=1936 -> screen (153,91)..(161,100)
[p4:clut] samples=346500000 nonzero=130491039 (37.66%) u=[0..507] v=[0..255] distinctIdx=256 topNonZeroIdx=0x03(28659982) psm=0x2C tbp0=0x0 tbw=8 cbp=0x3B40 csa=0
[p4:gs-sprite] #610500 ctx=0 tme=0 abe=0 FRAME fbp=0x0 fbw=10 psm=0x1 msk=0x00000000 | SCISSOR 0,0..639,223 | TEST=0x000000000005008B | TEX0 tbp=0x0 tbw=0 psm=0x0 tw=1 th=1 tfx=0 | V0(1829.0,2007.0) V1(2267.0,2087.0) uv0(0,0) uv1(0,0) | XYOFFSET ofx=1728 ofy=1936 -> screen (101,71)..(539,151)
[p4:gs-sprite] #611000 ctx=0 tme=1 abe=1 FRAME fbp=0x0 fbw=10 psm=0x1 msk=0x00000000 | SCISSOR 0,0..639,223 | TEST=0x000000000005008B | TEX0 tbp=0x0 tbw=8 psm=0x2C tw=512 th=512 tfx=0 | V0(1888.5,2055.0) V1(1896.5,2066.0) uv0(2584,360) uv1(2704,704) | XYOFFSET ofx=1728 ofy=1936 -> screen (160,119)..(168,130)
[p4:gs-sprite] #611500 ctx=0 tme=1 abe=1 FRAME fbp=0x0 fbw=10 psm=0x1 msk=0x00000000 | SCISSOR 0,0..639,223 | TEST=0x000000000005008B | TEX0 tbp=0x0 tbw=8 psm=0x2C tw=512 th=512 tfx=0 | V0(2057.0,2027.0) V1(2066.0,2036.0) uv0(3912,8) uv1(4048,288) | XYOFFSET ofx=1728 ofy=1936 -> screen (329,91)..(338,100)
[p4:clut] samples=347000000 nonzero=130687835 (37.66%) u=[0..507] v=[0..255] distinctIdx=256 topNonZeroIdx=0x03(28749762) psm=0x2C tbp0=0x0 tbw=8 cbp=0x3B40 csa=0
[p4:gs-sprite] #612000 ctx=0 tme=1 abe=1 FRAME fbp=0x0 fbw=10 psm=0x1 msk=0x00000000 | SCISSOR 0,0..639,223 | TEST=0x000000000005008B | TEX0 tbp=0x0 tbw=8 psm=0x2C tw=512 th=512 tfx=0 | V0(2017.5,2013.0) V1(2024.5,2022.0) uv0(2056,360) uv1(2160,640) | XYOFFSET ofx=1728 ofy=1936 -> screen (289,77)..(296,86)
[p4:gs-sprite] #612500 ctx=0 tme=1 abe=1 FRAME fbp=0x0 fbw=10 psm=0x1 msk=0x00000000 | SCISSOR 0,0..639,223 | TEST=0x000000000005008B | TEX0 tbp=0x0 tbw=8 psm=0x2C tw=512 th=512 tfx=0 | V0(2073.5,2055.0) V1(2080.5,2064.0) uv0(8008,8) uv1(8112,288) | XYOFFSET ofx=1728 ofy=1936 -> screen (345,119)..(352,128)
[p4:gs-sprite] #613000 ctx=0 tme=1 abe=1 FRAME fbp=0x0 fbw=10 psm=0x1 msk=0x00000000 | SCISSOR 0,0..639,223 | TEST=0x000000000005008B | TEX0 tbp=0x0 tbw=8 psm=0x2C tw=512 th=512 tfx=0 | V0(2204.0,2027.0) V1(2213.0,2036.0) uv0(1416,360) uv1(1552,640) | XYOFFSET ofx=1728 ofy=1936 -> screen (476,91)..(485,100)
[p4:vbl] ticks=9000
[p4:gs-sprite] #613500 ctx=0 tme=1 abe=1 FRAME fbp=0x0 fbw=10 psm=0x1 msk=0x00000000 | SCISSOR 0,0..639,223 | TEST=0x000000000005008B | TEX0 tbp=0x0 tbw=8 psm=0x2C tw=512 th=512 tfx=0 | V0(2177.5,2013.0) V1(2184.5,2022.0) uv0(8008,8) uv1(8112,288) | XYOFFSET ofx=1728 ofy=1936 -> screen (449,77)..(456,86)
[p4:clut] samples=347500000 nonzero=130884645 (37.66%) u=[0..507] v=[0..255] distinctIdx=256 topNonZeroIdx=0x03(28839594) psm=0x2C tbp0=0x0 tbw=8 cbp=0x3B40 csa=0
[p4:gs-sprite] #614000 ctx=0 tme=1 abe=1 FRAME fbp=0x0 fbw=10 psm=0x1 msk=0x00000000 | SCISSOR 0,0..639,223 | TEST=0x000000000005008B | TEX0 tbp=0x0 tbw=8 psm=0x2C tw=512 th=512 tfx=0 | V0(1973.5,2069.0) V1(1991.5,2079.0) uv0(3368,1096) uv1(3648,1408) | XYOFFSET ofx=1728 ofy=1936 -> screen (245,133)..(263,143)
[p4:gs-sprite] #614500 ctx=0 tme=1 abe=1 FRAME fbp=0x0 fbw=10 psm=0x1 msk=0x00000000 | SCISSOR 0,0..639,223 | TEST=0x000000000005008B | TEX0 tbp=0x0 tbw=8 psm=0x2C tw=512 th=512 tfx=0 | V0(2066.0,2041.0) V1(2075.0,2050.0) uv0(6040,8) uv1(6176,288) | XYOFFSET ofx=1728 ofy=1936 -> screen (338,105)..(347,114)
[p4:gs-sprite] #615000 ctx=0 tme=1 abe=1 FRAME fbp=0x0 fbw=10 psm=0x1 msk=0x00000000 | SCISSOR 0,0..639,223 | TEST=0x000000000005008B | TEX0 tbp=0x0 tbw=8 psm=0x2C tw=512 th=512 tfx=0 | V0(1944.0,2027.0) V1(1953.0,2036.0) uv0(1416,360) uv1(1552,640) | XYOFFSET ofx=1728 ofy=1936 -> screen (216,91)..(225,100)
[p4:gs-sprite] #615500 ctx=0 tme=1 abe=1 FRAME fbp=0x0 fbw=10 psm=0x1 msk=0x00000000 | SCISSOR 0,0..639,223 | TEST=0x000000000005008B | TEX0 tbp=0x0 tbw=8 psm=0x2C tw=512 th=512 tfx=0 | V0(1886.5,2013.0) V1(1893.5,2022.0) uv0(8008,8) uv1(8112,288) | XYOFFSET ofx=1728 ofy=1936 -> screen (158,77)..(165,86)
[p4:clut] samples=348000000 nonzero=131081145 (37.67%) u=[0..507] v=[0..255] distinctIdx=256 topNonZeroIdx=0x03(28929254) psm=0x2C tbp0=0x0 tbw=8 cbp=0x3B40 csa=0
[p4:gs-sprite] #616000 ctx=0 tme=1 abe=1 FRAME fbp=0x0 fbw=10 psm=0x1 msk=0x00000000 | SCISSOR 0,0..639,223 | TEST=0x000000000005008B | TEX0 tbp=0x0 tbw=8 psm=0x2C tw=512 th=512 tfx=0 | V0(1950.5,2055.0) V1(1958.5,2064.0) uv0(1288,360) uv1(1408,640) | XYOFFSET ofx=1728 ofy=1936 -> screen (222,119)..(230,128)
[p4:gs-sprite] #616500 ctx=0 tme=1 abe=1 FRAME fbp=0x0 fbw=10 psm=0x1 msk=0x00000000 | SCISSOR 0,0..639,223 | TEST=0x000000000005008B | TEX0 tbp=0x0 tbw=8 psm=0x2C tw=512 th=512 tfx=0 | V0(2112.0,2027.0) V1(2117.0,2036.0) uv0(1784,360) uv1(1856,640) | XYOFFSET ofx=1728 ofy=1936 -> screen (384,91)..(389,100)
[p4:gs-sprite] #617000 ctx=0 tme=1 abe=1 FRAME fbp=0x0 fbw=10 psm=0x1 msk=0x00000000 | SCISSOR 0,0..639,223 | TEST=0x000000000005008B | TEX0 tbp=0x0 tbw=8 psm=0x2C tw=512 th=512 tfx=0 | V0(2066.5,2013.0) V1(2074.5,2024.0) uv0(2584,360) uv1(2704,704) | XYOFFSET ofx=1728 ofy=1936 -> screen (338,77)..(346,88)
[p4:gs-sprite] #617500 ctx=0 tme=1 abe=1 FRAME fbp=0x0 fbw=10 psm=0x1 msk=0x00000000 | SCISSOR 0,0..639,223 | TEST=0x000000000005008B | TEX0 tbp=0x0 tbw=8 psm=0x2C tw=512 th=512 tfx=0 | V0(2144.5,2055.0) V1(2152.5,2066.0) uv0(2584,360) uv1(2704,704) | XYOFFSET ofx=1728 ofy=1936 -> screen (416,119)..(424,130)
[p4:clut] samples=348500000 nonzero=131277680 (37.67%) u=[0..507] v=[0..255] distinctIdx=256 topNonZeroIdx=0x03(29018875) psm=0x2C tbp0=0x0 tbw=8 cbp=0x3B40 csa=0
[p4:gs-sprite] #618000 ctx=0 tme=1 abe=1 FRAME fbp=0x0 fbw=10 psm=0x1 msk=0x00000000 | SCISSOR 0,0..639,223 | TEST=0x000000000005008B | TEX0 tbp=0x0 tbw=8 psm=0x2C tw=512 th=512 tfx=0 | V0(1939.0,2041.0) V1(1942.0,2050.0) uv0(872,360) uv1(912,640) | XYOFFSET ofx=1728 ofy=1936 -> screen (211,105)..(214,114)
[p4:gs-sprite] #618500 ctx=0 tme=1 abe=1 FRAME fbp=0x0 fbw=10 psm=0x1 msk=0x00000000 | SCISSOR 0,0..639,223 | TEST=0x000000000005008B | TEX0 tbp=0x0 tbw=8 psm=0x2C tw=512 th=512 tfx=0 | V0(2235.5,2013.0) V1(2243.5,2022.0) uv0(1288,360) uv1(1408,640) | XYOFFSET ofx=1728 ofy=1936 -> screen (507,77)..(515,86)
[p4:gs-sprite] #619000 ctx=0 tme=1 abe=1 FRAME fbp=0x0 fbw=10 psm=0x1 msk=0x00000000 | SCISSOR 0,0..639,223 | TEST=0x000000000005008B | TEX0 tbp=0x0 tbw=8 psm=0x2C tw=512 th=512 tfx=0 | V0(2060.5,2069.0) V1(2081.5,2079.5) uv0(5112,1432) uv1(5440,1760) | XYOFFSET ofx=1728 ofy=1936 -> screen (332,133)..(353,143)
[p4:clut] samples=349000000 nonzero=131474338 (37.67%) u=[0..507] v=[0..255] distinctIdx=256 topNonZeroIdx=0x03(29108594) psm=0x2C tbp0=0x0 tbw=8 cbp=0x3B40 csa=0
[p4:gs-sprite] #619500 ctx=0 tme=1 abe=1 FRAME fbp=0x0 fbw=10 psm=0x1 msk=0x00000000 | SCISSOR 0,0..639,223 | TEST=0x000000000005008B | TEX0 tbp=0x0 tbw=8 psm=0x2C tw=512 th=512 tfx=0 | V0(2124.0,2041.0) V1(2130.0,2050.0) uv0(1960,360) uv1(2048,640) | XYOFFSET ofx=1728 ofy=1936 -> screen (396,105)..(402,114)
[p4:gs-sprite] #620000 ctx=0 tme=1 abe=1 FRAME fbp=0x0 fbw=10 psm=0x1 msk=0x00000000 | SCISSOR 0,0..639,223 | TEST=0x000000000005008B | TEX0 tbp=0x0 tbw=8 psm=0x2C tw=512 th=512 tfx=0 | V0(2001.0,2027.0) V1(2006.0,2036.0) uv0(1784,360) uv1(1856,640) | XYOFFSET ofx=1728 ofy=1936 -> screen (273,91)..(278,100)
[p4:gs-sprite] #620500 ctx=0 tme=1 abe=1 FRAME fbp=0x0 fbw=10 psm=0x1 msk=0x00000000 | SCISSOR 0,0..639,223 | TEST=0x000000000005008B | TEX0 tbp=0x0 tbw=8 psm=0x2C tw=512 th=512 tfx=0 | V0(1956.5,2013.0) V1(1964.5,2022.0) uv0(744,360) uv1(864,640) | XYOFFSET ofx=1728 ofy=1936 -> screen (228,77)..(236,86)
[p4:gs-sprite] #621000 ctx=0 tme=1 abe=1 FRAME fbp=0x0 fbw=10 psm=0x1 msk=0x00000000 | SCISSOR 0,0..639,223 | TEST=0x000000000005008B | TEX0 tbp=0x0 tbw=8 psm=0x2C tw=512 th=512 tfx=0 | V0(2018.5,2055.0) V1(2023.5,2064.0) uv0(1784,360) uv1(1856,640) | XYOFFSET ofx=1728 ofy=1936 -> screen (290,119)..(295,128)
[p4:clut] samples=349500000 nonzero=131671251 (37.67%) u=[0..507] v=[0..255] distinctIdx=256 topNonZeroIdx=0x03(29198452) psm=0x2C tbp0=0x0 tbw=8 cbp=0x3B40 csa=0
[p4:gs-sprite] #621500 ctx=0 tme=1 abe=1 FRAME fbp=0x0 fbw=10 psm=0x1 msk=0x00000000 | SCISSOR 0,0..639,223 | TEST=0x000000000005008B | TEX0 tbp=0x0 tbw=8 psm=0x2C tw=512 th=512 tfx=0 | V0(2164.0,2027.0) V1(2172.0,2036.0) uv0(6184,8) uv1(6304,288) | XYOFFSET ofx=1728 ofy=1936 -> screen (436,91)..(444,100)
[p4:gs-sprite] #622000 ctx=0 tme=1 abe=1 FRAME fbp=0x0 fbw=10 psm=0x1 msk=0x00000000 | SCISSOR 0,0..639,223 | TEST=0x000000000005008B | TEX0 tbp=0x0 tbw=8 psm=0x2C tw=512 th=512 tfx=0 | V0(2124.5,2013.0) V1(2132.5,2022.0) uv0(488,360) uv1(608,640) | XYOFFSET ofx=1728 ofy=1936 -> screen (396,77)..(404,86)
[p4:gs-sprite] #622500 ctx=0 tme=1 abe=1 FRAME fbp=0x0 fbw=10 psm=0x1 msk=0x00000000 | SCISSOR 0,0..639,223 | TEST=0x000000000005008B | TEX0 tbp=0x0 tbw=8 psm=0x2C tw=512 th=512 tfx=0 | V0(2202.5,2055.0) V1(2210.5,2064.0) uv0(488,360) uv1(608,640) | XYOFFSET ofx=1728 ofy=1936 -> screen (474,119)..(482,128)
[p4:gs-sprite] #623000 ctx=0 tme=1 abe=1 FRAME fbp=0x0 fbw=10 psm=0x1 msk=0x00000000 | SCISSOR 0,0..639,223 | TEST=0x000000000005008B | TEX0 tbp=0x0 tbw=8 psm=0x2C tw=512 th=512 tfx=0 | V0(1998.0,2041.0) V1(2008.0,2050.0) uv0(5592,8) uv1(5744,288) | XYOFFSET ofx=1728 ofy=1936 -> screen (270,105)..(280,114)
[p4:clut] samples=350000000 nonzero=131868037 (37.68%) u=[0..507] v=[0..255] distinctIdx=256 topNonZeroIdx=0x03(29288224) psm=0x2C tbp0=0x0 tbw=8 cbp=0x3B40 csa=0
[p4:gs-sprite] #623500 ctx=0 tme=1 abe=1 FRAME fbp=0x0 fbw=10 psm=0x1 msk=0x00000000 | SCISSOR 0,0..639,223 | TEST=0x000000000005008B | TEX0 tbp=0x0 tbw=8 psm=0x2C tw=512 th=512 tfx=0 | V0(1881.0,2027.0) V1(1889.0,2036.0) uv0(744,360) uv1(864,640) | XYOFFSET ofx=1728 ofy=1936 -> screen (153,91)..(161,100)
[p4:gs-sprite] #624000 ctx=0 tme=0 abe=0 FRAME fbp=0x0 fbw=10 psm=0x1 msk=0x00000000 | SCISSOR 0,0..639,223 | TEST=0x000000000005008B | TEX0 tbp=0x0 tbw=0 psm=0x0 tw=1 th=1 tfx=0 | V0(1829.0,2007.0) V1(2267.0,2087.0) uv0(0,0) uv1(0,0) | XYOFFSET ofx=1728 ofy=1936 -> screen (101,71)..(539,151)
[p4:gs-sprite] #624500 ctx=0 tme=1 abe=1 FRAME fbp=0x0 fbw=10 psm=0x1 msk=0x00000000 | SCISSOR 0,0..639,223 | TEST=0x000000000005008B | TEX0 tbp=0x0 tbw=8 psm=0x2C tw=512 th=512 tfx=0 | V0(1888.5,2055.0) V1(1896.5,2066.0) uv0(2584,360) uv1(2704,704) | XYOFFSET ofx=1728 ofy=1936 -> screen (160,119)..(168,130)
[p4:gs-sprite] #625000 ctx=0 tme=1 abe=1 FRAME fbp=0x0 fbw=10 psm=0x1 msk=0x00000000 | SCISSOR 0,0..639,223 | TEST=0x000000000005008B | TEX0 tbp=0x0 tbw=8 psm=0x2C tw=512 th=512 tfx=0 | V0(2057.0,2027.0) V1(2066.0,2036.0) uv0(3912,8) uv1(4048,288) | XYOFFSET ofx=1728 ofy=1936 -> screen (329,91)..(338,100)
[p4:clut] samples=350500000 nonzero=132064492 (37.68%) u=[0..507] v=[0..255] distinctIdx=256 topNonZeroIdx=0x03(29377850) psm=0x2C tbp0=0x0 tbw=8 cbp=0x3B40 csa=0
[p4:gs-sprite] #625500 ctx=0 tme=1 abe=1 FRAME fbp=0x0 fbw=10 psm=0x1 msk=0x00000000 | SCISSOR 0,0..639,223 | TEST=0x000000000005008B | TEX0 tbp=0x0 tbw=8 psm=0x2C tw=512 th=512 tfx=0 | V0(2017.5,2013.0) V1(2024.5,2022.0) uv0(2056,360) uv1(2160,640) | XYOFFSET ofx=1728 ofy=1936 -> screen (289,77)..(296,86)
[p4:gs-sprite] #626000 ctx=0 tme=1 abe=1 FRAME fbp=0x0 fbw=10 psm=0x1 msk=0x00000000 | SCISSOR 0,0..639,223 | TEST=0x000000000005008B | TEX0 tbp=0x0 tbw=8 psm=0x2C tw=512 th=512 tfx=0 | V0(2073.5,2055.0) V1(2080.5,2064.0) uv0(8008,8) uv1(8112,288) | XYOFFSET ofx=1728 ofy=1936 -> screen (345,119)..(352,128)
[p4:gs-sprite] #626500 ctx=0 tme=1 abe=1 FRAME fbp=0x0 fbw=10 psm=0x1 msk=0x00000000 | SCISSOR 0,0..639,223 | TEST=0x000000000005008B | TEX0 tbp=0x0 tbw=8 psm=0x2C tw=512 th=512 tfx=0 | V0(2204.0,2027.0) V1(2213.0,2036.0) uv0(1416,360) uv1(1552,640) | XYOFFSET ofx=1728 ofy=1936 -> screen (476,91)..(485,100)
[p4:clut] samples=351000000 nonzero=132261008 (37.68%) u=[0..507] v=[0..255] distinctIdx=256 topNonZeroIdx=0x03(29467464) psm=0x2C tbp0=0x0 tbw=8 cbp=0x3B40 csa=0
[p4:gs-sprite] #627000 ctx=0 tme=1 abe=1 FRAME fbp=0x0 fbw=10 psm=0x1 msk=0x00000000 | SCISSOR 0,0..639,223 | TEST=0x000000000005008B | TEX0 tbp=0x0 tbw=8 psm=0x2C tw=512 th=512 tfx=0 | V0(2177.5,2013.0) V1(2184.5,2022.0) uv0(8008,8) uv1(8112,288) | XYOFFSET ofx=1728 ofy=1936 -> screen (449,77)..(456,86)
[p4:gs-sprite] #627500 ctx=0 tme=1 abe=1 FRAME fbp=0x0 fbw=10 psm=0x1 msk=0x00000000 | SCISSOR 0,0..639,223 | TEST=0x000000000005008B | TEX0 tbp=0x0 tbw=8 psm=0x2C tw=512 th=512 tfx=0 | V0(1973.5,2069.0) V1(1991.5,2079.0) uv0(3368,1096) uv1(3648,1408) | XYOFFSET ofx=1728 ofy=1936 -> screen (245,133)..(263,143)
[p4:gs-sprite] #628000 ctx=0 tme=1 abe=1 FRAME fbp=0x0 fbw=10 psm=0x1 msk=0x00000000 | SCISSOR 0,0..639,223 | TEST=0x000000000005008B | TEX0 tbp=0x0 tbw=8 psm=0x2C tw=512 th=512 tfx=0 | V0(2066.0,2041.0) V1(2075.0,2050.0) uv0(6040,8) uv1(6176,288) | XYOFFSET ofx=1728 ofy=1936 -> screen (338,105)..(347,114)
[p4:gs-sprite] #628500 ctx=0 tme=1 abe=1 FRAME fbp=0x0 fbw=10 psm=0x1 msk=0x00000000 | SCISSOR 0,0..639,223 | TEST=0x000000000005008B | TEX0 tbp=0x0 tbw=8 psm=0x2C tw=512 th=512 tfx=0 | V0(1944.0,2027.0) V1(1953.0,2036.0) uv0(1416,360) uv1(1552,640) | XYOFFSET ofx=1728 ofy=1936 -> screen (216,91)..(225,100)
[p4:clut] samples=351500000 nonzero=132457642 (37.68%) u=[0..507] v=[0..255] distinctIdx=256 topNonZeroIdx=0x03(29557180) psm=0x2C tbp0=0x0 tbw=8 cbp=0x3B40 csa=0
[p4:gs-sprite] #629000 ctx=0 tme=1 abe=1 FRAME fbp=0x0 fbw=10 psm=0x1 msk=0x00000000 | SCISSOR 0,0..639,223 | TEST=0x000000000005008B | TEX0 tbp=0x0 tbw=8 psm=0x2C tw=512 th=512 tfx=0 | V0(1886.5,2013.0) V1(1893.5,2022.0) uv0(8008,8) uv1(8112,288) | XYOFFSET ofx=1728 ofy=1936 -> screen (158,77)..(165,86)
[p4:gs-sprite] #629500 ctx=0 tme=1 abe=1 FRAME fbp=0x0 fbw=10 psm=0x1 msk=0x00000000 | SCISSOR 0,0..639,223 | TEST=0x000000000005008B | TEX0 tbp=0x0 tbw=8 psm=0x2C tw=512 th=512 tfx=0 | V0(1950.5,2055.0) V1(1958.5,2064.0) uv0(1288,360) uv1(1408,640) | XYOFFSET ofx=1728 ofy=1936 -> screen (222,119)..(230,128)
[p4:gs-sprite] #630000 ctx=0 tme=1 abe=1 FRAME fbp=0x0 fbw=10 psm=0x1 msk=0x00000000 | SCISSOR 0,0..639,223 | TEST=0x000000000005008B | TEX0 tbp=0x0 tbw=8 psm=0x2C tw=512 th=512 tfx=0 | V0(2112.0,2027.0) V1(2117.0,2036.0) uv0(1784,360) uv1(1856,640) | XYOFFSET ofx=1728 ofy=1936 -> screen (384,91)..(389,100)
[p4:gs-sprite] #630500 ctx=0 tme=1 abe=1 FRAME fbp=0x0 fbw=10 psm=0x1 msk=0x00000000 | SCISSOR 0,0..639,223 | TEST=0x000000000005008B | TEX0 tbp=0x0 tbw=8 psm=0x2C tw=512 th=512 tfx=0 | V0(2066.5,2013.0) V1(2074.5,2024.0) uv0(2584,360) uv1(2704,704) | XYOFFSET ofx=1728 ofy=1936 -> screen (338,77)..(346,88)
[p4:clut] samples=352000000 nonzero=132654648 (37.69%) u=[0..507] v=[0..255] distinctIdx=256 topNonZeroIdx=0x03(29647144) psm=0x2C tbp0=0x0 tbw=8 cbp=0x3B40 csa=0
[p4:gs-sprite] #631000 ctx=0 tme=1 abe=1 FRAME fbp=0x0 fbw=10 psm=0x1 msk=0x00000000 | SCISSOR 0,0..639,223 | TEST=0x000000000005008B | TEX0 tbp=0x0 tbw=8 psm=0x2C tw=512 th=512 tfx=0 | V0(2144.5,2055.0) V1(2152.5,2066.0) uv0(2584,360) uv1(2704,704) | XYOFFSET ofx=1728 ofy=1936 -> screen (416,119)..(424,130)
[p4:gs-sprite] #631500 ctx=0 tme=1 abe=1 FRAME fbp=0x0 fbw=10 psm=0x1 msk=0x00000000 | SCISSOR 0,0..639,223 | TEST=0x000000000005008B | TEX0 tbp=0x0 tbw=8 psm=0x2C tw=512 th=512 tfx=0 | V0(1939.0,2041.0) V1(1942.0,2050.0) uv0(872,360) uv1(912,640) | XYOFFSET ofx=1728 ofy=1936 -> screen (211,105)..(214,114)
[p4:gs-sprite] #632000 ctx=0 tme=1 abe=1 FRAME fbp=0x0 fbw=10 psm=0x1 msk=0x00000000 | SCISSOR 0,0..639,223 | TEST=0x000000000005008B | TEX0 tbp=0x0 tbw=8 psm=0x2C tw=512 th=512 tfx=0 | V0(2235.5,2013.0) V1(2243.5,2022.0) uv0(1288,360) uv1(1408,640) | XYOFFSET ofx=1728 ofy=1936 -> screen (507,77)..(515,86)
[p4:clut] samples=352500000 nonzero=132851177 (37.69%) u=[0..507] v=[0..255] distinctIdx=256 topNonZeroIdx=0x03(29736758) psm=0x2C tbp0=0x0 tbw=8 cbp=0x3B40 csa=0
[p4:gs-sprite] #632500 ctx=0 tme=1 abe=1 FRAME fbp=0x0 fbw=10 psm=0x1 msk=0x00000000 | SCISSOR 0,0..639,223 | TEST=0x000000000005008B | TEX0 tbp=0x0 tbw=8 psm=0x2C tw=512 th=512 tfx=0 | V0(2060.5,2069.0) V1(2081.5,2079.5) uv0(5112,1432) uv1(5440,1760) | XYOFFSET ofx=1728 ofy=1936 -> screen (332,133)..(353,143)
[p4:gs-sprite] #633000 ctx=0 tme=1 abe=1 FRAME fbp=0x0 fbw=10 psm=0x1 msk=0x00000000 | SCISSOR 0,0..639,223 | TEST=0x000000000005008B | TEX0 tbp=0x0 tbw=8 psm=0x2C tw=512 th=512 tfx=0 | V0(2124.0,2041.0) V1(2130.0,2050.0) uv0(1960,360) uv1(2048,640) | XYOFFSET ofx=1728 ofy=1936 -> screen (396,105)..(402,114)
[p4:gs-sprite] #633500 ctx=0 tme=1 abe=1 FRAME fbp=0x0 fbw=10 psm=0x1 msk=0x00000000 | SCISSOR 0,0..639,223 | TEST=0x000000000005008B | TEX0 tbp=0x0 tbw=8 psm=0x2C tw=512 th=512 tfx=0 | V0(2001.0,2027.0) V1(2006.0,2036.0) uv0(1784,360) uv1(1856,640) | XYOFFSET ofx=1728 ofy=1936 -> screen (273,91)..(278,100)
[p4:gs-sprite] #634000 ctx=0 tme=1 abe=1 FRAME fbp=0x0 fbw=10 psm=0x1 msk=0x00000000 | SCISSOR 0,0..639,223 | TEST=0x000000000005008B | TEX0 tbp=0x0 tbw=8 psm=0x2C tw=512 th=512 tfx=0 | V0(1956.5,2013.0) V1(1964.5,2022.0) uv0(744,360) uv1(864,640) | XYOFFSET ofx=1728 ofy=1936 -> screen (228,77)..(236,86)
[p4:clut] samples=353000000 nonzero=133047697 (37.69%) u=[0..507] v=[0..255] distinctIdx=256 topNonZeroIdx=0x03(29826396) psm=0x2C tbp0=0x0 tbw=8 cbp=0x3B40 csa=0
[p4:gs-sprite] #634500 ctx=0 tme=1 abe=1 FRAME fbp=0x0 fbw=10 psm=0x1 msk=0x00000000 | SCISSOR 0,0..639,223 | TEST=0x000000000005008B | TEX0 tbp=0x0 tbw=8 psm=0x2C tw=512 th=512 tfx=0 | V0(2018.5,2055.0) V1(2023.5,2064.0) uv0(1784,360) uv1(1856,640) | XYOFFSET ofx=1728 ofy=1936 -> screen (290,119)..(295,128)
[p4:gs-sprite] #635000 ctx=0 tme=1 abe=1 FRAME fbp=0x0 fbw=10 psm=0x1 msk=0x00000000 | SCISSOR 0,0..639,223 | TEST=0x000000000005008B | TEX0 tbp=0x0 tbw=8 psm=0x2C tw=512 th=512 tfx=0 | V0(2164.0,2027.0) V1(2172.0,2036.0) uv0(6184,8) uv1(6304,288) | XYOFFSET ofx=1728 ofy=1936 -> screen (436,91)..(444,100)
[p4:gs-sprite] #635500 ctx=0 tme=1 abe=1 FRAME fbp=0x0 fbw=10 psm=0x1 msk=0x00000000 | SCISSOR 0,0..639,223 | TEST=0x000000000005008B | TEX0 tbp=0x0 tbw=8 psm=0x2C tw=512 th=512 tfx=0 | V0(2124.5,2013.0) V1(2132.5,2022.0) uv0(488,360) uv1(608,640) | XYOFFSET ofx=1728 ofy=1936 -> screen (396,77)..(404,86)
[p4:gs-sprite] #636000 ctx=0 tme=1 abe=1 FRAME fbp=0x0 fbw=10 psm=0x1 msk=0x00000000 | SCISSOR 0,0..639,223 | TEST=0x000000000005008B | TEX0 tbp=0x0 tbw=8 psm=0x2C tw=512 th=512 tfx=0 | V0(2202.5,2055.0) V1(2210.5,2064.0) uv0(488,360) uv1(608,640) | XYOFFSET ofx=1728 ofy=1936 -> screen (474,119)..(482,128)
[p4:clut] samples=353500000 nonzero=133244346 (37.69%) u=[0..507] v=[0..255] distinctIdx=256 topNonZeroIdx=0x03(29916116) psm=0x2C tbp0=0x0 tbw=8 cbp=0x3B40 csa=0
[p4:gs-sprite] #636500 ctx=0 tme=1 abe=1 FRAME fbp=0x0 fbw=10 psm=0x1 msk=0x00000000 | SCISSOR 0,0..639,223 | TEST=0x000000000005008B | TEX0 tbp=0x0 tbw=8 psm=0x2C tw=512 th=512 tfx=0 | V0(1998.0,2041.0) V1(2008.0,2050.0) uv0(5592,8) uv1(5744,288) | XYOFFSET ofx=1728 ofy=1936 -> screen (270,105)..(280,114)
[p4:gs-sprite] #637000 ctx=0 tme=1 abe=1 FRAME fbp=0x0 fbw=10 psm=0x1 msk=0x00000000 | SCISSOR 0,0..639,223 | TEST=0x000000000005008B | TEX0 tbp=0x0 tbw=8 psm=0x2C tw=512 th=512 tfx=0 | V0(1881.0,2027.0) V1(1889.0,2036.0) uv0(744,360) uv1(864,640) | XYOFFSET ofx=1728 ofy=1936 -> screen (153,91)..(161,100)
[p4:gs-sprite] #637500 ctx=0 tme=0 abe=0 FRAME fbp=0x0 fbw=10 psm=0x1 msk=0x00000000 | SCISSOR 0,0..639,223 | TEST=0x000000000005008B | TEX0 tbp=0x0 tbw=0 psm=0x0 tw=1 th=1 tfx=0 | V0(1829.0,2007.0) V1(2267.0,2087.0) uv0(0,0) uv1(0,0) | XYOFFSET ofx=1728 ofy=1936 -> screen (101,71)..(539,151)
[p4:gs-sprite] #638000 ctx=0 tme=1 abe=1 FRAME fbp=0x0 fbw=10 psm=0x1 msk=0x00000000 | SCISSOR 0,0..639,223 | TEST=0x000000000005008B | TEX0 tbp=0x0 tbw=8 psm=0x2C tw=512 th=512 tfx=0 | V0(1888.5,2055.0) V1(1896.5,2066.0) uv0(2584,360) uv1(2704,704) | XYOFFSET ofx=1728 ofy=1936 -> screen (160,119)..(168,130)
[p4:clut] samples=354000000 nonzero=133441251 (37.70%) u=[0..507] v=[0..255] distinctIdx=256 topNonZeroIdx=0x03(30005955) psm=0x2C tbp0=0x0 tbw=8 cbp=0x3B40 csa=0
[p4:gs-sprite] #638500 ctx=0 tme=1 abe=1 FRAME fbp=0x0 fbw=10 psm=0x1 msk=0x00000000 | SCISSOR 0,0..639,223 | TEST=0x000000000005008B | TEX0 tbp=0x0 tbw=8 psm=0x2C tw=512 th=512 tfx=0 | V0(2057.0,2027.0) V1(2066.0,2036.0) uv0(3912,8) uv1(4048,288) | XYOFFSET ofx=1728 ofy=1936 -> screen (329,91)..(338,100)
[p4:vbl] ticks=9300
[p4:gs-sprite] #639000 ctx=0 tme=1 abe=1 FRAME fbp=0x0 fbw=10 psm=0x1 msk=0x00000000 | SCISSOR 0,0..639,223 | TEST=0x000000000005008B | TEX0 tbp=0x0 tbw=8 psm=0x2C tw=512 th=512 tfx=0 | V0(2017.5,2013.0) V1(2024.5,2022.0) uv0(2056,360) uv1(2160,640) | XYOFFSET ofx=1728 ofy=1936 -> screen (289,77)..(296,86)
[p4:gs-sprite] #639500 ctx=0 tme=1 abe=1 FRAME fbp=0x0 fbw=10 psm=0x1 msk=0x00000000 | SCISSOR 0,0..639,223 | TEST=0x000000000005008B | TEX0 tbp=0x0 tbw=8 psm=0x2C tw=512 th=512 tfx=0 | V0(2073.5,2055.0) V1(2080.5,2064.0) uv0(8008,8) uv1(8112,288) | XYOFFSET ofx=1728 ofy=1936 -> screen (345,119)..(352,128)
[p4:clut] samples=354500000 nonzero=133638048 (37.70%) u=[0..507] v=[0..255] distinctIdx=256 topNonZeroIdx=0x03(30095772) psm=0x2C tbp0=0x0 tbw=8 cbp=0x3B40 csa=0
[p4:gs-sprite] #640000 ctx=0 tme=1 abe=1 FRAME fbp=0x0 fbw=10 psm=0x1 msk=0x00000000 | SCISSOR 0,0..639,223 | TEST=0x000000000005008B | TEX0 tbp=0x0 tbw=8 psm=0x2C tw=512 th=512 tfx=0 | V0(2204.0,2027.0) V1(2213.0,2036.0) uv0(1416,360) uv1(1552,640) | XYOFFSET ofx=1728 ofy=1936 -> screen (476,91)..(485,100)
[p4:gs-sprite] #640500 ctx=0 tme=1 abe=1 FRAME fbp=0x0 fbw=10 psm=0x1 msk=0x00000000 | SCISSOR 0,0..639,223 | TEST=0x000000000005008B | TEX0 tbp=0x0 tbw=8 psm=0x2C tw=512 th=512 tfx=0 | V0(2177.5,2013.0) V1(2184.5,2022.0) uv0(8008,8) uv1(8112,288) | XYOFFSET ofx=1728 ofy=1936 -> screen (449,77)..(456,86)
[p4:gs-sprite] #641000 ctx=0 tme=1 abe=1 FRAME fbp=0x0 fbw=10 psm=0x1 msk=0x00000000 | SCISSOR 0,0..639,223 | TEST=0x000000000005008B | TEX0 tbp=0x0 tbw=8 psm=0x2C tw=512 th=512 tfx=0 | V0(1973.5,2069.0) V1(1991.5,2079.0) uv0(3368,1096) uv1(3648,1408) | XYOFFSET ofx=1728 ofy=1936 -> screen (245,133)..(263,143)
[p4:gs-sprite] #641500 ctx=0 tme=1 abe=1 FRAME fbp=0x0 fbw=10 psm=0x1 msk=0x00000000 | SCISSOR 0,0..639,223 | TEST=0x000000000005008B | TEX0 tbp=0x0 tbw=8 psm=0x2C tw=512 th=512 tfx=0 | V0(2066.0,2041.0) V1(2075.0,2050.0) uv0(6040,8) uv1(6176,288) | XYOFFSET ofx=1728 ofy=1936 -> screen (338,105)..(347,114)
[p4:clut] samples=355000000 nonzero=133834470 (37.70%) u=[0..507] v=[0..255] distinctIdx=256 topNonZeroIdx=0x03(30185389) psm=0x2C tbp0=0x0 tbw=8 cbp=0x3B40 csa=0
[p4:gs-sprite] #642000 ctx=0 tme=1 abe=1 FRAME fbp=0x0 fbw=10 psm=0x1 msk=0x00000000 | SCISSOR 0,0..639,223 | TEST=0x000000000005008B | TEX0 tbp=0x0 tbw=8 psm=0x2C tw=512 th=512 tfx=0 | V0(1944.0,2027.0) V1(1953.0,2036.0) uv0(1416,360) uv1(1552,640) | XYOFFSET ofx=1728 ofy=1936 -> screen (216,91)..(225,100)
[p4:gs-sprite] #642500 ctx=0 tme=1 abe=1 FRAME fbp=0x0 fbw=10 psm=0x1 msk=0x00000000 | SCISSOR 0,0..639,223 | TEST=0x000000000005008B | TEX0 tbp=0x0 tbw=8 psm=0x2C tw=512 th=512 tfx=0 | V0(1886.5,2013.0) V1(1893.5,2022.0) uv0(8008,8) uv1(8112,288) | XYOFFSET ofx=1728 ofy=1936 -> screen (158,77)..(165,86)
[p4:gs-sprite] #643000 ctx=0 tme=1 abe=1 FRAME fbp=0x0 fbw=10 psm=0x1 msk=0x00000000 | SCISSOR 0,0..639,223 | TEST=0x000000000005008B | TEX0 tbp=0x0 tbw=8 psm=0x2C tw=512 th=512 tfx=0 | V0(1950.5,2055.0) V1(1958.5,2064.0) uv0(1288,360) uv1(1408,640) | XYOFFSET ofx=1728 ofy=1936 -> screen (222,119)..(230,128)
[p4:gs-sprite] #643500 ctx=0 tme=1 abe=1 FRAME fbp=0x0 fbw=10 psm=0x1 msk=0x00000000 | SCISSOR 0,0..639,223 | TEST=0x000000000005008B | TEX0 tbp=0x0 tbw=8 psm=0x2C tw=512 th=512 tfx=0 | V0(2112.0,2027.0) V1(2117.0,2036.0) uv0(1784,360) uv1(1856,640) | XYOFFSET ofx=1728 ofy=1936 -> screen (384,91)..(389,100)
[p4:clut] samples=355500000 nonzero=134031003 (37.70%) u=[0..507] v=[0..255] distinctIdx=256 topNonZeroIdx=0x03(30275004) psm=0x2C tbp0=0x0 tbw=8 cbp=0x3B40 csa=0
[p4:gs-sprite] #644000 ctx=0 tme=1 abe=1 FRAME fbp=0x0 fbw=10 psm=0x1 msk=0x00000000 | SCISSOR 0,0..639,223 | TEST=0x000000000005008B | TEX0 tbp=0x0 tbw=8 psm=0x2C tw=512 th=512 tfx=0 | V0(2066.5,2013.0) V1(2074.5,2024.0) uv0(2584,360) uv1(2704,704) | XYOFFSET ofx=1728 ofy=1936 -> screen (338,77)..(346,88)
[p4:gs-sprite] #644500 ctx=0 tme=1 abe=1 FRAME fbp=0x0 fbw=10 psm=0x1 msk=0x00000000 | SCISSOR 0,0..639,223 | TEST=0x000000000005008B | TEX0 tbp=0x0 tbw=8 psm=0x2C tw=512 th=512 tfx=0 | V0(2144.5,2055.0) V1(2152.5,2066.0) uv0(2584,360) uv1(2704,704) | XYOFFSET ofx=1728 ofy=1936 -> screen (416,119)..(424,130)
[p4:gs-sprite] #645000 ctx=0 tme=1 abe=1 FRAME fbp=0x0 fbw=10 psm=0x1 msk=0x00000000 | SCISSOR 0,0..639,223 | TEST=0x000000000005008B | TEX0 tbp=0x0 tbw=8 psm=0x2C tw=512 th=512 tfx=0 | V0(1939.0,2041.0) V1(1942.0,2050.0) uv0(872,360) uv1(912,640) | XYOFFSET ofx=1728 ofy=1936 -> screen (211,105)..(214,114)
[p4:clut] samples=356000000 nonzero=134227695 (37.70%) u=[0..507] v=[0..255] distinctIdx=256 topNonZeroIdx=0x03(30364745) psm=0x2C tbp0=0x0 tbw=8 cbp=0x3B40 csa=0
[p4:gs-sprite] #645500 ctx=0 tme=1 abe=1 FRAME fbp=0x0 fbw=10 psm=0x1 msk=0x00000000 | SCISSOR 0,0..639,223 | TEST=0x000000000005008B | TEX0 tbp=0x0 tbw=8 psm=0x2C tw=512 th=512 tfx=0 | V0(2235.5,2013.0) V1(2243.5,2022.0) uv0(1288,360) uv1(1408,640) | XYOFFSET ofx=1728 ofy=1936 -> screen (507,77)..(515,86)
[p4:gs-sprite] #646000 ctx=0 tme=1 abe=1 FRAME fbp=0x0 fbw=10 psm=0x1 msk=0x00000000 | SCISSOR 0,0..639,223 | TEST=0x000000000005008B | TEX0 tbp=0x0 tbw=8 psm=0x2C tw=512 th=512 tfx=0 | V0(2060.5,2069.0) V1(2081.5,2079.5) uv0(5112,1432) uv1(5440,1760) | XYOFFSET ofx=1728 ofy=1936 -> screen (332,133)..(353,143)
[p4:gs-sprite] #646500 ctx=0 tme=1 abe=1 FRAME fbp=0x0 fbw=10 psm=0x1 msk=0x00000000 | SCISSOR 0,0..639,223 | TEST=0x000000000005008B | TEX0 tbp=0x0 tbw=8 psm=0x2C tw=512 th=512 tfx=0 | V0(2124.0,2041.0) V1(2130.0,2050.0) uv0(1960,360) uv1(2048,640) | XYOFFSET ofx=1728 ofy=1936 -> screen (396,105)..(402,114)
[p4:gs-sprite] #647000 ctx=0 tme=1 abe=1 FRAME fbp=0x0 fbw=10 psm=0x1 msk=0x00000000 | SCISSOR 0,0..639,223 | TEST=0x000000000005008B | TEX0 tbp=0x0 tbw=8 psm=0x2C tw=512 th=512 tfx=0 | V0(2001.0,2027.0) V1(2006.0,2036.0) uv0(1784,360) uv1(1856,640) | XYOFFSET ofx=1728 ofy=1936 -> screen (273,91)..(278,100)
[p4:clut] samples=356500000 nonzero=134424564 (37.71%) u=[0..507] v=[0..255] distinctIdx=256 topNonZeroIdx=0x03(30454595) psm=0x2C tbp0=0x0 tbw=8 cbp=0x3B40 csa=0
[p4:gs-sprite] #647500 ctx=0 tme=1 abe=1 FRAME fbp=0x0 fbw=10 psm=0x1 msk=0x00000000 | SCISSOR 0,0..639,223 | TEST=0x000000000005008B | TEX0 tbp=0x0 tbw=8 psm=0x2C tw=512 th=512 tfx=0 | V0(1956.5,2013.0) V1(1964.5,2022.0) uv0(744,360) uv1(864,640) | XYOFFSET ofx=1728 ofy=1936 -> screen (228,77)..(236,86)
[p4:gs-sprite] #648000 ctx=0 tme=1 abe=1 FRAME fbp=0x0 fbw=10 psm=0x1 msk=0x00000000 | SCISSOR 0,0..639,223 | TEST=0x000000000005008B | TEX0 tbp=0x0 tbw=8 psm=0x2C tw=512 th=512 tfx=0 | V0(2018.5,2055.0) V1(2023.5,2064.0) uv0(1784,360) uv1(1856,640) | XYOFFSET ofx=1728 ofy=1936 -> screen (290,119)..(295,128)
[p4:gs-sprite] #648500 ctx=0 tme=1 abe=1 FRAME fbp=0x0 fbw=10 psm=0x1 msk=0x00000000 | SCISSOR 0,0..639,223 | TEST=0x000000000005008B | TEX0 tbp=0x0 tbw=8 psm=0x2C tw=512 th=512 tfx=0 | V0(2164.0,2027.0) V1(2172.0,2036.0) uv0(6184,8) uv1(6304,288) | XYOFFSET ofx=1728 ofy=1936 -> screen (436,91)..(444,100)
[p4:gs-sprite] #649000 ctx=0 tme=1 abe=1 FRAME fbp=0x0 fbw=10 psm=0x1 msk=0x00000000 | SCISSOR 0,0..639,223 | TEST=0x000000000005008B | TEX0 tbp=0x0 tbw=8 psm=0x2C tw=512 th=512 tfx=0 | V0(2124.5,2013.0) V1(2132.5,2022.0) uv0(488,360) uv1(608,640) | XYOFFSET ofx=1728 ofy=1936 -> screen (396,77)..(404,86)
[p4:clut] samples=357000000 nonzero=134621303 (37.71%) u=[0..507] v=[0..255] distinctIdx=256 topNonZeroIdx=0x03(30544324) psm=0x2C tbp0=0x0 tbw=8 cbp=0x3B40 csa=0
[p4:gs-sprite] #649500 ctx=0 tme=1 abe=1 FRAME fbp=0x0 fbw=10 psm=0x1 msk=0x00000000 | SCISSOR 0,0..639,223 | TEST=0x000000000005008B | TEX0 tbp=0x0 tbw=8 psm=0x2C tw=512 th=512 tfx=0 | V0(2202.5,2055.0) V1(2210.5,2064.0) uv0(488,360) uv1(608,640) | XYOFFSET ofx=1728 ofy=1936 -> screen (474,119)..(482,128)
[p4:gs-sprite] #650000 ctx=0 tme=1 abe=1 FRAME fbp=0x0 fbw=10 psm=0x1 msk=0x00000000 | SCISSOR 0,0..639,223 | TEST=0x000000000005008B | TEX0 tbp=0x0 tbw=8 psm=0x2C tw=512 th=512 tfx=0 | V0(1998.0,2041.0) V1(2008.0,2050.0) uv0(5592,8) uv1(5744,288) | XYOFFSET ofx=1728 ofy=1936 -> screen (270,105)..(280,114)
[p4:gs-sprite] #650500 ctx=0 tme=1 abe=1 FRAME fbp=0x0 fbw=10 psm=0x1 msk=0x00000000 | SCISSOR 0,0..639,223 | TEST=0x000000000005008B | TEX0 tbp=0x0 tbw=8 psm=0x2C tw=512 th=512 tfx=0 | V0(1881.0,2027.0) V1(1889.0,2036.0) uv0(744,360) uv1(864,640) | XYOFFSET ofx=1728 ofy=1936 -> screen (153,91)..(161,100)
[p4:gs-sprite] #651000 ctx=0 tme=0 abe=0 FRAME fbp=0x0 fbw=10 psm=0x1 msk=0x00000000 | SCISSOR 0,0..639,223 | TEST=0x000000000005008B | TEX0 tbp=0x0 tbw=0 psm=0x0 tw=1 th=1 tfx=0 | V0(1829.0,2007.0) V1(2267.0,2087.0) uv0(0,0) uv1(0,0) | XYOFFSET ofx=1728 ofy=1936 -> screen (101,71)..(539,151)
[p4:clut] samples=357500000 nonzero=134817728 (37.71%) u=[0..507] v=[0..255] distinctIdx=256 topNonZeroIdx=0x03(30633940) psm=0x2C tbp0=0x0 tbw=8 cbp=0x3B40 csa=0
[p4:gs-sprite] #651500 ctx=0 tme=1 abe=1 FRAME fbp=0x0 fbw=10 psm=0x1 msk=0x00000000 | SCISSOR 0,0..639,223 | TEST=0x000000000005008B | TEX0 tbp=0x0 tbw=8 psm=0x2C tw=512 th=512 tfx=0 | V0(1888.5,2055.0) V1(1896.5,2066.0) uv0(2584,360) uv1(2704,704) | XYOFFSET ofx=1728 ofy=1936 -> screen (160,119)..(168,130)
[p4:gs-sprite] #652000 ctx=0 tme=1 abe=1 FRAME fbp=0x0 fbw=10 psm=0x1 msk=0x00000000 | SCISSOR 0,0..639,223 | TEST=0x000000000005008B | TEX0 tbp=0x0 tbw=8 psm=0x2C tw=512 th=512 tfx=0 | V0(2057.0,2027.0) V1(2066.0,2036.0) uv0(3912,8) uv1(4048,288) | XYOFFSET ofx=1728 ofy=1936 -> screen (329,91)..(338,100)
[p4:gs-sprite] #652500 ctx=0 tme=1 abe=1 FRAME fbp=0x0 fbw=10 psm=0x1 msk=0x00000000 | SCISSOR 0,0..639,223 | TEST=0x000000000005008B | TEX0 tbp=0x0 tbw=8 psm=0x2C tw=512 th=512 tfx=0 | V0(2017.5,2013.0) V1(2024.5,2022.0) uv0(2056,360) uv1(2160,640) | XYOFFSET ofx=1728 ofy=1936 -> screen (289,77)..(296,86)
[p4:clut] samples=358000000 nonzero=135014342 (37.71%) u=[0..507] v=[0..255] distinctIdx=256 topNonZeroIdx=0x03(30723618) psm=0x2C tbp0=0x0 tbw=8 cbp=0x3B40 csa=0
[p4:gs-sprite] #653000 ctx=0 tme=1 abe=1 FRAME fbp=0x0 fbw=10 psm=0x1 msk=0x00000000 | SCISSOR 0,0..639,223 | TEST=0x000000000005008B | TEX0 tbp=0x0 tbw=8 psm=0x2C tw=512 th=512 tfx=0 | V0(2073.5,2055.0) V1(2080.5,2064.0) uv0(8008,8) uv1(8112,288) | XYOFFSET ofx=1728 ofy=1936 -> screen (345,119)..(352,128)
[p4:gs-sprite] #653500 ctx=0 tme=1 abe=1 FRAME fbp=0x0 fbw=10 psm=0x1 msk=0x00000000 | SCISSOR 0,0..639,223 | TEST=0x000000000005008B | TEX0 tbp=0x0 tbw=8 psm=0x2C tw=512 th=512 tfx=0 | V0(2204.0,2027.0) V1(2213.0,2036.0) uv0(1416,360) uv1(1552,640) | XYOFFSET ofx=1728 ofy=1936 -> screen (476,91)..(485,100)
[p4:gs-sprite] #654000 ctx=0 tme=1 abe=1 FRAME fbp=0x0 fbw=10 psm=0x1 msk=0x00000000 | SCISSOR 0,0..639,223 | TEST=0x000000000005008B | TEX0 tbp=0x0 tbw=8 psm=0x2C tw=512 th=512 tfx=0 | V0(2177.5,2013.0) V1(2184.5,2022.0) uv0(8008,8) uv1(8112,288) | XYOFFSET ofx=1728 ofy=1936 -> screen (449,77)..(456,86)
[p4:gs-sprite] #654500 ctx=0 tme=1 abe=1 FRAME fbp=0x0 fbw=10 psm=0x1 msk=0x00000000 | SCISSOR 0,0..639,223 | TEST=0x000000000005008B | TEX0 tbp=0x0 tbw=8 psm=0x2C tw=512 th=512 tfx=0 | V0(1973.5,2069.0) V1(1991.5,2079.0) uv0(3368,1096) uv1(3648,1408) | XYOFFSET ofx=1728 ofy=1936 -> screen (245,133)..(263,143)
[p4:clut] samples=358500000 nonzero=135210988 (37.72%) u=[0..507] v=[0..255] distinctIdx=256 topNonZeroIdx=0x03(30813341) psm=0x2C tbp0=0x0 tbw=8 cbp=0x3B40 csa=0
[p4:gs-sprite] #655000 ctx=0 tme=1 abe=1 FRAME fbp=0x0 fbw=10 psm=0x1 msk=0x00000000 | SCISSOR 0,0..639,223 | TEST=0x000000000005008B | TEX0 tbp=0x0 tbw=8 psm=0x2C tw=512 th=512 tfx=0 | V0(2066.0,2041.0) V1(2075.0,2050.0) uv0(6040,8) uv1(6176,288) | XYOFFSET ofx=1728 ofy=1936 -> screen (338,105)..(347,114)
[p4:gs-sprite] #655500 ctx=0 tme=1 abe=1 FRAME fbp=0x0 fbw=10 psm=0x1 msk=0x00000000 | SCISSOR 0,0..639,223 | TEST=0x000000000005008B | TEX0 tbp=0x0 tbw=8 psm=0x2C tw=512 th=512 tfx=0 | V0(1944.0,2027.0) V1(1953.0,2036.0) uv0(1416,360) uv1(1552,640) | XYOFFSET ofx=1728 ofy=1936 -> screen (216,91)..(225,100)
[p4:gs-sprite] #656000 ctx=0 tme=1 abe=1 FRAME fbp=0x0 fbw=10 psm=0x1 msk=0x00000000 | SCISSOR 0,0..639,223 | TEST=0x000000000005008B | TEX0 tbp=0x0 tbw=8 psm=0x2C tw=512 th=512 tfx=0 | V0(1886.5,2013.0) V1(1893.5,2022.0) uv0(8008,8) uv1(8112,288) | XYOFFSET ofx=1728 ofy=1936 -> screen (158,77)..(165,86)
[p4:gs-sprite] #656500 ctx=0 tme=1 abe=1 FRAME fbp=0x0 fbw=10 psm=0x1 msk=0x00000000 | SCISSOR 0,0..639,223 | TEST=0x000000000005008B | TEX0 tbp=0x0 tbw=8 psm=0x2C tw=512 th=512 tfx=0 | V0(1950.5,2055.0) V1(1958.5,2064.0) uv0(1288,360) uv1(1408,640) | XYOFFSET ofx=1728 ofy=1936 -> screen (222,119)..(230,128)
[p4:clut] samples=359000000 nonzero=135408019 (37.72%) u=[0..507] v=[0..255] distinctIdx=256 topNonZeroIdx=0x03(30903303) psm=0x2C tbp0=0x0 tbw=8 cbp=0x3B40 csa=0
[p4:gs-sprite] #657000 ctx=0 tme=1 abe=1 FRAME fbp=0x0 fbw=10 psm=0x1 msk=0x00000000 | SCISSOR 0,0..639,223 | TEST=0x000000000005008B | TEX0 tbp=0x0 tbw=8 psm=0x2C tw=512 th=512 tfx=0 | V0(2112.0,2027.0) V1(2117.0,2036.0) uv0(1784,360) uv1(1856,640) | XYOFFSET ofx=1728 ofy=1936 -> screen (384,91)..(389,100)
[p4:gs-sprite] #657500 ctx=0 tme=1 abe=1 FRAME fbp=0x0 fbw=10 psm=0x1 msk=0x00000000 | SCISSOR 0,0..639,223 | TEST=0x000000000005008B | TEX0 tbp=0x0 tbw=8 psm=0x2C tw=512 th=512 tfx=0 | V0(2066.5,2013.0) V1(2074.5,2024.0) uv0(2584,360) uv1(2704,704) | XYOFFSET ofx=1728 ofy=1936 -> screen (338,77)..(346,88)
[p4:gs-sprite] #658000 ctx=0 tme=1 abe=1 FRAME fbp=0x0 fbw=10 psm=0x1 msk=0x00000000 | SCISSOR 0,0..639,223 | TEST=0x000000000005008B | TEX0 tbp=0x0 tbw=8 psm=0x2C tw=512 th=512 tfx=0 | V0(2144.5,2055.0) V1(2152.5,2066.0) uv0(2584,360) uv1(2704,704) | XYOFFSET ofx=1728 ofy=1936 -> screen (416,119)..(424,130)
[p4:gs-sprite] #658500 ctx=0 tme=1 abe=1 FRAME fbp=0x0 fbw=10 psm=0x1 msk=0x00000000 | SCISSOR 0,0..639,223 | TEST=0x000000000005008B | TEX0 tbp=0x0 tbw=8 psm=0x2C tw=512 th=512 tfx=0 | V0(1939.0,2041.0) V1(1942.0,2050.0) uv0(872,360) uv1(912,640) | XYOFFSET ofx=1728 ofy=1936 -> screen (211,105)..(214,114)
[p4:clut] samples=359500000 nonzero=135604524 (37.72%) u=[0..507] v=[0..255] distinctIdx=256 topNonZeroIdx=0x03(30992909) psm=0x2C tbp0=0x0 tbw=8 cbp=0x3B40 csa=0
[p4:gs-sprite] #659000 ctx=0 tme=1 abe=1 FRAME fbp=0x0 fbw=10 psm=0x1 msk=0x00000000 | SCISSOR 0,0..639,223 | TEST=0x000000000005008B | TEX0 tbp=0x0 tbw=8 psm=0x2C tw=512 th=512 tfx=0 | V0(2235.5,2013.0) V1(2243.5,2022.0) uv0(1288,360) uv1(1408,640) | XYOFFSET ofx=1728 ofy=1936 -> screen (507,77)..(515,86)
[p4:gs-sprite] #659500 ctx=0 tme=1 abe=1 FRAME fbp=0x0 fbw=10 psm=0x1 msk=0x00000000 | SCISSOR 0,0..639,223 | TEST=0x000000000005008B | TEX0 tbp=0x0 tbw=8 psm=0x2C tw=512 th=512 tfx=0 | V0(2060.5,2069.0) V1(2081.5,2079.5) uv0(5112,1432) uv1(5440,1760) | XYOFFSET ofx=1728 ofy=1936 -> screen (332,133)..(353,143)
[p4:gs-sprite] #660000 ctx=0 tme=1 abe=1 FRAME fbp=0x0 fbw=10 psm=0x1 msk=0x00000000 | SCISSOR 0,0..639,223 | TEST=0x000000000005008B | TEX0 tbp=0x0 tbw=8 psm=0x2C tw=512 th=512 tfx=0 | V0(2124.0,2041.0) V1(2130.0,2050.0) uv0(1960,360) uv1(2048,640) | XYOFFSET ofx=1728 ofy=1936 -> screen (396,105)..(402,114)
[p4:clut] samples=360000000 nonzero=135801047 (37.72%) u=[0..507] v=[0..255] distinctIdx=256 topNonZeroIdx=0x03(31082540) psm=0x2C tbp0=0x0 tbw=8 cbp=0x3B40 csa=0
[p4:gs-sprite] #660500 ctx=0 tme=1 abe=1 FRAME fbp=0x0 fbw=10 psm=0x1 msk=0x00000000 | SCISSOR 0,0..639,223 | TEST=0x000000000005008B | TEX0 tbp=0x0 tbw=8 psm=0x2C tw=512 th=512 tfx=0 | V0(2001.0,2027.0) V1(2006.0,2036.0) uv0(1784,360) uv1(1856,640) | XYOFFSET ofx=1728 ofy=1936 -> screen (273,91)..(278,100)
[p4:gs-sprite] #661000 ctx=0 tme=1 abe=1 FRAME fbp=0x0 fbw=10 psm=0x1 msk=0x00000000 | SCISSOR 0,0..639,223 | TEST=0x000000000005008B | TEX0 tbp=0x0 tbw=8 psm=0x2C tw=512 th=512 tfx=0 | V0(1956.5,2013.0) V1(1964.5,2022.0) uv0(744,360) uv1(864,640) | XYOFFSET ofx=1728 ofy=1936 -> screen (228,77)..(236,86)
[p4:gs-sprite] #661500 ctx=0 tme=1 abe=1 FRAME fbp=0x0 fbw=10 psm=0x1 msk=0x00000000 | SCISSOR 0,0..639,223 | TEST=0x000000000005008B | TEX0 tbp=0x0 tbw=8 psm=0x2C tw=512 th=512 tfx=0 | V0(2018.5,2055.0) V1(2023.5,2064.0) uv0(1784,360) uv1(1856,640) | XYOFFSET ofx=1728 ofy=1936 -> screen (290,119)..(295,128)
[p4:gs-sprite] #662000 ctx=0 tme=1 abe=1 FRAME fbp=0x0 fbw=10 psm=0x1 msk=0x00000000 | SCISSOR 0,0..639,223 | TEST=0x000000000005008B | TEX0 tbp=0x0 tbw=8 psm=0x2C tw=512 th=512 tfx=0 | V0(2164.0,2027.0) V1(2172.0,2036.0) uv0(6184,8) uv1(6304,288) | XYOFFSET ofx=1728 ofy=1936 -> screen (436,91)..(444,100)
[p4:clut] samples=360500000 nonzero=135997712 (37.72%) u=[0..507] v=[0..255] distinctIdx=256 topNonZeroIdx=0x03(31172278) psm=0x2C tbp0=0x0 tbw=8 cbp=0x3B40 csa=0
[p4:gs-sprite] #662500 ctx=0 tme=1 abe=1 FRAME fbp=0x0 fbw=10 psm=0x1 msk=0x00000000 | SCISSOR 0,0..639,223 | TEST=0x000000000005008B | TEX0 tbp=0x0 tbw=8 psm=0x2C tw=512 th=512 tfx=0 | V0(2124.5,2013.0) V1(2132.5,2022.0) uv0(488,360) uv1(608,640) | XYOFFSET ofx=1728 ofy=1936 -> screen (396,77)..(404,86)
[p4:gs-sprite] #663000 ctx=0 tme=1 abe=1 FRAME fbp=0x0 fbw=10 psm=0x1 msk=0x00000000 | SCISSOR 0,0..639,223 | TEST=0x000000000005008B | TEX0 tbp=0x0 tbw=8 psm=0x2C tw=512 th=512 tfx=0 | V0(2202.5,2055.0) V1(2210.5,2064.0) uv0(488,360) uv1(608,640) | XYOFFSET ofx=1728 ofy=1936 -> screen (474,119)..(482,128)
[p4:gs-sprite] #663500 ctx=0 tme=1 abe=1 FRAME fbp=0x0 fbw=10 psm=0x1 msk=0x00000000 | SCISSOR 0,0..639,223 | TEST=0x000000000005008B | TEX0 tbp=0x0 tbw=8 psm=0x2C tw=512 th=512 tfx=0 | V0(1998.0,2041.0) V1(2008.0,2050.0) uv0(5592,8) uv1(5744,288) | XYOFFSET ofx=1728 ofy=1936 -> screen (270,105)..(280,114)
[p4:gs-sprite] #664000 ctx=0 tme=1 abe=1 FRAME fbp=0x0 fbw=10 psm=0x1 msk=0x00000000 | SCISSOR 0,0..639,223 | TEST=0x000000000005008B | TEX0 tbp=0x0 tbw=8 psm=0x2C tw=512 th=512 tfx=0 | V0(1881.0,2027.0) V1(1889.0,2036.0) uv0(744,360) uv1(864,640) | XYOFFSET ofx=1728 ofy=1936 -> screen (153,91)..(161,100)
[p4:clut] samples=361000000 nonzero=136194584 (37.73%) u=[0..507] v=[0..255] distinctIdx=256 topNonZeroIdx=0x03(31262107) psm=0x2C tbp0=0x0 tbw=8 cbp=0x3B40 csa=0
[p4:gs-sprite] #664500 ctx=0 tme=0 abe=0 FRAME fbp=0x0 fbw=10 psm=0x1 msk=0x00000000 | SCISSOR 0,0..639,223 | TEST=0x000000000005008B | TEX0 tbp=0x0 tbw=0 psm=0x0 tw=1 th=1 tfx=0 | V0(1829.0,2007.0) V1(2267.0,2087.0) uv0(0,0) uv1(0,0) | XYOFFSET ofx=1728 ofy=1936 -> screen (101,71)..(539,151)
[p4:vbl] ticks=9600
[p4:gs-sprite] #665000 ctx=0 tme=1 abe=1 FRAME fbp=0x0 fbw=10 psm=0x1 msk=0x00000000 | SCISSOR 0,0..639,223 | TEST=0x000000000005008B | TEX0 tbp=0x0 tbw=8 psm=0x2C tw=512 th=512 tfx=0 | V0(1888.5,2055.0) V1(1896.5,2066.0) uv0(2584,360) uv1(2704,704) | XYOFFSET ofx=1728 ofy=1936 -> screen (160,119)..(168,130)
[p4:gs-sprite] #665500 ctx=0 tme=1 abe=1 FRAME fbp=0x0 fbw=10 psm=0x1 msk=0x00000000 | SCISSOR 0,0..639,223 | TEST=0x000000000005008B | TEX0 tbp=0x0 tbw=8 psm=0x2C tw=512 th=512 tfx=0 | V0(2057.0,2027.0) V1(2066.0,2036.0) uv0(3912,8) uv1(4048,288) | XYOFFSET ofx=1728 ofy=1936 -> screen (329,91)..(338,100)
[p4:clut] samples=361500000 nonzero=136391356 (37.73%) u=[0..507] v=[0..255] distinctIdx=256 topNonZeroIdx=0x03(31351895) psm=0x2C tbp0=0x0 tbw=8 cbp=0x3B40 csa=0
[p4:gs-sprite] #666000 ctx=0 tme=1 abe=1 FRAME fbp=0x0 fbw=10 psm=0x1 msk=0x00000000 | SCISSOR 0,0..639,223 | TEST=0x000000000005008B | TEX0 tbp=0x0 tbw=8 psm=0x2C tw=512 th=512 tfx=0 | V0(2017.5,2013.0) V1(2024.5,2022.0) uv0(2056,360) uv1(2160,640) | XYOFFSET ofx=1728 ofy=1936 -> screen (289,77)..(296,86)
[p4:gs-sprite] #666500 ctx=0 tme=1 abe=1 FRAME fbp=0x0 fbw=10 psm=0x1 msk=0x00000000 | SCISSOR 0,0..639,223 | TEST=0x000000000005008B | TEX0 tbp=0x0 tbw=8 psm=0x2C tw=512 th=512 tfx=0 | V0(2073.5,2055.0) V1(2080.5,2064.0) uv0(8008,8) uv1(8112,288) | XYOFFSET ofx=1728 ofy=1936 -> screen (345,119)..(352,128)
[p4:gs-sprite] #667000 ctx=0 tme=1 abe=1 FRAME fbp=0x0 fbw=10 psm=0x1 msk=0x00000000 | SCISSOR 0,0..639,223 | TEST=0x000000000005008B | TEX0 tbp=0x0 tbw=8 psm=0x2C tw=512 th=512 tfx=0 | V0(2204.0,2027.0) V1(2213.0,2036.0) uv0(1416,360) uv1(1552,640) | XYOFFSET ofx=1728 ofy=1936 -> screen (476,91)..(485,100)
[p4:gs-sprite] #667500 ctx=0 tme=1 abe=1 FRAME fbp=0x0 fbw=10 psm=0x1 msk=0x00000000 | SCISSOR 0,0..639,223 | TEST=0x000000000005008B | TEX0 tbp=0x0 tbw=8 psm=0x2C tw=512 th=512 tfx=0 | V0(2177.5,2013.0) V1(2184.5,2022.0) uv0(8008,8) uv1(8112,288) | XYOFFSET ofx=1728 ofy=1936 -> screen (449,77)..(456,86)
[p4:clut] samples=362000000 nonzero=136587826 (37.73%) u=[0..507] v=[0..255] distinctIdx=256 topNonZeroIdx=0x03(31441545) psm=0x2C tbp0=0x0 tbw=8 cbp=0x3B40 csa=0
[p4:gs-sprite] #668000 ctx=0 tme=1 abe=1 FRAME fbp=0x0 fbw=10 psm=0x1 msk=0x00000000 | SCISSOR 0,0..639,223 | TEST=0x000000000005008B | TEX0 tbp=0x0 tbw=8 psm=0x2C tw=512 th=512 tfx=0 | V0(1973.5,2069.0) V1(1991.5,2079.0) uv0(3368,1096) uv1(3648,1408) | XYOFFSET ofx=1728 ofy=1936 -> screen (245,133)..(263,143)
[p4:gs-sprite] #668500 ctx=0 tme=1 abe=1 FRAME fbp=0x0 fbw=10 psm=0x1 msk=0x00000000 | SCISSOR 0,0..639,223 | TEST=0x000000000005008B | TEX0 tbp=0x0 tbw=8 psm=0x2C tw=512 th=512 tfx=0 | V0(2066.0,2041.0) V1(2075.0,2050.0) uv0(6040,8) uv1(6176,288) | XYOFFSET ofx=1728 ofy=1936 -> screen (338,105)..(347,114)
[p4:gs-sprite] #669000 ctx=0 tme=1 abe=1 FRAME fbp=0x0 fbw=10 psm=0x1 msk=0x00000000 | SCISSOR 0,0..639,223 | TEST=0x000000000005008B | TEX0 tbp=0x0 tbw=8 psm=0x2C tw=512 th=512 tfx=0 | V0(1944.0,2027.0) V1(1953.0,2036.0) uv0(1416,360) uv1(1552,640) | XYOFFSET ofx=1728 ofy=1936 -> screen (216,91)..(225,100)
[p4:gs-sprite] #669500 ctx=0 tme=1 abe=1 FRAME fbp=0x0 fbw=10 psm=0x1 msk=0x00000000 | SCISSOR 0,0..639,223 | TEST=0x000000000005008B | TEX0 tbp=0x0 tbw=8 psm=0x2C tw=512 th=512 tfx=0 | V0(1886.5,2013.0) V1(1893.5,2022.0) uv0(8008,8) uv1(8112,288) | XYOFFSET ofx=1728 ofy=1936 -> screen (158,77)..(165,86)
[p4:clut] samples=362500000 nonzero=136784301 (37.73%) u=[0..507] v=[0..255] distinctIdx=256 topNonZeroIdx=0x03(31531117) psm=0x2C tbp0=0x0 tbw=8 cbp=0x3B40 csa=0
[p4:gs-sprite] #670000 ctx=0 tme=1 abe=1 FRAME fbp=0x0 fbw=10 psm=0x1 msk=0x00000000 | SCISSOR 0,0..639,223 | TEST=0x000000000005008B | TEX0 tbp=0x0 tbw=8 psm=0x2C tw=512 th=512 tfx=0 | V0(1950.5,2055.0) V1(1958.5,2064.0) uv0(1288,360) uv1(1408,640) | XYOFFSET ofx=1728 ofy=1936 -> screen (222,119)..(230,128)
[p4:gs-sprite] #670500 ctx=0 tme=1 abe=1 FRAME fbp=0x0 fbw=10 psm=0x1 msk=0x00000000 | SCISSOR 0,0..639,223 | TEST=0x000000000005008B | TEX0 tbp=0x0 tbw=8 psm=0x2C tw=512 th=512 tfx=0 | V0(2112.0,2027.0) V1(2117.0,2036.0) uv0(1784,360) uv1(1856,640) | XYOFFSET ofx=1728 ofy=1936 -> screen (384,91)..(389,100)
[p4:gs-sprite] #671000 ctx=0 tme=1 abe=1 FRAME fbp=0x0 fbw=10 psm=0x1 msk=0x00000000 | SCISSOR 0,0..639,223 | TEST=0x000000000005008B | TEX0 tbp=0x0 tbw=8 psm=0x2C tw=512 th=512 tfx=0 | V0(2066.5,2013.0) V1(2074.5,2024.0) uv0(2584,360) uv1(2704,704) | XYOFFSET ofx=1728 ofy=1936 -> screen (338,77)..(346,88)
[p4:gs-sprite] #671500 ctx=0 tme=1 abe=1 FRAME fbp=0x0 fbw=10 psm=0x1 msk=0x00000000 | SCISSOR 0,0..639,223 | TEST=0x000000000005008B | TEX0 tbp=0x0 tbw=8 psm=0x2C tw=512 th=512 tfx=0 | V0(2144.5,2055.0) V1(2152.5,2066.0) uv0(2584,360) uv1(2704,704) | XYOFFSET ofx=1728 ofy=1936 -> screen (416,119)..(424,130)
[p4:clut] samples=363000000 nonzero=136981010 (37.74%) u=[0..507] v=[0..255] distinctIdx=256 topNonZeroIdx=0x03(31620877) psm=0x2C tbp0=0x0 tbw=8 cbp=0x3B40 csa=0
[p4:gs-sprite] #672000 ctx=0 tme=1 abe=1 FRAME fbp=0x0 fbw=10 psm=0x1 msk=0x00000000 | SCISSOR 0,0..639,223 | TEST=0x000000000005008B | TEX0 tbp=0x0 tbw=8 psm=0x2C tw=512 th=512 tfx=0 | V0(1939.0,2041.0) V1(1942.0,2050.0) uv0(872,360) uv1(912,640) | XYOFFSET ofx=1728 ofy=1936 -> screen (211,105)..(214,114)
[p4:gs-sprite] #672500 ctx=0 tme=1 abe=1 FRAME fbp=0x0 fbw=10 psm=0x1 msk=0x00000000 | SCISSOR 0,0..639,223 | TEST=0x000000000005008B | TEX0 tbp=0x0 tbw=8 psm=0x2C tw=512 th=512 tfx=0 | V0(2235.5,2013.0) V1(2243.5,2022.0) uv0(1288,360) uv1(1408,640) | XYOFFSET ofx=1728 ofy=1936 -> screen (507,77)..(515,86)
[p4:gs-sprite] #673000 ctx=0 tme=1 abe=1 FRAME fbp=0x0 fbw=10 psm=0x1 msk=0x00000000 | SCISSOR 0,0..639,223 | TEST=0x000000000005008B | TEX0 tbp=0x0 tbw=8 psm=0x2C tw=512 th=512 tfx=0 | V0(2060.5,2069.0) V1(2081.5,2079.5) uv0(5112,1432) uv1(5440,1760) | XYOFFSET ofx=1728 ofy=1936 -> screen (332,133)..(353,143)
[p4:clut] samples=363500000 nonzero=137177948 (37.74%) u=[0..507] v=[0..255] distinctIdx=256 topNonZeroIdx=0x03(31710784) psm=0x2C tbp0=0x0 tbw=8 cbp=0x3B40 csa=0
[p4:gs-sprite] #673500 ctx=0 tme=1 abe=1 FRAME fbp=0x0 fbw=10 psm=0x1 msk=0x00000000 | SCISSOR 0,0..639,223 | TEST=0x000000000005008B | TEX0 tbp=0x0 tbw=8 psm=0x2C tw=512 th=512 tfx=0 | V0(2124.0,2041.0) V1(2130.0,2050.0) uv0(1960,360) uv1(2048,640) | XYOFFSET ofx=1728 ofy=1936 -> screen (396,105)..(402,114)
[p4:gs-sprite] #674000 ctx=0 tme=1 abe=1 FRAME fbp=0x0 fbw=10 psm=0x1 msk=0x00000000 | SCISSOR 0,0..639,223 | TEST=0x000000000005008B | TEX0 tbp=0x0 tbw=8 psm=0x2C tw=512 th=512 tfx=0 | V0(2001.0,2027.0) V1(2006.0,2036.0) uv0(1784,360) uv1(1856,640) | XYOFFSET ofx=1728 ofy=1936 -> screen (273,91)..(278,100)
[p4:gs-sprite] #674500 ctx=0 tme=1 abe=1 FRAME fbp=0x0 fbw=10 psm=0x1 msk=0x00000000 | SCISSOR 0,0..639,223 | TEST=0x000000000005008B | TEX0 tbp=0x0 tbw=8 psm=0x2C tw=512 th=512 tfx=0 | V0(1956.5,2013.0) V1(1964.5,2022.0) uv0(744,360) uv1(864,640) | XYOFFSET ofx=1728 ofy=1936 -> screen (228,77)..(236,86)
[p4:gs-sprite] #675000 ctx=0 tme=1 abe=1 FRAME fbp=0x0 fbw=10 psm=0x1 msk=0x00000000 | SCISSOR 0,0..639,223 | TEST=0x000000000005008B | TEX0 tbp=0x0 tbw=8 psm=0x2C tw=512 th=512 tfx=0 | V0(2018.5,2055.0) V1(2023.5,2064.0) uv0(1784,360) uv1(1856,640) | XYOFFSET ofx=1728 ofy=1936 -> screen (290,119)..(295,128)
[p4:clut] samples=364000000 nonzero=137374679 (37.74%) u=[0..507] v=[0..255] distinctIdx=256 topNonZeroIdx=0x03(31800489) psm=0x2C tbp0=0x0 tbw=8 cbp=0x3B40 csa=0
[p4:gs-sprite] #675500 ctx=0 tme=1 abe=1 FRAME fbp=0x0 fbw=10 psm=0x1 msk=0x00000000 | SCISSOR 0,0..639,223 | TEST=0x000000000005008B | TEX0 tbp=0x0 tbw=8 psm=0x2C tw=512 th=512 tfx=0 | V0(2164.0,2027.0) V1(2172.0,2036.0) uv0(6184,8) uv1(6304,288) | XYOFFSET ofx=1728 ofy=1936 -> screen (436,91)..(444,100)
[p4:gs-sprite] #676000 ctx=0 tme=1 abe=1 FRAME fbp=0x0 fbw=10 psm=0x1 msk=0x00000000 | SCISSOR 0,0..639,223 | TEST=0x000000000005008B | TEX0 tbp=0x0 tbw=8 psm=0x2C tw=512 th=512 tfx=0 | V0(2124.5,2013.0) V1(2132.5,2022.0) uv0(488,360) uv1(608,640) | XYOFFSET ofx=1728 ofy=1936 -> screen (396,77)..(404,86)
[p4:gs-sprite] #676500 ctx=0 tme=1 abe=1 FRAME fbp=0x0 fbw=10 psm=0x1 msk=0x00000000 | SCISSOR 0,0..639,223 | TEST=0x000000000005008B | TEX0 tbp=0x0 tbw=8 psm=0x2C tw=512 th=512 tfx=0 | V0(2202.5,2055.0) V1(2210.5,2064.0) uv0(488,360) uv1(608,640) | XYOFFSET ofx=1728 ofy=1936 -> screen (474,119)..(482,128)
[p4:gs-sprite] #677000 ctx=0 tme=1 abe=1 FRAME fbp=0x0 fbw=10 psm=0x1 msk=0x00000000 | SCISSOR 0,0..639,223 | TEST=0x000000000005008B | TEX0 tbp=0x0 tbw=8 psm=0x2C tw=512 th=512 tfx=0 | V0(1998.0,2041.0) V1(2008.0,2050.0) uv0(5592,8) uv1(5744,288) | XYOFFSET ofx=1728 ofy=1936 -> screen (270,105)..(280,114)
[p4:clut] samples=364500000 nonzero=137571052 (37.74%) u=[0..507] v=[0..255] distinctIdx=256 topNonZeroIdx=0x03(31890102) psm=0x2C tbp0=0x0 tbw=8 cbp=0x3B40 csa=0
[p4:gs-sprite] #677500 ctx=0 tme=1 abe=1 FRAME fbp=0x0 fbw=10 psm=0x1 msk=0x00000000 | SCISSOR 0,0..639,223 | TEST=0x000000000005008B | TEX0 tbp=0x0 tbw=8 psm=0x2C tw=512 th=512 tfx=0 | V0(1881.0,2027.0) V1(1889.0,2036.0) uv0(744,360) uv1(864,640) | XYOFFSET ofx=1728 ofy=1936 -> screen (153,91)..(161,100)
[p4:gs-sprite] #678000 ctx=0 tme=0 abe=0 FRAME fbp=0x0 fbw=10 psm=0x1 msk=0x00000000 | SCISSOR 0,0..639,223 | TEST=0x000000000005008B | TEX0 tbp=0x0 tbw=0 psm=0x0 tw=1 th=1 tfx=0 | V0(1829.0,2007.0) V1(2267.0,2087.0) uv0(0,0) uv1(0,0) | XYOFFSET ofx=1728 ofy=1936 -> screen (101,71)..(539,151)
[p4:gs-sprite] #678500 ctx=0 tme=1 abe=1 FRAME fbp=0x0 fbw=10 psm=0x1 msk=0x00000000 | SCISSOR 0,0..639,223 | TEST=0x000000000005008B | TEX0 tbp=0x0 tbw=8 psm=0x2C tw=512 th=512 tfx=0 | V0(1888.5,2055.0) V1(1896.5,2066.0) uv0(2584,360) uv1(2704,704) | XYOFFSET ofx=1728 ofy=1936 -> screen (160,119)..(168,130)
[p4:clut] samples=365000000 nonzero=137767639 (37.74%) u=[0..507] v=[0..255] distinctIdx=256 topNonZeroIdx=0x03(31979751) psm=0x2C tbp0=0x0 tbw=8 cbp=0x3B40 csa=0
[p4:gs-sprite] #679000 ctx=0 tme=1 abe=1 FRAME fbp=0x0 fbw=10 psm=0x1 msk=0x00000000 | SCISSOR 0,0..639,223 | TEST=0x000000000005008B | TEX0 tbp=0x0 tbw=8 psm=0x2C tw=512 th=512 tfx=0 | V0(2057.0,2027.0) V1(2066.0,2036.0) uv0(3912,8) uv1(4048,288) | XYOFFSET ofx=1728 ofy=1936 -> screen (329,91)..(338,100)
[p4:gs-sprite] #679500 ctx=0 tme=1 abe=1 FRAME fbp=0x0 fbw=10 psm=0x1 msk=0x00000000 | SCISSOR 0,0..639,223 | TEST=0x000000000005008B | TEX0 tbp=0x0 tbw=8 psm=0x2C tw=512 th=512 tfx=0 | V0(2017.5,2013.0) V1(2024.5,2022.0) uv0(2056,360) uv1(2160,640) | XYOFFSET ofx=1728 ofy=1936 -> screen (289,77)..(296,86)
[p4:gs-sprite] #680000 ctx=0 tme=1 abe=1 FRAME fbp=0x0 fbw=10 psm=0x1 msk=0x00000000 | SCISSOR 0,0..639,223 | TEST=0x000000000005008B | TEX0 tbp=0x0 tbw=8 psm=0x2C tw=512 th=512 tfx=0 | V0(2073.5,2055.0) V1(2080.5,2064.0) uv0(8008,8) uv1(8112,288) | XYOFFSET ofx=1728 ofy=1936 -> screen (345,119)..(352,128)
[p4:gs-sprite] #680500 ctx=0 tme=1 abe=1 FRAME fbp=0x0 fbw=10 psm=0x1 msk=0x00000000 | SCISSOR 0,0..639,223 | TEST=0x000000000005008B | TEX0 tbp=0x0 tbw=8 psm=0x2C tw=512 th=512 tfx=0 | V0(2204.0,2027.0) V1(2213.0,2036.0) uv0(1416,360) uv1(1552,640) | XYOFFSET ofx=1728 ofy=1936 -> screen (476,91)..(485,100)
[p4:clut] samples=365500000 nonzero=137964433 (37.75%) u=[0..507] v=[0..255] distinctIdx=256 topNonZeroIdx=0x03(32069528) psm=0x2C tbp0=0x0 tbw=8 cbp=0x3B40 csa=0
[p4:gs-sprite] #681000 ctx=0 tme=1 abe=1 FRAME fbp=0x0 fbw=10 psm=0x1 msk=0x00000000 | SCISSOR 0,0..639,223 | TEST=0x000000000005008B | TEX0 tbp=0x0 tbw=8 psm=0x2C tw=512 th=512 tfx=0 | V0(2177.5,2013.0) V1(2184.5,2022.0) uv0(8008,8) uv1(8112,288) | XYOFFSET ofx=1728 ofy=1936 -> screen (449,77)..(456,86)
[p4:gs-sprite] #681500 ctx=0 tme=1 abe=1 FRAME fbp=0x0 fbw=10 psm=0x1 msk=0x00000000 | SCISSOR 0,0..639,223 | TEST=0x000000000005008B | TEX0 tbp=0x0 tbw=8 psm=0x2C tw=512 th=512 tfx=0 | V0(1973.5,2069.0) V1(1991.5,2079.0) uv0(3368,1096) uv1(3648,1408) | XYOFFSET ofx=1728 ofy=1936 -> screen (245,133)..(263,143)
[p4:gs-sprite] #682000 ctx=0 tme=1 abe=1 FRAME fbp=0x0 fbw=10 psm=0x1 msk=0x00000000 | SCISSOR 0,0..639,223 | TEST=0x000000000005008B | TEX0 tbp=0x0 tbw=8 psm=0x2C tw=512 th=512 tfx=0 | V0(2066.0,2041.0) V1(2075.0,2050.0) uv0(6040,8) uv1(6176,288) | XYOFFSET ofx=1728 ofy=1936 -> screen (338,105)..(347,114)
[p4:gs-sprite] #682500 ctx=0 tme=1 abe=1 FRAME fbp=0x0 fbw=10 psm=0x1 msk=0x00000000 | SCISSOR 0,0..639,223 | TEST=0x000000000005008B | TEX0 tbp=0x0 tbw=8 psm=0x2C tw=512 th=512 tfx=0 | V0(1944.0,2027.0) V1(1953.0,2036.0) uv0(1416,360) uv1(1552,640) | XYOFFSET ofx=1728 ofy=1936 -> screen (216,91)..(225,100)
[p4:clut] samples=366000000 nonzero=138161338 (37.75%) u=[0..507] v=[0..255] distinctIdx=256 topNonZeroIdx=0x03(32159440) psm=0x2C tbp0=0x0 tbw=8 cbp=0x3B40 csa=0
[p4:gs-sprite] #683000 ctx=0 tme=1 abe=1 FRAME fbp=0x0 fbw=10 psm=0x1 msk=0x00000000 | SCISSOR 0,0..639,223 | TEST=0x000000000005008B | TEX0 tbp=0x0 tbw=8 psm=0x2C tw=512 th=512 tfx=0 | V0(1886.5,2013.0) V1(1893.5,2022.0) uv0(8008,8) uv1(8112,288) | XYOFFSET ofx=1728 ofy=1936 -> screen (158,77)..(165,86)
[p4:gs-sprite] #683500 ctx=0 tme=1 abe=1 FRAME fbp=0x0 fbw=10 psm=0x1 msk=0x00000000 | SCISSOR 0,0..639,223 | TEST=0x000000000005008B | TEX0 tbp=0x0 tbw=8 psm=0x2C tw=512 th=512 tfx=0 | V0(1950.5,2055.0) V1(1958.5,2064.0) uv0(1288,360) uv1(1408,640) | XYOFFSET ofx=1728 ofy=1936 -> screen (222,119)..(230,128)
[p4:gs-sprite] #684000 ctx=0 tme=1 abe=1 FRAME fbp=0x0 fbw=10 psm=0x1 msk=0x00000000 | SCISSOR 0,0..639,223 | TEST=0x000000000005008B | TEX0 tbp=0x0 tbw=8 psm=0x2C tw=512 th=512 tfx=0 | V0(2112.0,2027.0) V1(2117.0,2036.0) uv0(1784,360) uv1(1856,640) | XYOFFSET ofx=1728 ofy=1936 -> screen (384,91)..(389,100)
[p4:gs-sprite] #684500 ctx=0 tme=1 abe=1 FRAME fbp=0x0 fbw=10 psm=0x1 msk=0x00000000 | SCISSOR 0,0..639,223 | TEST=0x000000000005008B | TEX0 tbp=0x0 tbw=8 psm=0x2C tw=512 th=512 tfx=0 | V0(2066.5,2013.0) V1(2074.5,2024.0) uv0(2584,360) uv1(2704,704) | XYOFFSET ofx=1728 ofy=1936 -> screen (338,77)..(346,88)
[p4:clut] samples=366500000 nonzero=138357809 (37.75%) u=[0..507] v=[0..255] distinctIdx=256 topNonZeroIdx=0x03(32249035) psm=0x2C tbp0=0x0 tbw=8 cbp=0x3B40 csa=0
[p4:gs-sprite] #685000 ctx=0 tme=1 abe=1 FRAME fbp=0x0 fbw=10 psm=0x1 msk=0x00000000 | SCISSOR 0,0..639,223 | TEST=0x000000000005008B | TEX0 tbp=0x0 tbw=8 psm=0x2C tw=512 th=512 tfx=0 | V0(2144.5,2055.0) V1(2152.5,2066.0) uv0(2584,360) uv1(2704,704) | XYOFFSET ofx=1728 ofy=1936 -> screen (416,119)..(424,130)
[p4:gs-sprite] #685500 ctx=0 tme=1 abe=1 FRAME fbp=0x0 fbw=10 psm=0x1 msk=0x00000000 | SCISSOR 0,0..639,223 | TEST=0x000000000005008B | TEX0 tbp=0x0 tbw=8 psm=0x2C tw=512 th=512 tfx=0 | V0(1939.0,2041.0) V1(1942.0,2050.0) uv0(872,360) uv1(912,640) | XYOFFSET ofx=1728 ofy=1936 -> screen (211,105)..(214,114)
[p4:gs-sprite] #686000 ctx=0 tme=1 abe=1 FRAME fbp=0x0 fbw=10 psm=0x1 msk=0x00000000 | SCISSOR 0,0..639,223 | TEST=0x000000000005008B | TEX0 tbp=0x0 tbw=8 psm=0x2C tw=512 th=512 tfx=0 | V0(2235.5,2013.0) V1(2243.5,2022.0) uv0(1288,360) uv1(1408,640) | XYOFFSET ofx=1728 ofy=1936 -> screen (507,77)..(515,86)
[p4:clut] samples=367000000 nonzero=138554346 (37.75%) u=[0..507] v=[0..255] distinctIdx=256 topNonZeroIdx=0x03(32338678) psm=0x2C tbp0=0x0 tbw=8 cbp=0x3B40 csa=0
[p4:gs-sprite] #686500 ctx=0 tme=1 abe=1 FRAME fbp=0x0 fbw=10 psm=0x1 msk=0x00000000 | SCISSOR 0,0..639,223 | TEST=0x000000000005008B | TEX0 tbp=0x0 tbw=8 psm=0x2C tw=512 th=512 tfx=0 | V0(2060.5,2069.0) V1(2081.5,2079.5) uv0(5112,1432) uv1(5440,1760) | XYOFFSET ofx=1728 ofy=1936 -> screen (332,133)..(353,143)
[p4:gs-sprite] #687000 ctx=0 tme=1 abe=1 FRAME fbp=0x0 fbw=10 psm=0x1 msk=0x00000000 | SCISSOR 0,0..639,223 | TEST=0x000000000005008B | TEX0 tbp=0x0 tbw=8 psm=0x2C tw=512 th=512 tfx=0 | V0(2124.0,2041.0) V1(2130.0,2050.0) uv0(1960,360) uv1(2048,640) | XYOFFSET ofx=1728 ofy=1936 -> screen (396,105)..(402,114)
[p4:gs-sprite] #687500 ctx=0 tme=1 abe=1 FRAME fbp=0x0 fbw=10 psm=0x1 msk=0x00000000 | SCISSOR 0,0..639,223 | TEST=0x000000000005008B | TEX0 tbp=0x0 tbw=8 psm=0x2C tw=512 th=512 tfx=0 | V0(2001.0,2027.0) V1(2006.0,2036.0) uv0(1784,360) uv1(1856,640) | XYOFFSET ofx=1728 ofy=1936 -> screen (273,91)..(278,100)
[p4:gs-sprite] #688000 ctx=0 tme=1 abe=1 FRAME fbp=0x0 fbw=10 psm=0x1 msk=0x00000000 | SCISSOR 0,0..639,223 | TEST=0x000000000005008B | TEX0 tbp=0x0 tbw=8 psm=0x2C tw=512 th=512 tfx=0 | V0(1956.5,2013.0) V1(1964.5,2022.0) uv0(744,360) uv1(864,640) | XYOFFSET ofx=1728 ofy=1936 -> screen (228,77)..(236,86)
[p4:clut] samples=367500000 nonzero=138751013 (37.76%) u=[0..507] v=[0..255] distinctIdx=256 topNonZeroIdx=0x03(32428400) psm=0x2C tbp0=0x0 tbw=8 cbp=0x3B40 csa=0
[p4:gs-sprite] #688500 ctx=0 tme=1 abe=1 FRAME fbp=0x0 fbw=10 psm=0x1 msk=0x00000000 | SCISSOR 0,0..639,223 | TEST=0x000000000005008B | TEX0 tbp=0x0 tbw=8 psm=0x2C tw=512 th=512 tfx=0 | V0(2018.5,2055.0) V1(2023.5,2064.0) uv0(1784,360) uv1(1856,640) | XYOFFSET ofx=1728 ofy=1936 -> screen (290,119)..(295,128)
[p4:gs-sprite] #689000 ctx=0 tme=1 abe=1 FRAME fbp=0x0 fbw=10 psm=0x1 msk=0x00000000 | SCISSOR 0,0..639,223 | TEST=0x000000000005008B | TEX0 tbp=0x0 tbw=8 psm=0x2C tw=512 th=512 tfx=0 | V0(2164.0,2027.0) V1(2172.0,2036.0) uv0(6184,8) uv1(6304,288) | XYOFFSET ofx=1728 ofy=1936 -> screen (436,91)..(444,100)
[p4:gs-sprite] #689500 ctx=0 tme=1 abe=1 FRAME fbp=0x0 fbw=10 psm=0x1 msk=0x00000000 | SCISSOR 0,0..639,223 | TEST=0x000000000005008B | TEX0 tbp=0x0 tbw=8 psm=0x2C tw=512 th=512 tfx=0 | V0(2124.5,2013.0) V1(2132.5,2022.0) uv0(488,360) uv1(608,640) | XYOFFSET ofx=1728 ofy=1936 -> screen (396,77)..(404,86)
[p4:gs-sprite] #690000 ctx=0 tme=1 abe=1 FRAME fbp=0x0 fbw=10 psm=0x1 msk=0x00000000 | SCISSOR 0,0..639,223 | TEST=0x000000000005008B | TEX0 tbp=0x0 tbw=8 psm=0x2C tw=512 th=512 tfx=0 | V0(2202.5,2055.0) V1(2210.5,2064.0) uv0(488,360) uv1(608,640) | XYOFFSET ofx=1728 ofy=1936 -> screen (474,119)..(482,128)
[p4:clut] samples=368000000 nonzero=138947910 (37.76%) u=[0..507] v=[0..255] distinctIdx=256 topNonZeroIdx=0x03(32518260) psm=0x2C tbp0=0x0 tbw=8 cbp=0x3B40 csa=0
[p4:gs-sprite] #690500 ctx=0 tme=1 abe=1 FRAME fbp=0x0 fbw=10 psm=0x1 msk=0x00000000 | SCISSOR 0,0..639,223 | TEST=0x000000000005008B | TEX0 tbp=0x0 tbw=8 psm=0x2C tw=512 th=512 tfx=0 | V0(1998.0,2041.0) V1(2008.0,2050.0) uv0(5592,8) uv1(5744,288) | XYOFFSET ofx=1728 ofy=1936 -> screen (270,105)..(280,114)
[p4:vbl] ticks=9900
[p4:gs-sprite] #691000 ctx=0 tme=1 abe=1 FRAME fbp=0x0 fbw=10 psm=0x1 msk=0x00000000 | SCISSOR 0,0..639,223 | TEST=0x000000000005008B | TEX0 tbp=0x0 tbw=8 psm=0x2C tw=512 th=512 tfx=0 | V0(1881.0,2027.0) V1(1889.0,2036.0) uv0(744,360) uv1(864,640) | XYOFFSET ofx=1728 ofy=1936 -> screen (153,91)..(161,100)
[p4:gs-sprite] #691500 ctx=0 tme=0 abe=0 FRAME fbp=0x0 fbw=10 psm=0x1 msk=0x00000000 | SCISSOR 0,0..639,223 | TEST=0x000000000005008B | TEX0 tbp=0x0 tbw=0 psm=0x0 tw=1 th=1 tfx=0 | V0(1829.0,2007.0) V1(2267.0,2087.0) uv0(0,0) uv1(0,0) | XYOFFSET ofx=1728 ofy=1936 -> screen (101,71)..(539,151)
[p4:clut] samples=368500000 nonzero=139144728 (37.76%) u=[0..507] v=[0..255] distinctIdx=256 topNonZeroIdx=0x03(32608063) psm=0x2C tbp0=0x0 tbw=8 cbp=0x3B40 csa=0
[p4:gs-sprite] #692000 ctx=0 tme=1 abe=1 FRAME fbp=0x0 fbw=10 psm=0x1 msk=0x00000000 | SCISSOR 0,0..639,223 | TEST=0x000000000005008B | TEX0 tbp=0x0 tbw=8 psm=0x2C tw=512 th=512 tfx=0 | V0(1888.5,2055.0) V1(1896.5,2066.0) uv0(2584,360) uv1(2704,704) | XYOFFSET ofx=1728 ofy=1936 -> screen (160,119)..(168,130)
[p4:gs-sprite] #692500 ctx=0 tme=1 abe=1 FRAME fbp=0x0 fbw=10 psm=0x1 msk=0x00000000 | SCISSOR 0,0..639,223 | TEST=0x000000000005008B | TEX0 tbp=0x0 tbw=8 psm=0x2C tw=512 th=512 tfx=0 | V0(2057.0,2027.0) V1(2066.0,2036.0) uv0(3912,8) uv1(4048,288) | XYOFFSET ofx=1728 ofy=1936 -> screen (329,91)..(338,100)
[p4:gs-sprite] #693000 ctx=0 tme=1 abe=1 FRAME fbp=0x0 fbw=10 psm=0x1 msk=0x00000000 | SCISSOR 0,0..639,223 | TEST=0x000000000005008B | TEX0 tbp=0x0 tbw=8 psm=0x2C tw=512 th=512 tfx=0 | V0(2017.5,2013.0) V1(2024.5,2022.0) uv0(2056,360) uv1(2160,640) | XYOFFSET ofx=1728 ofy=1936 -> screen (289,77)..(296,86)
[p4:gs-sprite] #693500 ctx=0 tme=1 abe=1 FRAME fbp=0x0 fbw=10 psm=0x1 msk=0x00000000 | SCISSOR 0,0..639,223 | TEST=0x000000000005008B | TEX0 tbp=0x0 tbw=8 psm=0x2C tw=512 th=512 tfx=0 | V0(2073.5,2055.0) V1(2080.5,2064.0) uv0(8008,8) uv1(8112,288) | XYOFFSET ofx=1728 ofy=1936 -> screen (345,119)..(352,128)
[p4:clut] samples=369000000 nonzero=139341169 (37.76%) u=[0..507] v=[0..255] distinctIdx=256 topNonZeroIdx=0x03(32697687) psm=0x2C tbp0=0x0 tbw=8 cbp=0x3B40 csa=0
[p4:gs-sprite] #694000 ctx=0 tme=1 abe=1 FRAME fbp=0x0 fbw=10 psm=0x1 msk=0x00000000 | SCISSOR 0,0..639,223 | TEST=0x000000000005008B | TEX0 tbp=0x0 tbw=8 psm=0x2C tw=512 th=512 tfx=0 | V0(2204.0,2027.0) V1(2213.0,2036.0) uv0(1416,360) uv1(1552,640) | XYOFFSET ofx=1728 ofy=1936 -> screen (476,91)..(485,100)
[p4:gs-sprite] #694500 ctx=0 tme=1 abe=1 FRAME fbp=0x0 fbw=10 psm=0x1 msk=0x00000000 | SCISSOR 0,0..639,223 | TEST=0x000000000005008B | TEX0 tbp=0x0 tbw=8 psm=0x2C tw=512 th=512 tfx=0 | V0(2177.5,2013.0) V1(2184.5,2022.0) uv0(8008,8) uv1(8112,288) | XYOFFSET ofx=1728 ofy=1936 -> screen (449,77)..(456,86)
[p4:gs-sprite] #695000 ctx=0 tme=1 abe=1 FRAME fbp=0x0 fbw=10 psm=0x1 msk=0x00000000 | SCISSOR 0,0..639,223 | TEST=0x000000000005008B | TEX0 tbp=0x0 tbw=8 psm=0x2C tw=512 th=512 tfx=0 | V0(1973.5,2069.0) V1(1991.5,2079.0) uv0(3368,1096) uv1(3648,1408) | XYOFFSET ofx=1728 ofy=1936 -> screen (245,133)..(263,143)
[p4:gs-sprite] #695500 ctx=0 tme=1 abe=1 FRAME fbp=0x0 fbw=10 psm=0x1 msk=0x00000000 | SCISSOR 0,0..639,223 | TEST=0x000000000005008B | TEX0 tbp=0x0 tbw=8 psm=0x2C tw=512 th=512 tfx=0 | V0(2066.0,2041.0) V1(2075.0,2050.0) uv0(6040,8) uv1(6176,288) | XYOFFSET ofx=1728 ofy=1936 -> screen (338,105)..(347,114)
[p4:clut] samples=369500000 nonzero=139537661 (37.76%) u=[0..507] v=[0..255] distinctIdx=256 topNonZeroIdx=0x03(32787274) psm=0x2C tbp0=0x0 tbw=8 cbp=0x3B40 csa=0
[p4:gs-sprite] #696000 ctx=0 tme=1 abe=1 FRAME fbp=0x0 fbw=10 psm=0x1 msk=0x00000000 | SCISSOR 0,0..639,223 | TEST=0x000000000005008B | TEX0 tbp=0x0 tbw=8 psm=0x2C tw=512 th=512 tfx=0 | V0(1944.0,2027.0) V1(1953.0,2036.0) uv0(1416,360) uv1(1552,640) | XYOFFSET ofx=1728 ofy=1936 -> screen (216,91)..(225,100)
[p4:gs-sprite] #696500 ctx=0 tme=1 abe=1 FRAME fbp=0x0 fbw=10 psm=0x1 msk=0x00000000 | SCISSOR 0,0..639,223 | TEST=0x000000000005008B | TEX0 tbp=0x0 tbw=8 psm=0x2C tw=512 th=512 tfx=0 | V0(1886.5,2013.0) V1(1893.5,2022.0) uv0(8008,8) uv1(8112,288) | XYOFFSET ofx=1728 ofy=1936 -> screen (158,77)..(165,86)
[p4:gs-sprite] #697000 ctx=0 tme=1 abe=1 FRAME fbp=0x0 fbw=10 psm=0x1 msk=0x00000000 | SCISSOR 0,0..639,223 | TEST=0x000000000005008B | TEX0 tbp=0x0 tbw=8 psm=0x2C tw=512 th=512 tfx=0 | V0(1950.5,2055.0) V1(1958.5,2064.0) uv0(1288,360) uv1(1408,640) | XYOFFSET ofx=1728 ofy=1936 -> screen (222,119)..(230,128)
[p4:gs-sprite] #697500 ctx=0 tme=1 abe=1 FRAME fbp=0x0 fbw=10 psm=0x1 msk=0x00000000 | SCISSOR 0,0..639,223 | TEST=0x000000000005008B | TEX0 tbp=0x0 tbw=8 psm=0x2C tw=512 th=512 tfx=0 | V0(2112.0,2027.0) V1(2117.0,2036.0) uv0(1784,360) uv1(1856,640) | XYOFFSET ofx=1728 ofy=1936 -> screen (384,91)..(389,100)
[p4:clut] samples=370000000 nonzero=139734366 (37.77%) u=[0..507] v=[0..255] distinctIdx=256 topNonZeroIdx=0x03(32877035) psm=0x2C tbp0=0x0 tbw=8 cbp=0x3B40 csa=0
[p4:gs-sprite] #698000 ctx=0 tme=1 abe=1 FRAME fbp=0x0 fbw=10 psm=0x1 msk=0x00000000 | SCISSOR 0,0..639,223 | TEST=0x000000000005008B | TEX0 tbp=0x0 tbw=8 psm=0x2C tw=512 th=512 tfx=0 | V0(2066.5,2013.0) V1(2074.5,2024.0) uv0(2584,360) uv1(2704,704) | XYOFFSET ofx=1728 ofy=1936 -> screen (338,77)..(346,88)
[p4:gs-sprite] #698500 ctx=0 tme=1 abe=1 FRAME fbp=0x0 fbw=10 psm=0x1 msk=0x00000000 | SCISSOR 0,0..639,223 | TEST=0x000000000005008B | TEX0 tbp=0x0 tbw=8 psm=0x2C tw=512 th=512 tfx=0 | V0(2144.5,2055.0) V1(2152.5,2066.0) uv0(2584,360) uv1(2704,704) | XYOFFSET ofx=1728 ofy=1936 -> screen (416,119)..(424,130)
[p4:gs-sprite] #699000 ctx=0 tme=1 abe=1 FRAME fbp=0x0 fbw=10 psm=0x1 msk=0x00000000 | SCISSOR 0,0..639,223 | TEST=0x000000000005008B | TEX0 tbp=0x0 tbw=8 psm=0x2C tw=512 th=512 tfx=0 | V0(1939.0,2041.0) V1(1942.0,2050.0) uv0(872,360) uv1(912,640) | XYOFFSET ofx=1728 ofy=1936 -> screen (211,105)..(214,114)
[p4:clut] samples=370500000 nonzero=139931300 (37.77%) u=[0..507] v=[0..255] distinctIdx=256 topNonZeroIdx=0x03(32966937) psm=0x2C tbp0=0x0 tbw=8 cbp=0x3B40 csa=0
[p4:gs-sprite] #699500 ctx=0 tme=1 abe=1 FRAME fbp=0x0 fbw=10 psm=0x1 msk=0x00000000 | SCISSOR 0,0..639,223 | TEST=0x000000000005008B | TEX0 tbp=0x0 tbw=8 psm=0x2C tw=512 th=512 tfx=0 | V0(2235.5,2013.0) V1(2243.5,2022.0) uv0(1288,360) uv1(1408,640) | XYOFFSET ofx=1728 ofy=1936 -> screen (507,77)..(515,86)
[p4:gs-sprite] #700000 ctx=0 tme=1 abe=1 FRAME fbp=0x0 fbw=10 psm=0x1 msk=0x00000000 | SCISSOR 0,0..639,223 | TEST=0x000000000005008B | TEX0 tbp=0x0 tbw=8 psm=0x2C tw=512 th=512 tfx=0 | V0(2060.5,2069.0) V1(2081.5,2079.5) uv0(5112,1432) uv1(5440,1760) | XYOFFSET ofx=1728 ofy=1936 -> screen (332,133)..(353,143)
[p4:gs-sprite] #700500 ctx=0 tme=1 abe=1 FRAME fbp=0x0 fbw=10 psm=0x1 msk=0x00000000 | SCISSOR 0,0..639,223 | TEST=0x000000000005008B | TEX0 tbp=0x0 tbw=8 psm=0x2C tw=512 th=512 tfx=0 | V0(2124.0,2041.0) V1(2130.0,2050.0) uv0(1960,360) uv1(2048,640) | XYOFFSET ofx=1728 ofy=1936 -> screen (396,105)..(402,114)
[p4:gs-sprite] #701000 ctx=0 tme=1 abe=1 FRAME fbp=0x0 fbw=10 psm=0x1 msk=0x00000000 | SCISSOR 0,0..639,223 | TEST=0x000000000005008B | TEX0 tbp=0x0 tbw=8 psm=0x2C tw=512 th=512 tfx=0 | V0(2001.0,2027.0) V1(2006.0,2036.0) uv0(1784,360) uv1(1856,640) | XYOFFSET ofx=1728 ofy=1936 -> screen (273,91)..(278,100)
[p4:clut] samples=371000000 nonzero=140127983 (37.77%) u=[0..507] v=[0..255] distinctIdx=256 topNonZeroIdx=0x03(33056612) psm=0x2C tbp0=0x0 tbw=8 cbp=0x3B40 csa=0
[p4:gs-sprite] #701500 ctx=0 tme=1 abe=1 FRAME fbp=0x0 fbw=10 psm=0x1 msk=0x00000000 | SCISSOR 0,0..639,223 | TEST=0x000000000005008B | TEX0 tbp=0x0 tbw=8 psm=0x2C tw=512 th=512 tfx=0 | V0(1956.5,2013.0) V1(1964.5,2022.0) uv0(744,360) uv1(864,640) | XYOFFSET ofx=1728 ofy=1936 -> screen (228,77)..(236,86)
[p4:gs-sprite] #702000 ctx=0 tme=1 abe=1 FRAME fbp=0x0 fbw=10 psm=0x1 msk=0x00000000 | SCISSOR 0,0..639,223 | TEST=0x000000000005008B | TEX0 tbp=0x0 tbw=8 psm=0x2C tw=512 th=512 tfx=0 | V0(2018.5,2055.0) V1(2023.5,2064.0) uv0(1784,360) uv1(1856,640) | XYOFFSET ofx=1728 ofy=1936 -> screen (290,119)..(295,128)
[p4:gs-sprite] #702500 ctx=0 tme=1 abe=1 FRAME fbp=0x0 fbw=10 psm=0x1 msk=0x00000000 | SCISSOR 0,0..639,223 | TEST=0x000000000005008B | TEX0 tbp=0x0 tbw=8 psm=0x2C tw=512 th=512 tfx=0 | V0(2164.0,2027.0) V1(2172.0,2036.0) uv0(6184,8) uv1(6304,288) | XYOFFSET ofx=1728 ofy=1936 -> screen (436,91)..(444,100)
[p4:gs-sprite] #703000 ctx=0 tme=1 abe=1 FRAME fbp=0x0 fbw=10 psm=0x1 msk=0x00000000 | SCISSOR 0,0..639,223 | TEST=0x000000000005008B | TEX0 tbp=0x0 tbw=8 psm=0x2C tw=512 th=512 tfx=0 | V0(2124.5,2013.0) V1(2132.5,2022.0) uv0(488,360) uv1(608,640) | XYOFFSET ofx=1728 ofy=1936 -> screen (396,77)..(404,86)
[p4:clut] samples=371500000 nonzero=140324339 (37.77%) u=[0..507] v=[0..255] distinctIdx=256 topNonZeroIdx=0x03(33146217) psm=0x2C tbp0=0x0 tbw=8 cbp=0x3B40 csa=0
[p4:gs-sprite] #703500 ctx=0 tme=1 abe=1 FRAME fbp=0x0 fbw=10 psm=0x1 msk=0x00000000 | SCISSOR 0,0..639,223 | TEST=0x000000000005008B | TEX0 tbp=0x0 tbw=8 psm=0x2C tw=512 th=512 tfx=0 | V0(2202.5,2055.0) V1(2210.5,2064.0) uv0(488,360) uv1(608,640) | XYOFFSET ofx=1728 ofy=1936 -> screen (474,119)..(482,128)
[p4:gs-sprite] #704000 ctx=0 tme=1 abe=1 FRAME fbp=0x0 fbw=10 psm=0x1 msk=0x00000000 | SCISSOR 0,0..639,223 | TEST=0x000000000005008B | TEX0 tbp=0x0 tbw=8 psm=0x2C tw=512 th=512 tfx=0 | V0(1998.0,2041.0) V1(2008.0,2050.0) uv0(5592,8) uv1(5744,288) | XYOFFSET ofx=1728 ofy=1936 -> screen (270,105)..(280,114)
[p4:gs-sprite] #704500 ctx=0 tme=1 abe=1 FRAME fbp=0x0 fbw=10 psm=0x1 msk=0x00000000 | SCISSOR 0,0..639,223 | TEST=0x000000000005008B | TEX0 tbp=0x0 tbw=8 psm=0x2C tw=512 th=512 tfx=0 | V0(1881.0,2027.0) V1(1889.0,2036.0) uv0(744,360) uv1(864,640) | XYOFFSET ofx=1728 ofy=1936 -> screen (153,91)..(161,100)
[p4:gs-sprite] #705000 ctx=0 tme=0 abe=0 FRAME fbp=0x0 fbw=10 psm=0x1 msk=0x00000000 | SCISSOR 0,0..639,223 | TEST=0x000000000005008B | TEX0 tbp=0x0 tbw=0 psm=0x0 tw=1 th=1 tfx=0 | V0(1829.0,2007.0) V1(2267.0,2087.0) uv0(0,0) uv1(0,0) | XYOFFSET ofx=1728 ofy=1936 -> screen (101,71)..(539,151)
[p4:clut] samples=372000000 nonzero=140521028 (37.77%) u=[0..507] v=[0..255] distinctIdx=256 topNonZeroIdx=0x03(33235940) psm=0x2C tbp0=0x0 tbw=8 cbp=0x3B40 csa=0
[p4:gs-sprite] #705500 ctx=0 tme=1 abe=1 FRAME fbp=0x0 fbw=10 psm=0x1 msk=0x00000000 | SCISSOR 0,0..639,223 | TEST=0x000000000005008B | TEX0 tbp=0x0 tbw=8 psm=0x2C tw=512 th=512 tfx=0 | V0(1888.5,2055.0) V1(1896.5,2066.0) uv0(2584,360) uv1(2704,704) | XYOFFSET ofx=1728 ofy=1936 -> screen (160,119)..(168,130)
[p4:gs-sprite] #706000 ctx=0 tme=1 abe=1 FRAME fbp=0x0 fbw=10 psm=0x1 msk=0x00000000 | SCISSOR 0,0..639,223 | TEST=0x000000000005008B | TEX0 tbp=0x0 tbw=8 psm=0x2C tw=512 th=512 tfx=0 | V0(2057.0,2027.0) V1(2066.0,2036.0) uv0(3912,8) uv1(4048,288) | XYOFFSET ofx=1728 ofy=1936 -> screen (329,91)..(338,100)
[p4:gs-sprite] #706500 ctx=0 tme=1 abe=1 FRAME fbp=0x0 fbw=10 psm=0x1 msk=0x00000000 | SCISSOR 0,0..639,223 | TEST=0x000000000005008B | TEX0 tbp=0x0 tbw=8 psm=0x2C tw=512 th=512 tfx=0 | V0(2017.5,2013.0) V1(2024.5,2022.0) uv0(2056,360) uv1(2160,640) | XYOFFSET ofx=1728 ofy=1936 -> screen (289,77)..(296,86)
[p4:clut] samples=372500000 nonzero=140717782 (37.78%) u=[0..507] v=[0..255] distinctIdx=256 topNonZeroIdx=0x03(33325701) psm=0x2C tbp0=0x0 tbw=8 cbp=0x3B40 csa=0
[p4:gs-sprite] #707000 ctx=0 tme=1 abe=1 FRAME fbp=0x0 fbw=10 psm=0x1 msk=0x00000000 | SCISSOR 0,0..639,223 | TEST=0x000000000005008B | TEX0 tbp=0x0 tbw=8 psm=0x2C tw=512 th=512 tfx=0 | V0(2073.5,2055.0) V1(2080.5,2064.0) uv0(8008,8) uv1(8112,288) | XYOFFSET ofx=1728 ofy=1936 -> screen (345,119)..(352,128)
[p4:gs-sprite] #707500 ctx=0 tme=1 abe=1 FRAME fbp=0x0 fbw=10 psm=0x1 msk=0x00000000 | SCISSOR 0,0..639,223 | TEST=0x000000000005008B | TEX0 tbp=0x0 tbw=8 psm=0x2C tw=512 th=512 tfx=0 | V0(2204.0,2027.0) V1(2213.0,2036.0) uv0(1416,360) uv1(1552,640) | XYOFFSET ofx=1728 ofy=1936 -> screen (476,91)..(485,100)
[p4:gs-sprite] #708000 ctx=0 tme=1 abe=1 FRAME fbp=0x0 fbw=10 psm=0x1 msk=0x00000000 | SCISSOR 0,0..639,223 | TEST=0x000000000005008B | TEX0 tbp=0x0 tbw=8 psm=0x2C tw=512 th=512 tfx=0 | V0(2177.5,2013.0) V1(2184.5,2022.0) uv0(8008,8) uv1(8112,288) | XYOFFSET ofx=1728 ofy=1936 -> screen (449,77)..(456,86)
[p4:gs-sprite] #708500 ctx=0 tme=1 abe=1 FRAME fbp=0x0 fbw=10 psm=0x1 msk=0x00000000 | SCISSOR 0,0..639,223 | TEST=0x000000000005008B | TEX0 tbp=0x0 tbw=8 psm=0x2C tw=512 th=512 tfx=0 | V0(1973.5,2069.0) V1(1991.5,2079.0) uv0(3368,1096) uv1(3648,1408) | XYOFFSET ofx=1728 ofy=1936 -> screen (245,133)..(263,143)
[p4:clut] samples=373000000 nonzero=140914694 (37.78%) u=[0..507] v=[0..255] distinctIdx=256 topNonZeroIdx=0x03(33415593) psm=0x2C tbp0=0x0 tbw=8 cbp=0x3B40 csa=0
[p4:gs-sprite] #709000 ctx=0 tme=1 abe=1 FRAME fbp=0x0 fbw=10 psm=0x1 msk=0x00000000 | SCISSOR 0,0..639,223 | TEST=0x000000000005008B | TEX0 tbp=0x0 tbw=8 psm=0x2C tw=512 th=512 tfx=0 | V0(2066.0,2041.0) V1(2075.0,2050.0) uv0(6040,8) uv1(6176,288) | XYOFFSET ofx=1728 ofy=1936 -> screen (338,105)..(347,114)
[p4:gs-sprite] #709500 ctx=0 tme=1 abe=1 FRAME fbp=0x0 fbw=10 psm=0x1 msk=0x00000000 | SCISSOR 0,0..639,223 | TEST=0x000000000005008B | TEX0 tbp=0x0 tbw=8 psm=0x2C tw=512 th=512 tfx=0 | V0(1944.0,2027.0) V1(1953.0,2036.0) uv0(1416,360) uv1(1552,640) | XYOFFSET ofx=1728 ofy=1936 -> screen (216,91)..(225,100)
[p4:gs-sprite] #710000 ctx=0 tme=1 abe=1 FRAME fbp=0x0 fbw=10 psm=0x1 msk=0x00000000 | SCISSOR 0,0..639,223 | TEST=0x000000000005008B | TEX0 tbp=0x0 tbw=8 psm=0x2C tw=512 th=512 tfx=0 | V0(1886.5,2013.0) V1(1893.5,2022.0) uv0(8008,8) uv1(8112,288) | XYOFFSET ofx=1728 ofy=1936 -> screen (158,77)..(165,86)
[p4:gs-sprite] #710500 ctx=0 tme=1 abe=1 FRAME fbp=0x0 fbw=10 psm=0x1 msk=0x00000000 | SCISSOR 0,0..639,223 | TEST=0x000000000005008B | TEX0 tbp=0x0 tbw=8 psm=0x2C tw=512 th=512 tfx=0 | V0(1950.5,2055.0) V1(1958.5,2064.0) uv0(1288,360) uv1(1408,640) | XYOFFSET ofx=1728 ofy=1936 -> screen (222,119)..(230,128)
[p4:clut] samples=373500000 nonzero=141111171 (37.78%) u=[0..507] v=[0..255] distinctIdx=256 topNonZeroIdx=0x03(33505238) psm=0x2C tbp0=0x0 tbw=8 cbp=0x3B40 csa=0
[p4:gs-sprite] #711000 ctx=0 tme=1 abe=1 FRAME fbp=0x0 fbw=10 psm=0x1 msk=0x00000000 | SCISSOR 0,0..639,223 | TEST=0x000000000005008B | TEX0 tbp=0x0 tbw=8 psm=0x2C tw=512 th=512 tfx=0 | V0(2112.0,2027.0) V1(2117.0,2036.0) uv0(1784,360) uv1(1856,640) | XYOFFSET ofx=1728 ofy=1936 -> screen (384,91)..(389,100)
[p4:gs-sprite] #711500 ctx=0 tme=1 abe=1 FRAME fbp=0x0 fbw=10 psm=0x1 msk=0x00000000 | SCISSOR 0,0..639,223 | TEST=0x000000000005008B | TEX0 tbp=0x0 tbw=8 psm=0x2C tw=512 th=512 tfx=0 | V0(2066.5,2013.0) V1(2074.5,2024.0) uv0(2584,360) uv1(2704,704) | XYOFFSET ofx=1728 ofy=1936 -> screen (338,77)..(346,88)
[p4:gs-sprite] #712000 ctx=0 tme=1 abe=1 FRAME fbp=0x0 fbw=10 psm=0x1 msk=0x00000000 | SCISSOR 0,0..639,223 | TEST=0x000000000005008B | TEX0 tbp=0x0 tbw=8 psm=0x2C tw=512 th=512 tfx=0 | V0(2144.5,2055.0) V1(2152.5,2066.0) uv0(2584,360) uv1(2704,704) | XYOFFSET ofx=1728 ofy=1936 -> screen (416,119)..(424,130)
[p4:clut] samples=374000000 nonzero=141307704 (37.78%) u=[0..507] v=[0..255] distinctIdx=256 topNonZeroIdx=0x03(33594838) psm=0x2C tbp0=0x0 tbw=8 cbp=0x3B40 csa=0
[p4:gs-sprite] #712500 ctx=0 tme=1 abe=1 FRAME fbp=0x0 fbw=10 psm=0x1 msk=0x00000000 | SCISSOR 0,0..639,223 | TEST=0x000000000005008B | TEX0 tbp=0x0 tbw=8 psm=0x2C tw=512 th=512 tfx=0 | V0(1939.0,2041.0) V1(1942.0,2050.0) uv0(872,360) uv1(912,640) | XYOFFSET ofx=1728 ofy=1936 -> screen (211,105)..(214,114)
[p4:gs-sprite] #713000 ctx=0 tme=1 abe=1 FRAME fbp=0x0 fbw=10 psm=0x1 msk=0x00000000 | SCISSOR 0,0..639,223 | TEST=0x000000000005008B | TEX0 tbp=0x0 tbw=8 psm=0x2C tw=512 th=512 tfx=0 | V0(2235.5,2013.0) V1(2243.5,2022.0) uv0(1288,360) uv1(1408,640) | XYOFFSET ofx=1728 ofy=1936 -> screen (507,77)..(515,86)
[p4:gs-sprite] #713500 ctx=0 tme=1 abe=1 FRAME fbp=0x0 fbw=10 psm=0x1 msk=0x00000000 | SCISSOR 0,0..639,223 | TEST=0x000000000005008B | TEX0 tbp=0x0 tbw=8 psm=0x2C tw=512 th=512 tfx=0 | V0(2060.5,2069.0) V1(2081.5,2079.5) uv0(5112,1432) uv1(5440,1760) | XYOFFSET ofx=1728 ofy=1936 -> screen (332,133)..(353,143)
[p4:gs-sprite] #714000 ctx=0 tme=1 abe=1 FRAME fbp=0x0 fbw=10 psm=0x1 msk=0x00000000 | SCISSOR 0,0..639,223 | TEST=0x000000000005008B | TEX0 tbp=0x0 tbw=8 psm=0x2C tw=512 th=512 tfx=0 | V0(2124.0,2041.0) V1(2130.0,2050.0) uv0(1960,360) uv1(2048,640) | XYOFFSET ofx=1728 ofy=1936 -> screen (396,105)..(402,114)
[p4:clut] samples=374500000 nonzero=141504341 (37.78%) u=[0..507] v=[0..255] distinctIdx=256 topNonZeroIdx=0x03(33684552) psm=0x2C tbp0=0x0 tbw=8 cbp=0x3B40 csa=0
[p4:gs-sprite] #714500 ctx=0 tme=1 abe=1 FRAME fbp=0x0 fbw=10 psm=0x1 msk=0x00000000 | SCISSOR 0,0..639,223 | TEST=0x000000000005008B | TEX0 tbp=0x0 tbw=8 psm=0x2C tw=512 th=512 tfx=0 | V0(2001.0,2027.0) V1(2006.0,2036.0) uv0(1784,360) uv1(1856,640) | XYOFFSET ofx=1728 ofy=1936 -> screen (273,91)..(278,100)
[p4:gs-sprite] #715000 ctx=0 tme=1 abe=1 FRAME fbp=0x0 fbw=10 psm=0x1 msk=0x00000000 | SCISSOR 0,0..639,223 | TEST=0x000000000005008B | TEX0 tbp=0x0 tbw=8 psm=0x2C tw=512 th=512 tfx=0 | V0(1956.5,2013.0) V1(1964.5,2022.0) uv0(744,360) uv1(864,640) | XYOFFSET ofx=1728 ofy=1936 -> screen (228,77)..(236,86)
[p4:gs-sprite] #715500 ctx=0 tme=1 abe=1 FRAME fbp=0x0 fbw=10 psm=0x1 msk=0x00000000 | SCISSOR 0,0..639,223 | TEST=0x000000000005008B | TEX0 tbp=0x0 tbw=8 psm=0x2C tw=512 th=512 tfx=0 | V0(2018.5,2055.0) V1(2023.5,2064.0) uv0(1784,360) uv1(1856,640) | XYOFFSET ofx=1728 ofy=1936 -> screen (290,119)..(295,128)
[p4:vbl] ticks=10200
[p4:gs-sprite] #716000 ctx=0 tme=1 abe=1 FRAME fbp=0x0 fbw=10 psm=0x1 msk=0x00000000 | SCISSOR 0,0..639,223 | TEST=0x000000000005008B | TEX0 tbp=0x0 tbw=8 psm=0x2C tw=512 th=512 tfx=0 | V0(2164.0,2027.0) V1(2172.0,2036.0) uv0(6184,8) uv1(6304,288) | XYOFFSET ofx=1728 ofy=1936 -> screen (436,91)..(444,100)
[p4:clut] samples=375000000 nonzero=141701241 (37.79%) u=[0..507] v=[0..255] distinctIdx=256 topNonZeroIdx=0x03(33774410) psm=0x2C tbp0=0x0 tbw=8 cbp=0x3B40 csa=0
[p4:gs-sprite] #716500 ctx=0 tme=1 abe=1 FRAME fbp=0x0 fbw=10 psm=0x1 msk=0x00000000 | SCISSOR 0,0..639,223 | TEST=0x000000000005008B | TEX0 tbp=0x0 tbw=8 psm=0x2C tw=512 th=512 tfx=0 | V0(2124.5,2013.0) V1(2132.5,2022.0) uv0(488,360) uv1(608,640) | XYOFFSET ofx=1728 ofy=1936 -> screen (396,77)..(404,86)
[p4:gs-sprite] #717000 ctx=0 tme=1 abe=1 FRAME fbp=0x0 fbw=10 psm=0x1 msk=0x00000000 | SCISSOR 0,0..639,223 | TEST=0x000000000005008B | TEX0 tbp=0x0 tbw=8 psm=0x2C tw=512 th=512 tfx=0 | V0(2202.5,2055.0) V1(2210.5,2064.0) uv0(488,360) uv1(608,640) | XYOFFSET ofx=1728 ofy=1936 -> screen (474,119)..(482,128)
[p4:gs-sprite] #717500 ctx=0 tme=1 abe=1 FRAME fbp=0x0 fbw=10 psm=0x1 msk=0x00000000 | SCISSOR 0,0..639,223 | TEST=0x000000000005008B | TEX0 tbp=0x0 tbw=8 psm=0x2C tw=512 th=512 tfx=0 | V0(1998.0,2041.0) V1(2008.0,2050.0) uv0(5592,8) uv1(5744,288) | XYOFFSET ofx=1728 ofy=1936 -> screen (270,105)..(280,114)
[p4:gs-sprite] #718000 ctx=0 tme=1 abe=1 FRAME fbp=0x0 fbw=10 psm=0x1 msk=0x00000000 | SCISSOR 0,0..639,223 | TEST=0x000000000005008B | TEX0 tbp=0x0 tbw=8 psm=0x2C tw=512 th=512 tfx=0 | V0(1881.0,2027.0) V1(1889.0,2036.0) uv0(744,360) uv1(864,640) | XYOFFSET ofx=1728 ofy=1936 -> screen (153,91)..(161,100)
[p4:clut] samples=375500000 nonzero=141898053 (37.79%) u=[0..507] v=[0..255] distinctIdx=256 topNonZeroIdx=0x03(33864194) psm=0x2C tbp0=0x0 tbw=8 cbp=0x3B40 csa=0
[p4:gs-sprite] #718500 ctx=0 tme=0 abe=0 FRAME fbp=0x0 fbw=10 psm=0x1 msk=0x00000000 | SCISSOR 0,0..639,223 | TEST=0x000000000005008B | TEX0 tbp=0x0 tbw=0 psm=0x0 tw=1 th=1 tfx=0 | V0(1829.0,2007.0) V1(2267.0,2087.0) uv0(0,0) uv1(0,0) | XYOFFSET ofx=1728 ofy=1936 -> screen (101,71)..(539,151)
[p4:gs-sprite] #719000 ctx=0 tme=1 abe=1 FRAME fbp=0x0 fbw=10 psm=0x1 msk=0x00000000 | SCISSOR 0,0..639,223 | TEST=0x000000000005008B | TEX0 tbp=0x0 tbw=8 psm=0x2C tw=512 th=512 tfx=0 | V0(1888.5,2055.0) V1(1896.5,2066.0) uv0(2584,360) uv1(2704,704) | XYOFFSET ofx=1728 ofy=1936 -> screen (160,119)..(168,130)
[p4:gs-sprite] #719500 ctx=0 tme=1 abe=1 FRAME fbp=0x0 fbw=10 psm=0x1 msk=0x00000000 | SCISSOR 0,0..639,223 | TEST=0x000000000005008B | TEX0 tbp=0x0 tbw=8 psm=0x2C tw=512 th=512 tfx=0 | V0(2057.0,2027.0) V1(2066.0,2036.0) uv0(3912,8) uv1(4048,288) | XYOFFSET ofx=1728 ofy=1936 -> screen (329,91)..(338,100)
[p4:clut] samples=376000000 nonzero=142094468 (37.79%) u=[0..507] v=[0..255] distinctIdx=256 topNonZeroIdx=0x03(33953804) psm=0x2C tbp0=0x0 tbw=8 cbp=0x3B40 csa=0
[p4:gs-sprite] #720000 ctx=0 tme=1 abe=1 FRAME fbp=0x0 fbw=10 psm=0x1 msk=0x00000000 | SCISSOR 0,0..639,223 | TEST=0x000000000005008B | TEX0 tbp=0x0 tbw=8 psm=0x2C tw=512 th=512 tfx=0 | V0(2017.5,2013.0) V1(2024.5,2022.0) uv0(2056,360) uv1(2160,640) | XYOFFSET ofx=1728 ofy=1936 -> screen (289,77)..(296,86)
[p4:gs-sprite] #720500 ctx=0 tme=1 abe=1 FRAME fbp=0x0 fbw=10 psm=0x1 msk=0x00000000 | SCISSOR 0,0..639,223 | TEST=0x000000000005008B | TEX0 tbp=0x0 tbw=8 psm=0x2C tw=512 th=512 tfx=0 | V0(2073.5,2055.0) V1(2080.5,2064.0) uv0(8008,8) uv1(8112,288) | XYOFFSET ofx=1728 ofy=1936 -> screen (345,119)..(352,128)
[p4:gs-sprite] #721000 ctx=0 tme=1 abe=1 FRAME fbp=0x0 fbw=10 psm=0x1 msk=0x00000000 | SCISSOR 0,0..639,223 | TEST=0x000000000005008B | TEX0 tbp=0x0 tbw=8 psm=0x2C tw=512 th=512 tfx=0 | V0(2204.0,2027.0) V1(2213.0,2036.0) uv0(1416,360) uv1(1552,640) | XYOFFSET ofx=1728 ofy=1936 -> screen (476,91)..(485,100)
[p4:gs-sprite] #721500 ctx=0 tme=1 abe=1 FRAME fbp=0x0 fbw=10 psm=0x1 msk=0x00000000 | SCISSOR 0,0..639,223 | TEST=0x000000000005008B | TEX0 tbp=0x0 tbw=8 psm=0x2C tw=512 th=512 tfx=0 | V0(2177.5,2013.0) V1(2184.5,2022.0) uv0(8008,8) uv1(8112,288) | XYOFFSET ofx=1728 ofy=1936 -> screen (449,77)..(456,86)
[p4:clut] samples=376500000 nonzero=142291027 (37.79%) u=[0..507] v=[0..255] distinctIdx=256 topNonZeroIdx=0x03(34043433) psm=0x2C tbp0=0x0 tbw=8 cbp=0x3B40 csa=0
[p4:gs-sprite] #722000 ctx=0 tme=1 abe=1 FRAME fbp=0x0 fbw=10 psm=0x1 msk=0x00000000 | SCISSOR 0,0..639,223 | TEST=0x000000000005008B | TEX0 tbp=0x0 tbw=8 psm=0x2C tw=512 th=512 tfx=0 | V0(1973.5,2069.0) V1(1991.5,2079.0) uv0(3368,1096) uv1(3648,1408) | XYOFFSET ofx=1728 ofy=1936 -> screen (245,133)..(263,143)
[p4:gs-sprite] #722500 ctx=0 tme=1 abe=1 FRAME fbp=0x0 fbw=10 psm=0x1 msk=0x00000000 | SCISSOR 0,0..639,223 | TEST=0x000000000005008B | TEX0 tbp=0x0 tbw=8 psm=0x2C tw=512 th=512 tfx=0 | V0(2066.0,2041.0) V1(2075.0,2050.0) uv0(6040,8) uv1(6176,288) | XYOFFSET ofx=1728 ofy=1936 -> screen (338,105)..(347,114)
[p4:gs-sprite] #723000 ctx=0 tme=1 abe=1 FRAME fbp=0x0 fbw=10 psm=0x1 msk=0x00000000 | SCISSOR 0,0..639,223 | TEST=0x000000000005008B | TEX0 tbp=0x0 tbw=8 psm=0x2C tw=512 th=512 tfx=0 | V0(1944.0,2027.0) V1(1953.0,2036.0) uv0(1416,360) uv1(1552,640) | XYOFFSET ofx=1728 ofy=1936 -> screen (216,91)..(225,100)
[p4:gs-sprite] #723500 ctx=0 tme=1 abe=1 FRAME fbp=0x0 fbw=10 psm=0x1 msk=0x00000000 | SCISSOR 0,0..639,223 | TEST=0x000000000005008B | TEX0 tbp=0x0 tbw=8 psm=0x2C tw=512 th=512 tfx=0 | V0(1886.5,2013.0) V1(1893.5,2022.0) uv0(8008,8) uv1(8112,288) | XYOFFSET ofx=1728 ofy=1936 -> screen (158,77)..(165,86)
[p4:clut] samples=377000000 nonzero=142487652 (37.80%) u=[0..507] v=[0..255] distinctIdx=256 topNonZeroIdx=0x03(34133150) psm=0x2C tbp0=0x0 tbw=8 cbp=0x3B40 csa=0
[p4:gs-sprite] #724000 ctx=0 tme=1 abe=1 FRAME fbp=0x0 fbw=10 psm=0x1 msk=0x00000000 | SCISSOR 0,0..639,223 | TEST=0x000000000005008B | TEX0 tbp=0x0 tbw=8 psm=0x2C tw=512 th=512 tfx=0 | V0(1950.5,2055.0) V1(1958.5,2064.0) uv0(1288,360) uv1(1408,640) | XYOFFSET ofx=1728 ofy=1936 -> screen (222,119)..(230,128)
[p4:gs-sprite] #724500 ctx=0 tme=1 abe=1 FRAME fbp=0x0 fbw=10 psm=0x1 msk=0x00000000 | SCISSOR 0,0..639,223 | TEST=0x000000000005008B | TEX0 tbp=0x0 tbw=8 psm=0x2C tw=512 th=512 tfx=0 | V0(2112.0,2027.0) V1(2117.0,2036.0) uv0(1784,360) uv1(1856,640) | XYOFFSET ofx=1728 ofy=1936 -> screen (384,91)..(389,100)
[p4:gs-sprite] #725000 ctx=0 tme=1 abe=1 FRAME fbp=0x0 fbw=10 psm=0x1 msk=0x00000000 | SCISSOR 0,0..639,223 | TEST=0x000000000005008B | TEX0 tbp=0x0 tbw=8 psm=0x2C tw=512 th=512 tfx=0 | V0(2066.5,2013.0) V1(2074.5,2024.0) uv0(2584,360) uv1(2704,704) | XYOFFSET ofx=1728 ofy=1936 -> screen (338,77)..(346,88)
[p4:clut] samples=377500000 nonzero=142684647 (37.80%) u=[0..507] v=[0..255] distinctIdx=256 topNonZeroIdx=0x03(34223098) psm=0x2C tbp0=0x0 tbw=8 cbp=0x3B40 csa=0
[p4:gs-sprite] #725500 ctx=0 tme=1 abe=1 FRAME fbp=0x0 fbw=10 psm=0x1 msk=0x00000000 | SCISSOR 0,0..639,223 | TEST=0x000000000005008B | TEX0 tbp=0x0 tbw=8 psm=0x2C tw=512 th=512 tfx=0 | V0(2144.5,2055.0) V1(2152.5,2066.0) uv0(2584,360) uv1(2704,704) | XYOFFSET ofx=1728 ofy=1936 -> screen (416,119)..(424,130)
[p4:gs-sprite] #726000 ctx=0 tme=1 abe=1 FRAME fbp=0x0 fbw=10 psm=0x1 msk=0x00000000 | SCISSOR 0,0..639,223 | TEST=0x000000000005008B | TEX0 tbp=0x0 tbw=8 psm=0x2C tw=512 th=512 tfx=0 | V0(1939.0,2041.0) V1(1942.0,2050.0) uv0(872,360) uv1(912,640) | XYOFFSET ofx=1728 ofy=1936 -> screen (211,105)..(214,114)
[p4:gs-sprite] #726500 ctx=0 tme=1 abe=1 FRAME fbp=0x0 fbw=10 psm=0x1 msk=0x00000000 | SCISSOR 0,0..639,223 | TEST=0x000000000005008B | TEX0 tbp=0x0 tbw=8 psm=0x2C tw=512 th=512 tfx=0 | V0(2235.5,2013.0) V1(2243.5,2022.0) uv0(1288,360) uv1(1408,640) | XYOFFSET ofx=1728 ofy=1936 -> screen (507,77)..(515,86)
[p4:gs-sprite] #727000 ctx=0 tme=1 abe=1 FRAME fbp=0x0 fbw=10 psm=0x1 msk=0x00000000 | SCISSOR 0,0..639,223 | TEST=0x000000000005008B | TEX0 tbp=0x0 tbw=8 psm=0x2C tw=512 th=512 tfx=0 | V0(2060.5,2069.0) V1(2081.5,2079.5) uv0(5112,1432) uv1(5440,1760) | XYOFFSET ofx=1728 ofy=1936 -> screen (332,133)..(353,143)
[p4:clut] samples=378000000 nonzero=142881314 (37.80%) u=[0..507] v=[0..255] distinctIdx=256 topNonZeroIdx=0x03(34312751) psm=0x2C tbp0=0x0 tbw=8 cbp=0x3B40 csa=0
[p4:gs-sprite] #727500 ctx=0 tme=1 abe=1 FRAME fbp=0x0 fbw=10 psm=0x1 msk=0x00000000 | SCISSOR 0,0..639,223 | TEST=0x000000000005008B | TEX0 tbp=0x0 tbw=8 psm=0x2C tw=512 th=512 tfx=0 | V0(2124.0,2041.0) V1(2130.0,2050.0) uv0(1960,360) uv1(2048,640) | XYOFFSET ofx=1728 ofy=1936 -> screen (396,105)..(402,114)
[p4:gs-sprite] #728000 ctx=0 tme=1 abe=1 FRAME fbp=0x0 fbw=10 psm=0x1 msk=0x00000000 | SCISSOR 0,0..639,223 | TEST=0x000000000005008B | TEX0 tbp=0x0 tbw=8 psm=0x2C tw=512 th=512 tfx=0 | V0(2001.0,2027.0) V1(2006.0,2036.0) uv0(1784,360) uv1(1856,640) | XYOFFSET ofx=1728 ofy=1936 -> screen (273,91)..(278,100)
[p4:gs-sprite] #728500 ctx=0 tme=1 abe=1 FRAME fbp=0x0 fbw=10 psm=0x1 msk=0x00000000 | SCISSOR 0,0..639,223 | TEST=0x000000000005008B | TEX0 tbp=0x0 tbw=8 psm=0x2C tw=512 th=512 tfx=0 | V0(1956.5,2013.0) V1(1964.5,2022.0) uv0(744,360) uv1(864,640) | XYOFFSET ofx=1728 ofy=1936 -> screen (228,77)..(236,86)
[p4:gs-sprite] #729000 ctx=0 tme=1 abe=1 FRAME fbp=0x0 fbw=10 psm=0x1 msk=0x00000000 | SCISSOR 0,0..639,223 | TEST=0x000000000005008B | TEX0 tbp=0x0 tbw=8 psm=0x2C tw=512 th=512 tfx=0 | V0(2018.5,2055.0) V1(2023.5,2064.0) uv0(1784,360) uv1(1856,640) | XYOFFSET ofx=1728 ofy=1936 -> screen (290,119)..(295,128)
[p4:clut] samples=378500000 nonzero=143077645 (37.80%) u=[0..507] v=[0..255] distinctIdx=256 topNonZeroIdx=0x03(34402330) psm=0x2C tbp0=0x0 tbw=8 cbp=0x3B40 csa=0
[p4:gs-sprite] #729500 ctx=0 tme=1 abe=1 FRAME fbp=0x0 fbw=10 psm=0x1 msk=0x00000000 | SCISSOR 0,0..639,223 | TEST=0x000000000005008B | TEX0 tbp=0x0 tbw=8 psm=0x2C tw=512 th=512 tfx=0 | V0(2164.0,2027.0) V1(2172.0,2036.0) uv0(6184,8) uv1(6304,288) | XYOFFSET ofx=1728 ofy=1936 -> screen (436,91)..(444,100)
[p4:gs-sprite] #730000 ctx=0 tme=1 abe=1 FRAME fbp=0x0 fbw=10 psm=0x1 msk=0x00000000 | SCISSOR 0,0..639,223 | TEST=0x000000000005008B | TEX0 tbp=0x0 tbw=8 psm=0x2C tw=512 th=512 tfx=0 | V0(2124.5,2013.0) V1(2132.5,2022.0) uv0(488,360) uv1(608,640) | XYOFFSET ofx=1728 ofy=1936 -> screen (396,77)..(404,86)
[p4:gs-sprite] #730500 ctx=0 tme=1 abe=1 FRAME fbp=0x0 fbw=10 psm=0x1 msk=0x00000000 | SCISSOR 0,0..639,223 | TEST=0x000000000005008B | TEX0 tbp=0x0 tbw=8 psm=0x2C tw=512 th=512 tfx=0 | V0(2202.5,2055.0) V1(2210.5,2064.0) uv0(488,360) uv1(608,640) | XYOFFSET ofx=1728 ofy=1936 -> screen (474,119)..(482,128)
[p4:gs-sprite] #731000 ctx=0 tme=1 abe=1 FRAME fbp=0x0 fbw=10 psm=0x1 msk=0x00000000 | SCISSOR 0,0..639,223 | TEST=0x000000000005008B | TEX0 tbp=0x0 tbw=8 psm=0x2C tw=512 th=512 tfx=0 | V0(1998.0,2041.0) V1(2008.0,2050.0) uv0(5592,8) uv1(5744,288) | XYOFFSET ofx=1728 ofy=1936 -> screen (270,105)..(280,114)
[p4:clut] samples=379000000 nonzero=143274372 (37.80%) u=[0..507] v=[0..255] distinctIdx=256 topNonZeroIdx=0x03(34492094) psm=0x2C tbp0=0x0 tbw=8 cbp=0x3B40 csa=0
[p4:gs-sprite] #731500 ctx=0 tme=1 abe=1 FRAME fbp=0x0 fbw=10 psm=0x1 msk=0x00000000 | SCISSOR 0,0..639,223 | TEST=0x000000000005008B | TEX0 tbp=0x0 tbw=8 psm=0x2C tw=512 th=512 tfx=0 | V0(1881.0,2027.0) V1(1889.0,2036.0) uv0(744,360) uv1(864,640) | XYOFFSET ofx=1728 ofy=1936 -> screen (153,91)..(161,100)
[p4:gs-sprite] #732000 ctx=0 tme=0 abe=0 FRAME fbp=0x0 fbw=10 psm=0x1 msk=0x00000000 | SCISSOR 0,0..639,223 | TEST=0x000000000005008B | TEX0 tbp=0x0 tbw=0 psm=0x0 tw=1 th=1 tfx=0 | V0(1829.0,2007.0) V1(2267.0,2087.0) uv0(0,0) uv1(0,0) | XYOFFSET ofx=1728 ofy=1936 -> screen (101,71)..(539,151)
[p4:gs-sprite] #732500 ctx=0 tme=1 abe=1 FRAME fbp=0x0 fbw=10 psm=0x1 msk=0x00000000 | SCISSOR 0,0..639,223 | TEST=0x000000000005008B | TEX0 tbp=0x0 tbw=8 psm=0x2C tw=512 th=512 tfx=0 | V0(1888.5,2055.0) V1(1896.5,2066.0) uv0(2584,360) uv1(2704,704) | XYOFFSET ofx=1728 ofy=1936 -> screen (160,119)..(168,130)
[p4:clut] samples=379500000 nonzero=143471170 (37.81%) u=[0..507] v=[0..255] distinctIdx=256 topNonZeroIdx=0x03(34581877) psm=0x2C tbp0=0x0 tbw=8 cbp=0x3B40 csa=0
[p4:gs-sprite] #733000 ctx=0 tme=1 abe=1 FRAME fbp=0x0 fbw=10 psm=0x1 msk=0x00000000 | SCISSOR 0,0..639,223 | TEST=0x000000000005008B | TEX0 tbp=0x0 tbw=8 psm=0x2C tw=512 th=512 tfx=0 | V0(2057.0,2027.0) V1(2066.0,2036.0) uv0(3912,8) uv1(4048,288) | XYOFFSET ofx=1728 ofy=1936 -> screen (329,91)..(338,100)
[p4:gs-sprite] #733500 ctx=0 tme=1 abe=1 FRAME fbp=0x0 fbw=10 psm=0x1 msk=0x00000000 | SCISSOR 0,0..639,223 | TEST=0x000000000005008B | TEX0 tbp=0x0 tbw=8 psm=0x2C tw=512 th=512 tfx=0 | V0(2017.5,2013.0) V1(2024.5,2022.0) uv0(2056,360) uv1(2160,640) | XYOFFSET ofx=1728 ofy=1936 -> screen (289,77)..(296,86)
[p4:gs-sprite] #734000 ctx=0 tme=1 abe=1 FRAME fbp=0x0 fbw=10 psm=0x1 msk=0x00000000 | SCISSOR 0,0..639,223 | TEST=0x000000000005008B | TEX0 tbp=0x0 tbw=8 psm=0x2C tw=512 th=512 tfx=0 | V0(2073.5,2055.0) V1(2080.5,2064.0) uv0(8008,8) uv1(8112,288) | XYOFFSET ofx=1728 ofy=1936 -> screen (345,119)..(352,128)
[p4:gs-sprite] #734500 ctx=0 tme=1 abe=1 FRAME fbp=0x0 fbw=10 psm=0x1 msk=0x00000000 | SCISSOR 0,0..639,223 | TEST=0x000000000005008B | TEX0 tbp=0x0 tbw=8 psm=0x2C tw=512 th=512 tfx=0 | V0(2204.0,2027.0) V1(2213.0,2036.0) uv0(1416,360) uv1(1552,640) | XYOFFSET ofx=1728 ofy=1936 -> screen (476,91)..(485,100)
[p4:clut] samples=380000000 nonzero=143667996 (37.81%) u=[0..507] v=[0..255] distinctIdx=256 topNonZeroIdx=0x03(34671722) psm=0x2C tbp0=0x0 tbw=8 cbp=0x3B40 csa=0
[p4:gs-sprite] #735000 ctx=0 tme=1 abe=1 FRAME fbp=0x0 fbw=10 psm=0x1 msk=0x00000000 | SCISSOR 0,0..639,223 | TEST=0x000000000005008B | TEX0 tbp=0x0 tbw=8 psm=0x2C tw=512 th=512 tfx=0 | V0(2177.5,2013.0) V1(2184.5,2022.0) uv0(8008,8) uv1(8112,288) | XYOFFSET ofx=1728 ofy=1936 -> screen (449,77)..(456,86)
[p4:gs-sprite] #735500 ctx=0 tme=1 abe=1 FRAME fbp=0x0 fbw=10 psm=0x1 msk=0x00000000 | SCISSOR 0,0..639,223 | TEST=0x000000000005008B | TEX0 tbp=0x0 tbw=8 psm=0x2C tw=512 th=512 tfx=0 | V0(1973.5,2069.0) V1(1991.5,2079.0) uv0(3368,1096) uv1(3648,1408) | XYOFFSET ofx=1728 ofy=1936 -> screen (245,133)..(263,143)
[p4:gs-sprite] #736000 ctx=0 tme=1 abe=1 FRAME fbp=0x0 fbw=10 psm=0x1 msk=0x00000000 | SCISSOR 0,0..639,223 | TEST=0x000000000005008B | TEX0 tbp=0x0 tbw=8 psm=0x2C tw=512 th=512 tfx=0 | V0(2066.0,2041.0) V1(2075.0,2050.0) uv0(6040,8) uv1(6176,288) | XYOFFSET ofx=1728 ofy=1936 -> screen (338,105)..(347,114)
[p4:gs-sprite] #736500 ctx=0 tme=1 abe=1 FRAME fbp=0x0 fbw=10 psm=0x1 msk=0x00000000 | SCISSOR 0,0..639,223 | TEST=0x000000000005008B | TEX0 tbp=0x0 tbw=8 psm=0x2C tw=512 th=512 tfx=0 | V0(1944.0,2027.0) V1(1953.0,2036.0) uv0(1416,360) uv1(1552,640) | XYOFFSET ofx=1728 ofy=1936 -> screen (216,91)..(225,100)
[p4:clut] samples=380500000 nonzero=143864470 (37.81%) u=[0..507] v=[0..255] distinctIdx=256 topNonZeroIdx=0x03(34761359) psm=0x2C tbp0=0x0 tbw=8 cbp=0x3B40 csa=0
[p4:gs-sprite] #737000 ctx=0 tme=1 abe=1 FRAME fbp=0x0 fbw=10 psm=0x1 msk=0x00000000 | SCISSOR 0,0..639,223 | TEST=0x000000000005008B | TEX0 tbp=0x0 tbw=8 psm=0x2C tw=512 th=512 tfx=0 | V0(1886.5,2013.0) V1(1893.5,2022.0) uv0(8008,8) uv1(8112,288) | XYOFFSET ofx=1728 ofy=1936 -> screen (158,77)..(165,86)
[p4:gs-sprite] #737500 ctx=0 tme=1 abe=1 FRAME fbp=0x0 fbw=10 psm=0x1 msk=0x00000000 | SCISSOR 0,0..639,223 | TEST=0x000000000005008B | TEX0 tbp=0x0 tbw=8 psm=0x2C tw=512 th=512 tfx=0 | V0(1950.5,2055.0) V1(1958.5,2064.0) uv0(1288,360) uv1(1408,640) | XYOFFSET ofx=1728 ofy=1936 -> screen (222,119)..(230,128)
[p4:gs-sprite] #738000 ctx=0 tme=1 abe=1 FRAME fbp=0x0 fbw=10 psm=0x1 msk=0x00000000 | SCISSOR 0,0..639,223 | TEST=0x000000000005008B | TEX0 tbp=0x0 tbw=8 psm=0x2C tw=512 th=512 tfx=0 | V0(2112.0,2027.0) V1(2117.0,2036.0) uv0(1784,360) uv1(1856,640) | XYOFFSET ofx=1728 ofy=1936 -> screen (384,91)..(389,100)
[p4:gs-sprite] #738500 ctx=0 tme=1 abe=1 FRAME fbp=0x0 fbw=10 psm=0x1 msk=0x00000000 | SCISSOR 0,0..639,223 | TEST=0x000000000005008B | TEX0 tbp=0x0 tbw=8 psm=0x2C tw=512 th=512 tfx=0 | V0(2066.5,2013.0) V1(2074.5,2024.0) uv0(2584,360) uv1(2704,704) | XYOFFSET ofx=1728 ofy=1936 -> screen (338,77)..(346,88)
[p4:clut] samples=381000000 nonzero=144061023 (37.81%) u=[0..507] v=[0..255] distinctIdx=256 topNonZeroIdx=0x03(34850989) psm=0x2C tbp0=0x0 tbw=8 cbp=0x3B40 csa=0
[p4:gs-sprite] #739000 ctx=0 tme=1 abe=1 FRAME fbp=0x0 fbw=10 psm=0x1 msk=0x00000000 | SCISSOR 0,0..639,223 | TEST=0x000000000005008B | TEX0 tbp=0x0 tbw=8 psm=0x2C tw=512 th=512 tfx=0 | V0(2144.5,2055.0) V1(2152.5,2066.0) uv0(2584,360) uv1(2704,704) | XYOFFSET ofx=1728 ofy=1936 -> screen (416,119)..(424,130)
[p4:gs-sprite] #739500 ctx=0 tme=1 abe=1 FRAME fbp=0x0 fbw=10 psm=0x1 msk=0x00000000 | SCISSOR 0,0..639,223 | TEST=0x000000000005008B | TEX0 tbp=0x0 tbw=8 psm=0x2C tw=512 th=512 tfx=0 | V0(1939.0,2041.0) V1(1942.0,2050.0) uv0(872,360) uv1(912,640) | XYOFFSET ofx=1728 ofy=1936 -> screen (211,105)..(214,114)
[p4:gs-sprite] #740000 ctx=0 tme=1 abe=1 FRAME fbp=0x0 fbw=10 psm=0x1 msk=0x00000000 | SCISSOR 0,0..639,223 | TEST=0x000000000005008B | TEX0 tbp=0x0 tbw=8 psm=0x2C tw=512 th=512 tfx=0 | V0(2235.5,2013.0) V1(2243.5,2022.0) uv0(1288,360) uv1(1408,640) | XYOFFSET ofx=1728 ofy=1936 -> screen (507,77)..(515,86)
[p4:clut] samples=381500000 nonzero=144257677 (37.81%) u=[0..507] v=[0..255] distinctIdx=256 topNonZeroIdx=0x03(34940707) psm=0x2C tbp0=0x0 tbw=8 cbp=0x3B40 csa=0
[p4:gs-sprite] #740500 ctx=0 tme=1 abe=1 FRAME fbp=0x0 fbw=10 psm=0x1 msk=0x00000000 | SCISSOR 0,0..639,223 | TEST=0x000000000005008B | TEX0 tbp=0x0 tbw=8 psm=0x2C tw=512 th=512 tfx=0 | V0(2060.5,2069.0) V1(2081.5,2079.5) uv0(5112,1432) uv1(5440,1760) | XYOFFSET ofx=1728 ofy=1936 -> screen (332,133)..(353,143)
[p4:gs-sprite] #741000 ctx=0 tme=1 abe=1 FRAME fbp=0x0 fbw=10 psm=0x1 msk=0x00000000 | SCISSOR 0,0..639,223 | TEST=0x000000000005008B | TEX0 tbp=0x0 tbw=8 psm=0x2C tw=512 th=512 tfx=0 | V0(2124.0,2041.0) V1(2130.0,2050.0) uv0(1960,360) uv1(2048,640) | XYOFFSET ofx=1728 ofy=1936 -> screen (396,105)..(402,114)
[p4:vbl] ticks=10500
[p4:gs-sprite] #741500 ctx=0 tme=1 abe=1 FRAME fbp=0x0 fbw=10 psm=0x1 msk=0x00000000 | SCISSOR 0,0..639,223 | TEST=0x000000000005008B | TEX0 tbp=0x0 tbw=8 psm=0x2C tw=512 th=512 tfx=0 | V0(2001.0,2027.0) V1(2006.0,2036.0) uv0(1784,360) uv1(1856,640) | XYOFFSET ofx=1728 ofy=1936 -> screen (273,91)..(278,100)
[p4:gs-sprite] #742000 ctx=0 tme=1 abe=1 FRAME fbp=0x0 fbw=10 psm=0x1 msk=0x00000000 | SCISSOR 0,0..639,223 | TEST=0x000000000005008B | TEX0 tbp=0x0 tbw=8 psm=0x2C tw=512 th=512 tfx=0 | V0(1956.5,2013.0) V1(1964.5,2022.0) uv0(744,360) uv1(864,640) | XYOFFSET ofx=1728 ofy=1936 -> screen (228,77)..(236,86)
[p4:clut] samples=382000000 nonzero=144454601 (37.82%) u=[0..507] v=[0..255] distinctIdx=256 topNonZeroIdx=0x03(35030573) psm=0x2C tbp0=0x0 tbw=8 cbp=0x3B40 csa=0
[p4:gs-sprite] #742500 ctx=0 tme=1 abe=1 FRAME fbp=0x0 fbw=10 psm=0x1 msk=0x00000000 | SCISSOR 0,0..639,223 | TEST=0x000000000005008B | TEX0 tbp=0x0 tbw=8 psm=0x2C tw=512 th=512 tfx=0 | V0(2018.5,2055.0) V1(2023.5,2064.0) uv0(1784,360) uv1(1856,640) | XYOFFSET ofx=1728 ofy=1936 -> screen (290,119)..(295,128)
[p4:gs-sprite] #743000 ctx=0 tme=1 abe=1 FRAME fbp=0x0 fbw=10 psm=0x1 msk=0x00000000 | SCISSOR 0,0..639,223 | TEST=0x000000000005008B | TEX0 tbp=0x0 tbw=8 psm=0x2C tw=512 th=512 tfx=0 | V0(2164.0,2027.0) V1(2172.0,2036.0) uv0(6184,8) uv1(6304,288) | XYOFFSET ofx=1728 ofy=1936 -> screen (436,91)..(444,100)
[p4:gs-sprite] #743500 ctx=0 tme=1 abe=1 FRAME fbp=0x0 fbw=10 psm=0x1 msk=0x00000000 | SCISSOR 0,0..639,223 | TEST=0x000000000005008B | TEX0 tbp=0x0 tbw=8 psm=0x2C tw=512 th=512 tfx=0 | V0(2124.5,2013.0) V1(2132.5,2022.0) uv0(488,360) uv1(608,640) | XYOFFSET ofx=1728 ofy=1936 -> screen (396,77)..(404,86)
[p4:gs-sprite] #744000 ctx=0 tme=1 abe=1 FRAME fbp=0x0 fbw=10 psm=0x1 msk=0x00000000 | SCISSOR 0,0..639,223 | TEST=0x000000000005008B | TEX0 tbp=0x0 tbw=8 psm=0x2C tw=512 th=512 tfx=0 | V0(2202.5,2055.0) V1(2210.5,2064.0) uv0(488,360) uv1(608,640) | XYOFFSET ofx=1728 ofy=1936 -> screen (474,119)..(482,128)
[p4:clut] samples=382500000 nonzero=144651377 (37.82%) u=[0..507] v=[0..255] distinctIdx=256 topNonZeroIdx=0x03(35120342) psm=0x2C tbp0=0x0 tbw=8 cbp=0x3B40 csa=0
[p4:gs-sprite] #744500 ctx=0 tme=1 abe=1 FRAME fbp=0x0 fbw=10 psm=0x1 msk=0x00000000 | SCISSOR 0,0..639,223 | TEST=0x000000000005008B | TEX0 tbp=0x0 tbw=8 psm=0x2C tw=512 th=512 tfx=0 | V0(1998.0,2041.0) V1(2008.0,2050.0) uv0(5592,8) uv1(5744,288) | XYOFFSET ofx=1728 ofy=1936 -> screen (270,105)..(280,114)
[p4:gs-sprite] #745000 ctx=0 tme=1 abe=1 FRAME fbp=0x0 fbw=10 psm=0x1 msk=0x00000000 | SCISSOR 0,0..639,223 | TEST=0x000000000005008B | TEX0 tbp=0x0 tbw=8 psm=0x2C tw=512 th=512 tfx=0 | V0(1881.0,2027.0) V1(1889.0,2036.0) uv0(744,360) uv1(864,640) | XYOFFSET ofx=1728 ofy=1936 -> screen (153,91)..(161,100)
[p4:gs-sprite] #745500 ctx=0 tme=0 abe=0 FRAME fbp=0x0 fbw=10 psm=0x1 msk=0x00000000 | SCISSOR 0,0..639,223 | TEST=0x000000000005008B | TEX0 tbp=0x0 tbw=0 psm=0x0 tw=1 th=1 tfx=0 | V0(1829.0,2007.0) V1(2267.0,2087.0) uv0(0,0) uv1(0,0) | XYOFFSET ofx=1728 ofy=1936 -> screen (101,71)..(539,151)
[p4:clut] samples=383000000 nonzero=144847845 (37.82%) u=[0..507] v=[0..255] distinctIdx=256 topNonZeroIdx=0x03(35209966) psm=0x2C tbp0=0x0 tbw=8 cbp=0x3B40 csa=0
[p4:gs-sprite] #746000 ctx=0 tme=1 abe=1 FRAME fbp=0x0 fbw=10 psm=0x1 msk=0x00000000 | SCISSOR 0,0..639,223 | TEST=0x000000000005008B | TEX0 tbp=0x0 tbw=8 psm=0x2C tw=512 th=512 tfx=0 | V0(1888.5,2055.0) V1(1896.5,2066.0) uv0(2584,360) uv1(2704,704) | XYOFFSET ofx=1728 ofy=1936 -> screen (160,119)..(168,130)
[p4:gs-sprite] #746500 ctx=0 tme=1 abe=1 FRAME fbp=0x0 fbw=10 psm=0x1 msk=0x00000000 | SCISSOR 0,0..639,223 | TEST=0x000000000005008B | TEX0 tbp=0x0 tbw=8 psm=0x2C tw=512 th=512 tfx=0 | V0(2057.0,2027.0) V1(2066.0,2036.0) uv0(3912,8) uv1(4048,288) | XYOFFSET ofx=1728 ofy=1936 -> screen (329,91)..(338,100)
[p4:gs-sprite] #747000 ctx=0 tme=1 abe=1 FRAME fbp=0x0 fbw=10 psm=0x1 msk=0x00000000 | SCISSOR 0,0..639,223 | TEST=0x000000000005008B | TEX0 tbp=0x0 tbw=8 psm=0x2C tw=512 th=512 tfx=0 | V0(2017.5,2013.0) V1(2024.5,2022.0) uv0(2056,360) uv1(2160,640) | XYOFFSET ofx=1728 ofy=1936 -> screen (289,77)..(296,86)
[p4:gs-sprite] #747500 ctx=0 tme=1 abe=1 FRAME fbp=0x0 fbw=10 psm=0x1 msk=0x00000000 | SCISSOR 0,0..639,223 | TEST=0x000000000005008B | TEX0 tbp=0x0 tbw=8 psm=0x2C tw=512 th=512 tfx=0 | V0(2073.5,2055.0) V1(2080.5,2064.0) uv0(8008,8) uv1(8112,288) | XYOFFSET ofx=1728 ofy=1936 -> screen (345,119)..(352,128)
[p4:clut] samples=383500000 nonzero=145044373 (37.82%) u=[0..507] v=[0..255] distinctIdx=256 topNonZeroIdx=0x03(35299590) psm=0x2C tbp0=0x0 tbw=8 cbp=0x3B40 csa=0
[p4:gs-sprite] #748000 ctx=0 tme=1 abe=1 FRAME fbp=0x0 fbw=10 psm=0x1 msk=0x00000000 | SCISSOR 0,0..639,223 | TEST=0x000000000005008B | TEX0 tbp=0x0 tbw=8 psm=0x2C tw=512 th=512 tfx=0 | V0(2204.0,2027.0) V1(2213.0,2036.0) uv0(1416,360) uv1(1552,640) | XYOFFSET ofx=1728 ofy=1936 -> screen (476,91)..(485,100)
[p4:gs-sprite] #748500 ctx=0 tme=1 abe=1 FRAME fbp=0x0 fbw=10 psm=0x1 msk=0x00000000 | SCISSOR 0,0..639,223 | TEST=0x000000000005008B | TEX0 tbp=0x0 tbw=8 psm=0x2C tw=512 th=512 tfx=0 | V0(2177.5,2013.0) V1(2184.5,2022.0) uv0(8008,8) uv1(8112,288) | XYOFFSET ofx=1728 ofy=1936 -> screen (449,77)..(456,86)
[p4:gs-sprite] #749000 ctx=0 tme=1 abe=1 FRAME fbp=0x0 fbw=10 psm=0x1 msk=0x00000000 | SCISSOR 0,0..639,223 | TEST=0x000000000005008B | TEX0 tbp=0x0 tbw=8 psm=0x2C tw=512 th=512 tfx=0 | V0(1973.5,2069.0) V1(1991.5,2079.0) uv0(3368,1096) uv1(3648,1408) | XYOFFSET ofx=1728 ofy=1936 -> screen (245,133)..(263,143)
[p4:gs-sprite] #749500 ctx=0 tme=1 abe=1 FRAME fbp=0x0 fbw=10 psm=0x1 msk=0x00000000 | SCISSOR 0,0..639,223 | TEST=0x000000000005008B | TEX0 tbp=0x0 tbw=8 psm=0x2C tw=512 th=512 tfx=0 | V0(2066.0,2041.0) V1(2075.0,2050.0) uv0(6040,8) uv1(6176,288) | XYOFFSET ofx=1728 ofy=1936 -> screen (338,105)..(347,114)
[p4:clut] samples=384000000 nonzero=145241035 (37.82%) u=[0..507] v=[0..255] distinctIdx=256 topNonZeroIdx=0x03(35389315) psm=0x2C tbp0=0x0 tbw=8 cbp=0x3B40 csa=0
[p4:gs-sprite] #750000 ctx=0 tme=1 abe=1 FRAME fbp=0x0 fbw=10 psm=0x1 msk=0x00000000 | SCISSOR 0,0..639,223 | TEST=0x000000000005008B | TEX0 tbp=0x0 tbw=8 psm=0x2C tw=512 th=512 tfx=0 | V0(1944.0,2027.0) V1(1953.0,2036.0) uv0(1416,360) uv1(1552,640) | XYOFFSET ofx=1728 ofy=1936 -> screen (216,91)..(225,100)
[p4:gs-sprite] #750500 ctx=0 tme=1 abe=1 FRAME fbp=0x0 fbw=10 psm=0x1 msk=0x00000000 | SCISSOR 0,0..639,223 | TEST=0x000000000005008B | TEX0 tbp=0x0 tbw=8 psm=0x2C tw=512 th=512 tfx=0 | V0(1886.5,2013.0) V1(1893.5,2022.0) uv0(8008,8) uv1(8112,288) | XYOFFSET ofx=1728 ofy=1936 -> screen (158,77)..(165,86)
[p4:gs-sprite] #751000 ctx=0 tme=1 abe=1 FRAME fbp=0x0 fbw=10 psm=0x1 msk=0x00000000 | SCISSOR 0,0..639,223 | TEST=0x000000000005008B | TEX0 tbp=0x0 tbw=8 psm=0x2C tw=512 th=512 tfx=0 | V0(1950.5,2055.0) V1(1958.5,2064.0) uv0(1288,360) uv1(1408,640) | XYOFFSET ofx=1728 ofy=1936 -> screen (222,119)..(230,128)
[p4:gs-sprite] #751500 ctx=0 tme=1 abe=1 FRAME fbp=0x0 fbw=10 psm=0x1 msk=0x00000000 | SCISSOR 0,0..639,223 | TEST=0x000000000005008B | TEX0 tbp=0x0 tbw=8 psm=0x2C tw=512 th=512 tfx=0 | V0(2112.0,2027.0) V1(2117.0,2036.0) uv0(1784,360) uv1(1856,640) | XYOFFSET ofx=1728 ofy=1936 -> screen (384,91)..(389,100)
[p4:clut] samples=384500000 nonzero=145437993 (37.83%) u=[0..507] v=[0..255] distinctIdx=256 topNonZeroIdx=0x03(35479257) psm=0x2C tbp0=0x0 tbw=8 cbp=0x3B40 csa=0
[p4:gs-sprite] #752000 ctx=0 tme=1 abe=1 FRAME fbp=0x0 fbw=10 psm=0x1 msk=0x00000000 | SCISSOR 0,0..639,223 | TEST=0x000000000005008B | TEX0 tbp=0x0 tbw=8 psm=0x2C tw=512 th=512 tfx=0 | V0(2066.5,2013.0) V1(2074.5,2024.0) uv0(2584,360) uv1(2704,704) | XYOFFSET ofx=1728 ofy=1936 -> screen (338,77)..(346,88)
[p4:gs-sprite] #752500 ctx=0 tme=1 abe=1 FRAME fbp=0x0 fbw=10 psm=0x1 msk=0x00000000 | SCISSOR 0,0..639,223 | TEST=0x000000000005008B | TEX0 tbp=0x0 tbw=8 psm=0x2C tw=512 th=512 tfx=0 | V0(2144.5,2055.0) V1(2152.5,2066.0) uv0(2584,360) uv1(2704,704) | XYOFFSET ofx=1728 ofy=1936 -> screen (416,119)..(424,130)
[p4:gs-sprite] #753000 ctx=0 tme=1 abe=1 FRAME fbp=0x0 fbw=10 psm=0x1 msk=0x00000000 | SCISSOR 0,0..639,223 | TEST=0x000000000005008B | TEX0 tbp=0x0 tbw=8 psm=0x2C tw=512 th=512 tfx=0 | V0(1939.0,2041.0) V1(1942.0,2050.0) uv0(872,360) uv1(912,640) | XYOFFSET ofx=1728 ofy=1936 -> screen (211,105)..(214,114)
[p4:clut] samples=385000000 nonzero=145634579 (37.83%) u=[0..507] v=[0..255] distinctIdx=256 topNonZeroIdx=0x03(35568883) psm=0x2C tbp0=0x0 tbw=8 cbp=0x3B40 csa=0
[p4:gs-sprite] #753500 ctx=0 tme=1 abe=1 FRAME fbp=0x0 fbw=10 psm=0x1 msk=0x00000000 | SCISSOR 0,0..639,223 | TEST=0x000000000005008B | TEX0 tbp=0x0 tbw=8 psm=0x2C tw=512 th=512 tfx=0 | V0(2235.5,2013.0) V1(2243.5,2022.0) uv0(1288,360) uv1(1408,640) | XYOFFSET ofx=1728 ofy=1936 -> screen (507,77)..(515,86)
[p4:gs-sprite] #754000 ctx=0 tme=1 abe=1 FRAME fbp=0x0 fbw=10 psm=0x1 msk=0x00000000 | SCISSOR 0,0..639,223 | TEST=0x000000000005008B | TEX0 tbp=0x0 tbw=8 psm=0x2C tw=512 th=512 tfx=0 | V0(2060.5,2069.0) V1(2081.5,2079.5) uv0(5112,1432) uv1(5440,1760) | XYOFFSET ofx=1728 ofy=1936 -> screen (332,133)..(353,143)
[p4:gs-sprite] #754500 ctx=0 tme=1 abe=1 FRAME fbp=0x0 fbw=10 psm=0x1 msk=0x00000000 | SCISSOR 0,0..639,223 | TEST=0x000000000005008B | TEX0 tbp=0x0 tbw=8 psm=0x2C tw=512 th=512 tfx=0 | V0(2124.0,2041.0) V1(2130.0,2050.0) uv0(1960,360) uv1(2048,640) | XYOFFSET ofx=1728 ofy=1936 -> screen (396,105)..(402,114)
[p4:gs-sprite] #755000 ctx=0 tme=1 abe=1 FRAME fbp=0x0 fbw=10 psm=0x1 msk=0x00000000 | SCISSOR 0,0..639,223 | TEST=0x000000000005008B | TEX0 tbp=0x0 tbw=8 psm=0x2C tw=512 th=512 tfx=0 | V0(2001.0,2027.0) V1(2006.0,2036.0) uv0(1784,360) uv1(1856,640) | XYOFFSET ofx=1728 ofy=1936 -> screen (273,91)..(278,100)
[p4:clut] samples=385500000 nonzero=145831027 (37.83%) u=[0..507] v=[0..255] distinctIdx=256 topNonZeroIdx=0x03(35658509) psm=0x2C tbp0=0x0 tbw=8 cbp=0x3B40 csa=0
[p4:gs-sprite] #755500 ctx=0 tme=1 abe=1 FRAME fbp=0x0 fbw=10 psm=0x1 msk=0x00000000 | SCISSOR 0,0..639,223 | TEST=0x000000000005008B | TEX0 tbp=0x0 tbw=8 psm=0x2C tw=512 th=512 tfx=0 | V0(1956.5,2013.0) V1(1964.5,2022.0) uv0(744,360) uv1(864,640) | XYOFFSET ofx=1728 ofy=1936 -> screen (228,77)..(236,86)
[p4:gs-sprite] #756000 ctx=0 tme=1 abe=1 FRAME fbp=0x0 fbw=10 psm=0x1 msk=0x00000000 | SCISSOR 0,0..639,223 | TEST=0x000000000005008B | TEX0 tbp=0x0 tbw=8 psm=0x2C tw=512 th=512 tfx=0 | V0(2018.5,2055.0) V1(2023.5,2064.0) uv0(1784,360) uv1(1856,640) | XYOFFSET ofx=1728 ofy=1936 -> screen (290,119)..(295,128)
[p4:gs-sprite] #756500 ctx=0 tme=1 abe=1 FRAME fbp=0x0 fbw=10 psm=0x1 msk=0x00000000 | SCISSOR 0,0..639,223 | TEST=0x000000000005008B | TEX0 tbp=0x0 tbw=8 psm=0x2C tw=512 th=512 tfx=0 | V0(2164.0,2027.0) V1(2172.0,2036.0) uv0(6184,8) uv1(6304,288) | XYOFFSET ofx=1728 ofy=1936 -> screen (436,91)..(444,100)
[p4:gs-sprite] #757000 ctx=0 tme=1 abe=1 FRAME fbp=0x0 fbw=10 psm=0x1 msk=0x00000000 | SCISSOR 0,0..639,223 | TEST=0x000000000005008B | TEX0 tbp=0x0 tbw=8 psm=0x2C tw=512 th=512 tfx=0 | V0(2124.5,2013.0) V1(2132.5,2022.0) uv0(488,360) uv1(608,640) | XYOFFSET ofx=1728 ofy=1936 -> screen (396,77)..(404,86)
[p4:clut] samples=386000000 nonzero=146027719 (37.83%) u=[0..507] v=[0..255] distinctIdx=256 topNonZeroIdx=0x03(35748250) psm=0x2C tbp0=0x0 tbw=8 cbp=0x3B40 csa=0
[p4:gs-sprite] #757500 ctx=0 tme=1 abe=1 FRAME fbp=0x0 fbw=10 psm=0x1 msk=0x00000000 | SCISSOR 0,0..639,223 | TEST=0x000000000005008B | TEX0 tbp=0x0 tbw=8 psm=0x2C tw=512 th=512 tfx=0 | V0(2202.5,2055.0) V1(2210.5,2064.0) uv0(488,360) uv1(608,640) | XYOFFSET ofx=1728 ofy=1936 -> screen (474,119)..(482,128)
[p4:gs-sprite] #758000 ctx=0 tme=1 abe=1 FRAME fbp=0x0 fbw=10 psm=0x1 msk=0x00000000 | SCISSOR 0,0..639,223 | TEST=0x000000000005008B | TEX0 tbp=0x0 tbw=8 psm=0x2C tw=512 th=512 tfx=0 | V0(1998.0,2041.0) V1(2008.0,2050.0) uv0(5592,8) uv1(5744,288) | XYOFFSET ofx=1728 ofy=1936 -> screen (270,105)..(280,114)
[p4:gs-sprite] #758500 ctx=0 tme=1 abe=1 FRAME fbp=0x0 fbw=10 psm=0x1 msk=0x00000000 | SCISSOR 0,0..639,223 | TEST=0x000000000005008B | TEX0 tbp=0x0 tbw=8 psm=0x2C tw=512 th=512 tfx=0 | V0(1881.0,2027.0) V1(1889.0,2036.0) uv0(744,360) uv1(864,640) | XYOFFSET ofx=1728 ofy=1936 -> screen (153,91)..(161,100)
[p4:clut] samples=386500000 nonzero=146224534 (37.83%) u=[0..507] v=[0..255] distinctIdx=256 topNonZeroIdx=0x03(35838037) psm=0x2C tbp0=0x0 tbw=8 cbp=0x3B40 csa=0
[p4:gs-sprite] #759000 ctx=0 tme=0 abe=0 FRAME fbp=0x0 fbw=10 psm=0x1 msk=0x00000000 | SCISSOR 0,0..639,223 | TEST=0x000000000005008B | TEX0 tbp=0x0 tbw=0 psm=0x0 tw=1 th=1 tfx=0 | V0(1829.0,2007.0) V1(2267.0,2087.0) uv0(0,0) uv1(0,0) | XYOFFSET ofx=1728 ofy=1936 -> screen (101,71)..(539,151)
[p4:gs-sprite] #759500 ctx=0 tme=1 abe=1 FRAME fbp=0x0 fbw=10 psm=0x1 msk=0x00000000 | SCISSOR 0,0..639,223 | TEST=0x000000000005008B | TEX0 tbp=0x0 tbw=8 psm=0x2C tw=512 th=512 tfx=0 | V0(1888.5,2055.0) V1(1896.5,2066.0) uv0(2584,360) uv1(2704,704) | XYOFFSET ofx=1728 ofy=1936 -> screen (160,119)..(168,130)
[p4:gs-sprite] #760000 ctx=0 tme=1 abe=1 FRAME fbp=0x0 fbw=10 psm=0x1 msk=0x00000000 | SCISSOR 0,0..639,223 | TEST=0x000000000005008B | TEX0 tbp=0x0 tbw=8 psm=0x2C tw=512 th=512 tfx=0 | V0(2057.0,2027.0) V1(2066.0,2036.0) uv0(3912,8) uv1(4048,288) | XYOFFSET ofx=1728 ofy=1936 -> screen (329,91)..(338,100)
[p4:gs-sprite] #760500 ctx=0 tme=1 abe=1 FRAME fbp=0x0 fbw=10 psm=0x1 msk=0x00000000 | SCISSOR 0,0..639,223 | TEST=0x000000000005008B | TEX0 tbp=0x0 tbw=8 psm=0x2C tw=512 th=512 tfx=0 | V0(2017.5,2013.0) V1(2024.5,2022.0) uv0(2056,360) uv1(2160,640) | XYOFFSET ofx=1728 ofy=1936 -> screen (289,77)..(296,86)
[p4:clut] samples=387000000 nonzero=146421379 (37.83%) u=[0..507] v=[0..255] distinctIdx=256 topNonZeroIdx=0x03(35927885) psm=0x2C tbp0=0x0 tbw=8 cbp=0x3B40 csa=0
[p4:gs-sprite] #761000 ctx=0 tme=1 abe=1 FRAME fbp=0x0 fbw=10 psm=0x1 msk=0x00000000 | SCISSOR 0,0..639,223 | TEST=0x000000000005008B | TEX0 tbp=0x0 tbw=8 psm=0x2C tw=512 th=512 tfx=0 | V0(2073.5,2055.0) V1(2080.5,2064.0) uv0(8008,8) uv1(8112,288) | XYOFFSET ofx=1728 ofy=1936 -> screen (345,119)..(352,128)
[p4:gs-sprite] #761500 ctx=0 tme=1 abe=1 FRAME fbp=0x0 fbw=10 psm=0x1 msk=0x00000000 | SCISSOR 0,0..639,223 | TEST=0x000000000005008B | TEX0 tbp=0x0 tbw=8 psm=0x2C tw=512 th=512 tfx=0 | V0(2204.0,2027.0) V1(2213.0,2036.0) uv0(1416,360) uv1(1552,640) | XYOFFSET ofx=1728 ofy=1936 -> screen (476,91)..(485,100)
[p4:gs-sprite] #762000 ctx=0 tme=1 abe=1 FRAME fbp=0x0 fbw=10 psm=0x1 msk=0x00000000 | SCISSOR 0,0..639,223 | TEST=0x000000000005008B | TEX0 tbp=0x0 tbw=8 psm=0x2C tw=512 th=512 tfx=0 | V0(2177.5,2013.0) V1(2184.5,2022.0) uv0(8008,8) uv1(8112,288) | XYOFFSET ofx=1728 ofy=1936 -> screen (449,77)..(456,86)
[p4:gs-sprite] #762500 ctx=0 tme=1 abe=1 FRAME fbp=0x0 fbw=10 psm=0x1 msk=0x00000000 | SCISSOR 0,0..639,223 | TEST=0x000000000005008B | TEX0 tbp=0x0 tbw=8 psm=0x2C tw=512 th=512 tfx=0 | V0(1973.5,2069.0) V1(1991.5,2079.0) uv0(3368,1096) uv1(3648,1408) | XYOFFSET ofx=1728 ofy=1936 -> screen (245,133)..(263,143)
[p4:clut] samples=387500000 nonzero=146617822 (37.84%) u=[0..507] v=[0..255] distinctIdx=256 topNonZeroIdx=0x03(36017512) psm=0x2C tbp0=0x0 tbw=8 cbp=0x3B40 csa=0
[p4:gs-sprite] #763000 ctx=0 tme=1 abe=1 FRAME fbp=0x0 fbw=10 psm=0x1 msk=0x00000000 | SCISSOR 0,0..639,223 | TEST=0x000000000005008B | TEX0 tbp=0x0 tbw=8 psm=0x2C tw=512 th=512 tfx=0 | V0(2066.0,2041.0) V1(2075.0,2050.0) uv0(6040,8) uv1(6176,288) | XYOFFSET ofx=1728 ofy=1936 -> screen (338,105)..(347,114)
[p4:gs-sprite] #763500 ctx=0 tme=1 abe=1 FRAME fbp=0x0 fbw=10 psm=0x1 msk=0x00000000 | SCISSOR 0,0..639,223 | TEST=0x000000000005008B | TEX0 tbp=0x0 tbw=8 psm=0x2C tw=512 th=512 tfx=0 | V0(1944.0,2027.0) V1(1953.0,2036.0) uv0(1416,360) uv1(1552,640) | XYOFFSET ofx=1728 ofy=1936 -> screen (216,91)..(225,100)
[p4:gs-sprite] #764000 ctx=0 tme=1 abe=1 FRAME fbp=0x0 fbw=10 psm=0x1 msk=0x00000000 | SCISSOR 0,0..639,223 | TEST=0x000000000005008B | TEX0 tbp=0x0 tbw=8 psm=0x2C tw=512 th=512 tfx=0 | V0(1886.5,2013.0) V1(1893.5,2022.0) uv0(8008,8) uv1(8112,288) | XYOFFSET ofx=1728 ofy=1936 -> screen (158,77)..(165,86)
[p4:gs-sprite] #764500 ctx=0 tme=1 abe=1 FRAME fbp=0x0 fbw=10 psm=0x1 msk=0x00000000 | SCISSOR 0,0..639,223 | TEST=0x000000000005008B | TEX0 tbp=0x0 tbw=8 psm=0x2C tw=512 th=512 tfx=0 | V0(1950.5,2055.0) V1(1958.5,2064.0) uv0(1288,360) uv1(1408,640) | XYOFFSET ofx=1728 ofy=1936 -> screen (222,119)..(230,128)
[p4:clut] samples=388000000 nonzero=146814354 (37.84%) u=[0..507] v=[0..255] distinctIdx=256 topNonZeroIdx=0x03(36107132) psm=0x2C tbp0=0x0 tbw=8 cbp=0x3B40 csa=0
[p4:gs-sprite] #765000 ctx=0 tme=1 abe=1 FRAME fbp=0x0 fbw=10 psm=0x1 msk=0x00000000 | SCISSOR 0,0..639,223 | TEST=0x000000000005008B | TEX0 tbp=0x0 tbw=8 psm=0x2C tw=512 th=512 tfx=0 | V0(2112.0,2027.0) V1(2117.0,2036.0) uv0(1784,360) uv1(1856,640) | XYOFFSET ofx=1728 ofy=1936 -> screen (384,91)..(389,100)
[p4:gs-sprite] #765500 ctx=0 tme=1 abe=1 FRAME fbp=0x0 fbw=10 psm=0x1 msk=0x00000000 | SCISSOR 0,0..639,223 | TEST=0x000000000005008B | TEX0 tbp=0x0 tbw=8 psm=0x2C tw=512 th=512 tfx=0 | V0(2066.5,2013.0) V1(2074.5,2024.0) uv0(2584,360) uv1(2704,704) | XYOFFSET ofx=1728 ofy=1936 -> screen (338,77)..(346,88)
[p4:gs-sprite] #766000 ctx=0 tme=1 abe=1 FRAME fbp=0x0 fbw=10 psm=0x1 msk=0x00000000 | SCISSOR 0,0..639,223 | TEST=0x000000000005008B | TEX0 tbp=0x0 tbw=8 psm=0x2C tw=512 th=512 tfx=0 | V0(2144.5,2055.0) V1(2152.5,2066.0) uv0(2584,360) uv1(2704,704) | XYOFFSET ofx=1728 ofy=1936 -> screen (416,119)..(424,130)
[p4:clut] samples=388500000 nonzero=147011022 (37.84%) u=[0..507] v=[0..255] distinctIdx=256 topNonZeroIdx=0x03(36196862) psm=0x2C tbp0=0x0 tbw=8 cbp=0x3B40 csa=0
[p4:gs-sprite] #766500 ctx=0 tme=1 abe=1 FRAME fbp=0x0 fbw=10 psm=0x1 msk=0x00000000 | SCISSOR 0,0..639,223 | TEST=0x000000000005008B | TEX0 tbp=0x0 tbw=8 psm=0x2C tw=512 th=512 tfx=0 | V0(1939.0,2041.0) V1(1942.0,2050.0) uv0(872,360) uv1(912,640) | XYOFFSET ofx=1728 ofy=1936 -> screen (211,105)..(214,114)
[p4:vbl] ticks=10800
[p4:gs-sprite] #767000 ctx=0 tme=1 abe=1 FRAME fbp=0x0 fbw=10 psm=0x1 msk=0x00000000 | SCISSOR 0,0..639,223 | TEST=0x000000000005008B | TEX0 tbp=0x0 tbw=8 psm=0x2C tw=512 th=512 tfx=0 | V0(2235.5,2013.0) V1(2243.5,2022.0) uv0(1288,360) uv1(1408,640) | XYOFFSET ofx=1728 ofy=1936 -> screen (507,77)..(515,86)
[p4:gs-sprite] #767500 ctx=0 tme=1 abe=1 FRAME fbp=0x0 fbw=10 psm=0x1 msk=0x00000000 | SCISSOR 0,0..639,223 | TEST=0x000000000005008B | TEX0 tbp=0x0 tbw=8 psm=0x2C tw=512 th=512 tfx=0 | V0(2060.5,2069.0) V1(2081.5,2079.5) uv0(5112,1432) uv1(5440,1760) | XYOFFSET ofx=1728 ofy=1936 -> screen (332,133)..(353,143)
[p4:gs-sprite] #768000 ctx=0 tme=1 abe=1 FRAME fbp=0x0 fbw=10 psm=0x1 msk=0x00000000 | SCISSOR 0,0..639,223 | TEST=0x000000000005008B | TEX0 tbp=0x0 tbw=8 psm=0x2C tw=512 th=512 tfx=0 | V0(2124.0,2041.0) V1(2130.0,2050.0) uv0(1960,360) uv1(2048,640) | XYOFFSET ofx=1728 ofy=1936 -> screen (396,105)..(402,114)
[p4:clut] samples=389000000 nonzero=147207931 (37.84%) u=[0..507] v=[0..255] distinctIdx=256 topNonZeroIdx=0x03(36286721) psm=0x2C tbp0=0x0 tbw=8 cbp=0x3B40 csa=0
[p4:gs-sprite] #768500 ctx=0 tme=1 abe=1 FRAME fbp=0x0 fbw=10 psm=0x1 msk=0x00000000 | SCISSOR 0,0..639,223 | TEST=0x000000000005008B | TEX0 tbp=0x0 tbw=8 psm=0x2C tw=512 th=512 tfx=0 | V0(2001.0,2027.0) V1(2006.0,2036.0) uv0(1784,360) uv1(1856,640) | XYOFFSET ofx=1728 ofy=1936 -> screen (273,91)..(278,100)
[p4:gs-sprite] #769000 ctx=0 tme=1 abe=1 FRAME fbp=0x0 fbw=10 psm=0x1 msk=0x00000000 | SCISSOR 0,0..639,223 | TEST=0x000000000005008B | TEX0 tbp=0x0 tbw=8 psm=0x2C tw=512 th=512 tfx=0 | V0(1956.5,2013.0) V1(1964.5,2022.0) uv0(744,360) uv1(864,640) | XYOFFSET ofx=1728 ofy=1936 -> screen (228,77)..(236,86)
[p4:gs-sprite] #769500 ctx=0 tme=1 abe=1 FRAME fbp=0x0 fbw=10 psm=0x1 msk=0x00000000 | SCISSOR 0,0..639,223 | TEST=0x000000000005008B | TEX0 tbp=0x0 tbw=8 psm=0x2C tw=512 th=512 tfx=0 | V0(2018.5,2055.0) V1(2023.5,2064.0) uv0(1784,360) uv1(1856,640) | XYOFFSET ofx=1728 ofy=1936 -> screen (290,119)..(295,128)
[p4:gs-sprite] #770000 ctx=0 tme=1 abe=1 FRAME fbp=0x0 fbw=10 psm=0x1 msk=0x00000000 | SCISSOR 0,0..639,223 | TEST=0x000000000005008B | TEX0 tbp=0x0 tbw=8 psm=0x2C tw=512 th=512 tfx=0 | V0(2164.0,2027.0) V1(2172.0,2036.0) uv0(6184,8) uv1(6304,288) | XYOFFSET ofx=1728 ofy=1936 -> screen (436,91)..(444,100)
[p4:clut] samples=389500000 nonzero=147404659 (37.84%) u=[0..507] v=[0..255] distinctIdx=256 topNonZeroIdx=0x03(36376447) psm=0x2C tbp0=0x0 tbw=8 cbp=0x3B40 csa=0
[p4:gs-sprite] #770500 ctx=0 tme=1 abe=1 FRAME fbp=0x0 fbw=10 psm=0x1 msk=0x00000000 | SCISSOR 0,0..639,223 | TEST=0x000000000005008B | TEX0 tbp=0x0 tbw=8 psm=0x2C tw=512 th=512 tfx=0 | V0(2124.5,2013.0) V1(2132.5,2022.0) uv0(488,360) uv1(608,640) | XYOFFSET ofx=1728 ofy=1936 -> screen (396,77)..(404,86)
[p4:gs-sprite] #771000 ctx=0 tme=1 abe=1 FRAME fbp=0x0 fbw=10 psm=0x1 msk=0x00000000 | SCISSOR 0,0..639,223 | TEST=0x000000000005008B | TEX0 tbp=0x0 tbw=8 psm=0x2C tw=512 th=512 tfx=0 | V0(2202.5,2055.0) V1(2210.5,2064.0) uv0(488,360) uv1(608,640) | XYOFFSET ofx=1728 ofy=1936 -> screen (474,119)..(482,128)
[p4:gs-sprite] #771500 ctx=0 tme=1 abe=1 FRAME fbp=0x0 fbw=10 psm=0x1 msk=0x00000000 | SCISSOR 0,0..639,223 | TEST=0x000000000005008B | TEX0 tbp=0x0 tbw=8 psm=0x2C tw=512 th=512 tfx=0 | V0(1998.0,2041.0) V1(2008.0,2050.0) uv0(5592,8) uv1(5744,288) | XYOFFSET ofx=1728 ofy=1936 -> screen (270,105)..(280,114)
[p4:gs-sprite] #772000 ctx=0 tme=1 abe=1 FRAME fbp=0x0 fbw=10 psm=0x1 msk=0x00000000 | SCISSOR 0,0..639,223 | TEST=0x000000000005008B | TEX0 tbp=0x0 tbw=8 psm=0x2C tw=512 th=512 tfx=0 | V0(1881.0,2027.0) V1(1889.0,2036.0) uv0(744,360) uv1(864,640) | XYOFFSET ofx=1728 ofy=1936 -> screen (153,91)..(161,100)
[p4:clut] samples=390000000 nonzero=147601141 (37.85%) u=[0..507] v=[0..255] distinctIdx=256 topNonZeroIdx=0x03(36466104) psm=0x2C tbp0=0x0 tbw=8 cbp=0x3B40 csa=0
[p4:gs-sprite] #772500 ctx=0 tme=0 abe=0 FRAME fbp=0x0 fbw=10 psm=0x1 msk=0x00000000 | SCISSOR 0,0..639,223 | TEST=0x000000000005008B | TEX0 tbp=0x0 tbw=0 psm=0x0 tw=1 th=1 tfx=0 | V0(1829.0,2007.0) V1(2267.0,2087.0) uv0(0,0) uv1(0,0) | XYOFFSET ofx=1728 ofy=1936 -> screen (101,71)..(539,151)
[p4:gs-sprite] #773000 ctx=0 tme=1 abe=1 FRAME fbp=0x0 fbw=10 psm=0x1 msk=0x00000000 | SCISSOR 0,0..639,223 | TEST=0x000000000005008B | TEX0 tbp=0x0 tbw=8 psm=0x2C tw=512 th=512 tfx=0 | V0(1888.5,2055.0) V1(1896.5,2066.0) uv0(2584,360) uv1(2704,704) | XYOFFSET ofx=1728 ofy=1936 -> screen (160,119)..(168,130)
[p4:gs-sprite] #773500 ctx=0 tme=1 abe=1 FRAME fbp=0x0 fbw=10 psm=0x1 msk=0x00000000 | SCISSOR 0,0..639,223 | TEST=0x000000000005008B | TEX0 tbp=0x0 tbw=8 psm=0x2C tw=512 th=512 tfx=0 | V0(2057.0,2027.0) V1(2066.0,2036.0) uv0(3912,8) uv1(4048,288) | XYOFFSET ofx=1728 ofy=1936 -> screen (329,91)..(338,100)
[p4:clut] samples=390500000 nonzero=147797676 (37.85%) u=[0..507] v=[0..255] distinctIdx=256 topNonZeroIdx=0x03(36555734) psm=0x2C tbp0=0x0 tbw=8 cbp=0x3B40 csa=0
[p4:gs-sprite] #774000 ctx=0 tme=1 abe=1 FRAME fbp=0x0 fbw=10 psm=0x1 msk=0x00000000 | SCISSOR 0,0..639,223 | TEST=0x000000000005008B | TEX0 tbp=0x0 tbw=8 psm=0x2C tw=512 th=512 tfx=0 | V0(2017.5,2013.0) V1(2024.5,2022.0) uv0(2056,360) uv1(2160,640) | XYOFFSET ofx=1728 ofy=1936 -> screen (289,77)..(296,86)
[p4:gs-sprite] #774500 ctx=0 tme=1 abe=1 FRAME fbp=0x0 fbw=10 psm=0x1 msk=0x00000000 | SCISSOR 0,0..639,223 | TEST=0x000000000005008B | TEX0 tbp=0x0 tbw=8 psm=0x2C tw=512 th=512 tfx=0 | V0(2073.5,2055.0) V1(2080.5,2064.0) uv0(8008,8) uv1(8112,288) | XYOFFSET ofx=1728 ofy=1936 -> screen (345,119)..(352,128)
[p4:gs-sprite] #775000 ctx=0 tme=1 abe=1 FRAME fbp=0x0 fbw=10 psm=0x1 msk=0x00000000 | SCISSOR 0,0..639,223 | TEST=0x000000000005008B | TEX0 tbp=0x0 tbw=8 psm=0x2C tw=512 th=512 tfx=0 | V0(2204.0,2027.0) V1(2213.0,2036.0) uv0(1416,360) uv1(1552,640) | XYOFFSET ofx=1728 ofy=1936 -> screen (476,91)..(485,100)
[p4:gs-sprite] #775500 ctx=0 tme=1 abe=1 FRAME fbp=0x0 fbw=10 psm=0x1 msk=0x00000000 | SCISSOR 0,0..639,223 | TEST=0x000000000005008B | TEX0 tbp=0x0 tbw=8 psm=0x2C tw=512 th=512 tfx=0 | V0(2177.5,2013.0) V1(2184.5,2022.0) uv0(8008,8) uv1(8112,288) | XYOFFSET ofx=1728 ofy=1936 -> screen (449,77)..(456,86)
[p4:clut] samples=391000000 nonzero=147994355 (37.85%) u=[0..507] v=[0..255] distinctIdx=256 topNonZeroIdx=0x03(36645477) psm=0x2C tbp0=0x0 tbw=8 cbp=0x3B40 csa=0
[p4:gs-sprite] #776000 ctx=0 tme=1 abe=1 FRAME fbp=0x0 fbw=10 psm=0x1 msk=0x00000000 | SCISSOR 0,0..639,223 | TEST=0x000000000005008B | TEX0 tbp=0x0 tbw=8 psm=0x2C tw=512 th=512 tfx=0 | V0(1973.5,2069.0) V1(1991.5,2079.0) uv0(3368,1096) uv1(3648,1408) | XYOFFSET ofx=1728 ofy=1936 -> screen (245,133)..(263,143)
[p4:gs-sprite] #776500 ctx=0 tme=1 abe=1 FRAME fbp=0x0 fbw=10 psm=0x1 msk=0x00000000 | SCISSOR 0,0..639,223 | TEST=0x000000000005008B | TEX0 tbp=0x0 tbw=8 psm=0x2C tw=512 th=512 tfx=0 | V0(2066.0,2041.0) V1(2075.0,2050.0) uv0(6040,8) uv1(6176,288) | XYOFFSET ofx=1728 ofy=1936 -> screen (338,105)..(347,114)
[p4:gs-sprite] #777000 ctx=0 tme=1 abe=1 FRAME fbp=0x0 fbw=10 psm=0x1 msk=0x00000000 | SCISSOR 0,0..639,223 | TEST=0x000000000005008B | TEX0 tbp=0x0 tbw=8 psm=0x2C tw=512 th=512 tfx=0 | V0(1944.0,2027.0) V1(1953.0,2036.0) uv0(1416,360) uv1(1552,640) | XYOFFSET ofx=1728 ofy=1936 -> screen (216,91)..(225,100)
[p4:gs-sprite] #777500 ctx=0 tme=1 abe=1 FRAME fbp=0x0 fbw=10 psm=0x1 msk=0x00000000 | SCISSOR 0,0..639,223 | TEST=0x000000000005008B | TEX0 tbp=0x0 tbw=8 psm=0x2C tw=512 th=512 tfx=0 | V0(1886.5,2013.0) V1(1893.5,2022.0) uv0(8008,8) uv1(8112,288) | XYOFFSET ofx=1728 ofy=1936 -> screen (158,77)..(165,86)
[p4:clut] samples=391500000 nonzero=148191354 (37.85%) u=[0..507] v=[0..255] distinctIdx=256 topNonZeroIdx=0x03(36735423) psm=0x2C tbp0=0x0 tbw=8 cbp=0x3B40 csa=0
[p4:gs-sprite] #778000 ctx=0 tme=1 abe=1 FRAME fbp=0x0 fbw=10 psm=0x1 msk=0x00000000 | SCISSOR 0,0..639,223 | TEST=0x000000000005008B | TEX0 tbp=0x0 tbw=8 psm=0x2C tw=512 th=512 tfx=0 | V0(1950.5,2055.0) V1(1958.5,2064.0) uv0(1288,360) uv1(1408,640) | XYOFFSET ofx=1728 ofy=1936 -> screen (222,119)..(230,128)
[p4:gs-sprite] #778500 ctx=0 tme=1 abe=1 FRAME fbp=0x0 fbw=10 psm=0x1 msk=0x00000000 | SCISSOR 0,0..639,223 | TEST=0x000000000005008B | TEX0 tbp=0x0 tbw=8 psm=0x2C tw=512 th=512 tfx=0 | V0(2112.0,2027.0) V1(2117.0,2036.0) uv0(1784,360) uv1(1856,640) | XYOFFSET ofx=1728 ofy=1936 -> screen (384,91)..(389,100)
[p4:gs-sprite] #779000 ctx=0 tme=1 abe=1 FRAME fbp=0x0 fbw=10 psm=0x1 msk=0x00000000 | SCISSOR 0,0..639,223 | TEST=0x000000000005008B | TEX0 tbp=0x0 tbw=8 psm=0x2C tw=512 th=512 tfx=0 | V0(2066.5,2013.0) V1(2074.5,2024.0) uv0(2584,360) uv1(2704,704) | XYOFFSET ofx=1728 ofy=1936 -> screen (338,77)..(346,88)
[p4:clut] samples=392000000 nonzero=148387872 (37.85%) u=[0..507] v=[0..255] distinctIdx=256 topNonZeroIdx=0x03(36825023) psm=0x2C tbp0=0x0 tbw=8 cbp=0x3B40 csa=0
[p4:gs-sprite] #779500 ctx=0 tme=1 abe=1 FRAME fbp=0x0 fbw=10 psm=0x1 msk=0x00000000 | SCISSOR 0,0..639,223 | TEST=0x000000000005008B | TEX0 tbp=0x0 tbw=8 psm=0x2C tw=512 th=512 tfx=0 | V0(2144.5,2055.0) V1(2152.5,2066.0) uv0(2584,360) uv1(2704,704) | XYOFFSET ofx=1728 ofy=1936 -> screen (416,119)..(424,130)
[p4:gs-sprite] #780000 ctx=0 tme=1 abe=1 FRAME fbp=0x0 fbw=10 psm=0x1 msk=0x00000000 | SCISSOR 0,0..639,223 | TEST=0x000000000005008B | TEX0 tbp=0x0 tbw=8 psm=0x2C tw=512 th=512 tfx=0 | V0(1939.0,2041.0) V1(1942.0,2050.0) uv0(872,360) uv1(912,640) | XYOFFSET ofx=1728 ofy=1936 -> screen (211,105)..(214,114)
[p4:gs-sprite] #780500 ctx=0 tme=1 abe=1 FRAME fbp=0x0 fbw=10 psm=0x1 msk=0x00000000 | SCISSOR 0,0..639,223 | TEST=0x000000000005008B | TEX0 tbp=0x0 tbw=8 psm=0x2C tw=512 th=512 tfx=0 | V0(2235.5,2013.0) V1(2243.5,2022.0) uv0(1288,360) uv1(1408,640) | XYOFFSET ofx=1728 ofy=1936 -> screen (507,77)..(515,86)
[p4:gs-sprite] #781000 ctx=0 tme=1 abe=1 FRAME fbp=0x0 fbw=10 psm=0x1 msk=0x00000000 | SCISSOR 0,0..639,223 | TEST=0x000000000005008B | TEX0 tbp=0x0 tbw=8 psm=0x2C tw=512 th=512 tfx=0 | V0(2060.5,2069.0) V1(2081.5,2079.5) uv0(5112,1432) uv1(5440,1760) | XYOFFSET ofx=1728 ofy=1936 -> screen (332,133)..(353,143)
[p4:clut] samples=392500000 nonzero=148584384 (37.86%) u=[0..507] v=[0..255] distinctIdx=256 topNonZeroIdx=0x03(36914663) psm=0x2C tbp0=0x0 tbw=8 cbp=0x3B40 csa=0
[p4:gs-sprite] #781500 ctx=0 tme=1 abe=1 FRAME fbp=0x0 fbw=10 psm=0x1 msk=0x00000000 | SCISSOR 0,0..639,223 | TEST=0x000000000005008B | TEX0 tbp=0x0 tbw=8 psm=0x2C tw=512 th=512 tfx=0 | V0(2124.0,2041.0) V1(2130.0,2050.0) uv0(1960,360) uv1(2048,640) | XYOFFSET ofx=1728 ofy=1936 -> screen (396,105)..(402,114)
[p4:gs-sprite] #782000 ctx=0 tme=1 abe=1 FRAME fbp=0x0 fbw=10 psm=0x1 msk=0x00000000 | SCISSOR 0,0..639,223 | TEST=0x000000000005008B | TEX0 tbp=0x0 tbw=8 psm=0x2C tw=512 th=512 tfx=0 | V0(2001.0,2027.0) V1(2006.0,2036.0) uv0(1784,360) uv1(1856,640) | XYOFFSET ofx=1728 ofy=1936 -> screen (273,91)..(278,100)
[p4:gs-sprite] #782500 ctx=0 tme=1 abe=1 FRAME fbp=0x0 fbw=10 psm=0x1 msk=0x00000000 | SCISSOR 0,0..639,223 | TEST=0x000000000005008B | TEX0 tbp=0x0 tbw=8 psm=0x2C tw=512 th=512 tfx=0 | V0(1956.5,2013.0) V1(1964.5,2022.0) uv0(744,360) uv1(864,640) | XYOFFSET ofx=1728 ofy=1936 -> screen (228,77)..(236,86)
[p4:gs-sprite] #783000 ctx=0 tme=1 abe=1 FRAME fbp=0x0 fbw=10 psm=0x1 msk=0x00000000 | SCISSOR 0,0..639,223 | TEST=0x000000000005008B | TEX0 tbp=0x0 tbw=8 psm=0x2C tw=512 th=512 tfx=0 | V0(2018.5,2055.0) V1(2023.5,2064.0) uv0(1784,360) uv1(1856,640) | XYOFFSET ofx=1728 ofy=1936 -> screen (290,119)..(295,128)
[p4:clut] samples=393000000 nonzero=148781049 (37.86%) u=[0..507] v=[0..255] distinctIdx=256 topNonZeroIdx=0x03(37004388) psm=0x2C tbp0=0x0 tbw=8 cbp=0x3B40 csa=0
[p4:gs-sprite] #783500 ctx=0 tme=1 abe=1 FRAME fbp=0x0 fbw=10 psm=0x1 msk=0x00000000 | SCISSOR 0,0..639,223 | TEST=0x000000000005008B | TEX0 tbp=0x0 tbw=8 psm=0x2C tw=512 th=512 tfx=0 | V0(2164.0,2027.0) V1(2172.0,2036.0) uv0(6184,8) uv1(6304,288) | XYOFFSET ofx=1728 ofy=1936 -> screen (436,91)..(444,100)
[p4:gs-sprite] #784000 ctx=0 tme=1 abe=1 FRAME fbp=0x0 fbw=10 psm=0x1 msk=0x00000000 | SCISSOR 0,0..639,223 | TEST=0x000000000005008B | TEX0 tbp=0x0 tbw=8 psm=0x2C tw=512 th=512 tfx=0 | V0(2124.5,2013.0) V1(2132.5,2022.0) uv0(488,360) uv1(608,640) | XYOFFSET ofx=1728 ofy=1936 -> screen (396,77)..(404,86)
[p4:gs-sprite] #784500 ctx=0 tme=1 abe=1 FRAME fbp=0x0 fbw=10 psm=0x1 msk=0x00000000 | SCISSOR 0,0..639,223 | TEST=0x000000000005008B | TEX0 tbp=0x0 tbw=8 psm=0x2C tw=512 th=512 tfx=0 | V0(2202.5,2055.0) V1(2210.5,2064.0) uv0(488,360) uv1(608,640) | XYOFFSET ofx=1728 ofy=1936 -> screen (474,119)..(482,128)
[p4:gs-sprite] #785000 ctx=0 tme=1 abe=1 FRAME fbp=0x0 fbw=10 psm=0x1 msk=0x00000000 | SCISSOR 0,0..639,223 | TEST=0x000000000005008B | TEX0 tbp=0x0 tbw=8 psm=0x2C tw=512 th=512 tfx=0 | V0(1998.0,2041.0) V1(2008.0,2050.0) uv0(5592,8) uv1(5744,288) | XYOFFSET ofx=1728 ofy=1936 -> screen (270,105)..(280,114)
[p4:clut] samples=393500000 nonzero=148977931 (37.86%) u=[0..507] v=[0..255] distinctIdx=256 topNonZeroIdx=0x03(37094224) psm=0x2C tbp0=0x0 tbw=8 cbp=0x3B40 csa=0
[p4:gs-sprite] #785500 ctx=0 tme=1 abe=1 FRAME fbp=0x0 fbw=10 psm=0x1 msk=0x00000000 | SCISSOR 0,0..639,223 | TEST=0x000000000005008B | TEX0 tbp=0x0 tbw=8 psm=0x2C tw=512 th=512 tfx=0 | V0(1881.0,2027.0) V1(1889.0,2036.0) uv0(744,360) uv1(864,640) | XYOFFSET ofx=1728 ofy=1936 -> screen (153,91)..(161,100)
[p4:gs-sprite] #786000 ctx=0 tme=0 abe=0 FRAME fbp=0x0 fbw=10 psm=0x1 msk=0x00000000 | SCISSOR 0,0..639,223 | TEST=0x000000000005008B | TEX0 tbp=0x0 tbw=0 psm=0x0 tw=1 th=1 tfx=0 | V0(1829.0,2007.0) V1(2267.0,2087.0) uv0(0,0) uv1(0,0) | XYOFFSET ofx=1728 ofy=1936 -> screen (101,71)..(539,151)
[p4:gs-sprite] #786500 ctx=0 tme=1 abe=1 FRAME fbp=0x0 fbw=10 psm=0x1 msk=0x00000000 | SCISSOR 0,0..639,223 | TEST=0x000000000005008B | TEX0 tbp=0x0 tbw=8 psm=0x2C tw=512 th=512 tfx=0 | V0(1888.5,2055.0) V1(1896.5,2066.0) uv0(2584,360) uv1(2704,704) | XYOFFSET ofx=1728 ofy=1936 -> screen (160,119)..(168,130)
[p4:clut] samples=394000000 nonzero=149174701 (37.86%) u=[0..507] v=[0..255] distinctIdx=256 topNonZeroIdx=0x03(37184011) psm=0x2C tbp0=0x0 tbw=8 cbp=0x3B40 csa=0
[p4:gs-sprite] #787000 ctx=0 tme=1 abe=1 FRAME fbp=0x0 fbw=10 psm=0x1 msk=0x00000000 | SCISSOR 0,0..639,223 | TEST=0x000000000005008B | TEX0 tbp=0x0 tbw=8 psm=0x2C tw=512 th=512 tfx=0 | V0(2057.0,2027.0) V1(2066.0,2036.0) uv0(3912,8) uv1(4048,288) | XYOFFSET ofx=1728 ofy=1936 -> screen (329,91)..(338,100)
[p4:gs-sprite] #787500 ctx=0 tme=1 abe=1 FRAME fbp=0x0 fbw=10 psm=0x1 msk=0x00000000 | SCISSOR 0,0..639,223 | TEST=0x000000000005008B | TEX0 tbp=0x0 tbw=8 psm=0x2C tw=512 th=512 tfx=0 | V0(2017.5,2013.0) V1(2024.5,2022.0) uv0(2056,360) uv1(2160,640) | XYOFFSET ofx=1728 ofy=1936 -> screen (289,77)..(296,86)
[p4:gs-sprite] #788000 ctx=0 tme=1 abe=1 FRAME fbp=0x0 fbw=10 psm=0x1 msk=0x00000000 | SCISSOR 0,0..639,223 | TEST=0x000000000005008B | TEX0 tbp=0x0 tbw=8 psm=0x2C tw=512 th=512 tfx=0 | V0(2073.5,2055.0) V1(2080.5,2064.0) uv0(8008,8) uv1(8112,288) | XYOFFSET ofx=1728 ofy=1936 -> screen (345,119)..(352,128)
[p4:gs-sprite] #788500 ctx=0 tme=1 abe=1 FRAME fbp=0x0 fbw=10 psm=0x1 msk=0x00000000 | SCISSOR 0,0..639,223 | TEST=0x000000000005008B | TEX0 tbp=0x0 tbw=8 psm=0x2C tw=512 th=512 tfx=0 | V0(2204.0,2027.0) V1(2213.0,2036.0) uv0(1416,360) uv1(1552,640) | XYOFFSET ofx=1728 ofy=1936 -> screen (476,91)..(485,100)
[p4:clut] samples=394500000 nonzero=149371159 (37.86%) u=[0..507] v=[0..255] distinctIdx=256 topNonZeroIdx=0x03(37273653) psm=0x2C tbp0=0x0 tbw=8 cbp=0x3B40 csa=0
[p4:gs-sprite] #789000 ctx=0 tme=1 abe=1 FRAME fbp=0x0 fbw=10 psm=0x1 msk=0x00000000 | SCISSOR 0,0..639,223 | TEST=0x000000000005008B | TEX0 tbp=0x0 tbw=8 psm=0x2C tw=512 th=512 tfx=0 | V0(2177.5,2013.0) V1(2184.5,2022.0) uv0(8008,8) uv1(8112,288) | XYOFFSET ofx=1728 ofy=1936 -> screen (449,77)..(456,86)
[p4:gs-sprite] #789500 ctx=0 tme=1 abe=1 FRAME fbp=0x0 fbw=10 psm=0x1 msk=0x00000000 | SCISSOR 0,0..639,223 | TEST=0x000000000005008B | TEX0 tbp=0x0 tbw=8 psm=0x2C tw=512 th=512 tfx=0 | V0(1973.5,2069.0) V1(1991.5,2079.0) uv0(3368,1096) uv1(3648,1408) | XYOFFSET ofx=1728 ofy=1936 -> screen (245,133)..(263,143)
[p4:gs-sprite] #790000 ctx=0 tme=1 abe=1 FRAME fbp=0x0 fbw=10 psm=0x1 msk=0x00000000 | SCISSOR 0,0..639,223 | TEST=0x000000000005008B | TEX0 tbp=0x0 tbw=8 psm=0x2C tw=512 th=512 tfx=0 | V0(2066.0,2041.0) V1(2075.0,2050.0) uv0(6040,8) uv1(6176,288) | XYOFFSET ofx=1728 ofy=1936 -> screen (338,105)..(347,114)
[p4:gs-sprite] #790500 ctx=0 tme=1 abe=1 FRAME fbp=0x0 fbw=10 psm=0x1 msk=0x00000000 | SCISSOR 0,0..639,223 | TEST=0x000000000005008B | TEX0 tbp=0x0 tbw=8 psm=0x2C tw=512 th=512 tfx=0 | V0(1944.0,2027.0) V1(1953.0,2036.0) uv0(1416,360) uv1(1552,640) | XYOFFSET ofx=1728 ofy=1936 -> screen (216,91)..(225,100)
[p4:clut] samples=395000000 nonzero=149567670 (37.87%) u=[0..507] v=[0..255] distinctIdx=256 topNonZeroIdx=0x03(37363248) psm=0x2C tbp0=0x0 tbw=8 cbp=0x3B40 csa=0
[p4:gs-sprite] #791000 ctx=0 tme=1 abe=1 FRAME fbp=0x0 fbw=10 psm=0x1 msk=0x00000000 | SCISSOR 0,0..639,223 | TEST=0x000000000005008B | TEX0 tbp=0x0 tbw=8 psm=0x2C tw=512 th=512 tfx=0 | V0(1886.5,2013.0) V1(1893.5,2022.0) uv0(8008,8) uv1(8112,288) | XYOFFSET ofx=1728 ofy=1936 -> screen (158,77)..(165,86)
[p4:gs-sprite] #791500 ctx=0 tme=1 abe=1 FRAME fbp=0x0 fbw=10 psm=0x1 msk=0x00000000 | SCISSOR 0,0..639,223 | TEST=0x000000000005008B | TEX0 tbp=0x0 tbw=8 psm=0x2C tw=512 th=512 tfx=0 | V0(1950.5,2055.0) V1(1958.5,2064.0) uv0(1288,360) uv1(1408,640) | XYOFFSET ofx=1728 ofy=1936 -> screen (222,119)..(230,128)
[p4:gs-sprite] #792000 ctx=0 tme=1 abe=1 FRAME fbp=0x0 fbw=10 psm=0x1 msk=0x00000000 | SCISSOR 0,0..639,223 | TEST=0x000000000005008B | TEX0 tbp=0x0 tbw=8 psm=0x2C tw=512 th=512 tfx=0 | V0(2112.0,2027.0) V1(2117.0,2036.0) uv0(1784,360) uv1(1856,640) | XYOFFSET ofx=1728 ofy=1936 -> screen (384,91)..(389,100)
[p4:vbl] ticks=11100
[p4:clut] samples=395500000 nonzero=149764342 (37.87%) u=[0..507] v=[0..255] distinctIdx=256 topNonZeroIdx=0x03(37452989) psm=0x2C tbp0=0x0 tbw=8 cbp=0x3B40 csa=0
[p4:gs-sprite] #792500 ctx=0 tme=1 abe=1 FRAME fbp=0x0 fbw=10 psm=0x1 msk=0x00000000 | SCISSOR 0,0..639,223 | TEST=0x000000000005008B | TEX0 tbp=0x0 tbw=8 psm=0x2C tw=512 th=512 tfx=0 | V0(2066.5,2013.0) V1(2074.5,2024.0) uv0(2584,360) uv1(2704,704) | XYOFFSET ofx=1728 ofy=1936 -> screen (338,77)..(346,88)
[p4:gs-sprite] #793000 ctx=0 tme=1 abe=1 FRAME fbp=0x0 fbw=10 psm=0x1 msk=0x00000000 | SCISSOR 0,0..639,223 | TEST=0x000000000005008B | TEX0 tbp=0x0 tbw=8 psm=0x2C tw=512 th=512 tfx=0 | V0(2144.5,2055.0) V1(2152.5,2066.0) uv0(2584,360) uv1(2704,704) | XYOFFSET ofx=1728 ofy=1936 -> screen (416,119)..(424,130)
[p4:gs-sprite] #793500 ctx=0 tme=1 abe=1 FRAME fbp=0x0 fbw=10 psm=0x1 msk=0x00000000 | SCISSOR 0,0..639,223 | TEST=0x000000000005008B | TEX0 tbp=0x0 tbw=8 psm=0x2C tw=512 th=512 tfx=0 | V0(1939.0,2041.0) V1(1942.0,2050.0) uv0(872,360) uv1(912,640) | XYOFFSET ofx=1728 ofy=1936 -> screen (211,105)..(214,114)
[p4:gs-sprite] #794000 ctx=0 tme=1 abe=1 FRAME fbp=0x0 fbw=10 psm=0x1 msk=0x00000000 | SCISSOR 0,0..639,223 | TEST=0x000000000005008B | TEX0 tbp=0x0 tbw=8 psm=0x2C tw=512 th=512 tfx=0 | V0(2235.5,2013.0) V1(2243.5,2022.0) uv0(1288,360) uv1(1408,640) | XYOFFSET ofx=1728 ofy=1936 -> screen (507,77)..(515,86)
[p4:clut] samples=396000000 nonzero=149961282 (37.87%) u=[0..507] v=[0..255] distinctIdx=256 topNonZeroIdx=0x03(37542886) psm=0x2C tbp0=0x0 tbw=8 cbp=0x3B40 csa=0
[p4:gs-sprite] #794500 ctx=0 tme=1 abe=1 FRAME fbp=0x0 fbw=10 psm=0x1 msk=0x00000000 | SCISSOR 0,0..639,223 | TEST=0x000000000005008B | TEX0 tbp=0x0 tbw=8 psm=0x2C tw=512 th=512 tfx=0 | V0(2060.5,2069.0) V1(2081.5,2079.5) uv0(5112,1432) uv1(5440,1760) | XYOFFSET ofx=1728 ofy=1936 -> screen (332,133)..(353,143)
[p4:gs-sprite] #795000 ctx=0 tme=1 abe=1 FRAME fbp=0x0 fbw=10 psm=0x1 msk=0x00000000 | SCISSOR 0,0..639,223 | TEST=0x000000000005008B | TEX0 tbp=0x0 tbw=8 psm=0x2C tw=512 th=512 tfx=0 | V0(2124.0,2041.0) V1(2130.0,2050.0) uv0(1960,360) uv1(2048,640) | XYOFFSET ofx=1728 ofy=1936 -> screen (396,105)..(402,114)
[p4:gs-sprite] #795500 ctx=0 tme=1 abe=1 FRAME fbp=0x0 fbw=10 psm=0x1 msk=0x00000000 | SCISSOR 0,0..639,223 | TEST=0x000000000005008B | TEX0 tbp=0x0 tbw=8 psm=0x2C tw=512 th=512 tfx=0 | V0(2001.0,2027.0) V1(2006.0,2036.0) uv0(1784,360) uv1(1856,640) | XYOFFSET ofx=1728 ofy=1936 -> screen (273,91)..(278,100)
[p4:gs-sprite] #796000 ctx=0 tme=1 abe=1 FRAME fbp=0x0 fbw=10 psm=0x1 msk=0x00000000 | SCISSOR 0,0..639,223 | TEST=0x000000000005008B | TEX0 tbp=0x0 tbw=8 psm=0x2C tw=512 th=512 tfx=0 | V0(1956.5,2013.0) V1(1964.5,2022.0) uv0(744,360) uv1(864,640) | XYOFFSET ofx=1728 ofy=1936 -> screen (228,77)..(236,86)
[p4:clut] samples=396500000 nonzero=150158016 (37.87%) u=[0..507] v=[0..255] distinctIdx=256 topNonZeroIdx=0x03(37632608) psm=0x2C tbp0=0x0 tbw=8 cbp=0x3B40 csa=0
[p4:gs-sprite] #796500 ctx=0 tme=1 abe=1 FRAME fbp=0x0 fbw=10 psm=0x1 msk=0x00000000 | SCISSOR 0,0..639,223 | TEST=0x000000000005008B | TEX0 tbp=0x0 tbw=8 psm=0x2C tw=512 th=512 tfx=0 | V0(2018.5,2055.0) V1(2023.5,2064.0) uv0(1784,360) uv1(1856,640) | XYOFFSET ofx=1728 ofy=1936 -> screen (290,119)..(295,128)
[p4:gs-sprite] #797000 ctx=0 tme=1 abe=1 FRAME fbp=0x0 fbw=10 psm=0x1 msk=0x00000000 | SCISSOR 0,0..639,223 | TEST=0x000000000005008B | TEX0 tbp=0x0 tbw=8 psm=0x2C tw=512 th=512 tfx=0 | V0(2164.0,2027.0) V1(2172.0,2036.0) uv0(6184,8) uv1(6304,288) | XYOFFSET ofx=1728 ofy=1936 -> screen (436,91)..(444,100)
[p4:gs-sprite] #797500 ctx=0 tme=1 abe=1 FRAME fbp=0x0 fbw=10 psm=0x1 msk=0x00000000 | SCISSOR 0,0..639,223 | TEST=0x000000000005008B | TEX0 tbp=0x0 tbw=8 psm=0x2C tw=512 th=512 tfx=0 | V0(2124.5,2013.0) V1(2132.5,2022.0) uv0(488,360) uv1(608,640) | XYOFFSET ofx=1728 ofy=1936 -> screen (396,77)..(404,86)
[p4:gs-sprite] #798000 ctx=0 tme=1 abe=1 FRAME fbp=0x0 fbw=10 psm=0x1 msk=0x00000000 | SCISSOR 0,0..639,223 | TEST=0x000000000005008B | TEX0 tbp=0x0 tbw=8 psm=0x2C tw=512 th=512 tfx=0 | V0(2202.5,2055.0) V1(2210.5,2064.0) uv0(488,360) uv1(608,640) | XYOFFSET ofx=1728 ofy=1936 -> screen (474,119)..(482,128)
[p4:clut] samples=397000000 nonzero=150354422 (37.87%) u=[0..507] v=[0..255] distinctIdx=256 topNonZeroIdx=0x03(37722225) psm=0x2C tbp0=0x0 tbw=8 cbp=0x3B40 csa=0
[p4:gs-sprite] #798500 ctx=0 tme=1 abe=1 FRAME fbp=0x0 fbw=10 psm=0x1 msk=0x00000000 | SCISSOR 0,0..639,223 | TEST=0x000000000005008B | TEX0 tbp=0x0 tbw=8 psm=0x2C tw=512 th=512 tfx=0 | V0(1998.0,2041.0) V1(2008.0,2050.0) uv0(5592,8) uv1(5744,288) | XYOFFSET ofx=1728 ofy=1936 -> screen (270,105)..(280,114)
[p4:gs-sprite] #799000 ctx=0 tme=1 abe=1 FRAME fbp=0x0 fbw=10 psm=0x1 msk=0x00000000 | SCISSOR 0,0..639,223 | TEST=0x000000000005008B | TEX0 tbp=0x0 tbw=8 psm=0x2C tw=512 th=512 tfx=0 | V0(1881.0,2027.0) V1(1889.0,2036.0) uv0(744,360) uv1(864,640) | XYOFFSET ofx=1728 ofy=1936 -> screen (153,91)..(161,100)
[p4:gs-sprite] #799500 ctx=0 tme=0 abe=0 FRAME fbp=0x0 fbw=10 psm=0x1 msk=0x00000000 | SCISSOR 0,0..639,223 | TEST=0x000000000005008B | TEX0 tbp=0x0 tbw=0 psm=0x0 tw=1 th=1 tfx=0 | V0(1829.0,2007.0) V1(2267.0,2087.0) uv0(0,0) uv1(0,0) | XYOFFSET ofx=1728 ofy=1936 -> screen (101,71)..(539,151)
[p4:clut] samples=397500000 nonzero=150551025 (37.87%) u=[0..507] v=[0..255] distinctIdx=256 topNonZeroIdx=0x03(37811889) psm=0x2C tbp0=0x0 tbw=8 cbp=0x3B40 csa=0
[p4:gs-sprite] #800000 ctx=0 tme=1 abe=1 FRAME fbp=0x0 fbw=10 psm=0x1 msk=0x00000000 | SCISSOR 0,0..639,223 | TEST=0x000000000005008B | TEX0 tbp=0x0 tbw=8 psm=0x2C tw=512 th=512 tfx=0 | V0(1888.5,2055.0) V1(1896.5,2066.0) uv0(2584,360) uv1(2704,704) | XYOFFSET ofx=1728 ofy=1936 -> screen (160,119)..(168,130)
[p4:gs-sprite] #800500 ctx=0 tme=1 abe=1 FRAME fbp=0x0 fbw=10 psm=0x1 msk=0x00000000 | SCISSOR 0,0..639,223 | TEST=0x000000000005008B | TEX0 tbp=0x0 tbw=8 psm=0x2C tw=512 th=512 tfx=0 | V0(2057.0,2027.0) V1(2066.0,2036.0) uv0(3912,8) uv1(4048,288) | XYOFFSET ofx=1728 ofy=1936 -> screen (329,91)..(338,100)
[p4:gs-sprite] #801000 ctx=0 tme=1 abe=1 FRAME fbp=0x0 fbw=10 psm=0x1 msk=0x00000000 | SCISSOR 0,0..639,223 | TEST=0x000000000005008B | TEX0 tbp=0x0 tbw=8 psm=0x2C tw=512 th=512 tfx=0 | V0(2017.5,2013.0) V1(2024.5,2022.0) uv0(2056,360) uv1(2160,640) | XYOFFSET ofx=1728 ofy=1936 -> screen (289,77)..(296,86)
[p4:gs-sprite] #801500 ctx=0 tme=1 abe=1 FRAME fbp=0x0 fbw=10 psm=0x1 msk=0x00000000 | SCISSOR 0,0..639,223 | TEST=0x000000000005008B | TEX0 tbp=0x0 tbw=8 psm=0x2C tw=512 th=512 tfx=0 | V0(2073.5,2055.0) V1(2080.5,2064.0) uv0(8008,8) uv1(8112,288) | XYOFFSET ofx=1728 ofy=1936 -> screen (345,119)..(352,128)
[p4:clut] samples=398000000 nonzero=150747683 (37.88%) u=[0..507] v=[0..255] distinctIdx=256 topNonZeroIdx=0x03(37901600) psm=0x2C tbp0=0x0 tbw=8 cbp=0x3B40 csa=0
[p4:gs-sprite] #802000 ctx=0 tme=1 abe=1 FRAME fbp=0x0 fbw=10 psm=0x1 msk=0x00000000 | SCISSOR 0,0..639,223 | TEST=0x000000000005008B | TEX0 tbp=0x0 tbw=8 psm=0x2C tw=512 th=512 tfx=0 | V0(2204.0,2027.0) V1(2213.0,2036.0) uv0(1416,360) uv1(1552,640) | XYOFFSET ofx=1728 ofy=1936 -> screen (476,91)..(485,100)
[p4:gs-sprite] #802500 ctx=0 tme=1 abe=1 FRAME fbp=0x0 fbw=10 psm=0x1 msk=0x00000000 | SCISSOR 0,0..639,223 | TEST=0x000000000005008B | TEX0 tbp=0x0 tbw=8 psm=0x2C tw=512 th=512 tfx=0 | V0(2177.5,2013.0) V1(2184.5,2022.0) uv0(8008,8) uv1(8112,288) | XYOFFSET ofx=1728 ofy=1936 -> screen (449,77)..(456,86)
[p4:gs-sprite] #803000 ctx=0 tme=1 abe=1 FRAME fbp=0x0 fbw=10 psm=0x1 msk=0x00000000 | SCISSOR 0,0..639,223 | TEST=0x000000000005008B | TEX0 tbp=0x0 tbw=8 psm=0x2C tw=512 th=512 tfx=0 | V0(1973.5,2069.0) V1(1991.5,2079.0) uv0(3368,1096) uv1(3648,1408) | XYOFFSET ofx=1728 ofy=1936 -> screen (245,133)..(263,143)
[p4:gs-sprite] #803500 ctx=0 tme=1 abe=1 FRAME fbp=0x0 fbw=10 psm=0x1 msk=0x00000000 | SCISSOR 0,0..639,223 | TEST=0x000000000005008B | TEX0 tbp=0x0 tbw=8 psm=0x2C tw=512 th=512 tfx=0 | V0(2066.0,2041.0) V1(2075.0,2050.0) uv0(6040,8) uv1(6176,288) | XYOFFSET ofx=1728 ofy=1936 -> screen (338,105)..(347,114)
[p4:clut] samples=398500000 nonzero=150944699 (37.88%) u=[0..507] v=[0..255] distinctIdx=256 topNonZeroIdx=0x03(37991562) psm=0x2C tbp0=0x0 tbw=8 cbp=0x3B40 csa=0
[p4:gs-sprite] #804000 ctx=0 tme=1 abe=1 FRAME fbp=0x0 fbw=10 psm=0x1 msk=0x00000000 | SCISSOR 0,0..639,223 | TEST=0x000000000005008B | TEX0 tbp=0x0 tbw=8 psm=0x2C tw=512 th=512 tfx=0 | V0(1944.0,2027.0) V1(1953.0,2036.0) uv0(1416,360) uv1(1552,640) | XYOFFSET ofx=1728 ofy=1936 -> screen (216,91)..(225,100)
[p4:gs-sprite] #804500 ctx=0 tme=1 abe=1 FRAME fbp=0x0 fbw=10 psm=0x1 msk=0x00000000 | SCISSOR 0,0..639,223 | TEST=0x000000000005008B | TEX0 tbp=0x0 tbw=8 psm=0x2C tw=512 th=512 tfx=0 | V0(1886.5,2013.0) V1(1893.5,2022.0) uv0(8008,8) uv1(8112,288) | XYOFFSET ofx=1728 ofy=1936 -> screen (158,77)..(165,86)
[p4:gs-sprite] #805000 ctx=0 tme=1 abe=1 FRAME fbp=0x0 fbw=10 psm=0x1 msk=0x00000000 | SCISSOR 0,0..639,223 | TEST=0x000000000005008B | TEX0 tbp=0x0 tbw=8 psm=0x2C tw=512 th=512 tfx=0 | V0(1950.5,2055.0) V1(1958.5,2064.0) uv0(1288,360) uv1(1408,640) | XYOFFSET ofx=1728 ofy=1936 -> screen (222,119)..(230,128)
[p4:gs-sprite] #805500 ctx=0 tme=1 abe=1 FRAME fbp=0x0 fbw=10 psm=0x1 msk=0x00000000 | SCISSOR 0,0..639,223 | TEST=0x000000000005008B | TEX0 tbp=0x0 tbw=8 psm=0x2C tw=512 th=512 tfx=0 | V0(2112.0,2027.0) V1(2117.0,2036.0) uv0(1784,360) uv1(1856,640) | XYOFFSET ofx=1728 ofy=1936 -> screen (384,91)..(389,100)
[p4:clut] samples=399000000 nonzero=151141170 (37.88%) u=[0..507] v=[0..255] distinctIdx=256 topNonZeroIdx=0x03(38081162) psm=0x2C tbp0=0x0 tbw=8 cbp=0x3B40 csa=0
[p4:gs-sprite] #806000 ctx=0 tme=1 abe=1 FRAME fbp=0x0 fbw=10 psm=0x1 msk=0x00000000 | SCISSOR 0,0..639,223 | TEST=0x000000000005008B | TEX0 tbp=0x0 tbw=8 psm=0x2C tw=512 th=512 tfx=0 | V0(2066.5,2013.0) V1(2074.5,2024.0) uv0(2584,360) uv1(2704,704) | XYOFFSET ofx=1728 ofy=1936 -> screen (338,77)..(346,88)
[p4:gs-sprite] #806500 ctx=0 tme=1 abe=1 FRAME fbp=0x0 fbw=10 psm=0x1 msk=0x00000000 | SCISSOR 0,0..639,223 | TEST=0x000000000005008B | TEX0 tbp=0x0 tbw=8 psm=0x2C tw=512 th=512 tfx=0 | V0(2144.5,2055.0) V1(2152.5,2066.0) uv0(2584,360) uv1(2704,704) | XYOFFSET ofx=1728 ofy=1936 -> screen (416,119)..(424,130)
[p4:gs-sprite] #807000 ctx=0 tme=1 abe=1 FRAME fbp=0x0 fbw=10 psm=0x1 msk=0x00000000 | SCISSOR 0,0..639,223 | TEST=0x000000000005008B | TEX0 tbp=0x0 tbw=8 psm=0x2C tw=512 th=512 tfx=0 | V0(1939.0,2041.0) V1(1942.0,2050.0) uv0(872,360) uv1(912,640) | XYOFFSET ofx=1728 ofy=1936 -> screen (211,105)..(214,114)
[p4:clut] samples=399500000 nonzero=151337677 (37.88%) u=[0..507] v=[0..255] distinctIdx=256 topNonZeroIdx=0x03(38170774) psm=0x2C tbp0=0x0 tbw=8 cbp=0x3B40 csa=0
[p4:gs-sprite] #807500 ctx=0 tme=1 abe=1 FRAME fbp=0x0 fbw=10 psm=0x1 msk=0x00000000 | SCISSOR 0,0..639,223 | TEST=0x000000000005008B | TEX0 tbp=0x0 tbw=8 psm=0x2C tw=512 th=512 tfx=0 | V0(2235.5,2013.0) V1(2243.5,2022.0) uv0(1288,360) uv1(1408,640) | XYOFFSET ofx=1728 ofy=1936 -> screen (507,77)..(515,86)
[p4:gs-sprite] #808000 ctx=0 tme=1 abe=1 FRAME fbp=0x0 fbw=10 psm=0x1 msk=0x00000000 | SCISSOR 0,0..639,223 | TEST=0x000000000005008B | TEX0 tbp=0x0 tbw=8 psm=0x2C tw=512 th=512 tfx=0 | V0(2060.5,2069.0) V1(2081.5,2079.5) uv0(5112,1432) uv1(5440,1760) | XYOFFSET ofx=1728 ofy=1936 -> screen (332,133)..(353,143)
[p4:gs-sprite] #808500 ctx=0 tme=1 abe=1 FRAME fbp=0x0 fbw=10 psm=0x1 msk=0x00000000 | SCISSOR 0,0..639,223 | TEST=0x000000000005008B | TEX0 tbp=0x0 tbw=8 psm=0x2C tw=512 th=512 tfx=0 | V0(2124.0,2041.0) V1(2130.0,2050.0) uv0(1960,360) uv1(2048,640) | XYOFFSET ofx=1728 ofy=1936 -> screen (396,105)..(402,114)
[p4:gs-sprite] #809000 ctx=0 tme=1 abe=1 FRAME fbp=0x0 fbw=10 psm=0x1 msk=0x00000000 | SCISSOR 0,0..639,223 | TEST=0x000000000005008B | TEX0 tbp=0x0 tbw=8 psm=0x2C tw=512 th=512 tfx=0 | V0(2001.0,2027.0) V1(2006.0,2036.0) uv0(1784,360) uv1(1856,640) | XYOFFSET ofx=1728 ofy=1936 -> screen (273,91)..(278,100)
[p4:clut] samples=400000000 nonzero=151534343 (37.88%) u=[0..507] v=[0..255] distinctIdx=256 topNonZeroIdx=0x03(38260512) psm=0x2C tbp0=0x0 tbw=8 cbp=0x3B40 csa=0
[p4:gs-sprite] #809500 ctx=0 tme=1 abe=1 FRAME fbp=0x0 fbw=10 psm=0x1 msk=0x00000000 | SCISSOR 0,0..639,223 | TEST=0x000000000005008B | TEX0 tbp=0x0 tbw=8 psm=0x2C tw=512 th=512 tfx=0 | V0(1956.5,2013.0) V1(1964.5,2022.0) uv0(744,360) uv1(864,640) | XYOFFSET ofx=1728 ofy=1936 -> screen (228,77)..(236,86)
[p4:gs-sprite] #810000 ctx=0 tme=1 abe=1 FRAME fbp=0x0 fbw=10 psm=0x1 msk=0x00000000 | SCISSOR 0,0..639,223 | TEST=0x000000000005008B | TEX0 tbp=0x0 tbw=8 psm=0x2C tw=512 th=512 tfx=0 | V0(2018.5,2055.0) V1(2023.5,2064.0) uv0(1784,360) uv1(1856,640) | XYOFFSET ofx=1728 ofy=1936 -> screen (290,119)..(295,128)
[p4:gs-sprite] #810500 ctx=0 tme=1 abe=1 FRAME fbp=0x0 fbw=10 psm=0x1 msk=0x00000000 | SCISSOR 0,0..639,223 | TEST=0x000000000005008B | TEX0 tbp=0x0 tbw=8 psm=0x2C tw=512 th=512 tfx=0 | V0(2164.0,2027.0) V1(2172.0,2036.0) uv0(6184,8) uv1(6304,288) | XYOFFSET ofx=1728 ofy=1936 -> screen (436,91)..(444,100)
[p4:gs-sprite] #811000 ctx=0 tme=1 abe=1 FRAME fbp=0x0 fbw=10 psm=0x1 msk=0x00000000 | SCISSOR 0,0..639,223 | TEST=0x000000000005008B | TEX0 tbp=0x0 tbw=8 psm=0x2C tw=512 th=512 tfx=0 | V0(2124.5,2013.0) V1(2132.5,2022.0) uv0(488,360) uv1(608,640) | XYOFFSET ofx=1728 ofy=1936 -> screen (396,77)..(404,86)
[p4:clut] samples=400500000 nonzero=151731264 (37.89%) u=[0..507] v=[0..255] distinctIdx=256 topNonZeroIdx=0x03(38350374) psm=0x2C tbp0=0x0 tbw=8 cbp=0x3B40 csa=0
[p4:gs-sprite] #811500 ctx=0 tme=1 abe=1 FRAME fbp=0x0 fbw=10 psm=0x1 msk=0x00000000 | SCISSOR 0,0..639,223 | TEST=0x000000000005008B | TEX0 tbp=0x0 tbw=8 psm=0x2C tw=512 th=512 tfx=0 | V0(2202.5,2055.0) V1(2210.5,2064.0) uv0(488,360) uv1(608,640) | XYOFFSET ofx=1728 ofy=1936 -> screen (474,119)..(482,128)
[p4:gs-sprite] #812000 ctx=0 tme=1 abe=1 FRAME fbp=0x0 fbw=10 psm=0x1 msk=0x00000000 | SCISSOR 0,0..639,223 | TEST=0x000000000005008B | TEX0 tbp=0x0 tbw=8 psm=0x2C tw=512 th=512 tfx=0 | V0(1998.0,2041.0) V1(2008.0,2050.0) uv0(5592,8) uv1(5744,288) | XYOFFSET ofx=1728 ofy=1936 -> screen (270,105)..(280,114)
[p4:gs-sprite] #812500 ctx=0 tme=1 abe=1 FRAME fbp=0x0 fbw=10 psm=0x1 msk=0x00000000 | SCISSOR 0,0..639,223 | TEST=0x000000000005008B | TEX0 tbp=0x0 tbw=8 psm=0x2C tw=512 th=512 tfx=0 | V0(1881.0,2027.0) V1(1889.0,2036.0) uv0(744,360) uv1(864,640) | XYOFFSET ofx=1728 ofy=1936 -> screen (153,91)..(161,100)
[p4:clut] samples=401000000 nonzero=151928064 (37.89%) u=[0..507] v=[0..255] distinctIdx=256 topNonZeroIdx=0x03(38440172) psm=0x2C tbp0=0x0 tbw=8 cbp=0x3B40 csa=0
[p4:gs-sprite] #813000 ctx=0 tme=0 abe=0 FRAME fbp=0x0 fbw=10 psm=0x1 msk=0x00000000 | SCISSOR 0,0..639,223 | TEST=0x000000000005008B | TEX0 tbp=0x0 tbw=0 psm=0x0 tw=1 th=1 tfx=0 | V0(1829.0,2007.0) V1(2267.0,2087.0) uv0(0,0) uv1(0,0) | XYOFFSET ofx=1728 ofy=1936 -> screen (101,71)..(539,151)
[p4:gs-sprite] #813500 ctx=0 tme=1 abe=1 FRAME fbp=0x0 fbw=10 psm=0x1 msk=0x00000000 | SCISSOR 0,0..639,223 | TEST=0x000000000005008B | TEX0 tbp=0x0 tbw=8 psm=0x2C tw=512 th=512 tfx=0 | V0(1888.5,2055.0) V1(1896.5,2066.0) uv0(2584,360) uv1(2704,704) | XYOFFSET ofx=1728 ofy=1936 -> screen (160,119)..(168,130)
[p4:gs-sprite] #814000 ctx=0 tme=1 abe=1 FRAME fbp=0x0 fbw=10 psm=0x1 msk=0x00000000 | SCISSOR 0,0..639,223 | TEST=0x000000000005008B | TEX0 tbp=0x0 tbw=8 psm=0x2C tw=512 th=512 tfx=0 | V0(2057.0,2027.0) V1(2066.0,2036.0) uv0(3912,8) uv1(4048,288) | XYOFFSET ofx=1728 ofy=1936 -> screen (329,91)..(338,100)
[p4:gs-sprite] #814500 ctx=0 tme=1 abe=1 FRAME fbp=0x0 fbw=10 psm=0x1 msk=0x00000000 | SCISSOR 0,0..639,223 | TEST=0x000000000005008B | TEX0 tbp=0x0 tbw=8 psm=0x2C tw=512 th=512 tfx=0 | V0(2017.5,2013.0) V1(2024.5,2022.0) uv0(2056,360) uv1(2160,640) | XYOFFSET ofx=1728 ofy=1936 -> screen (289,77)..(296,86)
[p4:clut] samples=401500000 nonzero=152124499 (37.89%) u=[0..507] v=[0..255] distinctIdx=256 topNonZeroIdx=0x03(38529799) psm=0x2C tbp0=0x0 tbw=8 cbp=0x3B40 csa=0
[p4:gs-sprite] #815000 ctx=0 tme=1 abe=1 FRAME fbp=0x0 fbw=10 psm=0x1 msk=0x00000000 | SCISSOR 0,0..639,223 | TEST=0x000000000005008B | TEX0 tbp=0x0 tbw=8 psm=0x2C tw=512 th=512 tfx=0 | V0(2073.5,2055.0) V1(2080.5,2064.0) uv0(8008,8) uv1(8112,288) | XYOFFSET ofx=1728 ofy=1936 -> screen (345,119)..(352,128)
[p4:gs-sprite] #815500 ctx=0 tme=1 abe=1 FRAME fbp=0x0 fbw=10 psm=0x1 msk=0x00000000 | SCISSOR 0,0..639,223 | TEST=0x000000000005008B | TEX0 tbp=0x0 tbw=8 psm=0x2C tw=512 th=512 tfx=0 | V0(2204.0,2027.0) V1(2213.0,2036.0) uv0(1416,360) uv1(1552,640) | XYOFFSET ofx=1728 ofy=1936 -> screen (476,91)..(485,100)
[p4:gs-sprite] #816000 ctx=0 tme=1 abe=1 FRAME fbp=0x0 fbw=10 psm=0x1 msk=0x00000000 | SCISSOR 0,0..639,223 | TEST=0x000000000005008B | TEX0 tbp=0x0 tbw=8 psm=0x2C tw=512 th=512 tfx=0 | V0(2177.5,2013.0) V1(2184.5,2022.0) uv0(8008,8) uv1(8112,288) | XYOFFSET ofx=1728 ofy=1936 -> screen (449,77)..(456,86)
[p4:gs-sprite] #816500 ctx=0 tme=1 abe=1 FRAME fbp=0x0 fbw=10 psm=0x1 msk=0x00000000 | SCISSOR 0,0..639,223 | TEST=0x000000000005008B | TEX0 tbp=0x0 tbw=8 psm=0x2C tw=512 th=512 tfx=0 | V0(1973.5,2069.0) V1(1991.5,2079.0) uv0(3368,1096) uv1(3648,1408) | XYOFFSET ofx=1728 ofy=1936 -> screen (245,133)..(263,143)
[p4:clut] samples=402000000 nonzero=152321005 (37.89%) u=[0..507] v=[0..255] distinctIdx=256 topNonZeroIdx=0x03(38619393) psm=0x2C tbp0=0x0 tbw=8 cbp=0x3B40 csa=0
[p4:gs-sprite] #817000 ctx=0 tme=1 abe=1 FRAME fbp=0x0 fbw=10 psm=0x1 msk=0x00000000 | SCISSOR 0,0..639,223 | TEST=0x000000000005008B | TEX0 tbp=0x0 tbw=8 psm=0x2C tw=512 th=512 tfx=0 | V0(2066.0,2041.0) V1(2075.0,2050.0) uv0(6040,8) uv1(6176,288) | XYOFFSET ofx=1728 ofy=1936 -> screen (338,105)..(347,114)
[p4:vbl] ticks=11400
[p4:gs-sprite] #817500 ctx=0 tme=1 abe=1 FRAME fbp=0x0 fbw=10 psm=0x1 msk=0x00000000 | SCISSOR 0,0..639,223 | TEST=0x000000000005008B | TEX0 tbp=0x0 tbw=8 psm=0x2C tw=512 th=512 tfx=0 | V0(1944.0,2027.0) V1(1953.0,2036.0) uv0(1416,360) uv1(1552,640) | XYOFFSET ofx=1728 ofy=1936 -> screen (216,91)..(225,100)
[p4:gs-sprite] #818000 ctx=0 tme=1 abe=1 FRAME fbp=0x0 fbw=10 psm=0x1 msk=0x00000000 | SCISSOR 0,0..639,223 | TEST=0x000000000005008B | TEX0 tbp=0x0 tbw=8 psm=0x2C tw=512 th=512 tfx=0 | V0(1886.5,2013.0) V1(1893.5,2022.0) uv0(8008,8) uv1(8112,288) | XYOFFSET ofx=1728 ofy=1936 -> screen (158,77)..(165,86)
[p4:gs-sprite] #818500 ctx=0 tme=1 abe=1 FRAME fbp=0x0 fbw=10 psm=0x1 msk=0x00000000 | SCISSOR 0,0..639,223 | TEST=0x000000000005008B | TEX0 tbp=0x0 tbw=8 psm=0x2C tw=512 th=512 tfx=0 | V0(1950.5,2055.0) V1(1958.5,2064.0) uv0(1288,360) uv1(1408,640) | XYOFFSET ofx=1728 ofy=1936 -> screen (222,119)..(230,128)
[p4:clut] samples=402500000 nonzero=152517717 (37.89%) u=[0..507] v=[0..255] distinctIdx=256 topNonZeroIdx=0x03(38709150) psm=0x2C tbp0=0x0 tbw=8 cbp=0x3B40 csa=0
[p4:gs-sprite] #819000 ctx=0 tme=1 abe=1 FRAME fbp=0x0 fbw=10 psm=0x1 msk=0x00000000 | SCISSOR 0,0..639,223 | TEST=0x000000000005008B | TEX0 tbp=0x0 tbw=8 psm=0x2C tw=512 th=512 tfx=0 | V0(2112.0,2027.0) V1(2117.0,2036.0) uv0(1784,360) uv1(1856,640) | XYOFFSET ofx=1728 ofy=1936 -> screen (384,91)..(389,100)
[p4:gs-sprite] #819500 ctx=0 tme=1 abe=1 FRAME fbp=0x0 fbw=10 psm=0x1 msk=0x00000000 | SCISSOR 0,0..639,223 | TEST=0x000000000005008B | TEX0 tbp=0x0 tbw=8 psm=0x2C tw=512 th=512 tfx=0 | V0(2066.5,2013.0) V1(2074.5,2024.0) uv0(2584,360) uv1(2704,704) | XYOFFSET ofx=1728 ofy=1936 -> screen (338,77)..(346,88)
[p4:gs-sprite] #820000 ctx=0 tme=1 abe=1 FRAME fbp=0x0 fbw=10 psm=0x1 msk=0x00000000 | SCISSOR 0,0..639,223 | TEST=0x000000000005008B | TEX0 tbp=0x0 tbw=8 psm=0x2C tw=512 th=512 tfx=0 | V0(2144.5,2055.0) V1(2152.5,2066.0) uv0(2584,360) uv1(2704,704) | XYOFFSET ofx=1728 ofy=1936 -> screen (416,119)..(424,130)
[p4:clut] samples=403000000 nonzero=152714644 (37.89%) u=[0..507] v=[0..255] distinctIdx=256 topNonZeroIdx=0x03(38799049) psm=0x2C tbp0=0x0 tbw=8 cbp=0x3B40 csa=0
[p4:gs-sprite] #820500 ctx=0 tme=1 abe=1 FRAME fbp=0x0 fbw=10 psm=0x1 msk=0x00000000 | SCISSOR 0,0..639,223 | TEST=0x000000000005008B | TEX0 tbp=0x0 tbw=8 psm=0x2C tw=512 th=512 tfx=0 | V0(1939.0,2041.0) V1(1942.0,2050.0) uv0(872,360) uv1(912,640) | XYOFFSET ofx=1728 ofy=1936 -> screen (211,105)..(214,114)
[p4:gs-sprite] #821000 ctx=0 tme=1 abe=1 FRAME fbp=0x0 fbw=10 psm=0x1 msk=0x00000000 | SCISSOR 0,0..639,223 | TEST=0x000000000005008B | TEX0 tbp=0x0 tbw=8 psm=0x2C tw=512 th=512 tfx=0 | V0(2235.5,2013.0) V1(2243.5,2022.0) uv0(1288,360) uv1(1408,640) | XYOFFSET ofx=1728 ofy=1936 -> screen (507,77)..(515,86)
[p4:gs-sprite] #821500 ctx=0 tme=1 abe=1 FRAME fbp=0x0 fbw=10 psm=0x1 msk=0x00000000 | SCISSOR 0,0..639,223 | TEST=0x000000000005008B | TEX0 tbp=0x0 tbw=8 psm=0x2C tw=512 th=512 tfx=0 | V0(2060.5,2069.0) V1(2081.5,2079.5) uv0(5112,1432) uv1(5440,1760) | XYOFFSET ofx=1728 ofy=1936 -> screen (332,133)..(353,143)
[p4:gs-sprite] #822000 ctx=0 tme=1 abe=1 FRAME fbp=0x0 fbw=10 psm=0x1 msk=0x00000000 | SCISSOR 0,0..639,223 | TEST=0x000000000005008B | TEX0 tbp=0x0 tbw=8 psm=0x2C tw=512 th=512 tfx=0 | V0(2124.0,2041.0) V1(2130.0,2050.0) uv0(1960,360) uv1(2048,640) | XYOFFSET ofx=1728 ofy=1936 -> screen (396,105)..(402,114)
[p4:clut] samples=403500000 nonzero=152911336 (37.90%) u=[0..507] v=[0..255] distinctIdx=256 topNonZeroIdx=0x03(38888734) psm=0x2C tbp0=0x0 tbw=8 cbp=0x3B40 csa=0
[p4:gs-sprite] #822500 ctx=0 tme=1 abe=1 FRAME fbp=0x0 fbw=10 psm=0x1 msk=0x00000000 | SCISSOR 0,0..639,223 | TEST=0x000000000005008B | TEX0 tbp=0x0 tbw=8 psm=0x2C tw=512 th=512 tfx=0 | V0(2001.0,2027.0) V1(2006.0,2036.0) uv0(1784,360) uv1(1856,640) | XYOFFSET ofx=1728 ofy=1936 -> screen (273,91)..(278,100)
[p4:gs-sprite] #823000 ctx=0 tme=1 abe=1 FRAME fbp=0x0 fbw=10 psm=0x1 msk=0x00000000 | SCISSOR 0,0..639,223 | TEST=0x000000000005008B | TEX0 tbp=0x0 tbw=8 psm=0x2C tw=512 th=512 tfx=0 | V0(1956.5,2013.0) V1(1964.5,2022.0) uv0(744,360) uv1(864,640) | XYOFFSET ofx=1728 ofy=1936 -> screen (228,77)..(236,86)
[p4:gs-sprite] #823500 ctx=0 tme=1 abe=1 FRAME fbp=0x0 fbw=10 psm=0x1 msk=0x00000000 | SCISSOR 0,0..639,223 | TEST=0x000000000005008B | TEX0 tbp=0x0 tbw=8 psm=0x2C tw=512 th=512 tfx=0 | V0(2018.5,2055.0) V1(2023.5,2064.0) uv0(1784,360) uv1(1856,640) | XYOFFSET ofx=1728 ofy=1936 -> screen (290,119)..(295,128)
[p4:gs-sprite] #824000 ctx=0 tme=1 abe=1 FRAME fbp=0x0 fbw=10 psm=0x1 msk=0x00000000 | SCISSOR 0,0..639,223 | TEST=0x000000000005008B | TEX0 tbp=0x0 tbw=8 psm=0x2C tw=512 th=512 tfx=0 | V0(2164.0,2027.0) V1(2172.0,2036.0) uv0(6184,8) uv1(6304,288) | XYOFFSET ofx=1728 ofy=1936 -> screen (436,91)..(444,100)
[p4:clut] samples=404000000 nonzero=153107684 (37.90%) u=[0..507] v=[0..255] distinctIdx=256 topNonZeroIdx=0x03(38978335) psm=0x2C tbp0=0x0 tbw=8 cbp=0x3B40 csa=0
[p4:gs-sprite] #824500 ctx=0 tme=1 abe=1 FRAME fbp=0x0 fbw=10 psm=0x1 msk=0x00000000 | SCISSOR 0,0..639,223 | TEST=0x000000000005008B | TEX0 tbp=0x0 tbw=8 psm=0x2C tw=512 th=512 tfx=0 | V0(2124.5,2013.0) V1(2132.5,2022.0) uv0(488,360) uv1(608,640) | XYOFFSET ofx=1728 ofy=1936 -> screen (396,77)..(404,86)
[p4:gs-sprite] #825000 ctx=0 tme=1 abe=1 FRAME fbp=0x0 fbw=10 psm=0x1 msk=0x00000000 | SCISSOR 0,0..639,223 | TEST=0x000000000005008B | TEX0 tbp=0x0 tbw=8 psm=0x2C tw=512 th=512 tfx=0 | V0(2202.5,2055.0) V1(2210.5,2064.0) uv0(488,360) uv1(608,640) | XYOFFSET ofx=1728 ofy=1936 -> screen (474,119)..(482,128)
[p4:gs-sprite] #825500 ctx=0 tme=1 abe=1 FRAME fbp=0x0 fbw=10 psm=0x1 msk=0x00000000 | SCISSOR 0,0..639,223 | TEST=0x000000000005008B | TEX0 tbp=0x0 tbw=8 psm=0x2C tw=512 th=512 tfx=0 | V0(1998.0,2041.0) V1(2008.0,2050.0) uv0(5592,8) uv1(5744,288) | XYOFFSET ofx=1728 ofy=1936 -> screen (270,105)..(280,114)
[p4:clut] samples=404500000 nonzero=153304360 (37.90%) u=[0..507] v=[0..255] distinctIdx=256 topNonZeroIdx=0x03(39068037) psm=0x2C tbp0=0x0 tbw=8 cbp=0x3B40 csa=0
[p4:gs-sprite] #826000 ctx=0 tme=1 abe=1 FRAME fbp=0x0 fbw=10 psm=0x1 msk=0x00000000 | SCISSOR 0,0..639,223 | TEST=0x000000000005008B | TEX0 tbp=0x0 tbw=8 psm=0x2C tw=512 th=512 tfx=0 | V0(1881.0,2027.0) V1(1889.0,2036.0) uv0(744,360) uv1(864,640) | XYOFFSET ofx=1728 ofy=1936 -> screen (153,91)..(161,100)
[p4:gs-sprite] #826500 ctx=0 tme=0 abe=0 FRAME fbp=0x0 fbw=10 psm=0x1 msk=0x00000000 | SCISSOR 0,0..639,223 | TEST=0x000000000005008B | TEX0 tbp=0x0 tbw=0 psm=0x0 tw=1 th=1 tfx=0 | V0(1829.0,2007.0) V1(2267.0,2087.0) uv0(0,0) uv1(0,0) | XYOFFSET ofx=1728 ofy=1936 -> screen (101,71)..(539,151)
[p4:gs-sprite] #827000 ctx=0 tme=1 abe=1 FRAME fbp=0x0 fbw=10 psm=0x1 msk=0x00000000 | SCISSOR 0,0..639,223 | TEST=0x000000000005008B | TEX0 tbp=0x0 tbw=8 psm=0x2C tw=512 th=512 tfx=0 | V0(1888.5,2055.0) V1(1896.5,2066.0) uv0(2584,360) uv1(2704,704) | XYOFFSET ofx=1728 ofy=1936 -> screen (160,119)..(168,130)
[p4:gs-sprite] #827500 ctx=0 tme=1 abe=1 FRAME fbp=0x0 fbw=10 psm=0x1 msk=0x00000000 | SCISSOR 0,0..639,223 | TEST=0x000000000005008B | TEX0 tbp=0x0 tbw=8 psm=0x2C tw=512 th=512 tfx=0 | V0(2057.0,2027.0) V1(2066.0,2036.0) uv0(3912,8) uv1(4048,288) | XYOFFSET ofx=1728 ofy=1936 -> screen (329,91)..(338,100)
[p4:clut] samples=405000000 nonzero=153501113 (37.90%) u=[0..507] v=[0..255] distinctIdx=256 topNonZeroIdx=0x03(39157797) psm=0x2C tbp0=0x0 tbw=8 cbp=0x3B40 csa=0
[p4:gs-sprite] #828000 ctx=0 tme=1 abe=1 FRAME fbp=0x0 fbw=10 psm=0x1 msk=0x00000000 | SCISSOR 0,0..639,223 | TEST=0x000000000005008B | TEX0 tbp=0x0 tbw=8 psm=0x2C tw=512 th=512 tfx=0 | V0(2017.5,2013.0) V1(2024.5,2022.0) uv0(2056,360) uv1(2160,640) | XYOFFSET ofx=1728 ofy=1936 -> screen (289,77)..(296,86)
[p4:gs-sprite] #828500 ctx=0 tme=1 abe=1 FRAME fbp=0x0 fbw=10 psm=0x1 msk=0x00000000 | SCISSOR 0,0..639,223 | TEST=0x000000000005008B | TEX0 tbp=0x0 tbw=8 psm=0x2C tw=512 th=512 tfx=0 | V0(2073.5,2055.0) V1(2080.5,2064.0) uv0(8008,8) uv1(8112,288) | XYOFFSET ofx=1728 ofy=1936 -> screen (345,119)..(352,128)
[p4:gs-sprite] #829000 ctx=0 tme=1 abe=1 FRAME fbp=0x0 fbw=10 psm=0x1 msk=0x00000000 | SCISSOR 0,0..639,223 | TEST=0x000000000005008B | TEX0 tbp=0x0 tbw=8 psm=0x2C tw=512 th=512 tfx=0 | V0(2204.0,2027.0) V1(2213.0,2036.0) uv0(1416,360) uv1(1552,640) | XYOFFSET ofx=1728 ofy=1936 -> screen (476,91)..(485,100)
[p4:gs-sprite] #829500 ctx=0 tme=1 abe=1 FRAME fbp=0x0 fbw=10 psm=0x1 msk=0x00000000 | SCISSOR 0,0..639,223 | TEST=0x000000000005008B | TEX0 tbp=0x0 tbw=8 psm=0x2C tw=512 th=512 tfx=0 | V0(2177.5,2013.0) V1(2184.5,2022.0) uv0(8008,8) uv1(8112,288) | XYOFFSET ofx=1728 ofy=1936 -> screen (449,77)..(456,86)
[p4:clut] samples=405500000 nonzero=153698032 (37.90%) u=[0..507] v=[0..255] distinctIdx=256 topNonZeroIdx=0x03(39247705) psm=0x2C tbp0=0x0 tbw=8 cbp=0x3B40 csa=0
[p4:gs-sprite] #830000 ctx=0 tme=1 abe=1 FRAME fbp=0x0 fbw=10 psm=0x1 msk=0x00000000 | SCISSOR 0,0..639,223 | TEST=0x000000000005008B | TEX0 tbp=0x0 tbw=8 psm=0x2C tw=512 th=512 tfx=0 | V0(1973.5,2069.0) V1(1991.5,2079.0) uv0(3368,1096) uv1(3648,1408) | XYOFFSET ofx=1728 ofy=1936 -> screen (245,133)..(263,143)
[p4:gs-sprite] #830500 ctx=0 tme=1 abe=1 FRAME fbp=0x0 fbw=10 psm=0x1 msk=0x00000000 | SCISSOR 0,0..639,223 | TEST=0x000000000005008B | TEX0 tbp=0x0 tbw=8 psm=0x2C tw=512 th=512 tfx=0 | V0(2066.0,2041.0) V1(2075.0,2050.0) uv0(6040,8) uv1(6176,288) | XYOFFSET ofx=1728 ofy=1936 -> screen (338,105)..(347,114)
[p4:gs-sprite] #831000 ctx=0 tme=1 abe=1 FRAME fbp=0x0 fbw=10 psm=0x1 msk=0x00000000 | SCISSOR 0,0..639,223 | TEST=0x000000000005008B | TEX0 tbp=0x0 tbw=8 psm=0x2C tw=512 th=512 tfx=0 | V0(1944.0,2027.0) V1(1953.0,2036.0) uv0(1416,360) uv1(1552,640) | XYOFFSET ofx=1728 ofy=1936 -> screen (216,91)..(225,100)
[p4:gs-sprite] #831500 ctx=0 tme=1 abe=1 FRAME fbp=0x0 fbw=10 psm=0x1 msk=0x00000000 | SCISSOR 0,0..639,223 | TEST=0x000000000005008B | TEX0 tbp=0x0 tbw=8 psm=0x2C tw=512 th=512 tfx=0 | V0(1886.5,2013.0) V1(1893.5,2022.0) uv0(8008,8) uv1(8112,288) | XYOFFSET ofx=1728 ofy=1936 -> screen (158,77)..(165,86)
[p4:clut] samples=406000000 nonzero=153894507 (37.91%) u=[0..507] v=[0..255] distinctIdx=256 topNonZeroIdx=0x03(39337326) psm=0x2C tbp0=0x0 tbw=8 cbp=0x3B40 csa=0
[p4:gs-sprite] #832000 ctx=0 tme=1 abe=1 FRAME fbp=0x0 fbw=10 psm=0x1 msk=0x00000000 | SCISSOR 0,0..639,223 | TEST=0x000000000005008B | TEX0 tbp=0x0 tbw=8 psm=0x2C tw=512 th=512 tfx=0 | V0(1950.5,2055.0) V1(1958.5,2064.0) uv0(1288,360) uv1(1408,640) | XYOFFSET ofx=1728 ofy=1936 -> screen (222,119)..(230,128)
[p4:gs-sprite] #832500 ctx=0 tme=1 abe=1 FRAME fbp=0x0 fbw=10 psm=0x1 msk=0x00000000 | SCISSOR 0,0..639,223 | TEST=0x000000000005008B | TEX0 tbp=0x0 tbw=8 psm=0x2C tw=512 th=512 tfx=0 | V0(2112.0,2027.0) V1(2117.0,2036.0) uv0(1784,360) uv1(1856,640) | XYOFFSET ofx=1728 ofy=1936 -> screen (384,91)..(389,100)
[p4:gs-sprite] #833000 ctx=0 tme=1 abe=1 FRAME fbp=0x0 fbw=10 psm=0x1 msk=0x00000000 | SCISSOR 0,0..639,223 | TEST=0x000000000005008B | TEX0 tbp=0x0 tbw=8 psm=0x2C tw=512 th=512 tfx=0 | V0(2066.5,2013.0) V1(2074.5,2024.0) uv0(2584,360) uv1(2704,704) | XYOFFSET ofx=1728 ofy=1936 -> screen (338,77)..(346,88)
[p4:clut] samples=406500000 nonzero=154091045 (37.91%) u=[0..507] v=[0..255] distinctIdx=256 topNonZeroIdx=0x03(39426955) psm=0x2C tbp0=0x0 tbw=8 cbp=0x3B40 csa=0
[p4:gs-sprite] #833500 ctx=0 tme=1 abe=1 FRAME fbp=0x0 fbw=10 psm=0x1 msk=0x00000000 | SCISSOR 0,0..639,223 | TEST=0x000000000005008B | TEX0 tbp=0x0 tbw=8 psm=0x2C tw=512 th=512 tfx=0 | V0(2144.5,2055.0) V1(2152.5,2066.0) uv0(2584,360) uv1(2704,704) | XYOFFSET ofx=1728 ofy=1936 -> screen (416,119)..(424,130)
[p4:gs-sprite] #834000 ctx=0 tme=1 abe=1 FRAME fbp=0x0 fbw=10 psm=0x1 msk=0x00000000 | SCISSOR 0,0..639,223 | TEST=0x000000000005008B | TEX0 tbp=0x0 tbw=8 psm=0x2C tw=512 th=512 tfx=0 | V0(1939.0,2041.0) V1(1942.0,2050.0) uv0(872,360) uv1(912,640) | XYOFFSET ofx=1728 ofy=1936 -> screen (211,105)..(214,114)
[p4:gs-sprite] #834500 ctx=0 tme=1 abe=1 FRAME fbp=0x0 fbw=10 psm=0x1 msk=0x00000000 | SCISSOR 0,0..639,223 | TEST=0x000000000005008B | TEX0 tbp=0x0 tbw=8 psm=0x2C tw=512 th=512 tfx=0 | V0(2235.5,2013.0) V1(2243.5,2022.0) uv0(1288,360) uv1(1408,640) | XYOFFSET ofx=1728 ofy=1936 -> screen (507,77)..(515,86)
[p4:gs-sprite] #835000 ctx=0 tme=1 abe=1 FRAME fbp=0x0 fbw=10 psm=0x1 msk=0x00000000 | SCISSOR 0,0..639,223 | TEST=0x000000000005008B | TEX0 tbp=0x0 tbw=8 psm=0x2C tw=512 th=512 tfx=0 | V0(2060.5,2069.0) V1(2081.5,2079.5) uv0(5112,1432) uv1(5440,1760) | XYOFFSET ofx=1728 ofy=1936 -> screen (332,133)..(353,143)
[p4:clut] samples=407000000 nonzero=154287707 (37.91%) u=[0..507] v=[0..255] distinctIdx=256 topNonZeroIdx=0x03(39516667) psm=0x2C tbp0=0x0 tbw=8 cbp=0x3B40 csa=0
[p4:gs-sprite] #835500 ctx=0 tme=1 abe=1 FRAME fbp=0x0 fbw=10 psm=0x1 msk=0x00000000 | SCISSOR 0,0..639,223 | TEST=0x000000000005008B | TEX0 tbp=0x0 tbw=8 psm=0x2C tw=512 th=512 tfx=0 | V0(2124.0,2041.0) V1(2130.0,2050.0) uv0(1960,360) uv1(2048,640) | XYOFFSET ofx=1728 ofy=1936 -> screen (396,105)..(402,114)
[p4:gs-sprite] #836000 ctx=0 tme=1 abe=1 FRAME fbp=0x0 fbw=10 psm=0x1 msk=0x00000000 | SCISSOR 0,0..639,223 | TEST=0x000000000005008B | TEX0 tbp=0x0 tbw=8 psm=0x2C tw=512 th=512 tfx=0 | V0(2001.0,2027.0) V1(2006.0,2036.0) uv0(1784,360) uv1(1856,640) | XYOFFSET ofx=1728 ofy=1936 -> screen (273,91)..(278,100)
[p4:gs-sprite] #836500 ctx=0 tme=1 abe=1 FRAME fbp=0x0 fbw=10 psm=0x1 msk=0x00000000 | SCISSOR 0,0..639,223 | TEST=0x000000000005008B | TEX0 tbp=0x0 tbw=8 psm=0x2C tw=512 th=512 tfx=0 | V0(1956.5,2013.0) V1(1964.5,2022.0) uv0(744,360) uv1(864,640) | XYOFFSET ofx=1728 ofy=1936 -> screen (228,77)..(236,86)
[p4:gs-sprite] #837000 ctx=0 tme=1 abe=1 FRAME fbp=0x0 fbw=10 psm=0x1 msk=0x00000000 | SCISSOR 0,0..639,223 | TEST=0x000000000005008B | TEX0 tbp=0x0 tbw=8 psm=0x2C tw=512 th=512 tfx=0 | V0(2018.5,2055.0) V1(2023.5,2064.0) uv0(1784,360) uv1(1856,640) | XYOFFSET ofx=1728 ofy=1936 -> screen (290,119)..(295,128)
[p4:clut] samples=407500000 nonzero=154484572 (37.91%) u=[0..507] v=[0..255] distinctIdx=256 topNonZeroIdx=0x03(39606506) psm=0x2C tbp0=0x0 tbw=8 cbp=0x3B40 csa=0
[p4:gs-sprite] #837500 ctx=0 tme=1 abe=1 FRAME fbp=0x0 fbw=10 psm=0x1 msk=0x00000000 | SCISSOR 0,0..639,223 | TEST=0x000000000005008B | TEX0 tbp=0x0 tbw=8 psm=0x2C tw=512 th=512 tfx=0 | V0(2164.0,2027.0) V1(2172.0,2036.0) uv0(6184,8) uv1(6304,288) | XYOFFSET ofx=1728 ofy=1936 -> screen (436,91)..(444,100)
[p4:gs-sprite] #838000 ctx=0 tme=1 abe=1 FRAME fbp=0x0 fbw=10 psm=0x1 msk=0x00000000 | SCISSOR 0,0..639,223 | TEST=0x000000000005008B | TEX0 tbp=0x0 tbw=8 psm=0x2C tw=512 th=512 tfx=0 | V0(2124.5,2013.0) V1(2132.5,2022.0) uv0(488,360) uv1(608,640) | XYOFFSET ofx=1728 ofy=1936 -> screen (396,77)..(404,86)
[p4:gs-sprite] #838500 ctx=0 tme=1 abe=1 FRAME fbp=0x0 fbw=10 psm=0x1 msk=0x00000000 | SCISSOR 0,0..639,223 | TEST=0x000000000005008B | TEX0 tbp=0x0 tbw=8 psm=0x2C tw=512 th=512 tfx=0 | V0(2202.5,2055.0) V1(2210.5,2064.0) uv0(488,360) uv1(608,640) | XYOFFSET ofx=1728 ofy=1936 -> screen (474,119)..(482,128)
[p4:gs-sprite] #839000 ctx=0 tme=1 abe=1 FRAME fbp=0x0 fbw=10 psm=0x1 msk=0x00000000 | SCISSOR 0,0..639,223 | TEST=0x000000000005008B | TEX0 tbp=0x0 tbw=8 psm=0x2C tw=512 th=512 tfx=0 | V0(1998.0,2041.0) V1(2008.0,2050.0) uv0(5592,8) uv1(5744,288) | XYOFFSET ofx=1728 ofy=1936 -> screen (270,105)..(280,114)
[p4:clut] samples=408000000 nonzero=154681404 (37.91%) u=[0..507] v=[0..255] distinctIdx=256 topNonZeroIdx=0x03(39696322) psm=0x2C tbp0=0x0 tbw=8 cbp=0x3B40 csa=0
[p4:gs-sprite] #839500 ctx=0 tme=1 abe=1 FRAME fbp=0x0 fbw=10 psm=0x1 msk=0x00000000 | SCISSOR 0,0..639,223 | TEST=0x000000000005008B | TEX0 tbp=0x0 tbw=8 psm=0x2C tw=512 th=512 tfx=0 | V0(1881.0,2027.0) V1(1889.0,2036.0) uv0(744,360) uv1(864,640) | XYOFFSET ofx=1728 ofy=1936 -> screen (153,91)..(161,100)
[p4:gs-sprite] #840000 ctx=0 tme=0 abe=0 FRAME fbp=0x0 fbw=10 psm=0x1 msk=0x00000000 | SCISSOR 0,0..639,223 | TEST=0x000000000005008B | TEX0 tbp=0x0 tbw=0 psm=0x0 tw=1 th=1 tfx=0 | V0(1829.0,2007.0) V1(2267.0,2087.0) uv0(0,0) uv1(0,0) | XYOFFSET ofx=1728 ofy=1936 -> screen (101,71)..(539,151)
[p4:gs-sprite] #840500 ctx=0 tme=1 abe=1 FRAME fbp=0x0 fbw=10 psm=0x1 msk=0x00000000 | SCISSOR 0,0..639,223 | TEST=0x000000000005008B | TEX0 tbp=0x0 tbw=8 psm=0x2C tw=512 th=512 tfx=0 | V0(1888.5,2055.0) V1(1896.5,2066.0) uv0(2584,360) uv1(2704,704) | XYOFFSET ofx=1728 ofy=1936 -> screen (160,119)..(168,130)
[p4:clut] samples=408500000 nonzero=154877847 (37.91%) u=[0..507] v=[0..255] distinctIdx=256 topNonZeroIdx=0x03(39785946) psm=0x2C tbp0=0x0 tbw=8 cbp=0x3B40 csa=0
[p4:gs-sprite] #841000 ctx=0 tme=1 abe=1 FRAME fbp=0x0 fbw=10 psm=0x1 msk=0x00000000 | SCISSOR 0,0..639,223 | TEST=0x000000000005008B | TEX0 tbp=0x0 tbw=8 psm=0x2C tw=512 th=512 tfx=0 | V0(2057.0,2027.0) V1(2066.0,2036.0) uv0(3912,8) uv1(4048,288) | XYOFFSET ofx=1728 ofy=1936 -> screen (329,91)..(338,100)
[p4:gs-sprite] #841500 ctx=0 tme=1 abe=1 FRAME fbp=0x0 fbw=10 psm=0x1 msk=0x00000000 | SCISSOR 0,0..639,223 | TEST=0x000000000005008B | TEX0 tbp=0x0 tbw=8 psm=0x2C tw=512 th=512 tfx=0 | V0(2017.5,2013.0) V1(2024.5,2022.0) uv0(2056,360) uv1(2160,640) | XYOFFSET ofx=1728 ofy=1936 -> screen (289,77)..(296,86)
[p4:gs-sprite] #842000 ctx=0 tme=1 abe=1 FRAME fbp=0x0 fbw=10 psm=0x1 msk=0x00000000 | SCISSOR 0,0..639,223 | TEST=0x000000000005008B | TEX0 tbp=0x0 tbw=8 psm=0x2C tw=512 th=512 tfx=0 | V0(2073.5,2055.0) V1(2080.5,2064.0) uv0(8008,8) uv1(8112,288) | XYOFFSET ofx=1728 ofy=1936 -> screen (345,119)..(352,128)
[p4:gs-sprite] #842500 ctx=0 tme=1 abe=1 FRAME fbp=0x0 fbw=10 psm=0x1 msk=0x00000000 | SCISSOR 0,0..639,223 | TEST=0x000000000005008B | TEX0 tbp=0x0 tbw=8 psm=0x2C tw=512 th=512 tfx=0 | V0(2204.0,2027.0) V1(2213.0,2036.0) uv0(1416,360) uv1(1552,640) | XYOFFSET ofx=1728 ofy=1936 -> screen (476,91)..(485,100)
[p4:vbl] ticks=11700
[p4:clut] samples=409000000 nonzero=155074364 (37.92%) u=[0..507] v=[0..255] distinctIdx=256 topNonZeroIdx=0x03(39875539) psm=0x2C tbp0=0x0 tbw=8 cbp=0x3B40 csa=0
[p4:gs-sprite] #843000 ctx=0 tme=1 abe=1 FRAME fbp=0x0 fbw=10 psm=0x1 msk=0x00000000 | SCISSOR 0,0..639,223 | TEST=0x000000000005008B | TEX0 tbp=0x0 tbw=8 psm=0x2C tw=512 th=512 tfx=0 | V0(2177.5,2013.0) V1(2184.5,2022.0) uv0(8008,8) uv1(8112,288) | XYOFFSET ofx=1728 ofy=1936 -> screen (449,77)..(456,86)
[p4:gs-sprite] #843500 ctx=0 tme=1 abe=1 FRAME fbp=0x0 fbw=10 psm=0x1 msk=0x00000000 | SCISSOR 0,0..639,223 | TEST=0x000000000005008B | TEX0 tbp=0x0 tbw=8 psm=0x2C tw=512 th=512 tfx=0 | V0(1973.5,2069.0) V1(1991.5,2079.0) uv0(3368,1096) uv1(3648,1408) | XYOFFSET ofx=1728 ofy=1936 -> screen (245,133)..(263,143)
[p4:gs-sprite] #844000 ctx=0 tme=1 abe=1 FRAME fbp=0x0 fbw=10 psm=0x1 msk=0x00000000 | SCISSOR 0,0..639,223 | TEST=0x000000000005008B | TEX0 tbp=0x0 tbw=8 psm=0x2C tw=512 th=512 tfx=0 | V0(2066.0,2041.0) V1(2075.0,2050.0) uv0(6040,8) uv1(6176,288) | XYOFFSET ofx=1728 ofy=1936 -> screen (338,105)..(347,114)
[p4:gs-sprite] #844500 ctx=0 tme=1 abe=1 FRAME fbp=0x0 fbw=10 psm=0x1 msk=0x00000000 | SCISSOR 0,0..639,223 | TEST=0x000000000005008B | TEX0 tbp=0x0 tbw=8 psm=0x2C tw=512 th=512 tfx=0 | V0(1944.0,2027.0) V1(1953.0,2036.0) uv0(1416,360) uv1(1552,640) | XYOFFSET ofx=1728 ofy=1936 -> screen (216,91)..(225,100)
[p4:clut] samples=409500000 nonzero=155271028 (37.92%) u=[0..507] v=[0..255] distinctIdx=256 topNonZeroIdx=0x03(39965277) psm=0x2C tbp0=0x0 tbw=8 cbp=0x3B40 csa=0
[p4:gs-sprite] #845000 ctx=0 tme=1 abe=1 FRAME fbp=0x0 fbw=10 psm=0x1 msk=0x00000000 | SCISSOR 0,0..639,223 | TEST=0x000000000005008B | TEX0 tbp=0x0 tbw=8 psm=0x2C tw=512 th=512 tfx=0 | V0(1886.5,2013.0) V1(1893.5,2022.0) uv0(8008,8) uv1(8112,288) | XYOFFSET ofx=1728 ofy=1936 -> screen (158,77)..(165,86)
[p4:gs-sprite] #845500 ctx=0 tme=1 abe=1 FRAME fbp=0x0 fbw=10 psm=0x1 msk=0x00000000 | SCISSOR 0,0..639,223 | TEST=0x000000000005008B | TEX0 tbp=0x0 tbw=8 psm=0x2C tw=512 th=512 tfx=0 | V0(1950.5,2055.0) V1(1958.5,2064.0) uv0(1288,360) uv1(1408,640) | XYOFFSET ofx=1728 ofy=1936 -> screen (222,119)..(230,128)
[p4:gs-sprite] #846000 ctx=0 tme=1 abe=1 FRAME fbp=0x0 fbw=10 psm=0x1 msk=0x00000000 | SCISSOR 0,0..639,223 | TEST=0x000000000005008B | TEX0 tbp=0x0 tbw=8 psm=0x2C tw=512 th=512 tfx=0 | V0(2112.0,2027.0) V1(2117.0,2036.0) uv0(1784,360) uv1(1856,640) | XYOFFSET ofx=1728 ofy=1936 -> screen (384,91)..(389,100)
[p4:clut] samples=410000000 nonzero=155467978 (37.92%) u=[0..507] v=[0..255] distinctIdx=256 topNonZeroIdx=0x03(40055206) psm=0x2C tbp0=0x0 tbw=8 cbp=0x3B40 csa=0
[p4:gs-sprite] #846500 ctx=0 tme=1 abe=1 FRAME fbp=0x0 fbw=10 psm=0x1 msk=0x00000000 | SCISSOR 0,0..639,223 | TEST=0x000000000005008B | TEX0 tbp=0x0 tbw=8 psm=0x2C tw=512 th=512 tfx=0 | V0(2066.5,2013.0) V1(2074.5,2024.0) uv0(2584,360) uv1(2704,704) | XYOFFSET ofx=1728 ofy=1936 -> screen (338,77)..(346,88)
[p4:gs-sprite] #847000 ctx=0 tme=1 abe=1 FRAME fbp=0x0 fbw=10 psm=0x1 msk=0x00000000 | SCISSOR 0,0..639,223 | TEST=0x000000000005008B | TEX0 tbp=0x0 tbw=8 psm=0x2C tw=512 th=512 tfx=0 | V0(2144.5,2055.0) V1(2152.5,2066.0) uv0(2584,360) uv1(2704,704) | XYOFFSET ofx=1728 ofy=1936 -> screen (416,119)..(424,130)
[p4:gs-sprite] #847500 ctx=0 tme=1 abe=1 FRAME fbp=0x0 fbw=10 psm=0x1 msk=0x00000000 | SCISSOR 0,0..639,223 | TEST=0x000000000005008B | TEX0 tbp=0x0 tbw=8 psm=0x2C tw=512 th=512 tfx=0 | V0(1939.0,2041.0) V1(1942.0,2050.0) uv0(872,360) uv1(912,640) | XYOFFSET ofx=1728 ofy=1936 -> screen (211,105)..(214,114)
[p4:gs-sprite] #848000 ctx=0 tme=1 abe=1 FRAME fbp=0x0 fbw=10 psm=0x1 msk=0x00000000 | SCISSOR 0,0..639,223 | TEST=0x000000000005008B | TEX0 tbp=0x0 tbw=8 psm=0x2C tw=512 th=512 tfx=0 | V0(2235.5,2013.0) V1(2243.5,2022.0) uv0(1288,360) uv1(1408,640) | XYOFFSET ofx=1728 ofy=1936 -> screen (507,77)..(515,86)
[p4:clut] samples=410500000 nonzero=155664672 (37.92%) u=[0..507] v=[0..255] distinctIdx=256 topNonZeroIdx=0x03(40144879) psm=0x2C tbp0=0x0 tbw=8 cbp=0x3B40 csa=0
[p4:gs-sprite] #848500 ctx=0 tme=1 abe=1 FRAME fbp=0x0 fbw=10 psm=0x1 msk=0x00000000 | SCISSOR 0,0..639,223 | TEST=0x000000000005008B | TEX0 tbp=0x0 tbw=8 psm=0x2C tw=512 th=512 tfx=0 | V0(2060.5,2069.0) V1(2081.5,2079.5) uv0(5112,1432) uv1(5440,1760) | XYOFFSET ofx=1728 ofy=1936 -> screen (332,133)..(353,143)
[p4:gs-sprite] #849000 ctx=0 tme=1 abe=1 FRAME fbp=0x0 fbw=10 psm=0x1 msk=0x00000000 | SCISSOR 0,0..639,223 | TEST=0x000000000005008B | TEX0 tbp=0x0 tbw=8 psm=0x2C tw=512 th=512 tfx=0 | V0(2124.0,2041.0) V1(2130.0,2050.0) uv0(1960,360) uv1(2048,640) | XYOFFSET ofx=1728 ofy=1936 -> screen (396,105)..(402,114)
[p4:gs-sprite] #849500 ctx=0 tme=1 abe=1 FRAME fbp=0x0 fbw=10 psm=0x1 msk=0x00000000 | SCISSOR 0,0..639,223 | TEST=0x000000000005008B | TEX0 tbp=0x0 tbw=8 psm=0x2C tw=512 th=512 tfx=0 | V0(2001.0,2027.0) V1(2006.0,2036.0) uv0(1784,360) uv1(1856,640) | XYOFFSET ofx=1728 ofy=1936 -> screen (273,91)..(278,100)
[p4:gs-sprite] #850000 ctx=0 tme=1 abe=1 FRAME fbp=0x0 fbw=10 psm=0x1 msk=0x00000000 | SCISSOR 0,0..639,223 | TEST=0x000000000005008B | TEX0 tbp=0x0 tbw=8 psm=0x2C tw=512 th=512 tfx=0 | V0(1956.5,2013.0) V1(1964.5,2022.0) uv0(744,360) uv1(864,640) | XYOFFSET ofx=1728 ofy=1936 -> screen (228,77)..(236,86)
[p4:clut] samples=411000000 nonzero=155860997 (37.92%) u=[0..507] v=[0..255] distinctIdx=256 topNonZeroIdx=0x03(40234455) psm=0x2C tbp0=0x0 tbw=8 cbp=0x3B40 csa=0
[p4:gs-sprite] #850500 ctx=0 tme=1 abe=1 FRAME fbp=0x0 fbw=10 psm=0x1 msk=0x00000000 | SCISSOR 0,0..639,223 | TEST=0x000000000005008B | TEX0 tbp=0x0 tbw=8 psm=0x2C tw=512 th=512 tfx=0 | V0(2018.5,2055.0) V1(2023.5,2064.0) uv0(1784,360) uv1(1856,640) | XYOFFSET ofx=1728 ofy=1936 -> screen (290,119)..(295,128)
[p4:gs-sprite] #851000 ctx=0 tme=1 abe=1 FRAME fbp=0x0 fbw=10 psm=0x1 msk=0x00000000 | SCISSOR 0,0..639,223 | TEST=0x000000000005008B | TEX0 tbp=0x0 tbw=8 psm=0x2C tw=512 th=512 tfx=0 | V0(2164.0,2027.0) V1(2172.0,2036.0) uv0(6184,8) uv1(6304,288) | XYOFFSET ofx=1728 ofy=1936 -> screen (436,91)..(444,100)
[p4:gs-sprite] #851500 ctx=0 tme=1 abe=1 FRAME fbp=0x0 fbw=10 psm=0x1 msk=0x00000000 | SCISSOR 0,0..639,223 | TEST=0x000000000005008B | TEX0 tbp=0x0 tbw=8 psm=0x2C tw=512 th=512 tfx=0 | V0(2124.5,2013.0) V1(2132.5,2022.0) uv0(488,360) uv1(608,640) | XYOFFSET ofx=1728 ofy=1936 -> screen (396,77)..(404,86)
[p4:gs-sprite] #852000 ctx=0 tme=1 abe=1 FRAME fbp=0x0 fbw=10 psm=0x1 msk=0x00000000 | SCISSOR 0,0..639,223 | TEST=0x000000000005008B | TEX0 tbp=0x0 tbw=8 psm=0x2C tw=512 th=512 tfx=0 | V0(2202.5,2055.0) V1(2210.5,2064.0) uv0(488,360) uv1(608,640) | XYOFFSET ofx=1728 ofy=1936 -> screen (474,119)..(482,128)
[p4:clut] samples=411500000 nonzero=156057709 (37.92%) u=[0..507] v=[0..255] distinctIdx=256 topNonZeroIdx=0x03(40324200) psm=0x2C tbp0=0x0 tbw=8 cbp=0x3B40 csa=0
[p4:gs-sprite] #852500 ctx=0 tme=1 abe=1 FRAME fbp=0x0 fbw=10 psm=0x1 msk=0x00000000 | SCISSOR 0,0..639,223 | TEST=0x000000000005008B | TEX0 tbp=0x0 tbw=8 psm=0x2C tw=512 th=512 tfx=0 | V0(1998.0,2041.0) V1(2008.0,2050.0) uv0(5592,8) uv1(5744,288) | XYOFFSET ofx=1728 ofy=1936 -> screen (270,105)..(280,114)
[p4:gs-sprite] #853000 ctx=0 tme=1 abe=1 FRAME fbp=0x0 fbw=10 psm=0x1 msk=0x00000000 | SCISSOR 0,0..639,223 | TEST=0x000000000005008B | TEX0 tbp=0x0 tbw=8 psm=0x2C tw=512 th=512 tfx=0 | V0(1881.0,2027.0) V1(1889.0,2036.0) uv0(744,360) uv1(864,640) | XYOFFSET ofx=1728 ofy=1936 -> screen (153,91)..(161,100)
[p4:gs-sprite] #853500 ctx=0 tme=0 abe=0 FRAME fbp=0x0 fbw=10 psm=0x1 msk=0x00000000 | SCISSOR 0,0..639,223 | TEST=0x000000000005008B | TEX0 tbp=0x0 tbw=0 psm=0x0 tw=1 th=1 tfx=0 | V0(1829.0,2007.0) V1(2267.0,2087.0) uv0(0,0) uv1(0,0) | XYOFFSET ofx=1728 ofy=1936 -> screen (101,71)..(539,151)
[p4:clut] samples=412000000 nonzero=156254452 (37.93%) u=[0..507] v=[0..255] distinctIdx=256 topNonZeroIdx=0x03(40413955) psm=0x2C tbp0=0x0 tbw=8 cbp=0x3B40 csa=0
[p4:gs-sprite] #854000 ctx=0 tme=1 abe=1 FRAME fbp=0x0 fbw=10 psm=0x1 msk=0x00000000 | SCISSOR 0,0..639,223 | TEST=0x000000000005008B | TEX0 tbp=0x0 tbw=8 psm=0x2C tw=512 th=512 tfx=0 | V0(1888.5,2055.0) V1(1896.5,2066.0) uv0(2584,360) uv1(2704,704) | XYOFFSET ofx=1728 ofy=1936 -> screen (160,119)..(168,130)
[p4:gs-sprite] #854500 ctx=0 tme=1 abe=1 FRAME fbp=0x0 fbw=10 psm=0x1 msk=0x00000000 | SCISSOR 0,0..639,223 | TEST=0x000000000005008B | TEX0 tbp=0x0 tbw=8 psm=0x2C tw=512 th=512 tfx=0 | V0(2057.0,2027.0) V1(2066.0,2036.0) uv0(3912,8) uv1(4048,288) | XYOFFSET ofx=1728 ofy=1936 -> screen (329,91)..(338,100)
[p4:gs-sprite] #855000 ctx=0 tme=1 abe=1 FRAME fbp=0x0 fbw=10 psm=0x1 msk=0x00000000 | SCISSOR 0,0..639,223 | TEST=0x000000000005008B | TEX0 tbp=0x0 tbw=8 psm=0x2C tw=512 th=512 tfx=0 | V0(2017.5,2013.0) V1(2024.5,2022.0) uv0(2056,360) uv1(2160,640) | XYOFFSET ofx=1728 ofy=1936 -> screen (289,77)..(296,86)
[p4:gs-sprite] #855500 ctx=0 tme=1 abe=1 FRAME fbp=0x0 fbw=10 psm=0x1 msk=0x00000000 | SCISSOR 0,0..639,223 | TEST=0x000000000005008B | TEX0 tbp=0x0 tbw=8 psm=0x2C tw=512 th=512 tfx=0 | V0(2073.5,2055.0) V1(2080.5,2064.0) uv0(8008,8) uv1(8112,288) | XYOFFSET ofx=1728 ofy=1936 -> screen (345,119)..(352,128)
[p4:clut] samples=412500000 nonzero=156451328 (37.93%) u=[0..507] v=[0..255] distinctIdx=256 topNonZeroIdx=0x03(40503832) psm=0x2C tbp0=0x0 tbw=8 cbp=0x3B40 csa=0
[p4:gs-sprite] #856000 ctx=0 tme=1 abe=1 FRAME fbp=0x0 fbw=10 psm=0x1 msk=0x00000000 | SCISSOR 0,0..639,223 | TEST=0x000000000005008B | TEX0 tbp=0x0 tbw=8 psm=0x2C tw=512 th=512 tfx=0 | V0(2204.0,2027.0) V1(2213.0,2036.0) uv0(1416,360) uv1(1552,640) | XYOFFSET ofx=1728 ofy=1936 -> screen (476,91)..(485,100)
[p4:gs-sprite] #856500 ctx=0 tme=1 abe=1 FRAME fbp=0x0 fbw=10 psm=0x1 msk=0x00000000 | SCISSOR 0,0..639,223 | TEST=0x000000000005008B | TEX0 tbp=0x0 tbw=8 psm=0x2C tw=512 th=512 tfx=0 | V0(2177.5,2013.0) V1(2184.5,2022.0) uv0(8008,8) uv1(8112,288) | XYOFFSET ofx=1728 ofy=1936 -> screen (449,77)..(456,86)
[p4:gs-sprite] #857000 ctx=0 tme=1 abe=1 FRAME fbp=0x0 fbw=10 psm=0x1 msk=0x00000000 | SCISSOR 0,0..639,223 | TEST=0x000000000005008B | TEX0 tbp=0x0 tbw=8 psm=0x2C tw=512 th=512 tfx=0 | V0(1973.5,2069.0) V1(1991.5,2079.0) uv0(3368,1096) uv1(3648,1408) | XYOFFSET ofx=1728 ofy=1936 -> screen (245,133)..(263,143)
[p4:gs-sprite] #857500 ctx=0 tme=1 abe=1 FRAME fbp=0x0 fbw=10 psm=0x1 msk=0x00000000 | SCISSOR 0,0..639,223 | TEST=0x000000000005008B | TEX0 tbp=0x0 tbw=8 psm=0x2C tw=512 th=512 tfx=0 | V0(2066.0,2041.0) V1(2075.0,2050.0) uv0(6040,8) uv1(6176,288) | XYOFFSET ofx=1728 ofy=1936 -> screen (338,105)..(347,114)
[p4:clut] samples=413000000 nonzero=156647821 (37.93%) u=[0..507] v=[0..255] distinctIdx=256 topNonZeroIdx=0x03(40593487) psm=0x2C tbp0=0x0 tbw=8 cbp=0x3B40 csa=0
[p4:gs-sprite] #858000 ctx=0 tme=1 abe=1 FRAME fbp=0x0 fbw=10 psm=0x1 msk=0x00000000 | SCISSOR 0,0..639,223 | TEST=0x000000000005008B | TEX0 tbp=0x0 tbw=8 psm=0x2C tw=512 th=512 tfx=0 | V0(1944.0,2027.0) V1(1953.0,2036.0) uv0(1416,360) uv1(1552,640) | XYOFFSET ofx=1728 ofy=1936 -> screen (216,91)..(225,100)
[p4:gs-sprite] #858500 ctx=0 tme=1 abe=1 FRAME fbp=0x0 fbw=10 psm=0x1 msk=0x00000000 | SCISSOR 0,0..639,223 | TEST=0x000000000005008B | TEX0 tbp=0x0 tbw=8 psm=0x2C tw=512 th=512 tfx=0 | V0(1886.5,2013.0) V1(1893.5,2022.0) uv0(8008,8) uv1(8112,288) | XYOFFSET ofx=1728 ofy=1936 -> screen (158,77)..(165,86)
[p4:gs-sprite] #859000 ctx=0 tme=1 abe=1 FRAME fbp=0x0 fbw=10 psm=0x1 msk=0x00000000 | SCISSOR 0,0..639,223 | TEST=0x000000000005008B | TEX0 tbp=0x0 tbw=8 psm=0x2C tw=512 th=512 tfx=0 | V0(1950.5,2055.0) V1(1958.5,2064.0) uv0(1288,360) uv1(1408,640) | XYOFFSET ofx=1728 ofy=1936 -> screen (222,119)..(230,128)
[p4:clut] samples=413500000 nonzero=156844404 (37.93%) u=[0..507] v=[0..255] distinctIdx=256 topNonZeroIdx=0x03(40683117) psm=0x2C tbp0=0x0 tbw=8 cbp=0x3B40 csa=0
[p4:gs-sprite] #859500 ctx=0 tme=1 abe=1 FRAME fbp=0x0 fbw=10 psm=0x1 msk=0x00000000 | SCISSOR 0,0..639,223 | TEST=0x000000000005008B | TEX0 tbp=0x0 tbw=8 psm=0x2C tw=512 th=512 tfx=0 | V0(2112.0,2027.0) V1(2117.0,2036.0) uv0(1784,360) uv1(1856,640) | XYOFFSET ofx=1728 ofy=1936 -> screen (384,91)..(389,100)
[p4:gs-sprite] #860000 ctx=0 tme=1 abe=1 FRAME fbp=0x0 fbw=10 psm=0x1 msk=0x00000000 | SCISSOR 0,0..639,223 | TEST=0x000000000005008B | TEX0 tbp=0x0 tbw=8 psm=0x2C tw=512 th=512 tfx=0 | V0(2066.5,2013.0) V1(2074.5,2024.0) uv0(2584,360) uv1(2704,704) | XYOFFSET ofx=1728 ofy=1936 -> screen (338,77)..(346,88)
[p4:gs-sprite] #860500 ctx=0 tme=1 abe=1 FRAME fbp=0x0 fbw=10 psm=0x1 msk=0x00000000 | SCISSOR 0,0..639,223 | TEST=0x000000000005008B | TEX0 tbp=0x0 tbw=8 psm=0x2C tw=512 th=512 tfx=0 | V0(2144.5,2055.0) V1(2152.5,2066.0) uv0(2584,360) uv1(2704,704) | XYOFFSET ofx=1728 ofy=1936 -> screen (416,119)..(424,130)
[p4:gs-sprite] #861000 ctx=0 tme=1 abe=1 FRAME fbp=0x0 fbw=10 psm=0x1 msk=0x00000000 | SCISSOR 0,0..639,223 | TEST=0x000000000005008B | TEX0 tbp=0x0 tbw=8 psm=0x2C tw=512 th=512 tfx=0 | V0(1939.0,2041.0) V1(1942.0,2050.0) uv0(872,360) uv1(912,640) | XYOFFSET ofx=1728 ofy=1936 -> screen (211,105)..(214,114)
[p4:clut] samples=414000000 nonzero=157041057 (37.93%) u=[0..507] v=[0..255] distinctIdx=256 topNonZeroIdx=0x03(40772840) psm=0x2C tbp0=0x0 tbw=8 cbp=0x3B40 csa=0
[p4:gs-sprite] #861500 ctx=0 tme=1 abe=1 FRAME fbp=0x0 fbw=10 psm=0x1 msk=0x00000000 | SCISSOR 0,0..639,223 | TEST=0x000000000005008B | TEX0 tbp=0x0 tbw=8 psm=0x2C tw=512 th=512 tfx=0 | V0(2235.5,2013.0) V1(2243.5,2022.0) uv0(1288,360) uv1(1408,640) | XYOFFSET ofx=1728 ofy=1936 -> screen (507,77)..(515,86)
[p4:gs-sprite] #862000 ctx=0 tme=1 abe=1 FRAME fbp=0x0 fbw=10 psm=0x1 msk=0x00000000 | SCISSOR 0,0..639,223 | TEST=0x000000000005008B | TEX0 tbp=0x0 tbw=8 psm=0x2C tw=512 th=512 tfx=0 | V0(2060.5,2069.0) V1(2081.5,2079.5) uv0(5112,1432) uv1(5440,1760) | XYOFFSET ofx=1728 ofy=1936 -> screen (332,133)..(353,143)
[p4:gs-sprite] #862500 ctx=0 tme=1 abe=1 FRAME fbp=0x0 fbw=10 psm=0x1 msk=0x00000000 | SCISSOR 0,0..639,223 | TEST=0x000000000005008B | TEX0 tbp=0x0 tbw=8 psm=0x2C tw=512 th=512 tfx=0 | V0(2124.0,2041.0) V1(2130.0,2050.0) uv0(1960,360) uv1(2048,640) | XYOFFSET ofx=1728 ofy=1936 -> screen (396,105)..(402,114)
[p4:gs-sprite] #863000 ctx=0 tme=1 abe=1 FRAME fbp=0x0 fbw=10 psm=0x1 msk=0x00000000 | SCISSOR 0,0..639,223 | TEST=0x000000000005008B | TEX0 tbp=0x0 tbw=8 psm=0x2C tw=512 th=512 tfx=0 | V0(2001.0,2027.0) V1(2006.0,2036.0) uv0(1784,360) uv1(1856,640) | XYOFFSET ofx=1728 ofy=1936 -> screen (273,91)..(278,100)
[p4:clut] samples=414500000 nonzero=157237917 (37.93%) u=[0..507] v=[0..255] distinctIdx=256 topNonZeroIdx=0x03(40862669) psm=0x2C tbp0=0x0 tbw=8 cbp=0x3B40 csa=0
[p4:gs-sprite] #863500 ctx=0 tme=1 abe=1 FRAME fbp=0x0 fbw=10 psm=0x1 msk=0x00000000 | SCISSOR 0,0..639,223 | TEST=0x000000000005008B | TEX0 tbp=0x0 tbw=8 psm=0x2C tw=512 th=512 tfx=0 | V0(1956.5,2013.0) V1(1964.5,2022.0) uv0(744,360) uv1(864,640) | XYOFFSET ofx=1728 ofy=1936 -> screen (228,77)..(236,86)
[p4:gs-sprite] #864000 ctx=0 tme=1 abe=1 FRAME fbp=0x0 fbw=10 psm=0x1 msk=0x00000000 | SCISSOR 0,0..639,223 | TEST=0x000000000005008B | TEX0 tbp=0x0 tbw=8 psm=0x2C tw=512 th=512 tfx=0 | V0(2018.5,2055.0) V1(2023.5,2064.0) uv0(1784,360) uv1(1856,640) | XYOFFSET ofx=1728 ofy=1936 -> screen (290,119)..(295,128)
[p4:gs-sprite] #864500 ctx=0 tme=1 abe=1 FRAME fbp=0x0 fbw=10 psm=0x1 msk=0x00000000 | SCISSOR 0,0..639,223 | TEST=0x000000000005008B | TEX0 tbp=0x0 tbw=8 psm=0x2C tw=512 th=512 tfx=0 | V0(2164.0,2027.0) V1(2172.0,2036.0) uv0(6184,8) uv1(6304,288) | XYOFFSET ofx=1728 ofy=1936 -> screen (436,91)..(444,100)
[p4:gs-sprite] #865000 ctx=0 tme=1 abe=1 FRAME fbp=0x0 fbw=10 psm=0x1 msk=0x00000000 | SCISSOR 0,0..639,223 | TEST=0x000000000005008B | TEX0 tbp=0x0 tbw=8 psm=0x2C tw=512 th=512 tfx=0 | V0(2124.5,2013.0) V1(2132.5,2022.0) uv0(488,360) uv1(608,640) | XYOFFSET ofx=1728 ofy=1936 -> screen (396,77)..(404,86)
[p4:clut] samples=415000000 nonzero=157434738 (37.94%) u=[0..507] v=[0..255] distinctIdx=256 topNonZeroIdx=0x03(40952457) psm=0x2C tbp0=0x0 tbw=8 cbp=0x3B40 csa=0
[p4:gs-sprite] #865500 ctx=0 tme=1 abe=1 FRAME fbp=0x0 fbw=10 psm=0x1 msk=0x00000000 | SCISSOR 0,0..639,223 | TEST=0x000000000005008B | TEX0 tbp=0x0 tbw=8 psm=0x2C tw=512 th=512 tfx=0 | V0(2202.5,2055.0) V1(2210.5,2064.0) uv0(488,360) uv1(608,640) | XYOFFSET ofx=1728 ofy=1936 -> screen (474,119)..(482,128)
[p4:gs-sprite] #866000 ctx=0 tme=1 abe=1 FRAME fbp=0x0 fbw=10 psm=0x1 msk=0x00000000 | SCISSOR 0,0..639,223 | TEST=0x000000000005008B | TEX0 tbp=0x0 tbw=8 psm=0x2C tw=512 th=512 tfx=0 | V0(1998.0,2041.0) V1(2008.0,2050.0) uv0(5592,8) uv1(5744,288) | XYOFFSET ofx=1728 ofy=1936 -> screen (270,105)..(280,114)
[p4:gs-sprite] #866500 ctx=0 tme=1 abe=1 FRAME fbp=0x0 fbw=10 psm=0x1 msk=0x00000000 | SCISSOR 0,0..639,223 | TEST=0x000000000005008B | TEX0 tbp=0x0 tbw=8 psm=0x2C tw=512 th=512 tfx=0 | V0(1881.0,2027.0) V1(1889.0,2036.0) uv0(744,360) uv1(864,640) | XYOFFSET ofx=1728 ofy=1936 -> screen (153,91)..(161,100)
[p4:clut] samples=415500000 nonzero=157631152 (37.94%) u=[0..507] v=[0..255] distinctIdx=256 topNonZeroIdx=0x03(41042068) psm=0x2C tbp0=0x0 tbw=8 cbp=0x3B40 csa=0
[p4:gs-sprite] #867000 ctx=0 tme=0 abe=0 FRAME fbp=0x0 fbw=10 psm=0x1 msk=0x00000000 | SCISSOR 0,0..639,223 | TEST=0x000000000005008B | TEX0 tbp=0x0 tbw=0 psm=0x0 tw=1 th=1 tfx=0 | V0(1829.0,2007.0) V1(2267.0,2087.0) uv0(0,0) uv1(0,0) | XYOFFSET ofx=1728 ofy=1936 -> screen (101,71)..(539,151)
[p4:gs-sprite] #867500 ctx=0 tme=1 abe=1 FRAME fbp=0x0 fbw=10 psm=0x1 msk=0x00000000 | SCISSOR 0,0..639,223 | TEST=0x000000000005008B | TEX0 tbp=0x0 tbw=8 psm=0x2C tw=512 th=512 tfx=0 | V0(1888.5,2055.0) V1(1896.5,2066.0) uv0(2584,360) uv1(2704,704) | XYOFFSET ofx=1728 ofy=1936 -> screen (160,119)..(168,130)
[p4:gs-sprite] #868000 ctx=0 tme=1 abe=1 FRAME fbp=0x0 fbw=10 psm=0x1 msk=0x00000000 | SCISSOR 0,0..639,223 | TEST=0x000000000005008B | TEX0 tbp=0x0 tbw=8 psm=0x2C tw=512 th=512 tfx=0 | V0(2057.0,2027.0) V1(2066.0,2036.0) uv0(3912,8) uv1(4048,288) | XYOFFSET ofx=1728 ofy=1936 -> screen (329,91)..(338,100)
[p4:vbl] ticks=12000
[p4:gs-sprite] #868500 ctx=0 tme=1 abe=1 FRAME fbp=0x0 fbw=10 psm=0x1 msk=0x00000000 | SCISSOR 0,0..639,223 | TEST=0x000000000005008B | TEX0 tbp=0x0 tbw=8 psm=0x2C tw=512 th=512 tfx=0 | V0(2017.5,2013.0) V1(2024.5,2022.0) uv0(2056,360) uv1(2160,640) | XYOFFSET ofx=1728 ofy=1936 -> screen (289,77)..(296,86)
[p4:clut] samples=416000000 nonzero=157827707 (37.94%) u=[0..507] v=[0..255] distinctIdx=256 topNonZeroIdx=0x03(41131702) psm=0x2C tbp0=0x0 tbw=8 cbp=0x3B40 csa=0
[p4:gs-sprite] #869000 ctx=0 tme=1 abe=1 FRAME fbp=0x0 fbw=10 psm=0x1 msk=0x00000000 | SCISSOR 0,0..639,223 | TEST=0x000000000005008B | TEX0 tbp=0x0 tbw=8 psm=0x2C tw=512 th=512 tfx=0 | V0(2073.5,2055.0) V1(2080.5,2064.0) uv0(8008,8) uv1(8112,288) | XYOFFSET ofx=1728 ofy=1936 -> screen (345,119)..(352,128)
[p4:gs-sprite] #869500 ctx=0 tme=1 abe=1 FRAME fbp=0x0 fbw=10 psm=0x1 msk=0x00000000 | SCISSOR 0,0..639,223 | TEST=0x000000000005008B | TEX0 tbp=0x0 tbw=8 psm=0x2C tw=512 th=512 tfx=0 | V0(2204.0,2027.0) V1(2213.0,2036.0) uv0(1416,360) uv1(1552,640) | XYOFFSET ofx=1728 ofy=1936 -> screen (476,91)..(485,100)
[p4:gs-sprite] #870000 ctx=0 tme=1 abe=1 FRAME fbp=0x0 fbw=10 psm=0x1 msk=0x00000000 | SCISSOR 0,0..639,223 | TEST=0x000000000005008B | TEX0 tbp=0x0 tbw=8 psm=0x2C tw=512 th=512 tfx=0 | V0(2177.5,2013.0) V1(2184.5,2022.0) uv0(8008,8) uv1(8112,288) | XYOFFSET ofx=1728 ofy=1936 -> screen (449,77)..(456,86)
[p4:gs-sprite] #870500 ctx=0 tme=1 abe=1 FRAME fbp=0x0 fbw=10 psm=0x1 msk=0x00000000 | SCISSOR 0,0..639,223 | TEST=0x000000000005008B | TEX0 tbp=0x0 tbw=8 psm=0x2C tw=512 th=512 tfx=0 | V0(1973.5,2069.0) V1(1991.5,2079.0) uv0(3368,1096) uv1(3648,1408) | XYOFFSET ofx=1728 ofy=1936 -> screen (245,133)..(263,143)
[p4:clut] samples=416500000 nonzero=158024360 (37.94%) u=[0..507] v=[0..255] distinctIdx=256 topNonZeroIdx=0x03(41221427) psm=0x2C tbp0=0x0 tbw=8 cbp=0x3B40 csa=0
[p4:gs-sprite] #871000 ctx=0 tme=1 abe=1 FRAME fbp=0x0 fbw=10 psm=0x1 msk=0x00000000 | SCISSOR 0,0..639,223 | TEST=0x000000000005008B | TEX0 tbp=0x0 tbw=8 psm=0x2C tw=512 th=512 tfx=0 | V0(2066.0,2041.0) V1(2075.0,2050.0) uv0(6040,8) uv1(6176,288) | XYOFFSET ofx=1728 ofy=1936 -> screen (338,105)..(347,114)
[p4:gs-sprite] #871500 ctx=0 tme=1 abe=1 FRAME fbp=0x0 fbw=10 psm=0x1 msk=0x00000000 | SCISSOR 0,0..639,223 | TEST=0x000000000005008B | TEX0 tbp=0x0 tbw=8 psm=0x2C tw=512 th=512 tfx=0 | V0(1944.0,2027.0) V1(1953.0,2036.0) uv0(1416,360) uv1(1552,640) | XYOFFSET ofx=1728 ofy=1936 -> screen (216,91)..(225,100)
[p4:gs-sprite] #872000 ctx=0 tme=1 abe=1 FRAME fbp=0x0 fbw=10 psm=0x1 msk=0x00000000 | SCISSOR 0,0..639,223 | TEST=0x000000000005008B | TEX0 tbp=0x0 tbw=8 psm=0x2C tw=512 th=512 tfx=0 | V0(1886.5,2013.0) V1(1893.5,2022.0) uv0(8008,8) uv1(8112,288) | XYOFFSET ofx=1728 ofy=1936 -> screen (158,77)..(165,86)
[p4:gs-sprite] #872500 ctx=0 tme=1 abe=1 FRAME fbp=0x0 fbw=10 psm=0x1 msk=0x00000000 | SCISSOR 0,0..639,223 | TEST=0x000000000005008B | TEX0 tbp=0x0 tbw=8 psm=0x2C tw=512 th=512 tfx=0 | V0(1950.5,2055.0) V1(1958.5,2064.0) uv0(1288,360) uv1(1408,640) | XYOFFSET ofx=1728 ofy=1936 -> screen (222,119)..(230,128)
[p4:clut] samples=417000000 nonzero=158221324 (37.94%) u=[0..507] v=[0..255] distinctIdx=256 topNonZeroIdx=0x03(41311353) psm=0x2C tbp0=0x0 tbw=8 cbp=0x3B40 csa=0
[p4:gs-sprite] #873000 ctx=0 tme=1 abe=1 FRAME fbp=0x0 fbw=10 psm=0x1 msk=0x00000000 | SCISSOR 0,0..639,223 | TEST=0x000000000005008B | TEX0 tbp=0x0 tbw=8 psm=0x2C tw=512 th=512 tfx=0 | V0(2112.0,2027.0) V1(2117.0,2036.0) uv0(1784,360) uv1(1856,640) | XYOFFSET ofx=1728 ofy=1936 -> screen (384,91)..(389,100)
[p4:gs-sprite] #873500 ctx=0 tme=1 abe=1 FRAME fbp=0x0 fbw=10 psm=0x1 msk=0x00000000 | SCISSOR 0,0..639,223 | TEST=0x000000000005008B | TEX0 tbp=0x0 tbw=8 psm=0x2C tw=512 th=512 tfx=0 | V0(2066.5,2013.0) V1(2074.5,2024.0) uv0(2584,360) uv1(2704,704) | XYOFFSET ofx=1728 ofy=1936 -> screen (338,77)..(346,88)
[p4:gs-sprite] #874000 ctx=0 tme=1 abe=1 FRAME fbp=0x0 fbw=10 psm=0x1 msk=0x00000000 | SCISSOR 0,0..639,223 | TEST=0x000000000005008B | TEX0 tbp=0x0 tbw=8 psm=0x2C tw=512 th=512 tfx=0 | V0(2144.5,2055.0) V1(2152.5,2066.0) uv0(2584,360) uv1(2704,704) | XYOFFSET ofx=1728 ofy=1936 -> screen (416,119)..(424,130)
[p4:clut] samples=417500000 nonzero=158417927 (37.94%) u=[0..507] v=[0..255] distinctIdx=256 topNonZeroIdx=0x03(41400995) psm=0x2C tbp0=0x0 tbw=8 cbp=0x3B40 csa=0
[p4:gs-sprite] #874500 ctx=0 tme=1 abe=1 FRAME fbp=0x0 fbw=10 psm=0x1 msk=0x00000000 | SCISSOR 0,0..639,223 | TEST=0x000000000005008B | TEX0 tbp=0x0 tbw=8 psm=0x2C tw=512 th=512 tfx=0 | V0(1939.0,2041.0) V1(1942.0,2050.0) uv0(872,360) uv1(912,640) | XYOFFSET ofx=1728 ofy=1936 -> screen (211,105)..(214,114)
[p4:gs-sprite] #875000 ctx=0 tme=1 abe=1 FRAME fbp=0x0 fbw=10 psm=0x1 msk=0x00000000 | SCISSOR 0,0..639,223 | TEST=0x000000000005008B | TEX0 tbp=0x0 tbw=8 psm=0x2C tw=512 th=512 tfx=0 | V0(2235.5,2013.0) V1(2243.5,2022.0) uv0(1288,360) uv1(1408,640) | XYOFFSET ofx=1728 ofy=1936 -> screen (507,77)..(515,86)
[p4:gs-sprite] #875500 ctx=0 tme=1 abe=1 FRAME fbp=0x0 fbw=10 psm=0x1 msk=0x00000000 | SCISSOR 0,0..639,223 | TEST=0x000000000005008B | TEX0 tbp=0x0 tbw=8 psm=0x2C tw=512 th=512 tfx=0 | V0(2060.5,2069.0) V1(2081.5,2079.5) uv0(5112,1432) uv1(5440,1760) | XYOFFSET ofx=1728 ofy=1936 -> screen (332,133)..(353,143)
[p4:gs-sprite] #876000 ctx=0 tme=1 abe=1 FRAME fbp=0x0 fbw=10 psm=0x1 msk=0x00000000 | SCISSOR 0,0..639,223 | TEST=0x000000000005008B | TEX0 tbp=0x0 tbw=8 psm=0x2C tw=512 th=512 tfx=0 | V0(2124.0,2041.0) V1(2130.0,2050.0) uv0(1960,360) uv1(2048,640) | XYOFFSET ofx=1728 ofy=1936 -> screen (396,105)..(402,114)
[p4:clut] samples=418000000 nonzero=158614348 (37.95%) u=[0..507] v=[0..255] distinctIdx=256 topNonZeroIdx=0x03(41490611) psm=0x2C tbp0=0x0 tbw=8 cbp=0x3B40 csa=0
[p4:gs-sprite] #876500 ctx=0 tme=1 abe=1 FRAME fbp=0x0 fbw=10 psm=0x1 msk=0x00000000 | SCISSOR 0,0..639,223 | TEST=0x000000000005008B | TEX0 tbp=0x0 tbw=8 psm=0x2C tw=512 th=512 tfx=0 | V0(2001.0,2027.0) V1(2006.0,2036.0) uv0(1784,360) uv1(1856,640) | XYOFFSET ofx=1728 ofy=1936 -> screen (273,91)..(278,100)
[p4:gs-sprite] #877000 ctx=0 tme=1 abe=1 FRAME fbp=0x0 fbw=10 psm=0x1 msk=0x00000000 | SCISSOR 0,0..639,223 | TEST=0x000000000005008B | TEX0 tbp=0x0 tbw=8 psm=0x2C tw=512 th=512 tfx=0 | V0(1956.5,2013.0) V1(1964.5,2022.0) uv0(744,360) uv1(864,640) | XYOFFSET ofx=1728 ofy=1936 -> screen (228,77)..(236,86)
[p4:gs-sprite] #877500 ctx=0 tme=1 abe=1 FRAME fbp=0x0 fbw=10 psm=0x1 msk=0x00000000 | SCISSOR 0,0..639,223 | TEST=0x000000000005008B | TEX0 tbp=0x0 tbw=8 psm=0x2C tw=512 th=512 tfx=0 | V0(2018.5,2055.0) V1(2023.5,2064.0) uv0(1784,360) uv1(1856,640) | XYOFFSET ofx=1728 ofy=1936 -> screen (290,119)..(295,128)
[p4:gs-sprite] #878000 ctx=0 tme=1 abe=1 FRAME fbp=0x0 fbw=10 psm=0x1 msk=0x00000000 | SCISSOR 0,0..639,223 | TEST=0x000000000005008B | TEX0 tbp=0x0 tbw=8 psm=0x2C tw=512 th=512 tfx=0 | V0(2164.0,2027.0) V1(2172.0,2036.0) uv0(6184,8) uv1(6304,288) | XYOFFSET ofx=1728 ofy=1936 -> screen (436,91)..(444,100)
[p4:clut] samples=418500000 nonzero=158811045 (37.95%) u=[0..507] v=[0..255] distinctIdx=256 topNonZeroIdx=0x03(41580348) psm=0x2C tbp0=0x0 tbw=8 cbp=0x3B40 csa=0
[p4:gs-sprite] #878500 ctx=0 tme=1 abe=1 FRAME fbp=0x0 fbw=10 psm=0x1 msk=0x00000000 | SCISSOR 0,0..639,223 | TEST=0x000000000005008B | TEX0 tbp=0x0 tbw=8 psm=0x2C tw=512 th=512 tfx=0 | V0(2124.5,2013.0) V1(2132.5,2022.0) uv0(488,360) uv1(608,640) | XYOFFSET ofx=1728 ofy=1936 -> screen (396,77)..(404,86)
[p4:gs-sprite] #879000 ctx=0 tme=1 abe=1 FRAME fbp=0x0 fbw=10 psm=0x1 msk=0x00000000 | SCISSOR 0,0..639,223 | TEST=0x000000000005008B | TEX0 tbp=0x0 tbw=8 psm=0x2C tw=512 th=512 tfx=0 | V0(2202.5,2055.0) V1(2210.5,2064.0) uv0(488,360) uv1(608,640) | XYOFFSET ofx=1728 ofy=1936 -> screen (474,119)..(482,128)
[p4:gs-sprite] #879500 ctx=0 tme=1 abe=1 FRAME fbp=0x0 fbw=10 psm=0x1 msk=0x00000000 | SCISSOR 0,0..639,223 | TEST=0x000000000005008B | TEX0 tbp=0x0 tbw=8 psm=0x2C tw=512 th=512 tfx=0 | V0(1998.0,2041.0) V1(2008.0,2050.0) uv0(5592,8) uv1(5744,288) | XYOFFSET ofx=1728 ofy=1936 -> screen (270,105)..(280,114)
[p4:clut] samples=419000000 nonzero=159007850 (37.95%) u=[0..507] v=[0..255] distinctIdx=256 topNonZeroIdx=0x03(41670141) psm=0x2C tbp0=0x0 tbw=8 cbp=0x3B40 csa=0
[p4:gs-sprite] #880000 ctx=0 tme=1 abe=1 FRAME fbp=0x0 fbw=10 psm=0x1 msk=0x00000000 | SCISSOR 0,0..639,223 | TEST=0x000000000005008B | TEX0 tbp=0x0 tbw=8 psm=0x2C tw=512 th=512 tfx=0 | V0(1881.0,2027.0) V1(1889.0,2036.0) uv0(744,360) uv1(864,640) | XYOFFSET ofx=1728 ofy=1936 -> screen (153,91)..(161,100)
[p4:gs-sprite] #880500 ctx=0 tme=0 abe=0 FRAME fbp=0x0 fbw=10 psm=0x1 msk=0x00000000 | SCISSOR 0,0..639,223 | TEST=0x000000000005008B | TEX0 tbp=0x0 tbw=0 psm=0x0 tw=1 th=1 tfx=0 | V0(1829.0,2007.0) V1(2267.0,2087.0) uv0(0,0) uv1(0,0) | XYOFFSET ofx=1728 ofy=1936 -> screen (101,71)..(539,151)
[p4:gs-sprite] #881000 ctx=0 tme=1 abe=1 FRAME fbp=0x0 fbw=10 psm=0x1 msk=0x00000000 | SCISSOR 0,0..639,223 | TEST=0x000000000005008B | TEX0 tbp=0x0 tbw=8 psm=0x2C tw=512 th=512 tfx=0 | V0(1888.5,2055.0) V1(1896.5,2066.0) uv0(2584,360) uv1(2704,704) | XYOFFSET ofx=1728 ofy=1936 -> screen (160,119)..(168,130)
[p4:gs-sprite] #881500 ctx=0 tme=1 abe=1 FRAME fbp=0x0 fbw=10 psm=0x1 msk=0x00000000 | SCISSOR 0,0..639,223 | TEST=0x000000000005008B | TEX0 tbp=0x0 tbw=8 psm=0x2C tw=512 th=512 tfx=0 | V0(2057.0,2027.0) V1(2066.0,2036.0) uv0(3912,8) uv1(4048,288) | XYOFFSET ofx=1728 ofy=1936 -> screen (329,91)..(338,100)
[p4:clut] samples=419500000 nonzero=159204682 (37.95%) u=[0..507] v=[0..255] distinctIdx=256 topNonZeroIdx=0x03(41759985) psm=0x2C tbp0=0x0 tbw=8 cbp=0x3B40 csa=0
[p4:gs-sprite] #882000 ctx=0 tme=1 abe=1 FRAME fbp=0x0 fbw=10 psm=0x1 msk=0x00000000 | SCISSOR 0,0..639,223 | TEST=0x000000000005008B | TEX0 tbp=0x0 tbw=8 psm=0x2C tw=512 th=512 tfx=0 | V0(2017.5,2013.0) V1(2024.5,2022.0) uv0(2056,360) uv1(2160,640) | XYOFFSET ofx=1728 ofy=1936 -> screen (289,77)..(296,86)
[p4:gs-sprite] #882500 ctx=0 tme=1 abe=1 FRAME fbp=0x0 fbw=10 psm=0x1 msk=0x00000000 | SCISSOR 0,0..639,223 | TEST=0x000000000005008B | TEX0 tbp=0x0 tbw=8 psm=0x2C tw=512 th=512 tfx=0 | V0(2073.5,2055.0) V1(2080.5,2064.0) uv0(8008,8) uv1(8112,288) | XYOFFSET ofx=1728 ofy=1936 -> screen (345,119)..(352,128)
[p4:gs-sprite] #883000 ctx=0 tme=1 abe=1 FRAME fbp=0x0 fbw=10 psm=0x1 msk=0x00000000 | SCISSOR 0,0..639,223 | TEST=0x000000000005008B | TEX0 tbp=0x0 tbw=8 psm=0x2C tw=512 th=512 tfx=0 | V0(2204.0,2027.0) V1(2213.0,2036.0) uv0(1416,360) uv1(1552,640) | XYOFFSET ofx=1728 ofy=1936 -> screen (476,91)..(485,100)
[p4:gs-sprite] #883500 ctx=0 tme=1 abe=1 FRAME fbp=0x0 fbw=10 psm=0x1 msk=0x00000000 | SCISSOR 0,0..639,223 | TEST=0x000000000005008B | TEX0 tbp=0x0 tbw=8 psm=0x2C tw=512 th=512 tfx=0 | V0(2177.5,2013.0) V1(2184.5,2022.0) uv0(8008,8) uv1(8112,288) | XYOFFSET ofx=1728 ofy=1936 -> screen (449,77)..(456,86)
[p4:clut] samples=420000000 nonzero=159401179 (37.95%) u=[0..507] v=[0..255] distinctIdx=256 topNonZeroIdx=0x03(41849636) psm=0x2C tbp0=0x0 tbw=8 cbp=0x3B40 csa=0
[p4:gs-sprite] #884000 ctx=0 tme=1 abe=1 FRAME fbp=0x0 fbw=10 psm=0x1 msk=0x00000000 | SCISSOR 0,0..639,223 | TEST=0x000000000005008B | TEX0 tbp=0x0 tbw=8 psm=0x2C tw=512 th=512 tfx=0 | V0(1973.5,2069.0) V1(1991.5,2079.0) uv0(3368,1096) uv1(3648,1408) | XYOFFSET ofx=1728 ofy=1936 -> screen (245,133)..(263,143)
[p4:gs-sprite] #884500 ctx=0 tme=1 abe=1 FRAME fbp=0x0 fbw=10 psm=0x1 msk=0x00000000 | SCISSOR 0,0..639,223 | TEST=0x000000000005008B | TEX0 tbp=0x0 tbw=8 psm=0x2C tw=512 th=512 tfx=0 | V0(2066.0,2041.0) V1(2075.0,2050.0) uv0(6040,8) uv1(6176,288) | XYOFFSET ofx=1728 ofy=1936 -> screen (338,105)..(347,114)
[p4:gs-sprite] #885000 ctx=0 tme=1 abe=1 FRAME fbp=0x0 fbw=10 psm=0x1 msk=0x00000000 | SCISSOR 0,0..639,223 | TEST=0x000000000005008B | TEX0 tbp=0x0 tbw=8 psm=0x2C tw=512 th=512 tfx=0 | V0(1944.0,2027.0) V1(1953.0,2036.0) uv0(1416,360) uv1(1552,640) | XYOFFSET ofx=1728 ofy=1936 -> screen (216,91)..(225,100)
[p4:gs-sprite] #885500 ctx=0 tme=1 abe=1 FRAME fbp=0x0 fbw=10 psm=0x1 msk=0x00000000 | SCISSOR 0,0..639,223 | TEST=0x000000000005008B | TEX0 tbp=0x0 tbw=8 psm=0x2C tw=512 th=512 tfx=0 | V0(1886.5,2013.0) V1(1893.5,2022.0) uv0(8008,8) uv1(8112,288) | XYOFFSET ofx=1728 ofy=1936 -> screen (158,77)..(165,86)
[p4:clut] samples=420500000 nonzero=159597699 (37.95%) u=[0..507] v=[0..255] distinctIdx=256 topNonZeroIdx=0x03(41939248) psm=0x2C tbp0=0x0 tbw=8 cbp=0x3B40 csa=0
[p4:gs-sprite] #886000 ctx=0 tme=1 abe=1 FRAME fbp=0x0 fbw=10 psm=0x1 msk=0x00000000 | SCISSOR 0,0..639,223 | TEST=0x000000000005008B | TEX0 tbp=0x0 tbw=8 psm=0x2C tw=512 th=512 tfx=0 | V0(1950.5,2055.0) V1(1958.5,2064.0) uv0(1288,360) uv1(1408,640) | XYOFFSET ofx=1728 ofy=1936 -> screen (222,119)..(230,128)
[p4:gs-sprite] #886500 ctx=0 tme=1 abe=1 FRAME fbp=0x0 fbw=10 psm=0x1 msk=0x00000000 | SCISSOR 0,0..639,223 | TEST=0x000000000005008B | TEX0 tbp=0x0 tbw=8 psm=0x2C tw=512 th=512 tfx=0 | V0(2112.0,2027.0) V1(2117.0,2036.0) uv0(1784,360) uv1(1856,640) | XYOFFSET ofx=1728 ofy=1936 -> screen (384,91)..(389,100)
[p4:gs-sprite] #887000 ctx=0 tme=1 abe=1 FRAME fbp=0x0 fbw=10 psm=0x1 msk=0x00000000 | SCISSOR 0,0..639,223 | TEST=0x000000000005008B | TEX0 tbp=0x0 tbw=8 psm=0x2C tw=512 th=512 tfx=0 | V0(2066.5,2013.0) V1(2074.5,2024.0) uv0(2584,360) uv1(2704,704) | XYOFFSET ofx=1728 ofy=1936 -> screen (338,77)..(346,88)
[p4:clut] samples=421000000 nonzero=159794377 (37.96%) u=[0..507] v=[0..255] distinctIdx=256 topNonZeroIdx=0x03(42028979) psm=0x2C tbp0=0x0 tbw=8 cbp=0x3B40 csa=0
[p4:gs-sprite] #887500 ctx=0 tme=1 abe=1 FRAME fbp=0x0 fbw=10 psm=0x1 msk=0x00000000 | SCISSOR 0,0..639,223 | TEST=0x000000000005008B | TEX0 tbp=0x0 tbw=8 psm=0x2C tw=512 th=512 tfx=0 | V0(2144.5,2055.0) V1(2152.5,2066.0) uv0(2584,360) uv1(2704,704) | XYOFFSET ofx=1728 ofy=1936 -> screen (416,119)..(424,130)
[p4:gs-sprite] #888000 ctx=0 tme=1 abe=1 FRAME fbp=0x0 fbw=10 psm=0x1 msk=0x00000000 | SCISSOR 0,0..639,223 | TEST=0x000000000005008B | TEX0 tbp=0x0 tbw=8 psm=0x2C tw=512 th=512 tfx=0 | V0(1939.0,2041.0) V1(1942.0,2050.0) uv0(872,360) uv1(912,640) | XYOFFSET ofx=1728 ofy=1936 -> screen (211,105)..(214,114)
[p4:gs-sprite] #888500 ctx=0 tme=1 abe=1 FRAME fbp=0x0 fbw=10 psm=0x1 msk=0x00000000 | SCISSOR 0,0..639,223 | TEST=0x000000000005008B | TEX0 tbp=0x0 tbw=8 psm=0x2C tw=512 th=512 tfx=0 | V0(2235.5,2013.0) V1(2243.5,2022.0) uv0(1288,360) uv1(1408,640) | XYOFFSET ofx=1728 ofy=1936 -> screen (507,77)..(515,86)
[p4:gs-sprite] #889000 ctx=0 tme=1 abe=1 FRAME fbp=0x0 fbw=10 psm=0x1 msk=0x00000000 | SCISSOR 0,0..639,223 | TEST=0x000000000005008B | TEX0 tbp=0x0 tbw=8 psm=0x2C tw=512 th=512 tfx=0 | V0(2060.5,2069.0) V1(2081.5,2079.5) uv0(5112,1432) uv1(5440,1760) | XYOFFSET ofx=1728 ofy=1936 -> screen (332,133)..(353,143)
[p4:clut] samples=421500000 nonzero=159991248 (37.96%) u=[0..507] v=[0..255] distinctIdx=256 topNonZeroIdx=0x03(42118817) psm=0x2C tbp0=0x0 tbw=8 cbp=0x3B40 csa=0
[p4:gs-sprite] #889500 ctx=0 tme=1 abe=1 FRAME fbp=0x0 fbw=10 psm=0x1 msk=0x00000000 | SCISSOR 0,0..639,223 | TEST=0x000000000005008B | TEX0 tbp=0x0 tbw=8 psm=0x2C tw=512 th=512 tfx=0 | V0(2124.0,2041.0) V1(2130.0,2050.0) uv0(1960,360) uv1(2048,640) | XYOFFSET ofx=1728 ofy=1936 -> screen (396,105)..(402,114)
[p4:gs-sprite] #890000 ctx=0 tme=1 abe=1 FRAME fbp=0x0 fbw=10 psm=0x1 msk=0x00000000 | SCISSOR 0,0..639,223 | TEST=0x000000000005008B | TEX0 tbp=0x0 tbw=8 psm=0x2C tw=512 th=512 tfx=0 | V0(2001.0,2027.0) V1(2006.0,2036.0) uv0(1784,360) uv1(1856,640) | XYOFFSET ofx=1728 ofy=1936 -> screen (273,91)..(278,100)
[p4:gs-sprite] #890500 ctx=0 tme=1 abe=1 FRAME fbp=0x0 fbw=10 psm=0x1 msk=0x00000000 | SCISSOR 0,0..639,223 | TEST=0x000000000005008B | TEX0 tbp=0x0 tbw=8 psm=0x2C tw=512 th=512 tfx=0 | V0(1956.5,2013.0) V1(1964.5,2022.0) uv0(744,360) uv1(864,640) | XYOFFSET ofx=1728 ofy=1936 -> screen (228,77)..(236,86)
[p4:gs-sprite] #891000 ctx=0 tme=1 abe=1 FRAME fbp=0x0 fbw=10 psm=0x1 msk=0x00000000 | SCISSOR 0,0..639,223 | TEST=0x000000000005008B | TEX0 tbp=0x0 tbw=8 psm=0x2C tw=512 th=512 tfx=0 | V0(2018.5,2055.0) V1(2023.5,2064.0) uv0(1784,360) uv1(1856,640) | XYOFFSET ofx=1728 ofy=1936 -> screen (290,119)..(295,128)
[p4:clut] samples=422000000 nonzero=160188039 (37.96%) u=[0..507] v=[0..255] distinctIdx=256 topNonZeroIdx=0x03(42208589) psm=0x2C tbp0=0x0 tbw=8 cbp=0x3B40 csa=0
[p4:gs-sprite] #891500 ctx=0 tme=1 abe=1 FRAME fbp=0x0 fbw=10 psm=0x1 msk=0x00000000 | SCISSOR 0,0..639,223 | TEST=0x000000000005008B | TEX0 tbp=0x0 tbw=8 psm=0x2C tw=512 th=512 tfx=0 | V0(2164.0,2027.0) V1(2172.0,2036.0) uv0(6184,8) uv1(6304,288) | XYOFFSET ofx=1728 ofy=1936 -> screen (436,91)..(444,100)
[p4:gs-sprite] #892000 ctx=0 tme=1 abe=1 FRAME fbp=0x0 fbw=10 psm=0x1 msk=0x00000000 | SCISSOR 0,0..639,223 | TEST=0x000000000005008B | TEX0 tbp=0x0 tbw=8 psm=0x2C tw=512 th=512 tfx=0 | V0(2124.5,2013.0) V1(2132.5,2022.0) uv0(488,360) uv1(608,640) | XYOFFSET ofx=1728 ofy=1936 -> screen (396,77)..(404,86)
[p4:gs-sprite] #892500 ctx=0 tme=1 abe=1 FRAME fbp=0x0 fbw=10 psm=0x1 msk=0x00000000 | SCISSOR 0,0..639,223 | TEST=0x000000000005008B | TEX0 tbp=0x0 tbw=8 psm=0x2C tw=512 th=512 tfx=0 | V0(2202.5,2055.0) V1(2210.5,2064.0) uv0(488,360) uv1(608,640) | XYOFFSET ofx=1728 ofy=1936 -> screen (474,119)..(482,128)
[p4:clut] samples=422500000 nonzero=160384522 (37.96%) u=[0..507] v=[0..255] distinctIdx=256 topNonZeroIdx=0x03(42298229) psm=0x2C tbp0=0x0 tbw=8 cbp=0x3B40 csa=0
[p4:gs-sprite] #893000 ctx=0 tme=1 abe=1 FRAME fbp=0x0 fbw=10 psm=0x1 msk=0x00000000 | SCISSOR 0,0..639,223 | TEST=0x000000000005008B | TEX0 tbp=0x0 tbw=8 psm=0x2C tw=512 th=512 tfx=0 | V0(1998.0,2041.0) V1(2008.0,2050.0) uv0(5592,8) uv1(5744,288) | XYOFFSET ofx=1728 ofy=1936 -> screen (270,105)..(280,114)
[p4:vbl] ticks=12300
[p4:gs-sprite] #893500 ctx=0 tme=1 abe=1 FRAME fbp=0x0 fbw=10 psm=0x1 msk=0x00000000 | SCISSOR 0,0..639,223 | TEST=0x000000000005008B | TEX0 tbp=0x0 tbw=8 psm=0x2C tw=512 th=512 tfx=0 | V0(1881.0,2027.0) V1(1889.0,2036.0) uv0(744,360) uv1(864,640) | XYOFFSET ofx=1728 ofy=1936 -> screen (153,91)..(161,100)
[p4:gs-sprite] #894000 ctx=0 tme=0 abe=0 FRAME fbp=0x0 fbw=10 psm=0x1 msk=0x00000000 | SCISSOR 0,0..639,223 | TEST=0x000000000005008B | TEX0 tbp=0x0 tbw=0 psm=0x0 tw=1 th=1 tfx=0 | V0(1829.0,2007.0) V1(2267.0,2087.0) uv0(0,0) uv1(0,0) | XYOFFSET ofx=1728 ofy=1936 -> screen (101,71)..(539,151)
[p4:gs-sprite] #894500 ctx=0 tme=1 abe=1 FRAME fbp=0x0 fbw=10 psm=0x1 msk=0x00000000 | SCISSOR 0,0..639,223 | TEST=0x000000000005008B | TEX0 tbp=0x0 tbw=8 psm=0x2C tw=512 th=512 tfx=0 | V0(1888.5,2055.0) V1(1896.5,2066.0) uv0(2584,360) uv1(2704,704) | XYOFFSET ofx=1728 ofy=1936 -> screen (160,119)..(168,130)
[p4:clut] samples=423000000 nonzero=160581005 (37.96%) u=[0..507] v=[0..255] distinctIdx=256 topNonZeroIdx=0x03(42387829) psm=0x2C tbp0=0x0 tbw=8 cbp=0x3B40 csa=0
[p4:gs-sprite] #895000 ctx=0 tme=1 abe=1 FRAME fbp=0x0 fbw=10 psm=0x1 msk=0x00000000 | SCISSOR 0,0..639,223 | TEST=0x000000000005008B | TEX0 tbp=0x0 tbw=8 psm=0x2C tw=512 th=512 tfx=0 | V0(2057.0,2027.0) V1(2066.0,2036.0) uv0(3912,8) uv1(4048,288) | XYOFFSET ofx=1728 ofy=1936 -> screen (329,91)..(338,100)
[p4:gs-sprite] #895500 ctx=0 tme=1 abe=1 FRAME fbp=0x0 fbw=10 psm=0x1 msk=0x00000000 | SCISSOR 0,0..639,223 | TEST=0x000000000005008B | TEX0 tbp=0x0 tbw=8 psm=0x2C tw=512 th=512 tfx=0 | V0(2017.5,2013.0) V1(2024.5,2022.0) uv0(2056,360) uv1(2160,640) | XYOFFSET ofx=1728 ofy=1936 -> screen (289,77)..(296,86)
[p4:gs-sprite] #896000 ctx=0 tme=1 abe=1 FRAME fbp=0x0 fbw=10 psm=0x1 msk=0x00000000 | SCISSOR 0,0..639,223 | TEST=0x000000000005008B | TEX0 tbp=0x0 tbw=8 psm=0x2C tw=512 th=512 tfx=0 | V0(2073.5,2055.0) V1(2080.5,2064.0) uv0(8008,8) uv1(8112,288) | XYOFFSET ofx=1728 ofy=1936 -> screen (345,119)..(352,128)
[p4:gs-sprite] #896500 ctx=0 tme=1 abe=1 FRAME fbp=0x0 fbw=10 psm=0x1 msk=0x00000000 | SCISSOR 0,0..639,223 | TEST=0x000000000005008B | TEX0 tbp=0x0 tbw=8 psm=0x2C tw=512 th=512 tfx=0 | V0(2204.0,2027.0) V1(2213.0,2036.0) uv0(1416,360) uv1(1552,640) | XYOFFSET ofx=1728 ofy=1936 -> screen (476,91)..(485,100)
[p4:clut] samples=423500000 nonzero=160777650 (37.96%) u=[0..507] v=[0..255] distinctIdx=256 topNonZeroIdx=0x03(42477547) psm=0x2C tbp0=0x0 tbw=8 cbp=0x3B40 csa=0
[p4:gs-sprite] #897000 ctx=0 tme=1 abe=1 FRAME fbp=0x0 fbw=10 psm=0x1 msk=0x00000000 | SCISSOR 0,0..639,223 | TEST=0x000000000005008B | TEX0 tbp=0x0 tbw=8 psm=0x2C tw=512 th=512 tfx=0 | V0(2177.5,2013.0) V1(2184.5,2022.0) uv0(8008,8) uv1(8112,288) | XYOFFSET ofx=1728 ofy=1936 -> screen (449,77)..(456,86)
[p4:gs-sprite] #897500 ctx=0 tme=1 abe=1 FRAME fbp=0x0 fbw=10 psm=0x1 msk=0x00000000 | SCISSOR 0,0..639,223 | TEST=0x000000000005008B | TEX0 tbp=0x0 tbw=8 psm=0x2C tw=512 th=512 tfx=0 | V0(1973.5,2069.0) V1(1991.5,2079.0) uv0(3368,1096) uv1(3648,1408) | XYOFFSET ofx=1728 ofy=1936 -> screen (245,133)..(263,143)
[p4:gs-sprite] #898000 ctx=0 tme=1 abe=1 FRAME fbp=0x0 fbw=10 psm=0x1 msk=0x00000000 | SCISSOR 0,0..639,223 | TEST=0x000000000005008B | TEX0 tbp=0x0 tbw=8 psm=0x2C tw=512 th=512 tfx=0 | V0(2066.0,2041.0) V1(2075.0,2050.0) uv0(6040,8) uv1(6176,288) | XYOFFSET ofx=1728 ofy=1936 -> screen (338,105)..(347,114)
[p4:gs-sprite] #898500 ctx=0 tme=1 abe=1 FRAME fbp=0x0 fbw=10 psm=0x1 msk=0x00000000 | SCISSOR 0,0..639,223 | TEST=0x000000000005008B | TEX0 tbp=0x0 tbw=8 psm=0x2C tw=512 th=512 tfx=0 | V0(1944.0,2027.0) V1(1953.0,2036.0) uv0(1416,360) uv1(1552,640) | XYOFFSET ofx=1728 ofy=1936 -> screen (216,91)..(225,100)
[p4:clut] samples=424000000 nonzero=160974691 (37.97%) u=[0..507] v=[0..255] distinctIdx=256 topNonZeroIdx=0x03(42567529) psm=0x2C tbp0=0x0 tbw=8 cbp=0x3B40 csa=0
[p4:gs-sprite] #899000 ctx=0 tme=1 abe=1 FRAME fbp=0x0 fbw=10 psm=0x1 msk=0x00000000 | SCISSOR 0,0..639,223 | TEST=0x000000000005008B | TEX0 tbp=0x0 tbw=8 psm=0x2C tw=512 th=512 tfx=0 | V0(1886.5,2013.0) V1(1893.5,2022.0) uv0(8008,8) uv1(8112,288) | XYOFFSET ofx=1728 ofy=1936 -> screen (158,77)..(165,86)
[p4:gs-sprite] #899500 ctx=0 tme=1 abe=1 FRAME fbp=0x0 fbw=10 psm=0x1 msk=0x00000000 | SCISSOR 0,0..639,223 | TEST=0x000000000005008B | TEX0 tbp=0x0 tbw=8 psm=0x2C tw=512 th=512 tfx=0 | V0(1950.5,2055.0) V1(1958.5,2064.0) uv0(1288,360) uv1(1408,640) | XYOFFSET ofx=1728 ofy=1936 -> screen (222,119)..(230,128)
[p4:gs-sprite] #900000 ctx=0 tme=1 abe=1 FRAME fbp=0x0 fbw=10 psm=0x1 msk=0x00000000 | SCISSOR 0,0..639,223 | TEST=0x000000000005008B | TEX0 tbp=0x0 tbw=8 psm=0x2C tw=512 th=512 tfx=0 | V0(2112.0,2027.0) V1(2117.0,2036.0) uv0(1784,360) uv1(1856,640) | XYOFFSET ofx=1728 ofy=1936 -> screen (384,91)..(389,100)
[p4:clut] samples=424500000 nonzero=161171244 (37.97%) u=[0..507] v=[0..255] distinctIdx=256 topNonZeroIdx=0x03(42657152) psm=0x2C tbp0=0x0 tbw=8 cbp=0x3B40 csa=0
[p4:gs-sprite] #900500 ctx=0 tme=1 abe=1 FRAME fbp=0x0 fbw=10 psm=0x1 msk=0x00000000 | SCISSOR 0,0..639,223 | TEST=0x000000000005008B | TEX0 tbp=0x0 tbw=8 psm=0x2C tw=512 th=512 tfx=0 | V0(2066.5,2013.0) V1(2074.5,2024.0) uv0(2584,360) uv1(2704,704) | XYOFFSET ofx=1728 ofy=1936 -> screen (338,77)..(346,88)
[p4:gs-sprite] #901000 ctx=0 tme=1 abe=1 FRAME fbp=0x0 fbw=10 psm=0x1 msk=0x00000000 | SCISSOR 0,0..639,223 | TEST=0x000000000005008B | TEX0 tbp=0x0 tbw=8 psm=0x2C tw=512 th=512 tfx=0 | V0(2144.5,2055.0) V1(2152.5,2066.0) uv0(2584,360) uv1(2704,704) | XYOFFSET ofx=1728 ofy=1936 -> screen (416,119)..(424,130)
[p4:gs-sprite] #901500 ctx=0 tme=1 abe=1 FRAME fbp=0x0 fbw=10 psm=0x1 msk=0x00000000 | SCISSOR 0,0..639,223 | TEST=0x000000000005008B | TEX0 tbp=0x0 tbw=8 psm=0x2C tw=512 th=512 tfx=0 | V0(1939.0,2041.0) V1(1942.0,2050.0) uv0(872,360) uv1(912,640) | XYOFFSET ofx=1728 ofy=1936 -> screen (211,105)..(214,114)
[p4:gs-sprite] #902000 ctx=0 tme=1 abe=1 FRAME fbp=0x0 fbw=10 psm=0x1 msk=0x00000000 | SCISSOR 0,0..639,223 | TEST=0x000000000005008B | TEX0 tbp=0x0 tbw=8 psm=0x2C tw=512 th=512 tfx=0 | V0(2235.5,2013.0) V1(2243.5,2022.0) uv0(1288,360) uv1(1408,640) | XYOFFSET ofx=1728 ofy=1936 -> screen (507,77)..(515,86)
[p4:clut] samples=425000000 nonzero=161367694 (37.97%) u=[0..507] v=[0..255] distinctIdx=256 topNonZeroIdx=0x03(42746761) psm=0x2C tbp0=0x0 tbw=8 cbp=0x3B40 csa=0
[p4:gs-sprite] #902500 ctx=0 tme=1 abe=1 FRAME fbp=0x0 fbw=10 psm=0x1 msk=0x00000000 | SCISSOR 0,0..639,223 | TEST=0x000000000005008B | TEX0 tbp=0x0 tbw=8 psm=0x2C tw=512 th=512 tfx=0 | V0(2060.5,2069.0) V1(2081.5,2079.5) uv0(5112,1432) uv1(5440,1760) | XYOFFSET ofx=1728 ofy=1936 -> screen (332,133)..(353,143)
[p4:gs-sprite] #903000 ctx=0 tme=1 abe=1 FRAME fbp=0x0 fbw=10 psm=0x1 msk=0x00000000 | SCISSOR 0,0..639,223 | TEST=0x000000000005008B | TEX0 tbp=0x0 tbw=8 psm=0x2C tw=512 th=512 tfx=0 | V0(2124.0,2041.0) V1(2130.0,2050.0) uv0(1960,360) uv1(2048,640) | XYOFFSET ofx=1728 ofy=1936 -> screen (396,105)..(402,114)
[p4:gs-sprite] #903500 ctx=0 tme=1 abe=1 FRAME fbp=0x0 fbw=10 psm=0x1 msk=0x00000000 | SCISSOR 0,0..639,223 | TEST=0x000000000005008B | TEX0 tbp=0x0 tbw=8 psm=0x2C tw=512 th=512 tfx=0 | V0(2001.0,2027.0) V1(2006.0,2036.0) uv0(1784,360) uv1(1856,640) | XYOFFSET ofx=1728 ofy=1936 -> screen (273,91)..(278,100)
[p4:gs-sprite] #904000 ctx=0 tme=1 abe=1 FRAME fbp=0x0 fbw=10 psm=0x1 msk=0x00000000 | SCISSOR 0,0..639,223 | TEST=0x000000000005008B | TEX0 tbp=0x0 tbw=8 psm=0x2C tw=512 th=512 tfx=0 | V0(1956.5,2013.0) V1(1964.5,2022.0) uv0(744,360) uv1(864,640) | XYOFFSET ofx=1728 ofy=1936 -> screen (228,77)..(236,86)
[p4:clut] samples=425500000 nonzero=161564357 (37.97%) u=[0..507] v=[0..255] distinctIdx=256 topNonZeroIdx=0x03(42836486) psm=0x2C tbp0=0x0 tbw=8 cbp=0x3B40 csa=0
[p4:gs-sprite] #904500 ctx=0 tme=1 abe=1 FRAME fbp=0x0 fbw=10 psm=0x1 msk=0x00000000 | SCISSOR 0,0..639,223 | TEST=0x000000000005008B | TEX0 tbp=0x0 tbw=8 psm=0x2C tw=512 th=512 tfx=0 | V0(2018.5,2055.0) V1(2023.5,2064.0) uv0(1784,360) uv1(1856,640) | XYOFFSET ofx=1728 ofy=1936 -> screen (290,119)..(295,128)
[p4:gs-sprite] #905000 ctx=0 tme=1 abe=1 FRAME fbp=0x0 fbw=10 psm=0x1 msk=0x00000000 | SCISSOR 0,0..639,223 | TEST=0x000000000005008B | TEX0 tbp=0x0 tbw=8 psm=0x2C tw=512 th=512 tfx=0 | V0(2164.0,2027.0) V1(2172.0,2036.0) uv0(6184,8) uv1(6304,288) | XYOFFSET ofx=1728 ofy=1936 -> screen (436,91)..(444,100)
[p4:gs-sprite] #905500 ctx=0 tme=1 abe=1 FRAME fbp=0x0 fbw=10 psm=0x1 msk=0x00000000 | SCISSOR 0,0..639,223 | TEST=0x000000000005008B | TEX0 tbp=0x0 tbw=8 psm=0x2C tw=512 th=512 tfx=0 | V0(2124.5,2013.0) V1(2132.5,2022.0) uv0(488,360) uv1(608,640) | XYOFFSET ofx=1728 ofy=1936 -> screen (396,77)..(404,86)
[p4:gs-sprite] #906000 ctx=0 tme=1 abe=1 FRAME fbp=0x0 fbw=10 psm=0x1 msk=0x00000000 | SCISSOR 0,0..639,223 | TEST=0x000000000005008B | TEX0 tbp=0x0 tbw=8 psm=0x2C tw=512 th=512 tfx=0 | V0(2202.5,2055.0) V1(2210.5,2064.0) uv0(488,360) uv1(608,640) | XYOFFSET ofx=1728 ofy=1936 -> screen (474,119)..(482,128)
[p4:clut] samples=426000000 nonzero=161761286 (37.97%) u=[0..507] v=[0..255] distinctIdx=256 topNonZeroIdx=0x03(42926336) psm=0x2C tbp0=0x0 tbw=8 cbp=0x3B40 csa=0
[p4:gs-sprite] #906500 ctx=0 tme=1 abe=1 FRAME fbp=0x0 fbw=10 psm=0x1 msk=0x00000000 | SCISSOR 0,0..639,223 | TEST=0x000000000005008B | TEX0 tbp=0x0 tbw=8 psm=0x2C tw=512 th=512 tfx=0 | V0(1998.0,2041.0) V1(2008.0,2050.0) uv0(5592,8) uv1(5744,288) | XYOFFSET ofx=1728 ofy=1936 -> screen (270,105)..(280,114)
[p4:gs-sprite] #907000 ctx=0 tme=1 abe=1 FRAME fbp=0x0 fbw=10 psm=0x1 msk=0x00000000 | SCISSOR 0,0..639,223 | TEST=0x000000000005008B | TEX0 tbp=0x0 tbw=8 psm=0x2C tw=512 th=512 tfx=0 | V0(1881.0,2027.0) V1(1889.0,2036.0) uv0(744,360) uv1(864,640) | XYOFFSET ofx=1728 ofy=1936 -> screen (153,91)..(161,100)
[p4:gs-sprite] #907500 ctx=0 tme=0 abe=0 FRAME fbp=0x0 fbw=10 psm=0x1 msk=0x00000000 | SCISSOR 0,0..639,223 | TEST=0x000000000005008B | TEX0 tbp=0x0 tbw=0 psm=0x0 tw=1 th=1 tfx=0 | V0(1829.0,2007.0) V1(2267.0,2087.0) uv0(0,0) uv1(0,0) | XYOFFSET ofx=1728 ofy=1936 -> screen (101,71)..(539,151)
[p4:clut] samples=426500000 nonzero=161958052 (37.97%) u=[0..507] v=[0..255] distinctIdx=256 topNonZeroIdx=0x03(43016139) psm=0x2C tbp0=0x0 tbw=8 cbp=0x3B40 csa=0
[p4:gs-sprite] #908000 ctx=0 tme=1 abe=1 FRAME fbp=0x0 fbw=10 psm=0x1 msk=0x00000000 | SCISSOR 0,0..639,223 | TEST=0x000000000005008B | TEX0 tbp=0x0 tbw=8 psm=0x2C tw=512 th=512 tfx=0 | V0(1888.5,2055.0) V1(1896.5,2066.0) uv0(2584,360) uv1(2704,704) | XYOFFSET ofx=1728 ofy=1936 -> screen (160,119)..(168,130)
[p4:gs-sprite] #908500 ctx=0 tme=1 abe=1 FRAME fbp=0x0 fbw=10 psm=0x1 msk=0x00000000 | SCISSOR 0,0..639,223 | TEST=0x000000000005008B | TEX0 tbp=0x0 tbw=8 psm=0x2C tw=512 th=512 tfx=0 | V0(2057.0,2027.0) V1(2066.0,2036.0) uv0(3912,8) uv1(4048,288) | XYOFFSET ofx=1728 ofy=1936 -> screen (329,91)..(338,100)
[p4:gs-sprite] #909000 ctx=0 tme=1 abe=1 FRAME fbp=0x0 fbw=10 psm=0x1 msk=0x00000000 | SCISSOR 0,0..639,223 | TEST=0x000000000005008B | TEX0 tbp=0x0 tbw=8 psm=0x2C tw=512 th=512 tfx=0 | V0(2017.5,2013.0) V1(2024.5,2022.0) uv0(2056,360) uv1(2160,640) | XYOFFSET ofx=1728 ofy=1936 -> screen (289,77)..(296,86)
[p4:gs-sprite] #909500 ctx=0 tme=1 abe=1 FRAME fbp=0x0 fbw=10 psm=0x1 msk=0x00000000 | SCISSOR 0,0..639,223 | TEST=0x000000000005008B | TEX0 tbp=0x0 tbw=8 psm=0x2C tw=512 th=512 tfx=0 | V0(2073.5,2055.0) V1(2080.5,2064.0) uv0(8008,8) uv1(8112,288) | XYOFFSET ofx=1728 ofy=1936 -> screen (345,119)..(352,128)
[p4:clut] samples=427000000 nonzero=162154517 (37.98%) u=[0..507] v=[0..255] distinctIdx=256 topNonZeroIdx=0x03(43105783) psm=0x2C tbp0=0x0 tbw=8 cbp=0x3B40 csa=0
[p4:gs-sprite] #910000 ctx=0 tme=1 abe=1 FRAME fbp=0x0 fbw=10 psm=0x1 msk=0x00000000 | SCISSOR 0,0..639,223 | TEST=0x000000000005008B | TEX0 tbp=0x0 tbw=8 psm=0x2C tw=512 th=512 tfx=0 | V0(2204.0,2027.0) V1(2213.0,2036.0) uv0(1416,360) uv1(1552,640) | XYOFFSET ofx=1728 ofy=1936 -> screen (476,91)..(485,100)
[p4:gs-sprite] #910500 ctx=0 tme=1 abe=1 FRAME fbp=0x0 fbw=10 psm=0x1 msk=0x00000000 | SCISSOR 0,0..639,223 | TEST=0x000000000005008B | TEX0 tbp=0x0 tbw=8 psm=0x2C tw=512 th=512 tfx=0 | V0(2177.5,2013.0) V1(2184.5,2022.0) uv0(8008,8) uv1(8112,288) | XYOFFSET ofx=1728 ofy=1936 -> screen (449,77)..(456,86)
[p4:gs-sprite] #911000 ctx=0 tme=1 abe=1 FRAME fbp=0x0 fbw=10 psm=0x1 msk=0x00000000 | SCISSOR 0,0..639,223 | TEST=0x000000000005008B | TEX0 tbp=0x0 tbw=8 psm=0x2C tw=512 th=512 tfx=0 | V0(1973.5,2069.0) V1(1991.5,2079.0) uv0(3368,1096) uv1(3648,1408) | XYOFFSET ofx=1728 ofy=1936 -> screen (245,133)..(263,143)
[p4:gs-sprite] #911500 ctx=0 tme=1 abe=1 FRAME fbp=0x0 fbw=10 psm=0x1 msk=0x00000000 | SCISSOR 0,0..639,223 | TEST=0x000000000005008B | TEX0 tbp=0x0 tbw=8 psm=0x2C tw=512 th=512 tfx=0 | V0(2066.0,2041.0) V1(2075.0,2050.0) uv0(6040,8) uv1(6176,288) | XYOFFSET ofx=1728 ofy=1936 -> screen (338,105)..(347,114)
[p4:clut] samples=427500000 nonzero=162351000 (37.98%) u=[0..507] v=[0..255] distinctIdx=256 topNonZeroIdx=0x03(43195369) psm=0x2C tbp0=0x0 tbw=8 cbp=0x3B40 csa=0
[p4:gs-sprite] #912000 ctx=0 tme=1 abe=1 FRAME fbp=0x0 fbw=10 psm=0x1 msk=0x00000000 | SCISSOR 0,0..639,223 | TEST=0x000000000005008B | TEX0 tbp=0x0 tbw=8 psm=0x2C tw=512 th=512 tfx=0 | V0(1944.0,2027.0) V1(1953.0,2036.0) uv0(1416,360) uv1(1552,640) | XYOFFSET ofx=1728 ofy=1936 -> screen (216,91)..(225,100)
[p4:gs-sprite] #912500 ctx=0 tme=1 abe=1 FRAME fbp=0x0 fbw=10 psm=0x1 msk=0x00000000 | SCISSOR 0,0..639,223 | TEST=0x000000000005008B | TEX0 tbp=0x0 tbw=8 psm=0x2C tw=512 th=512 tfx=0 | V0(1886.5,2013.0) V1(1893.5,2022.0) uv0(8008,8) uv1(8112,288) | XYOFFSET ofx=1728 ofy=1936 -> screen (158,77)..(165,86)
[p4:gs-sprite] #913000 ctx=0 tme=1 abe=1 FRAME fbp=0x0 fbw=10 psm=0x1 msk=0x00000000 | SCISSOR 0,0..639,223 | TEST=0x000000000005008B | TEX0 tbp=0x0 tbw=8 psm=0x2C tw=512 th=512 tfx=0 | V0(1950.5,2055.0) V1(1958.5,2064.0) uv0(1288,360) uv1(1408,640) | XYOFFSET ofx=1728 ofy=1936 -> screen (222,119)..(230,128)
[p4:clut] samples=428000000 nonzero=162547691 (37.98%) u=[0..507] v=[0..255] distinctIdx=256 topNonZeroIdx=0x03(43285110) psm=0x2C tbp0=0x0 tbw=8 cbp=0x3B40 csa=0
[p4:gs-sprite] #913500 ctx=0 tme=1 abe=1 FRAME fbp=0x0 fbw=10 psm=0x1 msk=0x00000000 | SCISSOR 0,0..639,223 | TEST=0x000000000005008B | TEX0 tbp=0x0 tbw=8 psm=0x2C tw=512 th=512 tfx=0 | V0(2112.0,2027.0) V1(2117.0,2036.0) uv0(1784,360) uv1(1856,640) | XYOFFSET ofx=1728 ofy=1936 -> screen (384,91)..(389,100)
[p4:gs-sprite] #914000 ctx=0 tme=1 abe=1 FRAME fbp=0x0 fbw=10 psm=0x1 msk=0x00000000 | SCISSOR 0,0..639,223 | TEST=0x000000000005008B | TEX0 tbp=0x0 tbw=8 psm=0x2C tw=512 th=512 tfx=0 | V0(2066.5,2013.0) V1(2074.5,2024.0) uv0(2584,360) uv1(2704,704) | XYOFFSET ofx=1728 ofy=1936 -> screen (338,77)..(346,88)
[p4:gs-sprite] #914500 ctx=0 tme=1 abe=1 FRAME fbp=0x0 fbw=10 psm=0x1 msk=0x00000000 | SCISSOR 0,0..639,223 | TEST=0x000000000005008B | TEX0 tbp=0x0 tbw=8 psm=0x2C tw=512 th=512 tfx=0 | V0(2144.5,2055.0) V1(2152.5,2066.0) uv0(2584,360) uv1(2704,704) | XYOFFSET ofx=1728 ofy=1936 -> screen (416,119)..(424,130)
[p4:gs-sprite] #915000 ctx=0 tme=1 abe=1 FRAME fbp=0x0 fbw=10 psm=0x1 msk=0x00000000 | SCISSOR 0,0..639,223 | TEST=0x000000000005008B | TEX0 tbp=0x0 tbw=8 psm=0x2C tw=512 th=512 tfx=0 | V0(1939.0,2041.0) V1(1942.0,2050.0) uv0(872,360) uv1(912,640) | XYOFFSET ofx=1728 ofy=1936 -> screen (211,105)..(214,114)
[p4:clut] samples=428500000 nonzero=162744595 (37.98%) u=[0..507] v=[0..255] distinctIdx=256 topNonZeroIdx=0x03(43374976) psm=0x2C tbp0=0x0 tbw=8 cbp=0x3B40 csa=0
[p4:gs-sprite] #915500 ctx=0 tme=1 abe=1 FRAME fbp=0x0 fbw=10 psm=0x1 msk=0x00000000 | SCISSOR 0,0..639,223 | TEST=0x000000000005008B | TEX0 tbp=0x0 tbw=8 psm=0x2C tw=512 th=512 tfx=0 | V0(2235.5,2013.0) V1(2243.5,2022.0) uv0(1288,360) uv1(1408,640) | XYOFFSET ofx=1728 ofy=1936 -> screen (507,77)..(515,86)
[p4:gs-sprite] #916000 ctx=0 tme=1 abe=1 FRAME fbp=0x0 fbw=10 psm=0x1 msk=0x00000000 | SCISSOR 0,0..639,223 | TEST=0x000000000005008B | TEX0 tbp=0x0 tbw=8 psm=0x2C tw=512 th=512 tfx=0 | V0(2060.5,2069.0) V1(2081.5,2079.5) uv0(5112,1432) uv1(5440,1760) | XYOFFSET ofx=1728 ofy=1936 -> screen (332,133)..(353,143)
[p4:gs-sprite] #916500 ctx=0 tme=1 abe=1 FRAME fbp=0x0 fbw=10 psm=0x1 msk=0x00000000 | SCISSOR 0,0..639,223 | TEST=0x000000000005008B | TEX0 tbp=0x0 tbw=8 psm=0x2C tw=512 th=512 tfx=0 | V0(2124.0,2041.0) V1(2130.0,2050.0) uv0(1960,360) uv1(2048,640) | XYOFFSET ofx=1728 ofy=1936 -> screen (396,105)..(402,114)
[p4:gs-sprite] #917000 ctx=0 tme=1 abe=1 FRAME fbp=0x0 fbw=10 psm=0x1 msk=0x00000000 | SCISSOR 0,0..639,223 | TEST=0x000000000005008B | TEX0 tbp=0x0 tbw=8 psm=0x2C tw=512 th=512 tfx=0 | V0(2001.0,2027.0) V1(2006.0,2036.0) uv0(1784,360) uv1(1856,640) | XYOFFSET ofx=1728 ofy=1936 -> screen (273,91)..(278,100)
[p4:clut] samples=429000000 nonzero=162941348 (37.98%) u=[0..507] v=[0..255] distinctIdx=256 topNonZeroIdx=0x03(43464717) psm=0x2C tbp0=0x0 tbw=8 cbp=0x3B40 csa=0
[p4:gs-sprite] #917500 ctx=0 tme=1 abe=1 FRAME fbp=0x0 fbw=10 psm=0x1 msk=0x00000000 | SCISSOR 0,0..639,223 | TEST=0x000000000005008B | TEX0 tbp=0x0 tbw=8 psm=0x2C tw=512 th=512 tfx=0 | V0(1956.5,2013.0) V1(1964.5,2022.0) uv0(744,360) uv1(864,640) | XYOFFSET ofx=1728 ofy=1936 -> screen (228,77)..(236,86)
[p4:gs-sprite] #918000 ctx=0 tme=1 abe=1 FRAME fbp=0x0 fbw=10 psm=0x1 msk=0x00000000 | SCISSOR 0,0..639,223 | TEST=0x000000000005008B | TEX0 tbp=0x0 tbw=8 psm=0x2C tw=512 th=512 tfx=0 | V0(2018.5,2055.0) V1(2023.5,2064.0) uv0(1784,360) uv1(1856,640) | XYOFFSET ofx=1728 ofy=1936 -> screen (290,119)..(295,128)
[p4:gs-sprite] #918500 ctx=0 tme=1 abe=1 FRAME fbp=0x0 fbw=10 psm=0x1 msk=0x00000000 | SCISSOR 0,0..639,223 | TEST=0x000000000005008B | TEX0 tbp=0x0 tbw=8 psm=0x2C tw=512 th=512 tfx=0 | V0(2164.0,2027.0) V1(2172.0,2036.0) uv0(6184,8) uv1(6304,288) | XYOFFSET ofx=1728 ofy=1936 -> screen (436,91)..(444,100)
[p4:gs-sprite] #919000 ctx=0 tme=1 abe=1 FRAME fbp=0x0 fbw=10 psm=0x1 msk=0x00000000 | SCISSOR 0,0..639,223 | TEST=0x000000000005008B | TEX0 tbp=0x0 tbw=8 psm=0x2C tw=512 th=512 tfx=0 | V0(2124.5,2013.0) V1(2132.5,2022.0) uv0(488,360) uv1(608,640) | XYOFFSET ofx=1728 ofy=1936 -> screen (396,77)..(404,86)
[p4:clut] samples=429500000 nonzero=163137785 (37.98%) u=[0..507] v=[0..255] distinctIdx=256 topNonZeroIdx=0x03(43554347) psm=0x2C tbp0=0x0 tbw=8 cbp=0x3B40 csa=0
[p4:gs-sprite] #919500 ctx=0 tme=1 abe=1 FRAME fbp=0x0 fbw=10 psm=0x1 msk=0x00000000 | SCISSOR 0,0..639,223 | TEST=0x000000000005008B | TEX0 tbp=0x0 tbw=8 psm=0x2C tw=512 th=512 tfx=0 | V0(2202.5,2055.0) V1(2210.5,2064.0) uv0(488,360) uv1(608,640) | XYOFFSET ofx=1728 ofy=1936 -> screen (474,119)..(482,128)
[p4:gs-sprite] #920000 ctx=0 tme=1 abe=1 FRAME fbp=0x0 fbw=10 psm=0x1 msk=0x00000000 | SCISSOR 0,0..639,223 | TEST=0x000000000005008B | TEX0 tbp=0x0 tbw=8 psm=0x2C tw=512 th=512 tfx=0 | V0(1998.0,2041.0) V1(2008.0,2050.0) uv0(5592,8) uv1(5744,288) | XYOFFSET ofx=1728 ofy=1936 -> screen (270,105)..(280,114)
[p4:vbl] ticks=12600
[p4:gs-sprite] #920500 ctx=0 tme=1 abe=1 FRAME fbp=0x0 fbw=10 psm=0x1 msk=0x00000000 | SCISSOR 0,0..639,223 | TEST=0x000000000005008B | TEX0 tbp=0x0 tbw=8 psm=0x2C tw=512 th=512 tfx=0 | V0(1881.0,2027.0) V1(1889.0,2036.0) uv0(744,360) uv1(864,640) | XYOFFSET ofx=1728 ofy=1936 -> screen (153,91)..(161,100)
[p4:clut] samples=430000000 nonzero=163334380 (37.98%) u=[0..507] v=[0..255] distinctIdx=256 topNonZeroIdx=0x03(43644004) psm=0x2C tbp0=0x0 tbw=8 cbp=0x3B40 csa=0
[p4:gs-sprite] #921000 ctx=0 tme=0 abe=0 FRAME fbp=0x0 fbw=10 psm=0x1 msk=0x00000000 | SCISSOR 0,0..639,223 | TEST=0x000000000005008B | TEX0 tbp=0x0 tbw=0 psm=0x0 tw=1 th=1 tfx=0 | V0(1829.0,2007.0) V1(2267.0,2087.0) uv0(0,0) uv1(0,0) | XYOFFSET ofx=1728 ofy=1936 -> screen (101,71)..(539,151)
[p4:gs-sprite] #921500 ctx=0 tme=1 abe=1 FRAME fbp=0x0 fbw=10 psm=0x1 msk=0x00000000 | SCISSOR 0,0..639,223 | TEST=0x000000000005008B | TEX0 tbp=0x0 tbw=8 psm=0x2C tw=512 th=512 tfx=0 | V0(1888.5,2055.0) V1(1896.5,2066.0) uv0(2584,360) uv1(2704,704) | XYOFFSET ofx=1728 ofy=1936 -> screen (160,119)..(168,130)
[p4:gs-sprite] #922000 ctx=0 tme=1 abe=1 FRAME fbp=0x0 fbw=10 psm=0x1 msk=0x00000000 | SCISSOR 0,0..639,223 | TEST=0x000000000005008B | TEX0 tbp=0x0 tbw=8 psm=0x2C tw=512 th=512 tfx=0 | V0(2057.0,2027.0) V1(2066.0,2036.0) uv0(3912,8) uv1(4048,288) | XYOFFSET ofx=1728 ofy=1936 -> screen (329,91)..(338,100)
[p4:gs-sprite] #922500 ctx=0 tme=1 abe=1 FRAME fbp=0x0 fbw=10 psm=0x1 msk=0x00000000 | SCISSOR 0,0..639,223 | TEST=0x000000000005008B | TEX0 tbp=0x0 tbw=8 psm=0x2C tw=512 th=512 tfx=0 | V0(2017.5,2013.0) V1(2024.5,2022.0) uv0(2056,360) uv1(2160,640) | XYOFFSET ofx=1728 ofy=1936 -> screen (289,77)..(296,86)
[p4:clut] samples=430500000 nonzero=163531007 (37.99%) u=[0..507] v=[0..255] distinctIdx=256 topNonZeroIdx=0x03(43733720) psm=0x2C tbp0=0x0 tbw=8 cbp=0x3B40 csa=0
[p4:gs-sprite] #923000 ctx=0 tme=1 abe=1 FRAME fbp=0x0 fbw=10 psm=0x1 msk=0x00000000 | SCISSOR 0,0..639,223 | TEST=0x000000000005008B | TEX0 tbp=0x0 tbw=8 psm=0x2C tw=512 th=512 tfx=0 | V0(2073.5,2055.0) V1(2080.5,2064.0) uv0(8008,8) uv1(8112,288) | XYOFFSET ofx=1728 ofy=1936 -> screen (345,119)..(352,128)
[p4:gs-sprite] #923500 ctx=0 tme=1 abe=1 FRAME fbp=0x0 fbw=10 psm=0x1 msk=0x00000000 | SCISSOR 0,0..639,223 | TEST=0x000000000005008B | TEX0 tbp=0x0 tbw=8 psm=0x2C tw=512 th=512 tfx=0 | V0(2204.0,2027.0) V1(2213.0,2036.0) uv0(1416,360) uv1(1552,640) | XYOFFSET ofx=1728 ofy=1936 -> screen (476,91)..(485,100)
[p4:gs-sprite] #924000 ctx=0 tme=1 abe=1 FRAME fbp=0x0 fbw=10 psm=0x1 msk=0x00000000 | SCISSOR 0,0..639,223 | TEST=0x000000000005008B | TEX0 tbp=0x0 tbw=8 psm=0x2C tw=512 th=512 tfx=0 | V0(2177.5,2013.0) V1(2184.5,2022.0) uv0(8008,8) uv1(8112,288) | XYOFFSET ofx=1728 ofy=1936 -> screen (449,77)..(456,86)
[p4:gs-sprite] #924500 ctx=0 tme=1 abe=1 FRAME fbp=0x0 fbw=10 psm=0x1 msk=0x00000000 | SCISSOR 0,0..639,223 | TEST=0x000000000005008B | TEX0 tbp=0x0 tbw=8 psm=0x2C tw=512 th=512 tfx=0 | V0(1973.5,2069.0) V1(1991.5,2079.0) uv0(3368,1096) uv1(3648,1408) | XYOFFSET ofx=1728 ofy=1936 -> screen (245,133)..(263,143)
[p4:clut] samples=431000000 nonzero=163728020 (37.99%) u=[0..507] v=[0..255] distinctIdx=256 topNonZeroIdx=0x03(43823668) psm=0x2C tbp0=0x0 tbw=8 cbp=0x3B40 csa=0
[p4:gs-sprite] #925000 ctx=0 tme=1 abe=1 FRAME fbp=0x0 fbw=10 psm=0x1 msk=0x00000000 | SCISSOR 0,0..639,223 | TEST=0x000000000005008B | TEX0 tbp=0x0 tbw=8 psm=0x2C tw=512 th=512 tfx=0 | V0(2066.0,2041.0) V1(2075.0,2050.0) uv0(6040,8) uv1(6176,288) | XYOFFSET ofx=1728 ofy=1936 -> screen (338,105)..(347,114)
[p4:gs-sprite] #925500 ctx=0 tme=1 abe=1 FRAME fbp=0x0 fbw=10 psm=0x1 msk=0x00000000 | SCISSOR 0,0..639,223 | TEST=0x000000000005008B | TEX0 tbp=0x0 tbw=8 psm=0x2C tw=512 th=512 tfx=0 | V0(1944.0,2027.0) V1(1953.0,2036.0) uv0(1416,360) uv1(1552,640) | XYOFFSET ofx=1728 ofy=1936 -> screen (216,91)..(225,100)
[p4:gs-sprite] #926000 ctx=0 tme=1 abe=1 FRAME fbp=0x0 fbw=10 psm=0x1 msk=0x00000000 | SCISSOR 0,0..639,223 | TEST=0x000000000005008B | TEX0 tbp=0x0 tbw=8 psm=0x2C tw=512 th=512 tfx=0 | V0(1886.5,2013.0) V1(1893.5,2022.0) uv0(8008,8) uv1(8112,288) | XYOFFSET ofx=1728 ofy=1936 -> screen (158,77)..(165,86)
[p4:clut] samples=431500000 nonzero=163924526 (37.99%) u=[0..507] v=[0..255] distinctIdx=256 topNonZeroIdx=0x03(43913274) psm=0x2C tbp0=0x0 tbw=8 cbp=0x3B40 csa=0
[p4:gs-sprite] #926500 ctx=0 tme=1 abe=1 FRAME fbp=0x0 fbw=10 psm=0x1 msk=0x00000000 | SCISSOR 0,0..639,223 | TEST=0x000000000005008B | TEX0 tbp=0x0 tbw=8 psm=0x2C tw=512 th=512 tfx=0 | V0(1950.5,2055.0) V1(1958.5,2064.0) uv0(1288,360) uv1(1408,640) | XYOFFSET ofx=1728 ofy=1936 -> screen (222,119)..(230,128)
[p4:gs-sprite] #927000 ctx=0 tme=1 abe=1 FRAME fbp=0x0 fbw=10 psm=0x1 msk=0x00000000 | SCISSOR 0,0..639,223 | TEST=0x000000000005008B | TEX0 tbp=0x0 tbw=8 psm=0x2C tw=512 th=512 tfx=0 | V0(2112.0,2027.0) V1(2117.0,2036.0) uv0(1784,360) uv1(1856,640) | XYOFFSET ofx=1728 ofy=1936 -> screen (384,91)..(389,100)
[p4:gs-sprite] #927500 ctx=0 tme=1 abe=1 FRAME fbp=0x0 fbw=10 psm=0x1 msk=0x00000000 | SCISSOR 0,0..639,223 | TEST=0x000000000005008B | TEX0 tbp=0x0 tbw=8 psm=0x2C tw=512 th=512 tfx=0 | V0(2066.5,2013.0) V1(2074.5,2024.0) uv0(2584,360) uv1(2704,704) | XYOFFSET ofx=1728 ofy=1936 -> screen (338,77)..(346,88)
[p4:gs-sprite] #928000 ctx=0 tme=1 abe=1 FRAME fbp=0x0 fbw=10 psm=0x1 msk=0x00000000 | SCISSOR 0,0..639,223 | TEST=0x000000000005008B | TEX0 tbp=0x0 tbw=8 psm=0x2C tw=512 th=512 tfx=0 | V0(2144.5,2055.0) V1(2152.5,2066.0) uv0(2584,360) uv1(2704,704) | XYOFFSET ofx=1728 ofy=1936 -> screen (416,119)..(424,130)
[p4:clut] samples=432000000 nonzero=164121046 (37.99%) u=[0..507] v=[0..255] distinctIdx=256 topNonZeroIdx=0x03(44002905) psm=0x2C tbp0=0x0 tbw=8 cbp=0x3B40 csa=0
[p4:gs-sprite] #928500 ctx=0 tme=1 abe=1 FRAME fbp=0x0 fbw=10 psm=0x1 msk=0x00000000 | SCISSOR 0,0..639,223 | TEST=0x000000000005008B | TEX0 tbp=0x0 tbw=8 psm=0x2C tw=512 th=512 tfx=0 | V0(1939.0,2041.0) V1(1942.0,2050.0) uv0(872,360) uv1(912,640) | XYOFFSET ofx=1728 ofy=1936 -> screen (211,105)..(214,114)
[p4:gs-sprite] #929000 ctx=0 tme=1 abe=1 FRAME fbp=0x0 fbw=10 psm=0x1 msk=0x00000000 | SCISSOR 0,0..639,223 | TEST=0x000000000005008B | TEX0 tbp=0x0 tbw=8 psm=0x2C tw=512 th=512 tfx=0 | V0(2235.5,2013.0) V1(2243.5,2022.0) uv0(1288,360) uv1(1408,640) | XYOFFSET ofx=1728 ofy=1936 -> screen (507,77)..(515,86)
[p4:gs-sprite] #929500 ctx=0 tme=1 abe=1 FRAME fbp=0x0 fbw=10 psm=0x1 msk=0x00000000 | SCISSOR 0,0..639,223 | TEST=0x000000000005008B | TEX0 tbp=0x0 tbw=8 psm=0x2C tw=512 th=512 tfx=0 | V0(2060.5,2069.0) V1(2081.5,2079.5) uv0(5112,1432) uv1(5440,1760) | XYOFFSET ofx=1728 ofy=1936 -> screen (332,133)..(353,143)
[p4:gs-sprite] #930000 ctx=0 tme=1 abe=1 FRAME fbp=0x0 fbw=10 psm=0x1 msk=0x00000000 | SCISSOR 0,0..639,223 | TEST=0x000000000005008B | TEX0 tbp=0x0 tbw=8 psm=0x2C tw=512 th=512 tfx=0 | V0(2124.0,2041.0) V1(2130.0,2050.0) uv0(1960,360) uv1(2048,640) | XYOFFSET ofx=1728 ofy=1936 -> screen (396,105)..(402,114)
[p4:clut] samples=432500000 nonzero=164317712 (37.99%) u=[0..507] v=[0..255] distinctIdx=256 topNonZeroIdx=0x03(44092643) psm=0x2C tbp0=0x0 tbw=8 cbp=0x3B40 csa=0
[p4:gs-sprite] #930500 ctx=0 tme=1 abe=1 FRAME fbp=0x0 fbw=10 psm=0x1 msk=0x00000000 | SCISSOR 0,0..639,223 | TEST=0x000000000005008B | TEX0 tbp=0x0 tbw=8 psm=0x2C tw=512 th=512 tfx=0 | V0(2001.0,2027.0) V1(2006.0,2036.0) uv0(1784,360) uv1(1856,640) | XYOFFSET ofx=1728 ofy=1936 -> screen (273,91)..(278,100)
[p4:gs-sprite] #931000 ctx=0 tme=1 abe=1 FRAME fbp=0x0 fbw=10 psm=0x1 msk=0x00000000 | SCISSOR 0,0..639,223 | TEST=0x000000000005008B | TEX0 tbp=0x0 tbw=8 psm=0x2C tw=512 th=512 tfx=0 | V0(1956.5,2013.0) V1(1964.5,2022.0) uv0(744,360) uv1(864,640) | XYOFFSET ofx=1728 ofy=1936 -> screen (228,77)..(236,86)
[p4:gs-sprite] #931500 ctx=0 tme=1 abe=1 FRAME fbp=0x0 fbw=10 psm=0x1 msk=0x00000000 | SCISSOR 0,0..639,223 | TEST=0x000000000005008B | TEX0 tbp=0x0 tbw=8 psm=0x2C tw=512 th=512 tfx=0 | V0(2018.5,2055.0) V1(2023.5,2064.0) uv0(1784,360) uv1(1856,640) | XYOFFSET ofx=1728 ofy=1936 -> screen (290,119)..(295,128)
[p4:gs-sprite] #932000 ctx=0 tme=1 abe=1 FRAME fbp=0x0 fbw=10 psm=0x1 msk=0x00000000 | SCISSOR 0,0..639,223 | TEST=0x000000000005008B | TEX0 tbp=0x0 tbw=8 psm=0x2C tw=512 th=512 tfx=0 | V0(2164.0,2027.0) V1(2172.0,2036.0) uv0(6184,8) uv1(6304,288) | XYOFFSET ofx=1728 ofy=1936 -> screen (436,91)..(444,100)
[p4:clut] samples=433000000 nonzero=164514636 (37.99%) u=[0..507] v=[0..255] distinctIdx=256 topNonZeroIdx=0x03(44182503) psm=0x2C tbp0=0x0 tbw=8 cbp=0x3B40 csa=0
[p4:gs-sprite] #932500 ctx=0 tme=1 abe=1 FRAME fbp=0x0 fbw=10 psm=0x1 msk=0x00000000 | SCISSOR 0,0..639,223 | TEST=0x000000000005008B | TEX0 tbp=0x0 tbw=8 psm=0x2C tw=512 th=512 tfx=0 | V0(2124.5,2013.0) V1(2132.5,2022.0) uv0(488,360) uv1(608,640) | XYOFFSET ofx=1728 ofy=1936 -> screen (396,77)..(404,86)
[p4:gs-sprite] #933000 ctx=0 tme=1 abe=1 FRAME fbp=0x0 fbw=10 psm=0x1 msk=0x00000000 | SCISSOR 0,0..639,223 | TEST=0x000000000005008B | TEX0 tbp=0x0 tbw=8 psm=0x2C tw=512 th=512 tfx=0 | V0(2202.5,2055.0) V1(2210.5,2064.0) uv0(488,360) uv1(608,640) | XYOFFSET ofx=1728 ofy=1936 -> screen (474,119)..(482,128)
[p4:gs-sprite] #933500 ctx=0 tme=1 abe=1 FRAME fbp=0x0 fbw=10 psm=0x1 msk=0x00000000 | SCISSOR 0,0..639,223 | TEST=0x000000000005008B | TEX0 tbp=0x0 tbw=8 psm=0x2C tw=512 th=512 tfx=0 | V0(1998.0,2041.0) V1(2008.0,2050.0) uv0(5592,8) uv1(5744,288) | XYOFFSET ofx=1728 ofy=1936 -> screen (270,105)..(280,114)
[p4:clut] samples=433500000 nonzero=164711401 (38.00%) u=[0..507] v=[0..255] distinctIdx=256 topNonZeroIdx=0x03(44272286) psm=0x2C tbp0=0x0 tbw=8 cbp=0x3B40 csa=0
[p4:gs-sprite] #934000 ctx=0 tme=1 abe=1 FRAME fbp=0x0 fbw=10 psm=0x1 msk=0x00000000 | SCISSOR 0,0..639,223 | TEST=0x000000000005008B | TEX0 tbp=0x0 tbw=8 psm=0x2C tw=512 th=512 tfx=0 | V0(1881.0,2027.0) V1(1889.0,2036.0) uv0(744,360) uv1(864,640) | XYOFFSET ofx=1728 ofy=1936 -> screen (153,91)..(161,100)
[p4:gs-sprite] #934500 ctx=0 tme=0 abe=0 FRAME fbp=0x0 fbw=10 psm=0x1 msk=0x00000000 | SCISSOR 0,0..639,223 | TEST=0x000000000005008B | TEX0 tbp=0x0 tbw=0 psm=0x0 tw=1 th=1 tfx=0 | V0(1829.0,2007.0) V1(2267.0,2087.0) uv0(0,0) uv1(0,0) | XYOFFSET ofx=1728 ofy=1936 -> screen (101,71)..(539,151)
[p4:gs-sprite] #935000 ctx=0 tme=1 abe=1 FRAME fbp=0x0 fbw=10 psm=0x1 msk=0x00000000 | SCISSOR 0,0..639,223 | TEST=0x000000000005008B | TEX0 tbp=0x0 tbw=8 psm=0x2C tw=512 th=512 tfx=0 | V0(1888.5,2055.0) V1(1896.5,2066.0) uv0(2584,360) uv1(2704,704) | XYOFFSET ofx=1728 ofy=1936 -> screen (160,119)..(168,130)
[p4:gs-sprite] #935500 ctx=0 tme=1 abe=1 FRAME fbp=0x0 fbw=10 psm=0x1 msk=0x00000000 | SCISSOR 0,0..639,223 | TEST=0x000000000005008B | TEX0 tbp=0x0 tbw=8 psm=0x2C tw=512 th=512 tfx=0 | V0(2057.0,2027.0) V1(2066.0,2036.0) uv0(3912,8) uv1(4048,288) | XYOFFSET ofx=1728 ofy=1936 -> screen (329,91)..(338,100)
[p4:clut] samples=434000000 nonzero=164907850 (38.00%) u=[0..507] v=[0..255] distinctIdx=256 topNonZeroIdx=0x03(44361920) psm=0x2C tbp0=0x0 tbw=8 cbp=0x3B40 csa=0
[p4:gs-sprite] #936000 ctx=0 tme=1 abe=1 FRAME fbp=0x0 fbw=10 psm=0x1 msk=0x00000000 | SCISSOR 0,0..639,223 | TEST=0x000000000005008B | TEX0 tbp=0x0 tbw=8 psm=0x2C tw=512 th=512 tfx=0 | V0(2017.5,2013.0) V1(2024.5,2022.0) uv0(2056,360) uv1(2160,640) | XYOFFSET ofx=1728 ofy=1936 -> screen (289,77)..(296,86)
[p4:gs-sprite] #936500 ctx=0 tme=1 abe=1 FRAME fbp=0x0 fbw=10 psm=0x1 msk=0x00000000 | SCISSOR 0,0..639,223 | TEST=0x000000000005008B | TEX0 tbp=0x0 tbw=8 psm=0x2C tw=512 th=512 tfx=0 | V0(2073.5,2055.0) V1(2080.5,2064.0) uv0(8008,8) uv1(8112,288) | XYOFFSET ofx=1728 ofy=1936 -> screen (345,119)..(352,128)
[p4:gs-sprite] #937000 ctx=0 tme=1 abe=1 FRAME fbp=0x0 fbw=10 psm=0x1 msk=0x00000000 | SCISSOR 0,0..639,223 | TEST=0x000000000005008B | TEX0 tbp=0x0 tbw=8 psm=0x2C tw=512 th=512 tfx=0 | V0(2204.0,2027.0) V1(2213.0,2036.0) uv0(1416,360) uv1(1552,640) | XYOFFSET ofx=1728 ofy=1936 -> screen (476,91)..(485,100)
[p4:gs-sprite] #937500 ctx=0 tme=1 abe=1 FRAME fbp=0x0 fbw=10 psm=0x1 msk=0x00000000 | SCISSOR 0,0..639,223 | TEST=0x000000000005008B | TEX0 tbp=0x0 tbw=8 psm=0x2C tw=512 th=512 tfx=0 | V0(2177.5,2013.0) V1(2184.5,2022.0) uv0(8008,8) uv1(8112,288) | XYOFFSET ofx=1728 ofy=1936 -> screen (449,77)..(456,86)
[p4:clut] samples=434500000 nonzero=165104361 (38.00%) u=[0..507] v=[0..255] distinctIdx=256 topNonZeroIdx=0x03(44451516) psm=0x2C tbp0=0x0 tbw=8 cbp=0x3B40 csa=0
[p4:gs-sprite] #938000 ctx=0 tme=1 abe=1 FRAME fbp=0x0 fbw=10 psm=0x1 msk=0x00000000 | SCISSOR 0,0..639,223 | TEST=0x000000000005008B | TEX0 tbp=0x0 tbw=8 psm=0x2C tw=512 th=512 tfx=0 | V0(1973.5,2069.0) V1(1991.5,2079.0) uv0(3368,1096) uv1(3648,1408) | XYOFFSET ofx=1728 ofy=1936 -> screen (245,133)..(263,143)
[p4:gs-sprite] #938500 ctx=0 tme=1 abe=1 FRAME fbp=0x0 fbw=10 psm=0x1 msk=0x00000000 | SCISSOR 0,0..639,223 | TEST=0x000000000005008B | TEX0 tbp=0x0 tbw=8 psm=0x2C tw=512 th=512 tfx=0 | V0(2066.0,2041.0) V1(2075.0,2050.0) uv0(6040,8) uv1(6176,288) | XYOFFSET ofx=1728 ofy=1936 -> screen (338,105)..(347,114)
[p4:gs-sprite] #939000 ctx=0 tme=1 abe=1 FRAME fbp=0x0 fbw=10 psm=0x1 msk=0x00000000 | SCISSOR 0,0..639,223 | TEST=0x000000000005008B | TEX0 tbp=0x0 tbw=8 psm=0x2C tw=512 th=512 tfx=0 | V0(1944.0,2027.0) V1(1953.0,2036.0) uv0(1416,360) uv1(1552,640) | XYOFFSET ofx=1728 ofy=1936 -> screen (216,91)..(225,100)
[p4:gs-sprite] #939500 ctx=0 tme=1 abe=1 FRAME fbp=0x0 fbw=10 psm=0x1 msk=0x00000000 | SCISSOR 0,0..639,223 | TEST=0x000000000005008B | TEX0 tbp=0x0 tbw=8 psm=0x2C tw=512 th=512 tfx=0 | V0(1886.5,2013.0) V1(1893.5,2022.0) uv0(8008,8) uv1(8112,288) | XYOFFSET ofx=1728 ofy=1936 -> screen (158,77)..(165,86)
[p4:clut] samples=435000000 nonzero=165301047 (38.00%) u=[0..507] v=[0..255] distinctIdx=256 topNonZeroIdx=0x03(44541260) psm=0x2C tbp0=0x0 tbw=8 cbp=0x3B40 csa=0
[p4:gs-sprite] #940000 ctx=0 tme=1 abe=1 FRAME fbp=0x0 fbw=10 psm=0x1 msk=0x00000000 | SCISSOR 0,0..639,223 | TEST=0x000000000005008B | TEX0 tbp=0x0 tbw=8 psm=0x2C tw=512 th=512 tfx=0 | V0(1950.5,2055.0) V1(1958.5,2064.0) uv0(1288,360) uv1(1408,640) | XYOFFSET ofx=1728 ofy=1936 -> screen (222,119)..(230,128)
[p4:gs-sprite] #940500 ctx=0 tme=1 abe=1 FRAME fbp=0x0 fbw=10 psm=0x1 msk=0x00000000 | SCISSOR 0,0..639,223 | TEST=0x000000000005008B | TEX0 tbp=0x0 tbw=8 psm=0x2C tw=512 th=512 tfx=0 | V0(2112.0,2027.0) V1(2117.0,2036.0) uv0(1784,360) uv1(1856,640) | XYOFFSET ofx=1728 ofy=1936 -> screen (384,91)..(389,100)
[p4:gs-sprite] #941000 ctx=0 tme=1 abe=1 FRAME fbp=0x0 fbw=10 psm=0x1 msk=0x00000000 | SCISSOR 0,0..639,223 | TEST=0x000000000005008B | TEX0 tbp=0x0 tbw=8 psm=0x2C tw=512 th=512 tfx=0 | V0(2066.5,2013.0) V1(2074.5,2024.0) uv0(2584,360) uv1(2704,704) | XYOFFSET ofx=1728 ofy=1936 -> screen (338,77)..(346,88)
[p4:clut] samples=435500000 nonzero=165497989 (38.00%) u=[0..507] v=[0..255] distinctIdx=256 topNonZeroIdx=0x03(44631165) psm=0x2C tbp0=0x0 tbw=8 cbp=0x3B40 csa=0
[p4:gs-sprite] #941500 ctx=0 tme=1 abe=1 FRAME fbp=0x0 fbw=10 psm=0x1 msk=0x00000000 | SCISSOR 0,0..639,223 | TEST=0x000000000005008B | TEX0 tbp=0x0 tbw=8 psm=0x2C tw=512 th=512 tfx=0 | V0(2144.5,2055.0) V1(2152.5,2066.0) uv0(2584,360) uv1(2704,704) | XYOFFSET ofx=1728 ofy=1936 -> screen (416,119)..(424,130)
[p4:gs-sprite] #942000 ctx=0 tme=1 abe=1 FRAME fbp=0x0 fbw=10 psm=0x1 msk=0x00000000 | SCISSOR 0,0..639,223 | TEST=0x000000000005008B | TEX0 tbp=0x0 tbw=8 psm=0x2C tw=512 th=512 tfx=0 | V0(1939.0,2041.0) V1(1942.0,2050.0) uv0(872,360) uv1(912,640) | XYOFFSET ofx=1728 ofy=1936 -> screen (211,105)..(214,114)
[p4:gs-sprite] #942500 ctx=0 tme=1 abe=1 FRAME fbp=0x0 fbw=10 psm=0x1 msk=0x00000000 | SCISSOR 0,0..639,223 | TEST=0x000000000005008B | TEX0 tbp=0x0 tbw=8 psm=0x2C tw=512 th=512 tfx=0 | V0(2235.5,2013.0) V1(2243.5,2022.0) uv0(1288,360) uv1(1408,640) | XYOFFSET ofx=1728 ofy=1936 -> screen (507,77)..(515,86)
[p4:gs-sprite] #943000 ctx=0 tme=1 abe=1 FRAME fbp=0x0 fbw=10 psm=0x1 msk=0x00000000 | SCISSOR 0,0..639,223 | TEST=0x000000000005008B | TEX0 tbp=0x0 tbw=8 psm=0x2C tw=512 th=512 tfx=0 | V0(2060.5,2069.0) V1(2081.5,2079.5) uv0(5112,1432) uv1(5440,1760) | XYOFFSET ofx=1728 ofy=1936 -> screen (332,133)..(353,143)
[p4:clut] samples=436000000 nonzero=165694675 (38.00%) u=[0..507] v=[0..255] distinctIdx=256 topNonZeroIdx=0x03(44720854) psm=0x2C tbp0=0x0 tbw=8 cbp=0x3B40 csa=0
[p4:gs-sprite] #943500 ctx=0 tme=1 abe=1 FRAME fbp=0x0 fbw=10 psm=0x1 msk=0x00000000 | SCISSOR 0,0..639,223 | TEST=0x000000000005008B | TEX0 tbp=0x0 tbw=8 psm=0x2C tw=512 th=512 tfx=0 | V0(2124.0,2041.0) V1(2130.0,2050.0) uv0(1960,360) uv1(2048,640) | XYOFFSET ofx=1728 ofy=1936 -> screen (396,105)..(402,114)
[p4:gs-sprite] #944000 ctx=0 tme=1 abe=1 FRAME fbp=0x0 fbw=10 psm=0x1 msk=0x00000000 | SCISSOR 0,0..639,223 | TEST=0x000000000005008B | TEX0 tbp=0x0 tbw=8 psm=0x2C tw=512 th=512 tfx=0 | V0(2001.0,2027.0) V1(2006.0,2036.0) uv0(1784,360) uv1(1856,640) | XYOFFSET ofx=1728 ofy=1936 -> screen (273,91)..(278,100)
[p4:gs-sprite] #944500 ctx=0 tme=1 abe=1 FRAME fbp=0x0 fbw=10 psm=0x1 msk=0x00000000 | SCISSOR 0,0..639,223 | TEST=0x000000000005008B | TEX0 tbp=0x0 tbw=8 psm=0x2C tw=512 th=512 tfx=0 | V0(1956.5,2013.0) V1(1964.5,2022.0) uv0(744,360) uv1(864,640) | XYOFFSET ofx=1728 ofy=1936 -> screen (228,77)..(236,86)
[p4:gs-sprite] #945000 ctx=0 tme=1 abe=1 FRAME fbp=0x0 fbw=10 psm=0x1 msk=0x00000000 | SCISSOR 0,0..639,223 | TEST=0x000000000005008B | TEX0 tbp=0x0 tbw=8 psm=0x2C tw=512 th=512 tfx=0 | V0(2018.5,2055.0) V1(2023.5,2064.0) uv0(1784,360) uv1(1856,640) | XYOFFSET ofx=1728 ofy=1936 -> screen (290,119)..(295,128)
[p4:clut] samples=436500000 nonzero=165891059 (38.00%) u=[0..507] v=[0..255] distinctIdx=256 topNonZeroIdx=0x03(44810467) psm=0x2C tbp0=0x0 tbw=8 cbp=0x3B40 csa=0
[p4:gs-sprite] #945500 ctx=0 tme=1 abe=1 FRAME fbp=0x0 fbw=10 psm=0x1 msk=0x00000000 | SCISSOR 0,0..639,223 | TEST=0x000000000005008B | TEX0 tbp=0x0 tbw=8 psm=0x2C tw=512 th=512 tfx=0 | V0(2164.0,2027.0) V1(2172.0,2036.0) uv0(6184,8) uv1(6304,288) | XYOFFSET ofx=1728 ofy=1936 -> screen (436,91)..(444,100)
[p4:gs-sprite] #946000 ctx=0 tme=1 abe=1 FRAME fbp=0x0 fbw=10 psm=0x1 msk=0x00000000 | SCISSOR 0,0..639,223 | TEST=0x000000000005008B | TEX0 tbp=0x0 tbw=8 psm=0x2C tw=512 th=512 tfx=0 | V0(2124.5,2013.0) V1(2132.5,2022.0) uv0(488,360) uv1(608,640) | XYOFFSET ofx=1728 ofy=1936 -> screen (396,77)..(404,86)
[p4:vbl] ticks=12900
[p4:gs-sprite] #946500 ctx=0 tme=1 abe=1 FRAME fbp=0x0 fbw=10 psm=0x1 msk=0x00000000 | SCISSOR 0,0..639,223 | TEST=0x000000000005008B | TEX0 tbp=0x0 tbw=8 psm=0x2C tw=512 th=512 tfx=0 | V0(2202.5,2055.0) V1(2210.5,2064.0) uv0(488,360) uv1(608,640) | XYOFFSET ofx=1728 ofy=1936 -> screen (474,119)..(482,128)
[p4:clut] samples=437000000 nonzero=166087706 (38.01%) u=[0..507] v=[0..255] distinctIdx=256 topNonZeroIdx=0x03(44900158) psm=0x2C tbp0=0x0 tbw=8 cbp=0x3B40 csa=0
[p4:gs-sprite] #947000 ctx=0 tme=1 abe=1 FRAME fbp=0x0 fbw=10 psm=0x1 msk=0x00000000 | SCISSOR 0,0..639,223 | TEST=0x000000000005008B | TEX0 tbp=0x0 tbw=8 psm=0x2C tw=512 th=512 tfx=0 | V0(1998.0,2041.0) V1(2008.0,2050.0) uv0(5592,8) uv1(5744,288) | XYOFFSET ofx=1728 ofy=1936 -> screen (270,105)..(280,114)
[p4:gs-sprite] #947500 ctx=0 tme=1 abe=1 FRAME fbp=0x0 fbw=10 psm=0x1 msk=0x00000000 | SCISSOR 0,0..639,223 | TEST=0x000000000005008B | TEX0 tbp=0x0 tbw=8 psm=0x2C tw=512 th=512 tfx=0 | V0(1881.0,2027.0) V1(1889.0,2036.0) uv0(744,360) uv1(864,640) | XYOFFSET ofx=1728 ofy=1936 -> screen (153,91)..(161,100)
[p4:gs-sprite] #948000 ctx=0 tme=0 abe=0 FRAME fbp=0x0 fbw=10 psm=0x1 msk=0x00000000 | SCISSOR 0,0..639,223 | TEST=0x000000000005008B | TEX0 tbp=0x0 tbw=0 psm=0x0 tw=1 th=1 tfx=0 | V0(1829.0,2007.0) V1(2267.0,2087.0) uv0(0,0) uv1(0,0) | XYOFFSET ofx=1728 ofy=1936 -> screen (101,71)..(539,151)
[p4:gs-sprite] #948500 ctx=0 tme=1 abe=1 FRAME fbp=0x0 fbw=10 psm=0x1 msk=0x00000000 | SCISSOR 0,0..639,223 | TEST=0x000000000005008B | TEX0 tbp=0x0 tbw=8 psm=0x2C tw=512 th=512 tfx=0 | V0(1888.5,2055.0) V1(1896.5,2066.0) uv0(2584,360) uv1(2704,704) | XYOFFSET ofx=1728 ofy=1936 -> screen (160,119)..(168,130)
[p4:clut] samples=437500000 nonzero=166284428 (38.01%) u=[0..507] v=[0..255] distinctIdx=256 topNonZeroIdx=0x03(44989893) psm=0x2C tbp0=0x0 tbw=8 cbp=0x3B40 csa=0
[p4:gs-sprite] #949000 ctx=0 tme=1 abe=1 FRAME fbp=0x0 fbw=10 psm=0x1 msk=0x00000000 | SCISSOR 0,0..639,223 | TEST=0x000000000005008B | TEX0 tbp=0x0 tbw=8 psm=0x2C tw=512 th=512 tfx=0 | V0(2057.0,2027.0) V1(2066.0,2036.0) uv0(3912,8) uv1(4048,288) | XYOFFSET ofx=1728 ofy=1936 -> screen (329,91)..(338,100)
[p4:gs-sprite] #949500 ctx=0 tme=1 abe=1 FRAME fbp=0x0 fbw=10 psm=0x1 msk=0x00000000 | SCISSOR 0,0..639,223 | TEST=0x000000000005008B | TEX0 tbp=0x0 tbw=8 psm=0x2C tw=512 th=512 tfx=0 | V0(2017.5,2013.0) V1(2024.5,2022.0) uv0(2056,360) uv1(2160,640) | XYOFFSET ofx=1728 ofy=1936 -> screen (289,77)..(296,86)
[p4:gs-sprite] #950000 ctx=0 tme=1 abe=1 FRAME fbp=0x0 fbw=10 psm=0x1 msk=0x00000000 | SCISSOR 0,0..639,223 | TEST=0x000000000005008B | TEX0 tbp=0x0 tbw=8 psm=0x2C tw=512 th=512 tfx=0 | V0(2073.5,2055.0) V1(2080.5,2064.0) uv0(8008,8) uv1(8112,288) | XYOFFSET ofx=1728 ofy=1936 -> screen (345,119)..(352,128)
[p4:gs-sprite] #950500 ctx=0 tme=1 abe=1 FRAME fbp=0x0 fbw=10 psm=0x1 msk=0x00000000 | SCISSOR 0,0..639,223 | TEST=0x000000000005008B | TEX0 tbp=0x0 tbw=8 psm=0x2C tw=512 th=512 tfx=0 | V0(2204.0,2027.0) V1(2213.0,2036.0) uv0(1416,360) uv1(1552,640) | XYOFFSET ofx=1728 ofy=1936 -> screen (476,91)..(485,100)
[p4:clut] samples=438000000 nonzero=166481377 (38.01%) u=[0..507] v=[0..255] distinctIdx=256 topNonZeroIdx=0x03(45079821) psm=0x2C tbp0=0x0 tbw=8 cbp=0x3B40 csa=0
[p4:gs-sprite] #951000 ctx=0 tme=1 abe=1 FRAME fbp=0x0 fbw=10 psm=0x1 msk=0x00000000 | SCISSOR 0,0..639,223 | TEST=0x000000000005008B | TEX0 tbp=0x0 tbw=8 psm=0x2C tw=512 th=512 tfx=0 | V0(2177.5,2013.0) V1(2184.5,2022.0) uv0(8008,8) uv1(8112,288) | XYOFFSET ofx=1728 ofy=1936 -> screen (449,77)..(456,86)
[p4:gs-sprite] #951500 ctx=0 tme=1 abe=1 FRAME fbp=0x0 fbw=10 psm=0x1 msk=0x00000000 | SCISSOR 0,0..639,223 | TEST=0x000000000005008B | TEX0 tbp=0x0 tbw=8 psm=0x2C tw=512 th=512 tfx=0 | V0(1973.5,2069.0) V1(1991.5,2079.0) uv0(3368,1096) uv1(3648,1408) | XYOFFSET ofx=1728 ofy=1936 -> screen (245,133)..(263,143)
[p4:gs-sprite] #952000 ctx=0 tme=1 abe=1 FRAME fbp=0x0 fbw=10 psm=0x1 msk=0x00000000 | SCISSOR 0,0..639,223 | TEST=0x000000000005008B | TEX0 tbp=0x0 tbw=8 psm=0x2C tw=512 th=512 tfx=0 | V0(2066.0,2041.0) V1(2075.0,2050.0) uv0(6040,8) uv1(6176,288) | XYOFFSET ofx=1728 ofy=1936 -> screen (338,105)..(347,114)
[p4:gs-sprite] #952500 ctx=0 tme=1 abe=1 FRAME fbp=0x0 fbw=10 psm=0x1 msk=0x00000000 | SCISSOR 0,0..639,223 | TEST=0x000000000005008B | TEX0 tbp=0x0 tbw=8 psm=0x2C tw=512 th=512 tfx=0 | V0(1944.0,2027.0) V1(1953.0,2036.0) uv0(1416,360) uv1(1552,640) | XYOFFSET ofx=1728 ofy=1936 -> screen (216,91)..(225,100)
[p4:clut] samples=438500000 nonzero=166677842 (38.01%) u=[0..507] v=[0..255] distinctIdx=256 topNonZeroIdx=0x03(45169418) psm=0x2C tbp0=0x0 tbw=8 cbp=0x3B40 csa=0
[p4:gs-sprite] #953000 ctx=0 tme=1 abe=1 FRAME fbp=0x0 fbw=10 psm=0x1 msk=0x00000000 | SCISSOR 0,0..639,223 | TEST=0x000000000005008B | TEX0 tbp=0x0 tbw=8 psm=0x2C tw=512 th=512 tfx=0 | V0(1886.5,2013.0) V1(1893.5,2022.0) uv0(8008,8) uv1(8112,288) | XYOFFSET ofx=1728 ofy=1936 -> screen (158,77)..(165,86)
[p4:gs-sprite] #953500 ctx=0 tme=1 abe=1 FRAME fbp=0x0 fbw=10 psm=0x1 msk=0x00000000 | SCISSOR 0,0..639,223 | TEST=0x000000000005008B | TEX0 tbp=0x0 tbw=8 psm=0x2C tw=512 th=512 tfx=0 | V0(1950.5,2055.0) V1(1958.5,2064.0) uv0(1288,360) uv1(1408,640) | XYOFFSET ofx=1728 ofy=1936 -> screen (222,119)..(230,128)
[p4:gs-sprite] #954000 ctx=0 tme=1 abe=1 FRAME fbp=0x0 fbw=10 psm=0x1 msk=0x00000000 | SCISSOR 0,0..639,223 | TEST=0x000000000005008B | TEX0 tbp=0x0 tbw=8 psm=0x2C tw=512 th=512 tfx=0 | V0(2112.0,2027.0) V1(2117.0,2036.0) uv0(1784,360) uv1(1856,640) | XYOFFSET ofx=1728 ofy=1936 -> screen (384,91)..(389,100)
[p4:clut] samples=439000000 nonzero=166874382 (38.01%) u=[0..507] v=[0..255] distinctIdx=256 topNonZeroIdx=0x03(45259061) psm=0x2C tbp0=0x0 tbw=8 cbp=0x3B40 csa=0
[p4:gs-sprite] #954500 ctx=0 tme=1 abe=1 FRAME fbp=0x0 fbw=10 psm=0x1 msk=0x00000000 | SCISSOR 0,0..639,223 | TEST=0x000000000005008B | TEX0 tbp=0x0 tbw=8 psm=0x2C tw=512 th=512 tfx=0 | V0(2066.5,2013.0) V1(2074.5,2024.0) uv0(2584,360) uv1(2704,704) | XYOFFSET ofx=1728 ofy=1936 -> screen (338,77)..(346,88)
[p4:gs-sprite] #955000 ctx=0 tme=1 abe=1 FRAME fbp=0x0 fbw=10 psm=0x1 msk=0x00000000 | SCISSOR 0,0..639,223 | TEST=0x000000000005008B | TEX0 tbp=0x0 tbw=8 psm=0x2C tw=512 th=512 tfx=0 | V0(2144.5,2055.0) V1(2152.5,2066.0) uv0(2584,360) uv1(2704,704) | XYOFFSET ofx=1728 ofy=1936 -> screen (416,119)..(424,130)
[p4:gs-sprite] #955500 ctx=0 tme=1 abe=1 FRAME fbp=0x0 fbw=10 psm=0x1 msk=0x00000000 | SCISSOR 0,0..639,223 | TEST=0x000000000005008B | TEX0 tbp=0x0 tbw=8 psm=0x2C tw=512 th=512 tfx=0 | V0(1939.0,2041.0) V1(1942.0,2050.0) uv0(872,360) uv1(912,640) | XYOFFSET ofx=1728 ofy=1936 -> screen (211,105)..(214,114)
[p4:gs-sprite] #956000 ctx=0 tme=1 abe=1 FRAME fbp=0x0 fbw=10 psm=0x1 msk=0x00000000 | SCISSOR 0,0..639,223 | TEST=0x000000000005008B | TEX0 tbp=0x0 tbw=8 psm=0x2C tw=512 th=512 tfx=0 | V0(2235.5,2013.0) V1(2243.5,2022.0) uv0(1288,360) uv1(1408,640) | XYOFFSET ofx=1728 ofy=1936 -> screen (507,77)..(515,86)
[p4:clut] samples=439500000 nonzero=167071035 (38.01%) u=[0..507] v=[0..255] distinctIdx=256 topNonZeroIdx=0x03(45348775) psm=0x2C tbp0=0x0 tbw=8 cbp=0x3B40 csa=0
[p4:gs-sprite] #956500 ctx=0 tme=1 abe=1 FRAME fbp=0x0 fbw=10 psm=0x1 msk=0x00000000 | SCISSOR 0,0..639,223 | TEST=0x000000000005008B | TEX0 tbp=0x0 tbw=8 psm=0x2C tw=512 th=512 tfx=0 | V0(2060.5,2069.0) V1(2081.5,2079.5) uv0(5112,1432) uv1(5440,1760) | XYOFFSET ofx=1728 ofy=1936 -> screen (332,133)..(353,143)
[p4:gs-sprite] #957000 ctx=0 tme=1 abe=1 FRAME fbp=0x0 fbw=10 psm=0x1 msk=0x00000000 | SCISSOR 0,0..639,223 | TEST=0x000000000005008B | TEX0 tbp=0x0 tbw=8 psm=0x2C tw=512 th=512 tfx=0 | V0(2124.0,2041.0) V1(2130.0,2050.0) uv0(1960,360) uv1(2048,640) | XYOFFSET ofx=1728 ofy=1936 -> screen (396,105)..(402,114)
[p4:gs-sprite] #957500 ctx=0 tme=1 abe=1 FRAME fbp=0x0 fbw=10 psm=0x1 msk=0x00000000 | SCISSOR 0,0..639,223 | TEST=0x000000000005008B | TEX0 tbp=0x0 tbw=8 psm=0x2C tw=512 th=512 tfx=0 | V0(2001.0,2027.0) V1(2006.0,2036.0) uv0(1784,360) uv1(1856,640) | XYOFFSET ofx=1728 ofy=1936 -> screen (273,91)..(278,100)
[p4:gs-sprite] #958000 ctx=0 tme=1 abe=1 FRAME fbp=0x0 fbw=10 psm=0x1 msk=0x00000000 | SCISSOR 0,0..639,223 | TEST=0x000000000005008B | TEX0 tbp=0x0 tbw=8 psm=0x2C tw=512 th=512 tfx=0 | V0(1956.5,2013.0) V1(1964.5,2022.0) uv0(744,360) uv1(864,640) | XYOFFSET ofx=1728 ofy=1936 -> screen (228,77)..(236,86)
[p4:clut] samples=440000000 nonzero=167267941 (38.02%) u=[0..507] v=[0..255] distinctIdx=256 topNonZeroIdx=0x03(45438637) psm=0x2C tbp0=0x0 tbw=8 cbp=0x3B40 csa=0
[p4:gs-sprite] #958500 ctx=0 tme=1 abe=1 FRAME fbp=0x0 fbw=10 psm=0x1 msk=0x00000000 | SCISSOR 0,0..639,223 | TEST=0x000000000005008B | TEX0 tbp=0x0 tbw=8 psm=0x2C tw=512 th=512 tfx=0 | V0(2018.5,2055.0) V1(2023.5,2064.0) uv0(1784,360) uv1(1856,640) | XYOFFSET ofx=1728 ofy=1936 -> screen (290,119)..(295,128)
[p4:gs-sprite] #959000 ctx=0 tme=1 abe=1 FRAME fbp=0x0 fbw=10 psm=0x1 msk=0x00000000 | SCISSOR 0,0..639,223 | TEST=0x000000000005008B | TEX0 tbp=0x0 tbw=8 psm=0x2C tw=512 th=512 tfx=0 | V0(2164.0,2027.0) V1(2172.0,2036.0) uv0(6184,8) uv1(6304,288) | XYOFFSET ofx=1728 ofy=1936 -> screen (436,91)..(444,100)
[p4:gs-sprite] #959500 ctx=0 tme=1 abe=1 FRAME fbp=0x0 fbw=10 psm=0x1 msk=0x00000000 | SCISSOR 0,0..639,223 | TEST=0x000000000005008B | TEX0 tbp=0x0 tbw=8 psm=0x2C tw=512 th=512 tfx=0 | V0(2124.5,2013.0) V1(2132.5,2022.0) uv0(488,360) uv1(608,640) | XYOFFSET ofx=1728 ofy=1936 -> screen (396,77)..(404,86)
[p4:clut] samples=440500000 nonzero=167464751 (38.02%) u=[0..507] v=[0..255] distinctIdx=256 topNonZeroIdx=0x03(45528441) psm=0x2C tbp0=0x0 tbw=8 cbp=0x3B40 csa=0
[p4:gs-sprite] #960000 ctx=0 tme=1 abe=1 FRAME fbp=0x0 fbw=10 psm=0x1 msk=0x00000000 | SCISSOR 0,0..639,223 | TEST=0x000000000005008B | TEX0 tbp=0x0 tbw=8 psm=0x2C tw=512 th=512 tfx=0 | V0(2202.5,2055.0) V1(2210.5,2064.0) uv0(488,360) uv1(608,640) | XYOFFSET ofx=1728 ofy=1936 -> screen (474,119)..(482,128)
[p4:gs-sprite] #960500 ctx=0 tme=1 abe=1 FRAME fbp=0x0 fbw=10 psm=0x1 msk=0x00000000 | SCISSOR 0,0..639,223 | TEST=0x000000000005008B | TEX0 tbp=0x0 tbw=8 psm=0x2C tw=512 th=512 tfx=0 | V0(1998.0,2041.0) V1(2008.0,2050.0) uv0(5592,8) uv1(5744,288) | XYOFFSET ofx=1728 ofy=1936 -> screen (270,105)..(280,114)
[p4:gs-sprite] #961000 ctx=0 tme=1 abe=1 FRAME fbp=0x0 fbw=10 psm=0x1 msk=0x00000000 | SCISSOR 0,0..639,223 | TEST=0x000000000005008B | TEX0 tbp=0x0 tbw=8 psm=0x2C tw=512 th=512 tfx=0 | V0(1881.0,2027.0) V1(1889.0,2036.0) uv0(744,360) uv1(864,640) | XYOFFSET ofx=1728 ofy=1936 -> screen (153,91)..(161,100)
[p4:gs-sprite] #961500 ctx=0 tme=0 abe=0 FRAME fbp=0x0 fbw=10 psm=0x1 msk=0x00000000 | SCISSOR 0,0..639,223 | TEST=0x000000000005008B | TEX0 tbp=0x0 tbw=0 psm=0x0 tw=1 th=1 tfx=0 | V0(1829.0,2007.0) V1(2267.0,2087.0) uv0(0,0) uv1(0,0) | XYOFFSET ofx=1728 ofy=1936 -> screen (101,71)..(539,151)
[p4:clut] samples=441000000 nonzero=167661164 (38.02%) u=[0..507] v=[0..255] distinctIdx=256 topNonZeroIdx=0x03(45618052) psm=0x2C tbp0=0x0 tbw=8 cbp=0x3B40 csa=0
[p4:gs-sprite] #962000 ctx=0 tme=1 abe=1 FRAME fbp=0x0 fbw=10 psm=0x1 msk=0x00000000 | SCISSOR 0,0..639,223 | TEST=0x000000000005008B | TEX0 tbp=0x0 tbw=8 psm=0x2C tw=512 th=512 tfx=0 | V0(1888.5,2055.0) V1(1896.5,2066.0) uv0(2584,360) uv1(2704,704) | XYOFFSET ofx=1728 ofy=1936 -> screen (160,119)..(168,130)
[p4:gs-sprite] #962500 ctx=0 tme=1 abe=1 FRAME fbp=0x0 fbw=10 psm=0x1 msk=0x00000000 | SCISSOR 0,0..639,223 | TEST=0x000000000005008B | TEX0 tbp=0x0 tbw=8 psm=0x2C tw=512 th=512 tfx=0 | V0(2057.0,2027.0) V1(2066.0,2036.0) uv0(3912,8) uv1(4048,288) | XYOFFSET ofx=1728 ofy=1936 -> screen (329,91)..(338,100)
[p4:gs-sprite] #963000 ctx=0 tme=1 abe=1 FRAME fbp=0x0 fbw=10 psm=0x1 msk=0x00000000 | SCISSOR 0,0..639,223 | TEST=0x000000000005008B | TEX0 tbp=0x0 tbw=8 psm=0x2C tw=512 th=512 tfx=0 | V0(2017.5,2013.0) V1(2024.5,2022.0) uv0(2056,360) uv1(2160,640) | XYOFFSET ofx=1728 ofy=1936 -> screen (289,77)..(296,86)
[p4:gs-sprite] #963500 ctx=0 tme=1 abe=1 FRAME fbp=0x0 fbw=10 psm=0x1 msk=0x00000000 | SCISSOR 0,0..639,223 | TEST=0x000000000005008B | TEX0 tbp=0x0 tbw=8 psm=0x2C tw=512 th=512 tfx=0 | V0(2073.5,2055.0) V1(2080.5,2064.0) uv0(8008,8) uv1(8112,288) | XYOFFSET ofx=1728 ofy=1936 -> screen (345,119)..(352,128)
[p4:clut] samples=441500000 nonzero=167857706 (38.02%) u=[0..507] v=[0..255] distinctIdx=256 topNonZeroIdx=0x03(45707665) psm=0x2C tbp0=0x0 tbw=8 cbp=0x3B40 csa=0
[p4:gs-sprite] #964000 ctx=0 tme=1 abe=1 FRAME fbp=0x0 fbw=10 psm=0x1 msk=0x00000000 | SCISSOR 0,0..639,223 | TEST=0x000000000005008B | TEX0 tbp=0x0 tbw=8 psm=0x2C tw=512 th=512 tfx=0 | V0(2204.0,2027.0) V1(2213.0,2036.0) uv0(1416,360) uv1(1552,640) | XYOFFSET ofx=1728 ofy=1936 -> screen (476,91)..(485,100)
[p4:gs-sprite] #964500 ctx=0 tme=1 abe=1 FRAME fbp=0x0 fbw=10 psm=0x1 msk=0x00000000 | SCISSOR 0,0..639,223 | TEST=0x000000000005008B | TEX0 tbp=0x0 tbw=8 psm=0x2C tw=512 th=512 tfx=0 | V0(2177.5,2013.0) V1(2184.5,2022.0) uv0(8008,8) uv1(8112,288) | XYOFFSET ofx=1728 ofy=1936 -> screen (449,77)..(456,86)
[p4:gs-sprite] #965000 ctx=0 tme=1 abe=1 FRAME fbp=0x0 fbw=10 psm=0x1 msk=0x00000000 | SCISSOR 0,0..639,223 | TEST=0x000000000005008B | TEX0 tbp=0x0 tbw=8 psm=0x2C tw=512 th=512 tfx=0 | V0(1973.5,2069.0) V1(1991.5,2079.0) uv0(3368,1096) uv1(3648,1408) | XYOFFSET ofx=1728 ofy=1936 -> screen (245,133)..(263,143)
[p4:gs-sprite] #965500 ctx=0 tme=1 abe=1 FRAME fbp=0x0 fbw=10 psm=0x1 msk=0x00000000 | SCISSOR 0,0..639,223 | TEST=0x000000000005008B | TEX0 tbp=0x0 tbw=8 psm=0x2C tw=512 th=512 tfx=0 | V0(2066.0,2041.0) V1(2075.0,2050.0) uv0(6040,8) uv1(6176,288) | XYOFFSET ofx=1728 ofy=1936 -> screen (338,105)..(347,114)
[p4:clut] samples=442000000 nonzero=168054379 (38.02%) u=[0..507] v=[0..255] distinctIdx=256 topNonZeroIdx=0x03(45797405) psm=0x2C tbp0=0x0 tbw=8 cbp=0x3B40 csa=0
[p4:gs-sprite] #966000 ctx=0 tme=1 abe=1 FRAME fbp=0x0 fbw=10 psm=0x1 msk=0x00000000 | SCISSOR 0,0..639,223 | TEST=0x000000000005008B | TEX0 tbp=0x0 tbw=8 psm=0x2C tw=512 th=512 tfx=0 | V0(1944.0,2027.0) V1(1953.0,2036.0) uv0(1416,360) uv1(1552,640) | XYOFFSET ofx=1728 ofy=1936 -> screen (216,91)..(225,100)
[p4:gs-sprite] #966500 ctx=0 tme=1 abe=1 FRAME fbp=0x0 fbw=10 psm=0x1 msk=0x00000000 | SCISSOR 0,0..639,223 | TEST=0x000000000005008B | TEX0 tbp=0x0 tbw=8 psm=0x2C tw=512 th=512 tfx=0 | V0(1886.5,2013.0) V1(1893.5,2022.0) uv0(8008,8) uv1(8112,288) | XYOFFSET ofx=1728 ofy=1936 -> screen (158,77)..(165,86)
[p4:gs-sprite] #967000 ctx=0 tme=1 abe=1 FRAME fbp=0x0 fbw=10 psm=0x1 msk=0x00000000 | SCISSOR 0,0..639,223 | TEST=0x000000000005008B | TEX0 tbp=0x0 tbw=8 psm=0x2C tw=512 th=512 tfx=0 | V0(1950.5,2055.0) V1(1958.5,2064.0) uv0(1288,360) uv1(1408,640) | XYOFFSET ofx=1728 ofy=1936 -> screen (222,119)..(230,128)
[p4:clut] samples=442500000 nonzero=168251309 (38.02%) u=[0..507] v=[0..255] distinctIdx=256 topNonZeroIdx=0x03(45887302) psm=0x2C tbp0=0x0 tbw=8 cbp=0x3B40 csa=0
[p4:gs-sprite] #967500 ctx=0 tme=1 abe=1 FRAME fbp=0x0 fbw=10 psm=0x1 msk=0x00000000 | SCISSOR 0,0..639,223 | TEST=0x000000000005008B | TEX0 tbp=0x0 tbw=8 psm=0x2C tw=512 th=512 tfx=0 | V0(2112.0,2027.0) V1(2117.0,2036.0) uv0(1784,360) uv1(1856,640) | XYOFFSET ofx=1728 ofy=1936 -> screen (384,91)..(389,100)
[p4:gs-sprite] #968000 ctx=0 tme=1 abe=1 FRAME fbp=0x0 fbw=10 psm=0x1 msk=0x00000000 | SCISSOR 0,0..639,223 | TEST=0x000000000005008B | TEX0 tbp=0x0 tbw=8 psm=0x2C tw=512 th=512 tfx=0 | V0(2066.5,2013.0) V1(2074.5,2024.0) uv0(2584,360) uv1(2704,704) | XYOFFSET ofx=1728 ofy=1936 -> screen (338,77)..(346,88)
[p4:gs-sprite] #968500 ctx=0 tme=1 abe=1 FRAME fbp=0x0 fbw=10 psm=0x1 msk=0x00000000 | SCISSOR 0,0..639,223 | TEST=0x000000000005008B | TEX0 tbp=0x0 tbw=8 psm=0x2C tw=512 th=512 tfx=0 | V0(2144.5,2055.0) V1(2152.5,2066.0) uv0(2584,360) uv1(2704,704) | XYOFFSET ofx=1728 ofy=1936 -> screen (416,119)..(424,130)
[p4:gs-sprite] #969000 ctx=0 tme=1 abe=1 FRAME fbp=0x0 fbw=10 psm=0x1 msk=0x00000000 | SCISSOR 0,0..639,223 | TEST=0x000000000005008B | TEX0 tbp=0x0 tbw=8 psm=0x2C tw=512 th=512 tfx=0 | V0(1939.0,2041.0) V1(1942.0,2050.0) uv0(872,360) uv1(912,640) | XYOFFSET ofx=1728 ofy=1936 -> screen (211,105)..(214,114)
[p4:clut] samples=443000000 nonzero=168448037 (38.02%) u=[0..507] v=[0..255] distinctIdx=256 topNonZeroIdx=0x03(45977009) psm=0x2C tbp0=0x0 tbw=8 cbp=0x3B40 csa=0
[p4:gs-sprite] #969500 ctx=0 tme=1 abe=1 FRAME fbp=0x0 fbw=10 psm=0x1 msk=0x00000000 | SCISSOR 0,0..639,223 | TEST=0x000000000005008B | TEX0 tbp=0x0 tbw=8 psm=0x2C tw=512 th=512 tfx=0 | V0(2235.5,2013.0) V1(2243.5,2022.0) uv0(1288,360) uv1(1408,640) | XYOFFSET ofx=1728 ofy=1936 -> screen (507,77)..(515,86)
[p4:gs-sprite] #970000 ctx=0 tme=1 abe=1 FRAME fbp=0x0 fbw=10 psm=0x1 msk=0x00000000 | SCISSOR 0,0..639,223 | TEST=0x000000000005008B | TEX0 tbp=0x0 tbw=8 psm=0x2C tw=512 th=512 tfx=0 | V0(2060.5,2069.0) V1(2081.5,2079.5) uv0(5112,1432) uv1(5440,1760) | XYOFFSET ofx=1728 ofy=1936 -> screen (332,133)..(353,143)
[p4:gs-sprite] #970500 ctx=0 tme=1 abe=1 FRAME fbp=0x0 fbw=10 psm=0x1 msk=0x00000000 | SCISSOR 0,0..639,223 | TEST=0x000000000005008B | TEX0 tbp=0x0 tbw=8 psm=0x2C tw=512 th=512 tfx=0 | V0(2124.0,2041.0) V1(2130.0,2050.0) uv0(1960,360) uv1(2048,640) | XYOFFSET ofx=1728 ofy=1936 -> screen (396,105)..(402,114)
[p4:gs-sprite] #971000 ctx=0 tme=1 abe=1 FRAME fbp=0x0 fbw=10 psm=0x1 msk=0x00000000 | SCISSOR 0,0..639,223 | TEST=0x000000000005008B | TEX0 tbp=0x0 tbw=8 psm=0x2C tw=512 th=512 tfx=0 | V0(2001.0,2027.0) V1(2006.0,2036.0) uv0(1784,360) uv1(1856,640) | XYOFFSET ofx=1728 ofy=1936 -> screen (273,91)..(278,100)
[p4:clut] samples=443500000 nonzero=168644361 (38.03%) u=[0..507] v=[0..255] distinctIdx=256 topNonZeroIdx=0x03(46066597) psm=0x2C tbp0=0x0 tbw=8 cbp=0x3B40 csa=0
[p4:vbl] ticks=13200
[p4:gs-sprite] #971500 ctx=0 tme=1 abe=1 FRAME fbp=0x0 fbw=10 psm=0x1 msk=0x00000000 | SCISSOR 0,0..639,223 | TEST=0x000000000005008B | TEX0 tbp=0x0 tbw=8 psm=0x2C tw=512 th=512 tfx=0 | V0(1956.5,2013.0) V1(1964.5,2022.0) uv0(744,360) uv1(864,640) | XYOFFSET ofx=1728 ofy=1936 -> screen (228,77)..(236,86)
[p4:gs-sprite] #972000 ctx=0 tme=1 abe=1 FRAME fbp=0x0 fbw=10 psm=0x1 msk=0x00000000 | SCISSOR 0,0..639,223 | TEST=0x000000000005008B | TEX0 tbp=0x0 tbw=8 psm=0x2C tw=512 th=512 tfx=0 | V0(2018.5,2055.0) V1(2023.5,2064.0) uv0(1784,360) uv1(1856,640) | XYOFFSET ofx=1728 ofy=1936 -> screen (290,119)..(295,128)
[p4:gs-sprite] #972500 ctx=0 tme=1 abe=1 FRAME fbp=0x0 fbw=10 psm=0x1 msk=0x00000000 | SCISSOR 0,0..639,223 | TEST=0x000000000005008B | TEX0 tbp=0x0 tbw=8 psm=0x2C tw=512 th=512 tfx=0 | V0(2164.0,2027.0) V1(2172.0,2036.0) uv0(6184,8) uv1(6304,288) | XYOFFSET ofx=1728 ofy=1936 -> screen (436,91)..(444,100)
[p4:clut] samples=444000000 nonzero=168841035 (38.03%) u=[0..507] v=[0..255] distinctIdx=256 topNonZeroIdx=0x03(46156306) psm=0x2C tbp0=0x0 tbw=8 cbp=0x3B40 csa=0
[p4:gs-sprite] #973000 ctx=0 tme=1 abe=1 FRAME fbp=0x0 fbw=10 psm=0x1 msk=0x00000000 | SCISSOR 0,0..639,223 | TEST=0x000000000005008B | TEX0 tbp=0x0 tbw=8 psm=0x2C tw=512 th=512 tfx=0 | V0(2124.5,2013.0) V1(2132.5,2022.0) uv0(488,360) uv1(608,640) | XYOFFSET ofx=1728 ofy=1936 -> screen (396,77)..(404,86)
[p4:gs-sprite] #973500 ctx=0 tme=1 abe=1 FRAME fbp=0x0 fbw=10 psm=0x1 msk=0x00000000 | SCISSOR 0,0..639,223 | TEST=0x000000000005008B | TEX0 tbp=0x0 tbw=8 psm=0x2C tw=512 th=512 tfx=0 | V0(2202.5,2055.0) V1(2210.5,2064.0) uv0(488,360) uv1(608,640) | XYOFFSET ofx=1728 ofy=1936 -> screen (474,119)..(482,128)
[p4:gs-sprite] #974000 ctx=0 tme=1 abe=1 FRAME fbp=0x0 fbw=10 psm=0x1 msk=0x00000000 | SCISSOR 0,0..639,223 | TEST=0x000000000005008B | TEX0 tbp=0x0 tbw=8 psm=0x2C tw=512 th=512 tfx=0 | V0(1998.0,2041.0) V1(2008.0,2050.0) uv0(5592,8) uv1(5744,288) | XYOFFSET ofx=1728 ofy=1936 -> screen (270,105)..(280,114)
[p4:gs-sprite] #974500 ctx=0 tme=1 abe=1 FRAME fbp=0x0 fbw=10 psm=0x1 msk=0x00000000 | SCISSOR 0,0..639,223 | TEST=0x000000000005008B | TEX0 tbp=0x0 tbw=8 psm=0x2C tw=512 th=512 tfx=0 | V0(1881.0,2027.0) V1(1889.0,2036.0) uv0(744,360) uv1(864,640) | XYOFFSET ofx=1728 ofy=1936 -> screen (153,91)..(161,100)
[p4:clut] samples=444500000 nonzero=169037777 (38.03%) u=[0..507] v=[0..255] distinctIdx=256 topNonZeroIdx=0x03(46246066) psm=0x2C tbp0=0x0 tbw=8 cbp=0x3B40 csa=0
[p4:gs-sprite] #975000 ctx=0 tme=0 abe=0 FRAME fbp=0x0 fbw=10 psm=0x1 msk=0x00000000 | SCISSOR 0,0..639,223 | TEST=0x000000000005008B | TEX0 tbp=0x0 tbw=0 psm=0x0 tw=1 th=1 tfx=0 | V0(1829.0,2007.0) V1(2267.0,2087.0) uv0(0,0) uv1(0,0) | XYOFFSET ofx=1728 ofy=1936 -> screen (101,71)..(539,151)
[p4:gs-sprite] #975500 ctx=0 tme=1 abe=1 FRAME fbp=0x0 fbw=10 psm=0x1 msk=0x00000000 | SCISSOR 0,0..639,223 | TEST=0x000000000005008B | TEX0 tbp=0x0 tbw=8 psm=0x2C tw=512 th=512 tfx=0 | V0(1888.5,2055.0) V1(1896.5,2066.0) uv0(2584,360) uv1(2704,704) | XYOFFSET ofx=1728 ofy=1936 -> screen (160,119)..(168,130)
[p4:gs-sprite] #976000 ctx=0 tme=1 abe=1 FRAME fbp=0x0 fbw=10 psm=0x1 msk=0x00000000 | SCISSOR 0,0..639,223 | TEST=0x000000000005008B | TEX0 tbp=0x0 tbw=8 psm=0x2C tw=512 th=512 tfx=0 | V0(2057.0,2027.0) V1(2066.0,2036.0) uv0(3912,8) uv1(4048,288) | XYOFFSET ofx=1728 ofy=1936 -> screen (329,91)..(338,100)
[p4:gs-sprite] #976500 ctx=0 tme=1 abe=1 FRAME fbp=0x0 fbw=10 psm=0x1 msk=0x00000000 | SCISSOR 0,0..639,223 | TEST=0x000000000005008B | TEX0 tbp=0x0 tbw=8 psm=0x2C tw=512 th=512 tfx=0 | V0(2017.5,2013.0) V1(2024.5,2022.0) uv0(2056,360) uv1(2160,640) | XYOFFSET ofx=1728 ofy=1936 -> screen (289,77)..(296,86)
[p4:clut] samples=445000000 nonzero=169234697 (38.03%) u=[0..507] v=[0..255] distinctIdx=256 topNonZeroIdx=0x03(46335958) psm=0x2C tbp0=0x0 tbw=8 cbp=0x3B40 csa=0
[p4:gs-sprite] #977000 ctx=0 tme=1 abe=1 FRAME fbp=0x0 fbw=10 psm=0x1 msk=0x00000000 | SCISSOR 0,0..639,223 | TEST=0x000000000005008B | TEX0 tbp=0x0 tbw=8 psm=0x2C tw=512 th=512 tfx=0 | V0(2073.5,2055.0) V1(2080.5,2064.0) uv0(8008,8) uv1(8112,288) | XYOFFSET ofx=1728 ofy=1936 -> screen (345,119)..(352,128)
[p4:gs-sprite] #977500 ctx=0 tme=1 abe=1 FRAME fbp=0x0 fbw=10 psm=0x1 msk=0x00000000 | SCISSOR 0,0..639,223 | TEST=0x000000000005008B | TEX0 tbp=0x0 tbw=8 psm=0x2C tw=512 th=512 tfx=0 | V0(2204.0,2027.0) V1(2213.0,2036.0) uv0(1416,360) uv1(1552,640) | XYOFFSET ofx=1728 ofy=1936 -> screen (476,91)..(485,100)
[p4:gs-sprite] #978000 ctx=0 tme=1 abe=1 FRAME fbp=0x0 fbw=10 psm=0x1 msk=0x00000000 | SCISSOR 0,0..639,223 | TEST=0x000000000005008B | TEX0 tbp=0x0 tbw=8 psm=0x2C tw=512 th=512 tfx=0 | V0(2177.5,2013.0) V1(2184.5,2022.0) uv0(8008,8) uv1(8112,288) | XYOFFSET ofx=1728 ofy=1936 -> screen (449,77)..(456,86)
[p4:gs-sprite] #978500 ctx=0 tme=1 abe=1 FRAME fbp=0x0 fbw=10 psm=0x1 msk=0x00000000 | SCISSOR 0,0..639,223 | TEST=0x000000000005008B | TEX0 tbp=0x0 tbw=8 psm=0x2C tw=512 th=512 tfx=0 | V0(1973.5,2069.0) V1(1991.5,2079.0) uv0(3368,1096) uv1(3648,1408) | XYOFFSET ofx=1728 ofy=1936 -> screen (245,133)..(263,143)
[p4:clut] samples=445500000 nonzero=169431166 (38.03%) u=[0..507] v=[0..255] distinctIdx=256 topNonZeroIdx=0x03(46425603) psm=0x2C tbp0=0x0 tbw=8 cbp=0x3B40 csa=0
[p4:gs-sprite] #979000 ctx=0 tme=1 abe=1 FRAME fbp=0x0 fbw=10 psm=0x1 msk=0x00000000 | SCISSOR 0,0..639,223 | TEST=0x000000000005008B | TEX0 tbp=0x0 tbw=8 psm=0x2C tw=512 th=512 tfx=0 | V0(2066.0,2041.0) V1(2075.0,2050.0) uv0(6040,8) uv1(6176,288) | XYOFFSET ofx=1728 ofy=1936 -> screen (338,105)..(347,114)
[p4:gs-sprite] #979500 ctx=0 tme=1 abe=1 FRAME fbp=0x0 fbw=10 psm=0x1 msk=0x00000000 | SCISSOR 0,0..639,223 | TEST=0x000000000005008B | TEX0 tbp=0x0 tbw=8 psm=0x2C tw=512 th=512 tfx=0 | V0(1944.0,2027.0) V1(1953.0,2036.0) uv0(1416,360) uv1(1552,640) | XYOFFSET ofx=1728 ofy=1936 -> screen (216,91)..(225,100)
[p4:gs-sprite] #980000 ctx=0 tme=1 abe=1 FRAME fbp=0x0 fbw=10 psm=0x1 msk=0x00000000 | SCISSOR 0,0..639,223 | TEST=0x000000000005008B | TEX0 tbp=0x0 tbw=8 psm=0x2C tw=512 th=512 tfx=0 | V0(1886.5,2013.0) V1(1893.5,2022.0) uv0(8008,8) uv1(8112,288) | XYOFFSET ofx=1728 ofy=1936 -> screen (158,77)..(165,86)
[p4:clut] samples=446000000 nonzero=169627735 (38.03%) u=[0..507] v=[0..255] distinctIdx=256 topNonZeroIdx=0x03(46515213) psm=0x2C tbp0=0x0 tbw=8 cbp=0x3B40 csa=0
[p4:gs-sprite] #980500 ctx=0 tme=1 abe=1 FRAME fbp=0x0 fbw=10 psm=0x1 msk=0x00000000 | SCISSOR 0,0..639,223 | TEST=0x000000000005008B | TEX0 tbp=0x0 tbw=8 psm=0x2C tw=512 th=512 tfx=0 | V0(1950.5,2055.0) V1(1958.5,2064.0) uv0(1288,360) uv1(1408,640) | XYOFFSET ofx=1728 ofy=1936 -> screen (222,119)..(230,128)
[p4:gs-sprite] #981000 ctx=0 tme=1 abe=1 FRAME fbp=0x0 fbw=10 psm=0x1 msk=0x00000000 | SCISSOR 0,0..639,223 | TEST=0x000000000005008B | TEX0 tbp=0x0 tbw=8 psm=0x2C tw=512 th=512 tfx=0 | V0(2112.0,2027.0) V1(2117.0,2036.0) uv0(1784,360) uv1(1856,640) | XYOFFSET ofx=1728 ofy=1936 -> screen (384,91)..(389,100)
[p4:gs-sprite] #981500 ctx=0 tme=1 abe=1 FRAME fbp=0x0 fbw=10 psm=0x1 msk=0x00000000 | SCISSOR 0,0..639,223 | TEST=0x000000000005008B | TEX0 tbp=0x0 tbw=8 psm=0x2C tw=512 th=512 tfx=0 | V0(2066.5,2013.0) V1(2074.5,2024.0) uv0(2584,360) uv1(2704,704) | XYOFFSET ofx=1728 ofy=1936 -> screen (338,77)..(346,88)
[p4:gs-sprite] #982000 ctx=0 tme=1 abe=1 FRAME fbp=0x0 fbw=10 psm=0x1 msk=0x00000000 | SCISSOR 0,0..639,223 | TEST=0x000000000005008B | TEX0 tbp=0x0 tbw=8 psm=0x2C tw=512 th=512 tfx=0 | V0(2144.5,2055.0) V1(2152.5,2066.0) uv0(2584,360) uv1(2704,704) | XYOFFSET ofx=1728 ofy=1936 -> screen (416,119)..(424,130)
[p4:clut] samples=446500000 nonzero=169824388 (38.03%) u=[0..507] v=[0..255] distinctIdx=256 topNonZeroIdx=0x03(46604936) psm=0x2C tbp0=0x0 tbw=8 cbp=0x3B40 csa=0
[p4:gs-sprite] #982500 ctx=0 tme=1 abe=1 FRAME fbp=0x0 fbw=10 psm=0x1 msk=0x00000000 | SCISSOR 0,0..639,223 | TEST=0x000000000005008B | TEX0 tbp=0x0 tbw=8 psm=0x2C tw=512 th=512 tfx=0 | V0(1939.0,2041.0) V1(1942.0,2050.0) uv0(872,360) uv1(912,640) | XYOFFSET ofx=1728 ofy=1936 -> screen (211,105)..(214,114)
[p4:gs-sprite] #983000 ctx=0 tme=1 abe=1 FRAME fbp=0x0 fbw=10 psm=0x1 msk=0x00000000 | SCISSOR 0,0..639,223 | TEST=0x000000000005008B | TEX0 tbp=0x0 tbw=8 psm=0x2C tw=512 th=512 tfx=0 | V0(2235.5,2013.0) V1(2243.5,2022.0) uv0(1288,360) uv1(1408,640) | XYOFFSET ofx=1728 ofy=1936 -> screen (507,77)..(515,86)
[p4:gs-sprite] #983500 ctx=0 tme=1 abe=1 FRAME fbp=0x0 fbw=10 psm=0x1 msk=0x00000000 | SCISSOR 0,0..639,223 | TEST=0x000000000005008B | TEX0 tbp=0x0 tbw=8 psm=0x2C tw=512 th=512 tfx=0 | V0(2060.5,2069.0) V1(2081.5,2079.5) uv0(5112,1432) uv1(5440,1760) | XYOFFSET ofx=1728 ofy=1936 -> screen (332,133)..(353,143)
[p4:gs-sprite] #984000 ctx=0 tme=1 abe=1 FRAME fbp=0x0 fbw=10 psm=0x1 msk=0x00000000 | SCISSOR 0,0..639,223 | TEST=0x000000000005008B | TEX0 tbp=0x0 tbw=8 psm=0x2C tw=512 th=512 tfx=0 | V0(2124.0,2041.0) V1(2130.0,2050.0) uv0(1960,360) uv1(2048,640) | XYOFFSET ofx=1728 ofy=1936 -> screen (396,105)..(402,114)
[p4:clut] samples=447000000 nonzero=170021236 (38.04%) u=[0..507] v=[0..255] distinctIdx=256 topNonZeroIdx=0x03(46694775) psm=0x2C tbp0=0x0 tbw=8 cbp=0x3B40 csa=0
[p4:gs-sprite] #984500 ctx=0 tme=1 abe=1 FRAME fbp=0x0 fbw=10 psm=0x1 msk=0x00000000 | SCISSOR 0,0..639,223 | TEST=0x000000000005008B | TEX0 tbp=0x0 tbw=8 psm=0x2C tw=512 th=512 tfx=0 | V0(2001.0,2027.0) V1(2006.0,2036.0) uv0(1784,360) uv1(1856,640) | XYOFFSET ofx=1728 ofy=1936 -> screen (273,91)..(278,100)
[p4:gs-sprite] #985000 ctx=0 tme=1 abe=1 FRAME fbp=0x0 fbw=10 psm=0x1 msk=0x00000000 | SCISSOR 0,0..639,223 | TEST=0x000000000005008B | TEX0 tbp=0x0 tbw=8 psm=0x2C tw=512 th=512 tfx=0 | V0(1956.5,2013.0) V1(1964.5,2022.0) uv0(744,360) uv1(864,640) | XYOFFSET ofx=1728 ofy=1936 -> screen (228,77)..(236,86)
[p4:gs-sprite] #985500 ctx=0 tme=1 abe=1 FRAME fbp=0x0 fbw=10 psm=0x1 msk=0x00000000 | SCISSOR 0,0..639,223 | TEST=0x000000000005008B | TEX0 tbp=0x0 tbw=8 psm=0x2C tw=512 th=512 tfx=0 | V0(2018.5,2055.0) V1(2023.5,2064.0) uv0(1784,360) uv1(1856,640) | XYOFFSET ofx=1728 ofy=1936 -> screen (290,119)..(295,128)
[p4:gs-sprite] #986000 ctx=0 tme=1 abe=1 FRAME fbp=0x0 fbw=10 psm=0x1 msk=0x00000000 | SCISSOR 0,0..639,223 | TEST=0x000000000005008B | TEX0 tbp=0x0 tbw=8 psm=0x2C tw=512 th=512 tfx=0 | V0(2164.0,2027.0) V1(2172.0,2036.0) uv0(6184,8) uv1(6304,288) | XYOFFSET ofx=1728 ofy=1936 -> screen (436,91)..(444,100)
[p4:clut] samples=447500000 nonzero=170218056 (38.04%) u=[0..507] v=[0..255] distinctIdx=256 topNonZeroIdx=0x03(46784563) psm=0x2C tbp0=0x0 tbw=8 cbp=0x3B40 csa=0
[p4:gs-sprite] #986500 ctx=0 tme=1 abe=1 FRAME fbp=0x0 fbw=10 psm=0x1 msk=0x00000000 | SCISSOR 0,0..639,223 | TEST=0x000000000005008B | TEX0 tbp=0x0 tbw=8 psm=0x2C tw=512 th=512 tfx=0 | V0(2124.5,2013.0) V1(2132.5,2022.0) uv0(488,360) uv1(608,640) | XYOFFSET ofx=1728 ofy=1936 -> screen (396,77)..(404,86)
[p4:gs-sprite] #987000 ctx=0 tme=1 abe=1 FRAME fbp=0x0 fbw=10 psm=0x1 msk=0x00000000 | SCISSOR 0,0..639,223 | TEST=0x000000000005008B | TEX0 tbp=0x0 tbw=8 psm=0x2C tw=512 th=512 tfx=0 | V0(2202.5,2055.0) V1(2210.5,2064.0) uv0(488,360) uv1(608,640) | XYOFFSET ofx=1728 ofy=1936 -> screen (474,119)..(482,128)
[p4:gs-sprite] #987500 ctx=0 tme=1 abe=1 FRAME fbp=0x0 fbw=10 psm=0x1 msk=0x00000000 | SCISSOR 0,0..639,223 | TEST=0x000000000005008B | TEX0 tbp=0x0 tbw=8 psm=0x2C tw=512 th=512 tfx=0 | V0(1998.0,2041.0) V1(2008.0,2050.0) uv0(5592,8) uv1(5744,288) | XYOFFSET ofx=1728 ofy=1936 -> screen (270,105)..(280,114)
[p4:clut] samples=448000000 nonzero=170414507 (38.04%) u=[0..507] v=[0..255] distinctIdx=256 topNonZeroIdx=0x03(46874191) psm=0x2C tbp0=0x0 tbw=8 cbp=0x3B40 csa=0
[p4:gs-sprite] #988000 ctx=0 tme=1 abe=1 FRAME fbp=0x0 fbw=10 psm=0x1 msk=0x00000000 | SCISSOR 0,0..639,223 | TEST=0x000000000005008B | TEX0 tbp=0x0 tbw=8 psm=0x2C tw=512 th=512 tfx=0 | V0(1881.0,2027.0) V1(1889.0,2036.0) uv0(744,360) uv1(864,640) | XYOFFSET ofx=1728 ofy=1936 -> screen (153,91)..(161,100)
[p4:gs-sprite] #988500 ctx=0 tme=0 abe=0 FRAME fbp=0x0 fbw=10 psm=0x1 msk=0x00000000 | SCISSOR 0,0..639,223 | TEST=0x000000000005008B | TEX0 tbp=0x0 tbw=0 psm=0x0 tw=1 th=1 tfx=0 | V0(1829.0,2007.0) V1(2267.0,2087.0) uv0(0,0) uv1(0,0) | XYOFFSET ofx=1728 ofy=1936 -> screen (101,71)..(539,151)
[p4:gs-sprite] #989000 ctx=0 tme=1 abe=1 FRAME fbp=0x0 fbw=10 psm=0x1 msk=0x00000000 | SCISSOR 0,0..639,223 | TEST=0x000000000005008B | TEX0 tbp=0x0 tbw=8 psm=0x2C tw=512 th=512 tfx=0 | V0(1888.5,2055.0) V1(1896.5,2066.0) uv0(2584,360) uv1(2704,704) | XYOFFSET ofx=1728 ofy=1936 -> screen (160,119)..(168,130)
[p4:gs-sprite] #989500 ctx=0 tme=1 abe=1 FRAME fbp=0x0 fbw=10 psm=0x1 msk=0x00000000 | SCISSOR 0,0..639,223 | TEST=0x000000000005008B | TEX0 tbp=0x0 tbw=8 psm=0x2C tw=512 th=512 tfx=0 | V0(2057.0,2027.0) V1(2066.0,2036.0) uv0(3912,8) uv1(4048,288) | XYOFFSET ofx=1728 ofy=1936 -> screen (329,91)..(338,100)
[p4:clut] samples=448500000 nonzero=170611042 (38.04%) u=[0..507] v=[0..255] distinctIdx=256 topNonZeroIdx=0x03(46963805) psm=0x2C tbp0=0x0 tbw=8 cbp=0x3B40 csa=0
[p4:gs-sprite] #990000 ctx=0 tme=1 abe=1 FRAME fbp=0x0 fbw=10 psm=0x1 msk=0x00000000 | SCISSOR 0,0..639,223 | TEST=0x000000000005008B | TEX0 tbp=0x0 tbw=8 psm=0x2C tw=512 th=512 tfx=0 | V0(2017.5,2013.0) V1(2024.5,2022.0) uv0(2056,360) uv1(2160,640) | XYOFFSET ofx=1728 ofy=1936 -> screen (289,77)..(296,86)
[p4:gs-sprite] #990500 ctx=0 tme=1 abe=1 FRAME fbp=0x0 fbw=10 psm=0x1 msk=0x00000000 | SCISSOR 0,0..639,223 | TEST=0x000000000005008B | TEX0 tbp=0x0 tbw=8 psm=0x2C tw=512 th=512 tfx=0 | V0(2073.5,2055.0) V1(2080.5,2064.0) uv0(8008,8) uv1(8112,288) | XYOFFSET ofx=1728 ofy=1936 -> screen (345,119)..(352,128)
[p4:gs-sprite] #991000 ctx=0 tme=1 abe=1 FRAME fbp=0x0 fbw=10 psm=0x1 msk=0x00000000 | SCISSOR 0,0..639,223 | TEST=0x000000000005008B | TEX0 tbp=0x0 tbw=8 psm=0x2C tw=512 th=512 tfx=0 | V0(2204.0,2027.0) V1(2213.0,2036.0) uv0(1416,360) uv1(1552,640) | XYOFFSET ofx=1728 ofy=1936 -> screen (476,91)..(485,100)
[p4:gs-sprite] #991500 ctx=0 tme=1 abe=1 FRAME fbp=0x0 fbw=10 psm=0x1 msk=0x00000000 | SCISSOR 0,0..639,223 | TEST=0x000000000005008B | TEX0 tbp=0x0 tbw=8 psm=0x2C tw=512 th=512 tfx=0 | V0(2177.5,2013.0) V1(2184.5,2022.0) uv0(8008,8) uv1(8112,288) | XYOFFSET ofx=1728 ofy=1936 -> screen (449,77)..(456,86)
[p4:clut] samples=449000000 nonzero=170807712 (38.04%) u=[0..507] v=[0..255] distinctIdx=256 topNonZeroIdx=0x03(47053543) psm=0x2C tbp0=0x0 tbw=8 cbp=0x3B40 csa=0
[p4:gs-sprite] #992000 ctx=0 tme=1 abe=1 FRAME fbp=0x0 fbw=10 psm=0x1 msk=0x00000000 | SCISSOR 0,0..639,223 | TEST=0x000000000005008B | TEX0 tbp=0x0 tbw=8 psm=0x2C tw=512 th=512 tfx=0 | V0(1973.5,2069.0) V1(1991.5,2079.0) uv0(3368,1096) uv1(3648,1408) | XYOFFSET ofx=1728 ofy=1936 -> screen (245,133)..(263,143)
[p4:gs-sprite] #992500 ctx=0 tme=1 abe=1 FRAME fbp=0x0 fbw=10 psm=0x1 msk=0x00000000 | SCISSOR 0,0..639,223 | TEST=0x000000000005008B | TEX0 tbp=0x0 tbw=8 psm=0x2C tw=512 th=512 tfx=0 | V0(2066.0,2041.0) V1(2075.0,2050.0) uv0(6040,8) uv1(6176,288) | XYOFFSET ofx=1728 ofy=1936 -> screen (338,105)..(347,114)
[p4:gs-sprite] #993000 ctx=0 tme=1 abe=1 FRAME fbp=0x0 fbw=10 psm=0x1 msk=0x00000000 | SCISSOR 0,0..639,223 | TEST=0x000000000005008B | TEX0 tbp=0x0 tbw=8 psm=0x2C tw=512 th=512 tfx=0 | V0(1944.0,2027.0) V1(1953.0,2036.0) uv0(1416,360) uv1(1552,640) | XYOFFSET ofx=1728 ofy=1936 -> screen (216,91)..(225,100)
[p4:clut] samples=449500000 nonzero=171004654 (38.04%) u=[0..507] v=[0..255] distinctIdx=256 topNonZeroIdx=0x03(47143465) psm=0x2C tbp0=0x0 tbw=8 cbp=0x3B40 csa=0
[p4:gs-sprite] #993500 ctx=0 tme=1 abe=1 FRAME fbp=0x0 fbw=10 psm=0x1 msk=0x00000000 | SCISSOR 0,0..639,223 | TEST=0x000000000005008B | TEX0 tbp=0x0 tbw=8 psm=0x2C tw=512 th=512 tfx=0 | V0(1886.5,2013.0) V1(1893.5,2022.0) uv0(8008,8) uv1(8112,288) | XYOFFSET ofx=1728 ofy=1936 -> screen (158,77)..(165,86)
[p4:gs-sprite] #994000 ctx=0 tme=1 abe=1 FRAME fbp=0x0 fbw=10 psm=0x1 msk=0x00000000 | SCISSOR 0,0..639,223 | TEST=0x000000000005008B | TEX0 tbp=0x0 tbw=8 psm=0x2C tw=512 th=512 tfx=0 | V0(1950.5,2055.0) V1(1958.5,2064.0) uv0(1288,360) uv1(1408,640) | XYOFFSET ofx=1728 ofy=1936 -> screen (222,119)..(230,128)
[p4:gs-sprite] #994500 ctx=0 tme=1 abe=1 FRAME fbp=0x0 fbw=10 psm=0x1 msk=0x00000000 | SCISSOR 0,0..639,223 | TEST=0x000000000005008B | TEX0 tbp=0x0 tbw=8 psm=0x2C tw=512 th=512 tfx=0 | V0(2112.0,2027.0) V1(2117.0,2036.0) uv0(1784,360) uv1(1856,640) | XYOFFSET ofx=1728 ofy=1936 -> screen (384,91)..(389,100)
[p4:gs-sprite] #995000 ctx=0 tme=1 abe=1 FRAME fbp=0x0 fbw=10 psm=0x1 msk=0x00000000 | SCISSOR 0,0..639,223 | TEST=0x000000000005008B | TEX0 tbp=0x0 tbw=8 psm=0x2C tw=512 th=512 tfx=0 | V0(2066.5,2013.0) V1(2074.5,2024.0) uv0(2584,360) uv1(2704,704) | XYOFFSET ofx=1728 ofy=1936 -> screen (338,77)..(346,88)
[p4:clut] samples=450000000 nonzero=171201309 (38.04%) u=[0..507] v=[0..255] distinctIdx=256 topNonZeroIdx=0x03(47233116) psm=0x2C tbp0=0x0 tbw=8 cbp=0x3B40 csa=0
[p4:gs-sprite] #995500 ctx=0 tme=1 abe=1 FRAME fbp=0x0 fbw=10 psm=0x1 msk=0x00000000 | SCISSOR 0,0..639,223 | TEST=0x000000000005008B | TEX0 tbp=0x0 tbw=8 psm=0x2C tw=512 th=512 tfx=0 | V0(2144.5,2055.0) V1(2152.5,2066.0) uv0(2584,360) uv1(2704,704) | XYOFFSET ofx=1728 ofy=1936 -> screen (416,119)..(424,130)
[p4:gs-sprite] #996000 ctx=0 tme=1 abe=1 FRAME fbp=0x0 fbw=10 psm=0x1 msk=0x00000000 | SCISSOR 0,0..639,223 | TEST=0x000000000005008B | TEX0 tbp=0x0 tbw=8 psm=0x2C tw=512 th=512 tfx=0 | V0(1939.0,2041.0) V1(1942.0,2050.0) uv0(872,360) uv1(912,640) | XYOFFSET ofx=1728 ofy=1936 -> screen (211,105)..(214,114)
[p4:gs-sprite] #996500 ctx=0 tme=1 abe=1 FRAME fbp=0x0 fbw=10 psm=0x1 msk=0x00000000 | SCISSOR 0,0..639,223 | TEST=0x000000000005008B | TEX0 tbp=0x0 tbw=8 psm=0x2C tw=512 th=512 tfx=0 | V0(2235.5,2013.0) V1(2243.5,2022.0) uv0(1288,360) uv1(1408,640) | XYOFFSET ofx=1728 ofy=1936 -> screen (507,77)..(515,86)
[p4:vbl] ticks=13500
[p4:gs-sprite] #997000 ctx=0 tme=1 abe=1 FRAME fbp=0x0 fbw=10 psm=0x1 msk=0x00000000 | SCISSOR 0,0..639,223 | TEST=0x000000000005008B | TEX0 tbp=0x0 tbw=8 psm=0x2C tw=512 th=512 tfx=0 | V0(2060.5,2069.0) V1(2081.5,2079.5) uv0(5112,1432) uv1(5440,1760) | XYOFFSET ofx=1728 ofy=1936 -> screen (332,133)..(353,143)
[p4:clut] samples=450500000 nonzero=171397697 (38.05%) u=[0..507] v=[0..255] distinctIdx=256 topNonZeroIdx=0x03(47322726) psm=0x2C tbp0=0x0 tbw=8 cbp=0x3B40 csa=0
[p4:gs-sprite] #997500 ctx=0 tme=1 abe=1 FRAME fbp=0x0 fbw=10 psm=0x1 msk=0x00000000 | SCISSOR 0,0..639,223 | TEST=0x000000000005008B | TEX0 tbp=0x0 tbw=8 psm=0x2C tw=512 th=512 tfx=0 | V0(2124.0,2041.0) V1(2130.0,2050.0) uv0(1960,360) uv1(2048,640) | XYOFFSET ofx=1728 ofy=1936 -> screen (396,105)..(402,114)
[p4:gs-sprite] #998000 ctx=0 tme=1 abe=1 FRAME fbp=0x0 fbw=10 psm=0x1 msk=0x00000000 | SCISSOR 0,0..639,223 | TEST=0x000000000005008B | TEX0 tbp=0x0 tbw=8 psm=0x2C tw=512 th=512 tfx=0 | V0(2001.0,2027.0) V1(2006.0,2036.0) uv0(1784,360) uv1(1856,640) | XYOFFSET ofx=1728 ofy=1936 -> screen (273,91)..(278,100)
[p4:gs-sprite] #998500 ctx=0 tme=1 abe=1 FRAME fbp=0x0 fbw=10 psm=0x1 msk=0x00000000 | SCISSOR 0,0..639,223 | TEST=0x000000000005008B | TEX0 tbp=0x0 tbw=8 psm=0x2C tw=512 th=512 tfx=0 | V0(1956.5,2013.0) V1(1964.5,2022.0) uv0(744,360) uv1(864,640) | XYOFFSET ofx=1728 ofy=1936 -> screen (228,77)..(236,86)
[p4:gs-sprite] #999000 ctx=0 tme=1 abe=1 FRAME fbp=0x0 fbw=10 psm=0x1 msk=0x00000000 | SCISSOR 0,0..639,223 | TEST=0x000000000005008B | TEX0 tbp=0x0 tbw=8 psm=0x2C tw=512 th=512 tfx=0 | V0(2018.5,2055.0) V1(2023.5,2064.0) uv0(1784,360) uv1(1856,640) | XYOFFSET ofx=1728 ofy=1936 -> screen (290,119)..(295,128)
[p4:clut] samples=451000000 nonzero=171594396 (38.05%) u=[0..507] v=[0..255] distinctIdx=256 topNonZeroIdx=0x03(47412469) psm=0x2C tbp0=0x0 tbw=8 cbp=0x3B40 csa=0
[p4:gs-sprite] #999500 ctx=0 tme=1 abe=1 FRAME fbp=0x0 fbw=10 psm=0x1 msk=0x00000000 | SCISSOR 0,0..639,223 | TEST=0x000000000005008B | TEX0 tbp=0x0 tbw=8 psm=0x2C tw=512 th=512 tfx=0 | V0(2164.0,2027.0) V1(2172.0,2036.0) uv0(6184,8) uv1(6304,288) | XYOFFSET ofx=1728 ofy=1936 -> screen (436,91)..(444,100)
[p4:gs-sprite] #1000000 ctx=0 tme=1 abe=1 FRAME fbp=0x0 fbw=10 psm=0x1 msk=0x00000000 | SCISSOR 0,0..639,223 | TEST=0x000000000005008B | TEX0 tbp=0x0 tbw=8 psm=0x2C tw=512 th=512 tfx=0 | V0(2124.5,2013.0) V1(2132.5,2022.0) uv0(488,360) uv1(608,640) | XYOFFSET ofx=1728 ofy=1936 -> screen (396,77)..(404,86)
[p4:gs-sprite] #1000500 ctx=0 tme=1 abe=1 FRAME fbp=0x0 fbw=10 psm=0x1 msk=0x00000000 | SCISSOR 0,0..639,223 | TEST=0x000000000005008B | TEX0 tbp=0x0 tbw=8 psm=0x2C tw=512 th=512 tfx=0 | V0(2202.5,2055.0) V1(2210.5,2064.0) uv0(488,360) uv1(608,640) | XYOFFSET ofx=1728 ofy=1936 -> screen (474,119)..(482,128)
[p4:clut] samples=451500000 nonzero=171791172 (38.05%) u=[0..507] v=[0..255] distinctIdx=256 topNonZeroIdx=0x03(47502243) psm=0x2C tbp0=0x0 tbw=8 cbp=0x3B40 csa=0
[p4:gs-sprite] #1001000 ctx=0 tme=1 abe=1 FRAME fbp=0x0 fbw=10 psm=0x1 msk=0x00000000 | SCISSOR 0,0..639,223 | TEST=0x000000000005008B | TEX0 tbp=0x0 tbw=8 psm=0x2C tw=512 th=512 tfx=0 | V0(1998.0,2041.0) V1(2008.0,2050.0) uv0(5592,8) uv1(5744,288) | XYOFFSET ofx=1728 ofy=1936 -> screen (270,105)..(280,114)
[p4:gs-sprite] #1001500 ctx=0 tme=1 abe=1 FRAME fbp=0x0 fbw=10 psm=0x1 msk=0x00000000 | SCISSOR 0,0..639,223 | TEST=0x000000000005008B | TEX0 tbp=0x0 tbw=8 psm=0x2C tw=512 th=512 tfx=0 | V0(1881.0,2027.0) V1(1889.0,2036.0) uv0(744,360) uv1(864,640) | XYOFFSET ofx=1728 ofy=1936 -> screen (153,91)..(161,100)
[p4:gs-sprite] #1002000 ctx=0 tme=0 abe=0 FRAME fbp=0x0 fbw=10 psm=0x1 msk=0x00000000 | SCISSOR 0,0..639,223 | TEST=0x000000000005008B | TEX0 tbp=0x0 tbw=0 psm=0x0 tw=1 th=1 tfx=0 | V0(1829.0,2007.0) V1(2267.0,2087.0) uv0(0,0) uv1(0,0) | XYOFFSET ofx=1728 ofy=1936 -> screen (101,71)..(539,151)
[p4:gs-sprite] #1002500 ctx=0 tme=1 abe=1 FRAME fbp=0x0 fbw=10 psm=0x1 msk=0x00000000 | SCISSOR 0,0..639,223 | TEST=0x000000000005008B | TEX0 tbp=0x0 tbw=8 psm=0x2C tw=512 th=512 tfx=0 | V0(1888.5,2055.0) V1(1896.5,2066.0) uv0(2584,360) uv1(2704,704) | XYOFFSET ofx=1728 ofy=1936 -> screen (160,119)..(168,130)
[p4:clut] samples=452000000 nonzero=171988029 (38.05%) u=[0..507] v=[0..255] distinctIdx=256 topNonZeroIdx=0x03(47592106) psm=0x2C tbp0=0x0 tbw=8 cbp=0x3B40 csa=0
[p4:gs-sprite] #1003000 ctx=0 tme=1 abe=1 FRAME fbp=0x0 fbw=10 psm=0x1 msk=0x00000000 | SCISSOR 0,0..639,223 | TEST=0x000000000005008B | TEX0 tbp=0x0 tbw=8 psm=0x2C tw=512 th=512 tfx=0 | V0(2057.0,2027.0) V1(2066.0,2036.0) uv0(3912,8) uv1(4048,288) | XYOFFSET ofx=1728 ofy=1936 -> screen (329,91)..(338,100)
[p4:gs-sprite] #1003500 ctx=0 tme=1 abe=1 FRAME fbp=0x0 fbw=10 psm=0x1 msk=0x00000000 | SCISSOR 0,0..639,223 | TEST=0x000000000005008B | TEX0 tbp=0x0 tbw=8 psm=0x2C tw=512 th=512 tfx=0 | V0(2017.5,2013.0) V1(2024.5,2022.0) uv0(2056,360) uv1(2160,640) | XYOFFSET ofx=1728 ofy=1936 -> screen (289,77)..(296,86)
[p4:gs-sprite] #1004000 ctx=0 tme=1 abe=1 FRAME fbp=0x0 fbw=10 psm=0x1 msk=0x00000000 | SCISSOR 0,0..639,223 | TEST=0x000000000005008B | TEX0 tbp=0x0 tbw=8 psm=0x2C tw=512 th=512 tfx=0 | V0(2073.5,2055.0) V1(2080.5,2064.0) uv0(8008,8) uv1(8112,288) | XYOFFSET ofx=1728 ofy=1936 -> screen (345,119)..(352,128)
[p4:gs-sprite] #1004500 ctx=0 tme=1 abe=1 FRAME fbp=0x0 fbw=10 psm=0x1 msk=0x00000000 | SCISSOR 0,0..639,223 | TEST=0x000000000005008B | TEX0 tbp=0x0 tbw=8 psm=0x2C tw=512 th=512 tfx=0 | V0(2204.0,2027.0) V1(2213.0,2036.0) uv0(1416,360) uv1(1552,640) | XYOFFSET ofx=1728 ofy=1936 -> screen (476,91)..(485,100)
[p4:clut] samples=452500000 nonzero=172184507 (38.05%) u=[0..507] v=[0..255] distinctIdx=256 topNonZeroIdx=0x03(47681750) psm=0x2C tbp0=0x0 tbw=8 cbp=0x3B40 csa=0
[p4:gs-sprite] #1005000 ctx=0 tme=1 abe=1 FRAME fbp=0x0 fbw=10 psm=0x1 msk=0x00000000 | SCISSOR 0,0..639,223 | TEST=0x000000000005008B | TEX0 tbp=0x0 tbw=8 psm=0x2C tw=512 th=512 tfx=0 | V0(2177.5,2013.0) V1(2184.5,2022.0) uv0(8008,8) uv1(8112,288) | XYOFFSET ofx=1728 ofy=1936 -> screen (449,77)..(456,86)
[p4:gs-sprite] #1005500 ctx=0 tme=1 abe=1 FRAME fbp=0x0 fbw=10 psm=0x1 msk=0x00000000 | SCISSOR 0,0..639,223 | TEST=0x000000000005008B | TEX0 tbp=0x0 tbw=8 psm=0x2C tw=512 th=512 tfx=0 | V0(1973.5,2069.0) V1(1991.5,2079.0) uv0(3368,1096) uv1(3648,1408) | XYOFFSET ofx=1728 ofy=1936 -> screen (245,133)..(263,143)
[p4:gs-sprite] #1006000 ctx=0 tme=1 abe=1 FRAME fbp=0x0 fbw=10 psm=0x1 msk=0x00000000 | SCISSOR 0,0..639,223 | TEST=0x000000000005008B | TEX0 tbp=0x0 tbw=8 psm=0x2C tw=512 th=512 tfx=0 | V0(2066.0,2041.0) V1(2075.0,2050.0) uv0(6040,8) uv1(6176,288) | XYOFFSET ofx=1728 ofy=1936 -> screen (338,105)..(347,114)
[p4:clut] samples=453000000 nonzero=172381037 (38.05%) u=[0..507] v=[0..255] distinctIdx=256 topNonZeroIdx=0x03(47771362) psm=0x2C tbp0=0x0 tbw=8 cbp=0x3B40 csa=0
[p4:gs-sprite] #1006500 ctx=0 tme=1 abe=1 FRAME fbp=0x0 fbw=10 psm=0x1 msk=0x00000000 | SCISSOR 0,0..639,223 | TEST=0x000000000005008B | TEX0 tbp=0x0 tbw=8 psm=0x2C tw=512 th=512 tfx=0 | V0(1944.0,2027.0) V1(1953.0,2036.0) uv0(1416,360) uv1(1552,640) | XYOFFSET ofx=1728 ofy=1936 -> screen (216,91)..(225,100)
[p4:gs-sprite] #1007000 ctx=0 tme=1 abe=1 FRAME fbp=0x0 fbw=10 psm=0x1 msk=0x00000000 | SCISSOR 0,0..639,223 | TEST=0x000000000005008B | TEX0 tbp=0x0 tbw=8 psm=0x2C tw=512 th=512 tfx=0 | V0(1886.5,2013.0) V1(1893.5,2022.0) uv0(8008,8) uv1(8112,288) | XYOFFSET ofx=1728 ofy=1936 -> screen (158,77)..(165,86)
[p4:gs-sprite] #1007500 ctx=0 tme=1 abe=1 FRAME fbp=0x0 fbw=10 psm=0x1 msk=0x00000000 | SCISSOR 0,0..639,223 | TEST=0x000000000005008B | TEX0 tbp=0x0 tbw=8 psm=0x2C tw=512 th=512 tfx=0 | V0(1950.5,2055.0) V1(1958.5,2064.0) uv0(1288,360) uv1(1408,640) | XYOFFSET ofx=1728 ofy=1936 -> screen (222,119)..(230,128)
[p4:gs-sprite] #1008000 ctx=0 tme=1 abe=1 FRAME fbp=0x0 fbw=10 psm=0x1 msk=0x00000000 | SCISSOR 0,0..639,223 | TEST=0x000000000005008B | TEX0 tbp=0x0 tbw=8 psm=0x2C tw=512 th=512 tfx=0 | V0(2112.0,2027.0) V1(2117.0,2036.0) uv0(1784,360) uv1(1856,640) | XYOFFSET ofx=1728 ofy=1936 -> screen (384,91)..(389,100)
[p4:clut] samples=453500000 nonzero=172577703 (38.05%) u=[0..507] v=[0..255] distinctIdx=256 topNonZeroIdx=0x03(47861085) psm=0x2C tbp0=0x0 tbw=8 cbp=0x3B40 csa=0
[p4:gs-sprite] #1008500 ctx=0 tme=1 abe=1 FRAME fbp=0x0 fbw=10 psm=0x1 msk=0x00000000 | SCISSOR 0,0..639,223 | TEST=0x000000000005008B | TEX0 tbp=0x0 tbw=8 psm=0x2C tw=512 th=512 tfx=0 | V0(2066.5,2013.0) V1(2074.5,2024.0) uv0(2584,360) uv1(2704,704) | XYOFFSET ofx=1728 ofy=1936 -> screen (338,77)..(346,88)
[p4:gs-sprite] #1009000 ctx=0 tme=1 abe=1 FRAME fbp=0x0 fbw=10 psm=0x1 msk=0x00000000 | SCISSOR 0,0..639,223 | TEST=0x000000000005008B | TEX0 tbp=0x0 tbw=8 psm=0x2C tw=512 th=512 tfx=0 | V0(2144.5,2055.0) V1(2152.5,2066.0) uv0(2584,360) uv1(2704,704) | XYOFFSET ofx=1728 ofy=1936 -> screen (416,119)..(424,130)
[p4:gs-sprite] #1009500 ctx=0 tme=1 abe=1 FRAME fbp=0x0 fbw=10 psm=0x1 msk=0x00000000 | SCISSOR 0,0..639,223 | TEST=0x000000000005008B | TEX0 tbp=0x0 tbw=8 psm=0x2C tw=512 th=512 tfx=0 | V0(1939.0,2041.0) V1(1942.0,2050.0) uv0(872,360) uv1(912,640) | XYOFFSET ofx=1728 ofy=1936 -> screen (211,105)..(214,114)
[p4:gs-sprite] #1010000 ctx=0 tme=1 abe=1 FRAME fbp=0x0 fbw=10 psm=0x1 msk=0x00000000 | SCISSOR 0,0..639,223 | TEST=0x000000000005008B | TEX0 tbp=0x0 tbw=8 psm=0x2C tw=512 th=512 tfx=0 | V0(2235.5,2013.0) V1(2243.5,2022.0) uv0(1288,360) uv1(1408,640) | XYOFFSET ofx=1728 ofy=1936 -> screen (507,77)..(515,86)
[p4:clut] samples=454000000 nonzero=172774597 (38.06%) u=[0..507] v=[0..255] distinctIdx=256 topNonZeroIdx=0x03(47950938) psm=0x2C tbp0=0x0 tbw=8 cbp=0x3B40 csa=0
[p4:gs-sprite] #1010500 ctx=0 tme=1 abe=1 FRAME fbp=0x0 fbw=10 psm=0x1 msk=0x00000000 | SCISSOR 0,0..639,223 | TEST=0x000000000005008B | TEX0 tbp=0x0 tbw=8 psm=0x2C tw=512 th=512 tfx=0 | V0(2060.5,2069.0) V1(2081.5,2079.5) uv0(5112,1432) uv1(5440,1760) | XYOFFSET ofx=1728 ofy=1936 -> screen (332,133)..(353,143)
[p4:gs-sprite] #1011000 ctx=0 tme=1 abe=1 FRAME fbp=0x0 fbw=10 psm=0x1 msk=0x00000000 | SCISSOR 0,0..639,223 | TEST=0x000000000005008B | TEX0 tbp=0x0 tbw=8 psm=0x2C tw=512 th=512 tfx=0 | V0(2124.0,2041.0) V1(2130.0,2050.0) uv0(1960,360) uv1(2048,640) | XYOFFSET ofx=1728 ofy=1936 -> screen (396,105)..(402,114)
[p4:gs-sprite] #1011500 ctx=0 tme=1 abe=1 FRAME fbp=0x0 fbw=10 psm=0x1 msk=0x00000000 | SCISSOR 0,0..639,223 | TEST=0x000000000005008B | TEX0 tbp=0x0 tbw=8 psm=0x2C tw=512 th=512 tfx=0 | V0(2001.0,2027.0) V1(2006.0,2036.0) uv0(1784,360) uv1(1856,640) | XYOFFSET ofx=1728 ofy=1936 -> screen (273,91)..(278,100)
[p4:gs-sprite] #1012000 ctx=0 tme=1 abe=1 FRAME fbp=0x0 fbw=10 psm=0x1 msk=0x00000000 | SCISSOR 0,0..639,223 | TEST=0x000000000005008B | TEX0 tbp=0x0 tbw=8 psm=0x2C tw=512 th=512 tfx=0 | V0(1956.5,2013.0) V1(1964.5,2022.0) uv0(744,360) uv1(864,640) | XYOFFSET ofx=1728 ofy=1936 -> screen (228,77)..(236,86)
[p4:clut] samples=454500000 nonzero=172971425 (38.06%) u=[0..507] v=[0..255] distinctIdx=256 topNonZeroIdx=0x03(48040727) psm=0x2C tbp0=0x0 tbw=8 cbp=0x3B40 csa=0
[p4:gs-sprite] #1012500 ctx=0 tme=1 abe=1 FRAME fbp=0x0 fbw=10 psm=0x1 msk=0x00000000 | SCISSOR 0,0..639,223 | TEST=0x000000000005008B | TEX0 tbp=0x0 tbw=8 psm=0x2C tw=512 th=512 tfx=0 | V0(2018.5,2055.0) V1(2023.5,2064.0) uv0(1784,360) uv1(1856,640) | XYOFFSET ofx=1728 ofy=1936 -> screen (290,119)..(295,128)
[p4:gs-sprite] #1013000 ctx=0 tme=1 abe=1 FRAME fbp=0x0 fbw=10 psm=0x1 msk=0x00000000 | SCISSOR 0,0..639,223 | TEST=0x000000000005008B | TEX0 tbp=0x0 tbw=8 psm=0x2C tw=512 th=512 tfx=0 | V0(2164.0,2027.0) V1(2172.0,2036.0) uv0(6184,8) uv1(6304,288) | XYOFFSET ofx=1728 ofy=1936 -> screen (436,91)..(444,100)
[p4:gs-sprite] #1013500 ctx=0 tme=1 abe=1 FRAME fbp=0x0 fbw=10 psm=0x1 msk=0x00000000 | SCISSOR 0,0..639,223 | TEST=0x000000000005008B | TEX0 tbp=0x0 tbw=8 psm=0x2C tw=512 th=512 tfx=0 | V0(2124.5,2013.0) V1(2132.5,2022.0) uv0(488,360) uv1(608,640) | XYOFFSET ofx=1728 ofy=1936 -> screen (396,77)..(404,86)
[p4:clut] samples=455000000 nonzero=173167859 (38.06%) u=[0..507] v=[0..255] distinctIdx=256 topNonZeroIdx=0x03(48130335) psm=0x2C tbp0=0x0 tbw=8 cbp=0x3B40 csa=0
[p4:gs-sprite] #1014000 ctx=0 tme=1 abe=1 FRAME fbp=0x0 fbw=10 psm=0x1 msk=0x00000000 | SCISSOR 0,0..639,223 | TEST=0x000000000005008B | TEX0 tbp=0x0 tbw=8 psm=0x2C tw=512 th=512 tfx=0 | V0(2202.5,2055.0) V1(2210.5,2064.0) uv0(488,360) uv1(608,640) | XYOFFSET ofx=1728 ofy=1936 -> screen (474,119)..(482,128)
[p4:gs-sprite] #1014500 ctx=0 tme=1 abe=1 FRAME fbp=0x0 fbw=10 psm=0x1 msk=0x00000000 | SCISSOR 0,0..639,223 | TEST=0x000000000005008B | TEX0 tbp=0x0 tbw=8 psm=0x2C tw=512 th=512 tfx=0 | V0(1998.0,2041.0) V1(2008.0,2050.0) uv0(5592,8) uv1(5744,288) | XYOFFSET ofx=1728 ofy=1936 -> screen (270,105)..(280,114)
[p4:gs-sprite] #1015000 ctx=0 tme=1 abe=1 FRAME fbp=0x0 fbw=10 psm=0x1 msk=0x00000000 | SCISSOR 0,0..639,223 | TEST=0x000000000005008B | TEX0 tbp=0x0 tbw=8 psm=0x2C tw=512 th=512 tfx=0 | V0(1881.0,2027.0) V1(1889.0,2036.0) uv0(744,360) uv1(864,640) | XYOFFSET ofx=1728 ofy=1936 -> screen (153,91)..(161,100)
[p4:gs-sprite] #1015500 ctx=0 tme=0 abe=0 FRAME fbp=0x0 fbw=10 psm=0x1 msk=0x00000000 | SCISSOR 0,0..639,223 | TEST=0x000000000005008B | TEX0 tbp=0x0 tbw=0 psm=0x0 tw=1 th=1 tfx=0 | V0(1829.0,2007.0) V1(2267.0,2087.0) uv0(0,0) uv1(0,0) | XYOFFSET ofx=1728 ofy=1936 -> screen (101,71)..(539,151)
[p4:clut] samples=455500000 nonzero=173364372 (38.06%) u=[0..507] v=[0..255] distinctIdx=256 topNonZeroIdx=0x03(48219955) psm=0x2C tbp0=0x0 tbw=8 cbp=0x3B40 csa=0
[p4:gs-sprite] #1016000 ctx=0 tme=1 abe=1 FRAME fbp=0x0 fbw=10 psm=0x1 msk=0x00000000 | SCISSOR 0,0..639,223 | TEST=0x000000000005008B | TEX0 tbp=0x0 tbw=8 psm=0x2C tw=512 th=512 tfx=0 | V0(1888.5,2055.0) V1(1896.5,2066.0) uv0(2584,360) uv1(2704,704) | XYOFFSET ofx=1728 ofy=1936 -> screen (160,119)..(168,130)
[p4:gs-sprite] #1016500 ctx=0 tme=1 abe=1 FRAME fbp=0x0 fbw=10 psm=0x1 msk=0x00000000 | SCISSOR 0,0..639,223 | TEST=0x000000000005008B | TEX0 tbp=0x0 tbw=8 psm=0x2C tw=512 th=512 tfx=0 | V0(2057.0,2027.0) V1(2066.0,2036.0) uv0(3912,8) uv1(4048,288) | XYOFFSET ofx=1728 ofy=1936 -> screen (329,91)..(338,100)
[p4:gs-sprite] #1017000 ctx=0 tme=1 abe=1 FRAME fbp=0x0 fbw=10 psm=0x1 msk=0x00000000 | SCISSOR 0,0..639,223 | TEST=0x000000000005008B | TEX0 tbp=0x0 tbw=8 psm=0x2C tw=512 th=512 tfx=0 | V0(2017.5,2013.0) V1(2024.5,2022.0) uv0(2056,360) uv1(2160,640) | XYOFFSET ofx=1728 ofy=1936 -> screen (289,77)..(296,86)
[p4:gs-sprite] #1017500 ctx=0 tme=1 abe=1 FRAME fbp=0x0 fbw=10 psm=0x1 msk=0x00000000 | SCISSOR 0,0..639,223 | TEST=0x000000000005008B | TEX0 tbp=0x0 tbw=8 psm=0x2C tw=512 th=512 tfx=0 | V0(2073.5,2055.0) V1(2080.5,2064.0) uv0(8008,8) uv1(8112,288) | XYOFFSET ofx=1728 ofy=1936 -> screen (345,119)..(352,128)
[p4:clut] samples=456000000 nonzero=173561036 (38.06%) u=[0..507] v=[0..255] distinctIdx=256 topNonZeroIdx=0x03(48309680) psm=0x2C tbp0=0x0 tbw=8 cbp=0x3B40 csa=0
[p4:gs-sprite] #1018000 ctx=0 tme=1 abe=1 FRAME fbp=0x0 fbw=10 psm=0x1 msk=0x00000000 | SCISSOR 0,0..639,223 | TEST=0x000000000005008B | TEX0 tbp=0x0 tbw=8 psm=0x2C tw=512 th=512 tfx=0 | V0(2204.0,2027.0) V1(2213.0,2036.0) uv0(1416,360) uv1(1552,640) | XYOFFSET ofx=1728 ofy=1936 -> screen (476,91)..(485,100)
[p4:gs-sprite] #1018500 ctx=0 tme=1 abe=1 FRAME fbp=0x0 fbw=10 psm=0x1 msk=0x00000000 | SCISSOR 0,0..639,223 | TEST=0x000000000005008B | TEX0 tbp=0x0 tbw=8 psm=0x2C tw=512 th=512 tfx=0 | V0(2177.5,2013.0) V1(2184.5,2022.0) uv0(8008,8) uv1(8112,288) | XYOFFSET ofx=1728 ofy=1936 -> screen (449,77)..(456,86)
[p4:gs-sprite] #1019000 ctx=0 tme=1 abe=1 FRAME fbp=0x0 fbw=10 psm=0x1 msk=0x00000000 | SCISSOR 0,0..639,223 | TEST=0x000000000005008B | TEX0 tbp=0x0 tbw=8 psm=0x2C tw=512 th=512 tfx=0 | V0(1973.5,2069.0) V1(1991.5,2079.0) uv0(3368,1096) uv1(3648,1408) | XYOFFSET ofx=1728 ofy=1936 -> screen (245,133)..(263,143)
[p4:gs-sprite] #1019500 ctx=0 tme=1 abe=1 FRAME fbp=0x0 fbw=10 psm=0x1 msk=0x00000000 | SCISSOR 0,0..639,223 | TEST=0x000000000005008B | TEX0 tbp=0x0 tbw=8 psm=0x2C tw=512 th=512 tfx=0 | V0(2066.0,2041.0) V1(2075.0,2050.0) uv0(6040,8) uv1(6176,288) | XYOFFSET ofx=1728 ofy=1936 -> screen (338,105)..(347,114)
[p4:clut] samples=456500000 nonzero=173757988 (38.06%) u=[0..507] v=[0..255] distinctIdx=256 topNonZeroIdx=0x03(48399622) psm=0x2C tbp0=0x0 tbw=8 cbp=0x3B40 csa=0
[p4:gs-sprite] #1020000 ctx=0 tme=1 abe=1 FRAME fbp=0x0 fbw=10 psm=0x1 msk=0x00000000 | SCISSOR 0,0..639,223 | TEST=0x000000000005008B | TEX0 tbp=0x0 tbw=8 psm=0x2C tw=512 th=512 tfx=0 | V0(1944.0,2027.0) V1(1953.0,2036.0) uv0(1416,360) uv1(1552,640) | XYOFFSET ofx=1728 ofy=1936 -> screen (216,91)..(225,100)
[p4:gs-sprite] #1020500 ctx=0 tme=1 abe=1 FRAME fbp=0x0 fbw=10 psm=0x1 msk=0x00000000 | SCISSOR 0,0..639,223 | TEST=0x000000000005008B | TEX0 tbp=0x0 tbw=8 psm=0x2C tw=512 th=512 tfx=0 | V0(1886.5,2013.0) V1(1893.5,2022.0) uv0(8008,8) uv1(8112,288) | XYOFFSET ofx=1728 ofy=1936 -> screen (158,77)..(165,86)
[p4:gs-sprite] #1021000 ctx=0 tme=1 abe=1 FRAME fbp=0x0 fbw=10 psm=0x1 msk=0x00000000 | SCISSOR 0,0..639,223 | TEST=0x000000000005008B | TEX0 tbp=0x0 tbw=8 psm=0x2C tw=512 th=512 tfx=0 | V0(1950.5,2055.0) V1(1958.5,2064.0) uv0(1288,360) uv1(1408,640) | XYOFFSET ofx=1728 ofy=1936 -> screen (222,119)..(230,128)
[p4:clut] samples=457000000 nonzero=173954622 (38.06%) u=[0..507] v=[0..255] distinctIdx=256 topNonZeroIdx=0x03(48489266) psm=0x2C tbp0=0x0 tbw=8 cbp=0x3B40 csa=0
[p4:gs-sprite] #1021500 ctx=0 tme=1 abe=1 FRAME fbp=0x0 fbw=10 psm=0x1 msk=0x00000000 | SCISSOR 0,0..639,223 | TEST=0x000000000005008B | TEX0 tbp=0x0 tbw=8 psm=0x2C tw=512 th=512 tfx=0 | V0(2112.0,2027.0) V1(2117.0,2036.0) uv0(1784,360) uv1(1856,640) | XYOFFSET ofx=1728 ofy=1936 -> screen (384,91)..(389,100)
[p4:gs-sprite] #1022000 ctx=0 tme=1 abe=1 FRAME fbp=0x0 fbw=10 psm=0x1 msk=0x00000000 | SCISSOR 0,0..639,223 | TEST=0x000000000005008B | TEX0 tbp=0x0 tbw=8 psm=0x2C tw=512 th=512 tfx=0 | V0(2066.5,2013.0) V1(2074.5,2024.0) uv0(2584,360) uv1(2704,704) | XYOFFSET ofx=1728 ofy=1936 -> screen (338,77)..(346,88)
[p4:gs-sprite] #1022500 ctx=0 tme=1 abe=1 FRAME fbp=0x0 fbw=10 psm=0x1 msk=0x00000000 | SCISSOR 0,0..639,223 | TEST=0x000000000005008B | TEX0 tbp=0x0 tbw=8 psm=0x2C tw=512 th=512 tfx=0 | V0(2144.5,2055.0) V1(2152.5,2066.0) uv0(2584,360) uv1(2704,704) | XYOFFSET ofx=1728 ofy=1936 -> screen (416,119)..(424,130)
[p4:vbl] ticks=13800
[p4:gs-sprite] #1023000 ctx=0 tme=1 abe=1 FRAME fbp=0x0 fbw=10 psm=0x1 msk=0x00000000 | SCISSOR 0,0..639,223 | TEST=0x000000000005008B | TEX0 tbp=0x0 tbw=8 psm=0x2C tw=512 th=512 tfx=0 | V0(1939.0,2041.0) V1(1942.0,2050.0) uv0(872,360) uv1(912,640) | XYOFFSET ofx=1728 ofy=1936 -> screen (211,105)..(214,114)
[p4:clut] samples=457500000 nonzero=174151045 (38.07%) u=[0..507] v=[0..255] distinctIdx=256 topNonZeroIdx=0x03(48578882) psm=0x2C tbp0=0x0 tbw=8 cbp=0x3B40 csa=0
[p4:gs-sprite] #1023500 ctx=0 tme=1 abe=1 FRAME fbp=0x0 fbw=10 psm=0x1 msk=0x00000000 | SCISSOR 0,0..639,223 | TEST=0x000000000005008B | TEX0 tbp=0x0 tbw=8 psm=0x2C tw=512 th=512 tfx=0 | V0(2235.5,2013.0) V1(2243.5,2022.0) uv0(1288,360) uv1(1408,640) | XYOFFSET ofx=1728 ofy=1936 -> screen (507,77)..(515,86)
[p4:gs-sprite] #1024000 ctx=0 tme=1 abe=1 FRAME fbp=0x0 fbw=10 psm=0x1 msk=0x00000000 | SCISSOR 0,0..639,223 | TEST=0x000000000005008B | TEX0 tbp=0x0 tbw=8 psm=0x2C tw=512 th=512 tfx=0 | V0(2060.5,2069.0) V1(2081.5,2079.5) uv0(5112,1432) uv1(5440,1760) | XYOFFSET ofx=1728 ofy=1936 -> screen (332,133)..(353,143)
[p4:gs-sprite] #1024500 ctx=0 tme=1 abe=1 FRAME fbp=0x0 fbw=10 psm=0x1 msk=0x00000000 | SCISSOR 0,0..639,223 | TEST=0x000000000005008B | TEX0 tbp=0x0 tbw=8 psm=0x2C tw=512 th=512 tfx=0 | V0(2124.0,2041.0) V1(2130.0,2050.0) uv0(1960,360) uv1(2048,640) | XYOFFSET ofx=1728 ofy=1936 -> screen (396,105)..(402,114)
[p4:gs-sprite] #1025000 ctx=0 tme=1 abe=1 FRAME fbp=0x0 fbw=10 psm=0x1 msk=0x00000000 | SCISSOR 0,0..639,223 | TEST=0x000000000005008B | TEX0 tbp=0x0 tbw=8 psm=0x2C tw=512 th=512 tfx=0 | V0(2001.0,2027.0) V1(2006.0,2036.0) uv0(1784,360) uv1(1856,640) | XYOFFSET ofx=1728 ofy=1936 -> screen (273,91)..(278,100)
[p4:clut] samples=458000000 nonzero=174347725 (38.07%) u=[0..507] v=[0..255] distinctIdx=256 topNonZeroIdx=0x03(48668617) psm=0x2C tbp0=0x0 tbw=8 cbp=0x3B40 csa=0
[p4:gs-sprite] #1025500 ctx=0 tme=1 abe=1 FRAME fbp=0x0 fbw=10 psm=0x1 msk=0x00000000 | SCISSOR 0,0..639,223 | TEST=0x000000000005008B | TEX0 tbp=0x0 tbw=8 psm=0x2C tw=512 th=512 tfx=0 | V0(1956.5,2013.0) V1(1964.5,2022.0) uv0(744,360) uv1(864,640) | XYOFFSET ofx=1728 ofy=1936 -> screen (228,77)..(236,86)
[p4:gs-sprite] #1026000 ctx=0 tme=1 abe=1 FRAME fbp=0x0 fbw=10 psm=0x1 msk=0x00000000 | SCISSOR 0,0..639,223 | TEST=0x000000000005008B | TEX0 tbp=0x0 tbw=8 psm=0x2C tw=512 th=512 tfx=0 | V0(2018.5,2055.0) V1(2023.5,2064.0) uv0(1784,360) uv1(1856,640) | XYOFFSET ofx=1728 ofy=1936 -> screen (290,119)..(295,128)
[p4:gs-sprite] #1026500 ctx=0 tme=1 abe=1 FRAME fbp=0x0 fbw=10 psm=0x1 msk=0x00000000 | SCISSOR 0,0..639,223 | TEST=0x000000000005008B | TEX0 tbp=0x0 tbw=8 psm=0x2C tw=512 th=512 tfx=0 | V0(2164.0,2027.0) V1(2172.0,2036.0) uv0(6184,8) uv1(6304,288) | XYOFFSET ofx=1728 ofy=1936 -> screen (436,91)..(444,100)
[p4:clut] samples=458500000 nonzero=174544549 (38.07%) u=[0..507] v=[0..255] distinctIdx=256 topNonZeroIdx=0x03(48758408) psm=0x2C tbp0=0x0 tbw=8 cbp=0x3B40 csa=0
[p4:gs-sprite] #1027000 ctx=0 tme=1 abe=1 FRAME fbp=0x0 fbw=10 psm=0x1 msk=0x00000000 | SCISSOR 0,0..639,223 | TEST=0x000000000005008B | TEX0 tbp=0x0 tbw=8 psm=0x2C tw=512 th=512 tfx=0 | V0(2124.5,2013.0) V1(2132.5,2022.0) uv0(488,360) uv1(608,640) | XYOFFSET ofx=1728 ofy=1936 -> screen (396,77)..(404,86)
[p4:gs-sprite] #1027500 ctx=0 tme=1 abe=1 FRAME fbp=0x0 fbw=10 psm=0x1 msk=0x00000000 | SCISSOR 0,0..639,223 | TEST=0x000000000005008B | TEX0 tbp=0x0 tbw=8 psm=0x2C tw=512 th=512 tfx=0 | V0(2202.5,2055.0) V1(2210.5,2064.0) uv0(488,360) uv1(608,640) | XYOFFSET ofx=1728 ofy=1936 -> screen (474,119)..(482,128)
[p4:gs-sprite] #1028000 ctx=0 tme=1 abe=1 FRAME fbp=0x0 fbw=10 psm=0x1 msk=0x00000000 | SCISSOR 0,0..639,223 | TEST=0x000000000005008B | TEX0 tbp=0x0 tbw=8 psm=0x2C tw=512 th=512 tfx=0 | V0(1998.0,2041.0) V1(2008.0,2050.0) uv0(5592,8) uv1(5744,288) | XYOFFSET ofx=1728 ofy=1936 -> screen (270,105)..(280,114)
[p4:gs-sprite] #1028500 ctx=0 tme=1 abe=1 FRAME fbp=0x0 fbw=10 psm=0x1 msk=0x00000000 | SCISSOR 0,0..639,223 | TEST=0x000000000005008B | TEX0 tbp=0x0 tbw=8 psm=0x2C tw=512 th=512 tfx=0 | V0(1881.0,2027.0) V1(1889.0,2036.0) uv0(744,360) uv1(864,640) | XYOFFSET ofx=1728 ofy=1936 -> screen (153,91)..(161,100)
[p4:clut] samples=459000000 nonzero=174741403 (38.07%) u=[0..507] v=[0..255] distinctIdx=256 topNonZeroIdx=0x03(48848260) psm=0x2C tbp0=0x0 tbw=8 cbp=0x3B40 csa=0
[p4:gs-sprite] #1029000 ctx=0 tme=0 abe=0 FRAME fbp=0x0 fbw=10 psm=0x1 msk=0x00000000 | SCISSOR 0,0..639,223 | TEST=0x000000000005008B | TEX0 tbp=0x0 tbw=0 psm=0x0 tw=1 th=1 tfx=0 | V0(1829.0,2007.0) V1(2267.0,2087.0) uv0(0,0) uv1(0,0) | XYOFFSET ofx=1728 ofy=1936 -> screen (101,71)..(539,151)
[p4:gs-sprite] #1029500 ctx=0 tme=1 abe=1 FRAME fbp=0x0 fbw=10 psm=0x1 msk=0x00000000 | SCISSOR 0,0..639,223 | TEST=0x000000000005008B | TEX0 tbp=0x0 tbw=8 psm=0x2C tw=512 th=512 tfx=0 | V0(1888.5,2055.0) V1(1896.5,2066.0) uv0(2584,360) uv1(2704,704) | XYOFFSET ofx=1728 ofy=1936 -> screen (160,119)..(168,130)
[p4:gs-sprite] #1030000 ctx=0 tme=1 abe=1 FRAME fbp=0x0 fbw=10 psm=0x1 msk=0x00000000 | SCISSOR 0,0..639,223 | TEST=0x000000000005008B | TEX0 tbp=0x0 tbw=8 psm=0x2C tw=512 th=512 tfx=0 | V0(2057.0,2027.0) V1(2066.0,2036.0) uv0(3912,8) uv1(4048,288) | XYOFFSET ofx=1728 ofy=1936 -> screen (329,91)..(338,100)
[p4:gs-sprite] #1030500 ctx=0 tme=1 abe=1 FRAME fbp=0x0 fbw=10 psm=0x1 msk=0x00000000 | SCISSOR 0,0..639,223 | TEST=0x000000000005008B | TEX0 tbp=0x0 tbw=8 psm=0x2C tw=512 th=512 tfx=0 | V0(2017.5,2013.0) V1(2024.5,2022.0) uv0(2056,360) uv1(2160,640) | XYOFFSET ofx=1728 ofy=1936 -> screen (289,77)..(296,86)
[p4:clut] samples=459500000 nonzero=174937855 (38.07%) u=[0..507] v=[0..255] distinctIdx=256 topNonZeroIdx=0x03(48937895) psm=0x2C tbp0=0x0 tbw=8 cbp=0x3B40 csa=0
[p4:gs-sprite] #1031000 ctx=0 tme=1 abe=1 FRAME fbp=0x0 fbw=10 psm=0x1 msk=0x00000000 | SCISSOR 0,0..639,223 | TEST=0x000000000005008B | TEX0 tbp=0x0 tbw=8 psm=0x2C tw=512 th=512 tfx=0 | V0(2073.5,2055.0) V1(2080.5,2064.0) uv0(8008,8) uv1(8112,288) | XYOFFSET ofx=1728 ofy=1936 -> screen (345,119)..(352,128)
[p4:gs-sprite] #1031500 ctx=0 tme=1 abe=1 FRAME fbp=0x0 fbw=10 psm=0x1 msk=0x00000000 | SCISSOR 0,0..639,223 | TEST=0x000000000005008B | TEX0 tbp=0x0 tbw=8 psm=0x2C tw=512 th=512 tfx=0 | V0(2204.0,2027.0) V1(2213.0,2036.0) uv0(1416,360) uv1(1552,640) | XYOFFSET ofx=1728 ofy=1936 -> screen (476,91)..(485,100)
[p4:gs-sprite] #1032000 ctx=0 tme=1 abe=1 FRAME fbp=0x0 fbw=10 psm=0x1 msk=0x00000000 | SCISSOR 0,0..639,223 | TEST=0x000000000005008B | TEX0 tbp=0x0 tbw=8 psm=0x2C tw=512 th=512 tfx=0 | V0(2177.5,2013.0) V1(2184.5,2022.0) uv0(8008,8) uv1(8112,288) | XYOFFSET ofx=1728 ofy=1936 -> screen (449,77)..(456,86)
[p4:gs-sprite] #1032500 ctx=0 tme=1 abe=1 FRAME fbp=0x0 fbw=10 psm=0x1 msk=0x00000000 | SCISSOR 0,0..639,223 | TEST=0x000000000005008B | TEX0 tbp=0x0 tbw=8 psm=0x2C tw=512 th=512 tfx=0 | V0(1973.5,2069.0) V1(1991.5,2079.0) uv0(3368,1096) uv1(3648,1408) | XYOFFSET ofx=1728 ofy=1936 -> screen (245,133)..(263,143)
[p4:clut] samples=460000000 nonzero=175134350 (38.07%) u=[0..507] v=[0..255] distinctIdx=256 topNonZeroIdx=0x03(49027497) psm=0x2C tbp0=0x0 tbw=8 cbp=0x3B40 csa=0
[p4:gs-sprite] #1033000 ctx=0 tme=1 abe=1 FRAME fbp=0x0 fbw=10 psm=0x1 msk=0x00000000 | SCISSOR 0,0..639,223 | TEST=0x000000000005008B | TEX0 tbp=0x0 tbw=8 psm=0x2C tw=512 th=512 tfx=0 | V0(2066.0,2041.0) V1(2075.0,2050.0) uv0(6040,8) uv1(6176,288) | XYOFFSET ofx=1728 ofy=1936 -> screen (338,105)..(347,114)
[p4:gs-sprite] #1033500 ctx=0 tme=1 abe=1 FRAME fbp=0x0 fbw=10 psm=0x1 msk=0x00000000 | SCISSOR 0,0..639,223 | TEST=0x000000000005008B | TEX0 tbp=0x0 tbw=8 psm=0x2C tw=512 th=512 tfx=0 | V0(1944.0,2027.0) V1(1953.0,2036.0) uv0(1416,360) uv1(1552,640) | XYOFFSET ofx=1728 ofy=1936 -> screen (216,91)..(225,100)
[p4:gs-sprite] #1034000 ctx=0 tme=1 abe=1 FRAME fbp=0x0 fbw=10 psm=0x1 msk=0x00000000 | SCISSOR 0,0..639,223 | TEST=0x000000000005008B | TEX0 tbp=0x0 tbw=8 psm=0x2C tw=512 th=512 tfx=0 | V0(1886.5,2013.0) V1(1893.5,2022.0) uv0(8008,8) uv1(8112,288) | XYOFFSET ofx=1728 ofy=1936 -> screen (158,77)..(165,86)
[p4:clut] samples=460500000 nonzero=175331042 (38.07%) u=[0..507] v=[0..255] distinctIdx=256 topNonZeroIdx=0x03(49117238) psm=0x2C tbp0=0x0 tbw=8 cbp=0x3B40 csa=0
[p4:gs-sprite] #1034500 ctx=0 tme=1 abe=1 FRAME fbp=0x0 fbw=10 psm=0x1 msk=0x00000000 | SCISSOR 0,0..639,223 | TEST=0x000000000005008B | TEX0 tbp=0x0 tbw=8 psm=0x2C tw=512 th=512 tfx=0 | V0(1950.5,2055.0) V1(1958.5,2064.0) uv0(1288,360) uv1(1408,640) | XYOFFSET ofx=1728 ofy=1936 -> screen (222,119)..(230,128)
[p4:gs-sprite] #1035000 ctx=0 tme=1 abe=1 FRAME fbp=0x0 fbw=10 psm=0x1 msk=0x00000000 | SCISSOR 0,0..639,223 | TEST=0x000000000005008B | TEX0 tbp=0x0 tbw=8 psm=0x2C tw=512 th=512 tfx=0 | V0(2112.0,2027.0) V1(2117.0,2036.0) uv0(1784,360) uv1(1856,640) | XYOFFSET ofx=1728 ofy=1936 -> screen (384,91)..(389,100)
[p4:gs-sprite] #1035500 ctx=0 tme=1 abe=1 FRAME fbp=0x0 fbw=10 psm=0x1 msk=0x00000000 | SCISSOR 0,0..639,223 | TEST=0x000000000005008B | TEX0 tbp=0x0 tbw=8 psm=0x2C tw=512 th=512 tfx=0 | V0(2066.5,2013.0) V1(2074.5,2024.0) uv0(2584,360) uv1(2704,704) | XYOFFSET ofx=1728 ofy=1936 -> screen (338,77)..(346,88)
[p4:gs-sprite] #1036000 ctx=0 tme=1 abe=1 FRAME fbp=0x0 fbw=10 psm=0x1 msk=0x00000000 | SCISSOR 0,0..639,223 | TEST=0x000000000005008B | TEX0 tbp=0x0 tbw=8 psm=0x2C tw=512 th=512 tfx=0 | V0(2144.5,2055.0) V1(2152.5,2066.0) uv0(2584,360) uv1(2704,704) | XYOFFSET ofx=1728 ofy=1936 -> screen (416,119)..(424,130)
[p4:clut] samples=461000000 nonzero=175527960 (38.08%) u=[0..507] v=[0..255] distinctIdx=256 topNonZeroIdx=0x03(49207102) psm=0x2C tbp0=0x0 tbw=8 cbp=0x3B40 csa=0
[p4:gs-sprite] #1036500 ctx=0 tme=1 abe=1 FRAME fbp=0x0 fbw=10 psm=0x1 msk=0x00000000 | SCISSOR 0,0..639,223 | TEST=0x000000000005008B | TEX0 tbp=0x0 tbw=8 psm=0x2C tw=512 th=512 tfx=0 | V0(1939.0,2041.0) V1(1942.0,2050.0) uv0(872,360) uv1(912,640) | XYOFFSET ofx=1728 ofy=1936 -> screen (211,105)..(214,114)
[p4:gs-sprite] #1037000 ctx=0 tme=1 abe=1 FRAME fbp=0x0 fbw=10 psm=0x1 msk=0x00000000 | SCISSOR 0,0..639,223 | TEST=0x000000000005008B | TEX0 tbp=0x0 tbw=8 psm=0x2C tw=512 th=512 tfx=0 | V0(2235.5,2013.0) V1(2243.5,2022.0) uv0(1288,360) uv1(1408,640) | XYOFFSET ofx=1728 ofy=1936 -> screen (507,77)..(515,86)
[p4:gs-sprite] #1037500 ctx=0 tme=1 abe=1 FRAME fbp=0x0 fbw=10 psm=0x1 msk=0x00000000 | SCISSOR 0,0..639,223 | TEST=0x000000000005008B | TEX0 tbp=0x0 tbw=8 psm=0x2C tw=512 th=512 tfx=0 | V0(2060.5,2069.0) V1(2081.5,2079.5) uv0(5112,1432) uv1(5440,1760) | XYOFFSET ofx=1728 ofy=1936 -> screen (332,133)..(353,143)
[p4:gs-sprite] #1038000 ctx=0 tme=1 abe=1 FRAME fbp=0x0 fbw=10 psm=0x1 msk=0x00000000 | SCISSOR 0,0..639,223 | TEST=0x000000000005008B | TEX0 tbp=0x0 tbw=8 psm=0x2C tw=512 th=512 tfx=0 | V0(2124.0,2041.0) V1(2130.0,2050.0) uv0(1960,360) uv1(2048,640) | XYOFFSET ofx=1728 ofy=1936 -> screen (396,105)..(402,114)
[p4:clut] samples=461500000 nonzero=175724701 (38.08%) u=[0..507] v=[0..255] distinctIdx=256 topNonZeroIdx=0x03(49296840) psm=0x2C tbp0=0x0 tbw=8 cbp=0x3B40 csa=0
[p4:gs-sprite] #1038500 ctx=0 tme=1 abe=1 FRAME fbp=0x0 fbw=10 psm=0x1 msk=0x00000000 | SCISSOR 0,0..639,223 | TEST=0x000000000005008B | TEX0 tbp=0x0 tbw=8 psm=0x2C tw=512 th=512 tfx=0 | V0(2001.0,2027.0) V1(2006.0,2036.0) uv0(1784,360) uv1(1856,640) | XYOFFSET ofx=1728 ofy=1936 -> screen (273,91)..(278,100)
[p4:gs-sprite] #1039000 ctx=0 tme=1 abe=1 FRAME fbp=0x0 fbw=10 psm=0x1 msk=0x00000000 | SCISSOR 0,0..639,223 | TEST=0x000000000005008B | TEX0 tbp=0x0 tbw=8 psm=0x2C tw=512 th=512 tfx=0 | V0(1956.5,2013.0) V1(1964.5,2022.0) uv0(744,360) uv1(864,640) | XYOFFSET ofx=1728 ofy=1936 -> screen (228,77)..(236,86)
[p4:gs-sprite] #1039500 ctx=0 tme=1 abe=1 FRAME fbp=0x0 fbw=10 psm=0x1 msk=0x00000000 | SCISSOR 0,0..639,223 | TEST=0x000000000005008B | TEX0 tbp=0x0 tbw=8 psm=0x2C tw=512 th=512 tfx=0 | V0(2018.5,2055.0) V1(2023.5,2064.0) uv0(1784,360) uv1(1856,640) | XYOFFSET ofx=1728 ofy=1936 -> screen (290,119)..(295,128)
[p4:clut] samples=462000000 nonzero=175921195 (38.08%) u=[0..507] v=[0..255] distinctIdx=256 topNonZeroIdx=0x03(49386491) psm=0x2C tbp0=0x0 tbw=8 cbp=0x3B40 csa=0
[p4:gs-sprite] #1040000 ctx=0 tme=1 abe=1 FRAME fbp=0x0 fbw=10 psm=0x1 msk=0x00000000 | SCISSOR 0,0..639,223 | TEST=0x000000000005008B | TEX0 tbp=0x0 tbw=8 psm=0x2C tw=512 th=512 tfx=0 | V0(2164.0,2027.0) V1(2172.0,2036.0) uv0(6184,8) uv1(6304,288) | XYOFFSET ofx=1728 ofy=1936 -> screen (436,91)..(444,100)
[p4:gs-sprite] #1040500 ctx=0 tme=1 abe=1 FRAME fbp=0x0 fbw=10 psm=0x1 msk=0x00000000 | SCISSOR 0,0..639,223 | TEST=0x000000000005008B | TEX0 tbp=0x0 tbw=8 psm=0x2C tw=512 th=512 tfx=0 | V0(2124.5,2013.0) V1(2132.5,2022.0) uv0(488,360) uv1(608,640) | XYOFFSET ofx=1728 ofy=1936 -> screen (396,77)..(404,86)
[p4:gs-sprite] #1041000 ctx=0 tme=1 abe=1 FRAME fbp=0x0 fbw=10 psm=0x1 msk=0x00000000 | SCISSOR 0,0..639,223 | TEST=0x000000000005008B | TEX0 tbp=0x0 tbw=8 psm=0x2C tw=512 th=512 tfx=0 | V0(2202.5,2055.0) V1(2210.5,2064.0) uv0(488,360) uv1(608,640) | XYOFFSET ofx=1728 ofy=1936 -> screen (474,119)..(482,128)
[p4:gs-sprite] #1041500 ctx=0 tme=1 abe=1 FRAME fbp=0x0 fbw=10 psm=0x1 msk=0x00000000 | SCISSOR 0,0..639,223 | TEST=0x000000000005008B | TEX0 tbp=0x0 tbw=8 psm=0x2C tw=512 th=512 tfx=0 | V0(1998.0,2041.0) V1(2008.0,2050.0) uv0(5592,8) uv1(5744,288) | XYOFFSET ofx=1728 ofy=1936 -> screen (270,105)..(280,114)
[p4:clut] samples=462500000 nonzero=176117727 (38.08%) u=[0..507] v=[0..255] distinctIdx=256 topNonZeroIdx=0x03(49476120) psm=0x2C tbp0=0x0 tbw=8 cbp=0x3B40 csa=0
[p4:gs-sprite] #1042000 ctx=0 tme=1 abe=1 FRAME fbp=0x0 fbw=10 psm=0x1 msk=0x00000000 | SCISSOR 0,0..639,223 | TEST=0x000000000005008B | TEX0 tbp=0x0 tbw=8 psm=0x2C tw=512 th=512 tfx=0 | V0(1881.0,2027.0) V1(1889.0,2036.0) uv0(744,360) uv1(864,640) | XYOFFSET ofx=1728 ofy=1936 -> screen (153,91)..(161,100)
[p4:gs-sprite] #1042500 ctx=0 tme=0 abe=0 FRAME fbp=0x0 fbw=10 psm=0x1 msk=0x00000000 | SCISSOR 0,0..639,223 | TEST=0x000000000005008B | TEX0 tbp=0x0 tbw=0 psm=0x0 tw=1 th=1 tfx=0 | V0(1829.0,2007.0) V1(2267.0,2087.0) uv0(0,0) uv1(0,0) | XYOFFSET ofx=1728 ofy=1936 -> screen (101,71)..(539,151)
[p4:gs-sprite] #1043000 ctx=0 tme=1 abe=1 FRAME fbp=0x0 fbw=10 psm=0x1 msk=0x00000000 | SCISSOR 0,0..639,223 | TEST=0x000000000005008B | TEX0 tbp=0x0 tbw=8 psm=0x2C tw=512 th=512 tfx=0 | V0(1888.5,2055.0) V1(1896.5,2066.0) uv0(2584,360) uv1(2704,704) | XYOFFSET ofx=1728 ofy=1936 -> screen (160,119)..(168,130)
[p4:gs-sprite] #1043500 ctx=0 tme=1 abe=1 FRAME fbp=0x0 fbw=10 psm=0x1 msk=0x00000000 | SCISSOR 0,0..639,223 | TEST=0x000000000005008B | TEX0 tbp=0x0 tbw=8 psm=0x2C tw=512 th=512 tfx=0 | V0(2057.0,2027.0) V1(2066.0,2036.0) uv0(3912,8) uv1(4048,288) | XYOFFSET ofx=1728 ofy=1936 -> screen (329,91)..(338,100)
[p4:clut] samples=463000000 nonzero=176314375 (38.08%) u=[0..507] v=[0..255] distinctIdx=256 topNonZeroIdx=0x03(49565842) psm=0x2C tbp0=0x0 tbw=8 cbp=0x3B40 csa=0
[p4:gs-sprite] #1044000 ctx=0 tme=1 abe=1 FRAME fbp=0x0 fbw=10 psm=0x1 msk=0x00000000 | SCISSOR 0,0..639,223 | TEST=0x000000000005008B | TEX0 tbp=0x0 tbw=8 psm=0x2C tw=512 th=512 tfx=0 | V0(2017.5,2013.0) V1(2024.5,2022.0) uv0(2056,360) uv1(2160,640) | XYOFFSET ofx=1728 ofy=1936 -> screen (289,77)..(296,86)
[p4:gs-sprite] #1044500 ctx=0 tme=1 abe=1 FRAME fbp=0x0 fbw=10 psm=0x1 msk=0x00000000 | SCISSOR 0,0..639,223 | TEST=0x000000000005008B | TEX0 tbp=0x0 tbw=8 psm=0x2C tw=512 th=512 tfx=0 | V0(2073.5,2055.0) V1(2080.5,2064.0) uv0(8008,8) uv1(8112,288) | XYOFFSET ofx=1728 ofy=1936 -> screen (345,119)..(352,128)
[p4:gs-sprite] #1045000 ctx=0 tme=1 abe=1 FRAME fbp=0x0 fbw=10 psm=0x1 msk=0x00000000 | SCISSOR 0,0..639,223 | TEST=0x000000000005008B | TEX0 tbp=0x0 tbw=8 psm=0x2C tw=512 th=512 tfx=0 | V0(2204.0,2027.0) V1(2213.0,2036.0) uv0(1416,360) uv1(1552,640) | XYOFFSET ofx=1728 ofy=1936 -> screen (476,91)..(485,100)
[p4:gs-sprite] #1045500 ctx=0 tme=1 abe=1 FRAME fbp=0x0 fbw=10 psm=0x1 msk=0x00000000 | SCISSOR 0,0..639,223 | TEST=0x000000000005008B | TEX0 tbp=0x0 tbw=8 psm=0x2C tw=512 th=512 tfx=0 | V0(2177.5,2013.0) V1(2184.5,2022.0) uv0(8008,8) uv1(8112,288) | XYOFFSET ofx=1728 ofy=1936 -> screen (449,77)..(456,86)
[p4:clut] samples=463500000 nonzero=176511371 (38.08%) u=[0..507] v=[0..255] distinctIdx=256 topNonZeroIdx=0x03(49655796) psm=0x2C tbp0=0x0 tbw=8 cbp=0x3B40 csa=0
[p4:gs-sprite] #1046000 ctx=0 tme=1 abe=1 FRAME fbp=0x0 fbw=10 psm=0x1 msk=0x00000000 | SCISSOR 0,0..639,223 | TEST=0x000000000005008B | TEX0 tbp=0x0 tbw=8 psm=0x2C tw=512 th=512 tfx=0 | V0(1973.5,2069.0) V1(1991.5,2079.0) uv0(3368,1096) uv1(3648,1408) | XYOFFSET ofx=1728 ofy=1936 -> screen (245,133)..(263,143)
[p4:gs-sprite] #1046500 ctx=0 tme=1 abe=1 FRAME fbp=0x0 fbw=10 psm=0x1 msk=0x00000000 | SCISSOR 0,0..639,223 | TEST=0x000000000005008B | TEX0 tbp=0x0 tbw=8 psm=0x2C tw=512 th=512 tfx=0 | V0(2066.0,2041.0) V1(2075.0,2050.0) uv0(6040,8) uv1(6176,288) | XYOFFSET ofx=1728 ofy=1936 -> screen (338,105)..(347,114)
[p4:gs-sprite] #1047000 ctx=0 tme=1 abe=1 FRAME fbp=0x0 fbw=10 psm=0x1 msk=0x00000000 | SCISSOR 0,0..639,223 | TEST=0x000000000005008B | TEX0 tbp=0x0 tbw=8 psm=0x2C tw=512 th=512 tfx=0 | V0(1944.0,2027.0) V1(1953.0,2036.0) uv0(1416,360) uv1(1552,640) | XYOFFSET ofx=1728 ofy=1936 -> screen (216,91)..(225,100)
[p4:clut] samples=464000000 nonzero=176707871 (38.08%) u=[0..507] v=[0..255] distinctIdx=256 topNonZeroIdx=0x03(49745390) psm=0x2C tbp0=0x0 tbw=8 cbp=0x3B40 csa=0
[p4:gs-sprite] #1047500 ctx=0 tme=1 abe=1 FRAME fbp=0x0 fbw=10 psm=0x1 msk=0x00000000 | SCISSOR 0,0..639,223 | TEST=0x000000000005008B | TEX0 tbp=0x0 tbw=8 psm=0x2C tw=512 th=512 tfx=0 | V0(1886.5,2013.0) V1(1893.5,2022.0) uv0(8008,8) uv1(8112,288) | XYOFFSET ofx=1728 ofy=1936 -> screen (158,77)..(165,86)
[p4:gs-sprite] #1048000 ctx=0 tme=1 abe=1 FRAME fbp=0x0 fbw=10 psm=0x1 msk=0x00000000 | SCISSOR 0,0..639,223 | TEST=0x000000000005008B | TEX0 tbp=0x0 tbw=8 psm=0x2C tw=512 th=512 tfx=0 | V0(1950.5,2055.0) V1(1958.5,2064.0) uv0(1288,360) uv1(1408,640) | XYOFFSET ofx=1728 ofy=1936 -> screen (222,119)..(230,128)
[p4:vbl] ticks=14100
[p4:gs-sprite] #1048500 ctx=0 tme=1 abe=1 FRAME fbp=0x0 fbw=10 psm=0x1 msk=0x00000000 | SCISSOR 0,0..639,223 | TEST=0x000000000005008B | TEX0 tbp=0x0 tbw=8 psm=0x2C tw=512 th=512 tfx=0 | V0(2112.0,2027.0) V1(2117.0,2036.0) uv0(1784,360) uv1(1856,640) | XYOFFSET ofx=1728 ofy=1936 -> screen (384,91)..(389,100)
[p4:gs-sprite] #1049000 ctx=0 tme=1 abe=1 FRAME fbp=0x0 fbw=10 psm=0x1 msk=0x00000000 | SCISSOR 0,0..639,223 | TEST=0x000000000005008B | TEX0 tbp=0x0 tbw=8 psm=0x2C tw=512 th=512 tfx=0 | V0(2066.5,2013.0) V1(2074.5,2024.0) uv0(2584,360) uv1(2704,704) | XYOFFSET ofx=1728 ofy=1936 -> screen (338,77)..(346,88)
[p4:clut] samples=464500000 nonzero=176904397 (38.08%) u=[0..507] v=[0..255] distinctIdx=256 topNonZeroIdx=0x03(49835033) psm=0x2C tbp0=0x0 tbw=8 cbp=0x3B40 csa=0
[p4:gs-sprite] #1049500 ctx=0 tme=1 abe=1 FRAME fbp=0x0 fbw=10 psm=0x1 msk=0x00000000 | SCISSOR 0,0..639,223 | TEST=0x000000000005008B | TEX0 tbp=0x0 tbw=8 psm=0x2C tw=512 th=512 tfx=0 | V0(2144.5,2055.0) V1(2152.5,2066.0) uv0(2584,360) uv1(2704,704) | XYOFFSET ofx=1728 ofy=1936 -> screen (416,119)..(424,130)
[p4:gs-sprite] #1050000 ctx=0 tme=1 abe=1 FRAME fbp=0x0 fbw=10 psm=0x1 msk=0x00000000 | SCISSOR 0,0..639,223 | TEST=0x000000000005008B | TEX0 tbp=0x0 tbw=8 psm=0x2C tw=512 th=512 tfx=0 | V0(1939.0,2041.0) V1(1942.0,2050.0) uv0(872,360) uv1(912,640) | XYOFFSET ofx=1728 ofy=1936 -> screen (211,105)..(214,114)
[p4:gs-sprite] #1050500 ctx=0 tme=1 abe=1 FRAME fbp=0x0 fbw=10 psm=0x1 msk=0x00000000 | SCISSOR 0,0..639,223 | TEST=0x000000000005008B | TEX0 tbp=0x0 tbw=8 psm=0x2C tw=512 th=512 tfx=0 | V0(2235.5,2013.0) V1(2243.5,2022.0) uv0(1288,360) uv1(1408,640) | XYOFFSET ofx=1728 ofy=1936 -> screen (507,77)..(515,86)
[p4:gs-sprite] #1051000 ctx=0 tme=1 abe=1 FRAME fbp=0x0 fbw=10 psm=0x1 msk=0x00000000 | SCISSOR 0,0..639,223 | TEST=0x000000000005008B | TEX0 tbp=0x0 tbw=8 psm=0x2C tw=512 th=512 tfx=0 | V0(2060.5,2069.0) V1(2081.5,2079.5) uv0(5112,1432) uv1(5440,1760) | XYOFFSET ofx=1728 ofy=1936 -> screen (332,133)..(353,143)
[p4:clut] samples=465000000 nonzero=177101064 (38.09%) u=[0..507] v=[0..255] distinctIdx=256 topNonZeroIdx=0x03(49924764) psm=0x2C tbp0=0x0 tbw=8 cbp=0x3B40 csa=0
[p4:gs-sprite] #1051500 ctx=0 tme=1 abe=1 FRAME fbp=0x0 fbw=10 psm=0x1 msk=0x00000000 | SCISSOR 0,0..639,223 | TEST=0x000000000005008B | TEX0 tbp=0x0 tbw=8 psm=0x2C tw=512 th=512 tfx=0 | V0(2124.0,2041.0) V1(2130.0,2050.0) uv0(1960,360) uv1(2048,640) | XYOFFSET ofx=1728 ofy=1936 -> screen (396,105)..(402,114)
[p4:gs-sprite] #1052000 ctx=0 tme=1 abe=1 FRAME fbp=0x0 fbw=10 psm=0x1 msk=0x00000000 | SCISSOR 0,0..639,223 | TEST=0x000000000005008B | TEX0 tbp=0x0 tbw=8 psm=0x2C tw=512 th=512 tfx=0 | V0(2001.0,2027.0) V1(2006.0,2036.0) uv0(1784,360) uv1(1856,640) | XYOFFSET ofx=1728 ofy=1936 -> screen (273,91)..(278,100)
[p4:gs-sprite] #1052500 ctx=0 tme=1 abe=1 FRAME fbp=0x0 fbw=10 psm=0x1 msk=0x00000000 | SCISSOR 0,0..639,223 | TEST=0x000000000005008B | TEX0 tbp=0x0 tbw=8 psm=0x2C tw=512 th=512 tfx=0 | V0(1956.5,2013.0) V1(1964.5,2022.0) uv0(744,360) uv1(864,640) | XYOFFSET ofx=1728 ofy=1936 -> screen (228,77)..(236,86)
[p4:gs-sprite] #1053000 ctx=0 tme=1 abe=1 FRAME fbp=0x0 fbw=10 psm=0x1 msk=0x00000000 | SCISSOR 0,0..639,223 | TEST=0x000000000005008B | TEX0 tbp=0x0 tbw=8 psm=0x2C tw=512 th=512 tfx=0 | V0(2018.5,2055.0) V1(2023.5,2064.0) uv0(1784,360) uv1(1856,640) | XYOFFSET ofx=1728 ofy=1936 -> screen (290,119)..(295,128)
[p4:clut] samples=465500000 nonzero=177297967 (38.09%) u=[0..507] v=[0..255] distinctIdx=256 topNonZeroIdx=0x03(50014599) psm=0x2C tbp0=0x0 tbw=8 cbp=0x3B40 csa=0
[p4:gs-sprite] #1053500 ctx=0 tme=1 abe=1 FRAME fbp=0x0 fbw=10 psm=0x1 msk=0x00000000 | SCISSOR 0,0..639,223 | TEST=0x000000000005008B | TEX0 tbp=0x0 tbw=8 psm=0x2C tw=512 th=512 tfx=0 | V0(2164.0,2027.0) V1(2172.0,2036.0) uv0(6184,8) uv1(6304,288) | XYOFFSET ofx=1728 ofy=1936 -> screen (436,91)..(444,100)
[p4:gs-sprite] #1054000 ctx=0 tme=1 abe=1 FRAME fbp=0x0 fbw=10 psm=0x1 msk=0x00000000 | SCISSOR 0,0..639,223 | TEST=0x000000000005008B | TEX0 tbp=0x0 tbw=8 psm=0x2C tw=512 th=512 tfx=0 | V0(2124.5,2013.0) V1(2132.5,2022.0) uv0(488,360) uv1(608,640) | XYOFFSET ofx=1728 ofy=1936 -> screen (396,77)..(404,86)
[p4:gs-sprite] #1054500 ctx=0 tme=1 abe=1 FRAME fbp=0x0 fbw=10 psm=0x1 msk=0x00000000 | SCISSOR 0,0..639,223 | TEST=0x000000000005008B | TEX0 tbp=0x0 tbw=8 psm=0x2C tw=512 th=512 tfx=0 | V0(2202.5,2055.0) V1(2210.5,2064.0) uv0(488,360) uv1(608,640) | XYOFFSET ofx=1728 ofy=1936 -> screen (474,119)..(482,128)
[p4:clut] samples=466000000 nonzero=177494724 (38.09%) u=[0..507] v=[0..255] distinctIdx=256 topNonZeroIdx=0x03(50104393) psm=0x2C tbp0=0x0 tbw=8 cbp=0x3B40 csa=0
[p4:gs-sprite] #1055000 ctx=0 tme=1 abe=1 FRAME fbp=0x0 fbw=10 psm=0x1 msk=0x00000000 | SCISSOR 0,0..639,223 | TEST=0x000000000005008B | TEX0 tbp=0x0 tbw=8 psm=0x2C tw=512 th=512 tfx=0 | V0(1998.0,2041.0) V1(2008.0,2050.0) uv0(5592,8) uv1(5744,288) | XYOFFSET ofx=1728 ofy=1936 -> screen (270,105)..(280,114)
[p4:gs-sprite] #1055500 ctx=0 tme=1 abe=1 FRAME fbp=0x0 fbw=10 psm=0x1 msk=0x00000000 | SCISSOR 0,0..639,223 | TEST=0x000000000005008B | TEX0 tbp=0x0 tbw=8 psm=0x2C tw=512 th=512 tfx=0 | V0(1881.0,2027.0) V1(1889.0,2036.0) uv0(744,360) uv1(864,640) | XYOFFSET ofx=1728 ofy=1936 -> screen (153,91)..(161,100)
[p4:gs-sprite] #1056000 ctx=0 tme=0 abe=0 FRAME fbp=0x0 fbw=10 psm=0x1 msk=0x00000000 | SCISSOR 0,0..639,223 | TEST=0x000000000005008B | TEX0 tbp=0x0 tbw=0 psm=0x0 tw=1 th=1 tfx=0 | V0(1829.0,2007.0) V1(2267.0,2087.0) uv0(0,0) uv1(0,0) | XYOFFSET ofx=1728 ofy=1936 -> screen (101,71)..(539,151)
[p4:gs-sprite] #1056500 ctx=0 tme=1 abe=1 FRAME fbp=0x0 fbw=10 psm=0x1 msk=0x00000000 | SCISSOR 0,0..639,223 | TEST=0x000000000005008B | TEX0 tbp=0x0 tbw=8 psm=0x2C tw=512 th=512 tfx=0 | V0(1888.5,2055.0) V1(1896.5,2066.0) uv0(2584,360) uv1(2704,704) | XYOFFSET ofx=1728 ofy=1936 -> screen (160,119)..(168,130)
[p4:clut] samples=466500000 nonzero=177691201 (38.09%) u=[0..507] v=[0..255] distinctIdx=256 topNonZeroIdx=0x03(50194042) psm=0x2C tbp0=0x0 tbw=8 cbp=0x3B40 csa=0
[p4:gs-sprite] #1057000 ctx=0 tme=1 abe=1 FRAME fbp=0x0 fbw=10 psm=0x1 msk=0x00000000 | SCISSOR 0,0..639,223 | TEST=0x000000000005008B | TEX0 tbp=0x0 tbw=8 psm=0x2C tw=512 th=512 tfx=0 | V0(2057.0,2027.0) V1(2066.0,2036.0) uv0(3912,8) uv1(4048,288) | XYOFFSET ofx=1728 ofy=1936 -> screen (329,91)..(338,100)
[p4:gs-sprite] #1057500 ctx=0 tme=1 abe=1 FRAME fbp=0x0 fbw=10 psm=0x1 msk=0x00000000 | SCISSOR 0,0..639,223 | TEST=0x000000000005008B | TEX0 tbp=0x0 tbw=8 psm=0x2C tw=512 th=512 tfx=0 | V0(2017.5,2013.0) V1(2024.5,2022.0) uv0(2056,360) uv1(2160,640) | XYOFFSET ofx=1728 ofy=1936 -> screen (289,77)..(296,86)
[p4:gs-sprite] #1058000 ctx=0 tme=1 abe=1 FRAME fbp=0x0 fbw=10 psm=0x1 msk=0x00000000 | SCISSOR 0,0..639,223 | TEST=0x000000000005008B | TEX0 tbp=0x0 tbw=8 psm=0x2C tw=512 th=512 tfx=0 | V0(2073.5,2055.0) V1(2080.5,2064.0) uv0(8008,8) uv1(8112,288) | XYOFFSET ofx=1728 ofy=1936 -> screen (345,119)..(352,128)
[p4:gs-sprite] #1058500 ctx=0 tme=1 abe=1 FRAME fbp=0x0 fbw=10 psm=0x1 msk=0x00000000 | SCISSOR 0,0..639,223 | TEST=0x000000000005008B | TEX0 tbp=0x0 tbw=8 psm=0x2C tw=512 th=512 tfx=0 | V0(2204.0,2027.0) V1(2213.0,2036.0) uv0(1416,360) uv1(1552,640) | XYOFFSET ofx=1728 ofy=1936 -> screen (476,91)..(485,100)
[p4:clut] samples=467000000 nonzero=177887728 (38.09%) u=[0..507] v=[0..255] distinctIdx=256 topNonZeroIdx=0x03(50283652) psm=0x2C tbp0=0x0 tbw=8 cbp=0x3B40 csa=0
[p4:gs-sprite] #1059000 ctx=0 tme=1 abe=1 FRAME fbp=0x0 fbw=10 psm=0x1 msk=0x00000000 | SCISSOR 0,0..639,223 | TEST=0x000000000005008B | TEX0 tbp=0x0 tbw=8 psm=0x2C tw=512 th=512 tfx=0 | V0(2177.5,2013.0) V1(2184.5,2022.0) uv0(8008,8) uv1(8112,288) | XYOFFSET ofx=1728 ofy=1936 -> screen (449,77)..(456,86)
[p4:gs-sprite] #1059500 ctx=0 tme=1 abe=1 FRAME fbp=0x0 fbw=10 psm=0x1 msk=0x00000000 | SCISSOR 0,0..639,223 | TEST=0x000000000005008B | TEX0 tbp=0x0 tbw=8 psm=0x2C tw=512 th=512 tfx=0 | V0(1973.5,2069.0) V1(1991.5,2079.0) uv0(3368,1096) uv1(3648,1408) | XYOFFSET ofx=1728 ofy=1936 -> screen (245,133)..(263,143)
[p4:gs-sprite] #1060000 ctx=0 tme=1 abe=1 FRAME fbp=0x0 fbw=10 psm=0x1 msk=0x00000000 | SCISSOR 0,0..639,223 | TEST=0x000000000005008B | TEX0 tbp=0x0 tbw=8 psm=0x2C tw=512 th=512 tfx=0 | V0(2066.0,2041.0) V1(2075.0,2050.0) uv0(6040,8) uv1(6176,288) | XYOFFSET ofx=1728 ofy=1936 -> screen (338,105)..(347,114)
[p4:clut] samples=467500000 nonzero=178084396 (38.09%) u=[0..507] v=[0..255] distinctIdx=256 topNonZeroIdx=0x03(50373385) psm=0x2C tbp0=0x0 tbw=8 cbp=0x3B40 csa=0
[p4:gs-sprite] #1060500 ctx=0 tme=1 abe=1 FRAME fbp=0x0 fbw=10 psm=0x1 msk=0x00000000 | SCISSOR 0,0..639,223 | TEST=0x000000000005008B | TEX0 tbp=0x0 tbw=8 psm=0x2C tw=512 th=512 tfx=0 | V0(1944.0,2027.0) V1(1953.0,2036.0) uv0(1416,360) uv1(1552,640) | XYOFFSET ofx=1728 ofy=1936 -> screen (216,91)..(225,100)
[p4:gs-sprite] #1061000 ctx=0 tme=1 abe=1 FRAME fbp=0x0 fbw=10 psm=0x1 msk=0x00000000 | SCISSOR 0,0..639,223 | TEST=0x000000000005008B | TEX0 tbp=0x0 tbw=8 psm=0x2C tw=512 th=512 tfx=0 | V0(1886.5,2013.0) V1(1893.5,2022.0) uv0(8008,8) uv1(8112,288) | XYOFFSET ofx=1728 ofy=1936 -> screen (158,77)..(165,86)
[p4:gs-sprite] #1061500 ctx=0 tme=1 abe=1 FRAME fbp=0x0 fbw=10 psm=0x1 msk=0x00000000 | SCISSOR 0,0..639,223 | TEST=0x000000000005008B | TEX0 tbp=0x0 tbw=8 psm=0x2C tw=512 th=512 tfx=0 | V0(1950.5,2055.0) V1(1958.5,2064.0) uv0(1288,360) uv1(1408,640) | XYOFFSET ofx=1728 ofy=1936 -> screen (222,119)..(230,128)
[p4:gs-sprite] #1062000 ctx=0 tme=1 abe=1 FRAME fbp=0x0 fbw=10 psm=0x1 msk=0x00000000 | SCISSOR 0,0..639,223 | TEST=0x000000000005008B | TEX0 tbp=0x0 tbw=8 psm=0x2C tw=512 th=512 tfx=0 | V0(2112.0,2027.0) V1(2117.0,2036.0) uv0(1784,360) uv1(1856,640) | XYOFFSET ofx=1728 ofy=1936 -> screen (384,91)..(389,100)
[p4:clut] samples=468000000 nonzero=178281320 (38.09%) u=[0..507] v=[0..255] distinctIdx=256 topNonZeroIdx=0x03(50463261) psm=0x2C tbp0=0x0 tbw=8 cbp=0x3B40 csa=0
[p4:gs-sprite] #1062500 ctx=0 tme=1 abe=1 FRAME fbp=0x0 fbw=10 psm=0x1 msk=0x00000000 | SCISSOR 0,0..639,223 | TEST=0x000000000005008B | TEX0 tbp=0x0 tbw=8 psm=0x2C tw=512 th=512 tfx=0 | V0(2066.5,2013.0) V1(2074.5,2024.0) uv0(2584,360) uv1(2704,704) | XYOFFSET ofx=1728 ofy=1936 -> screen (338,77)..(346,88)
[p4:gs-sprite] #1063000 ctx=0 tme=1 abe=1 FRAME fbp=0x0 fbw=10 psm=0x1 msk=0x00000000 | SCISSOR 0,0..639,223 | TEST=0x000000000005008B | TEX0 tbp=0x0 tbw=8 psm=0x2C tw=512 th=512 tfx=0 | V0(2144.5,2055.0) V1(2152.5,2066.0) uv0(2584,360) uv1(2704,704) | XYOFFSET ofx=1728 ofy=1936 -> screen (416,119)..(424,130)
[p4:gs-sprite] #1063500 ctx=0 tme=1 abe=1 FRAME fbp=0x0 fbw=10 psm=0x1 msk=0x00000000 | SCISSOR 0,0..639,223 | TEST=0x000000000005008B | TEX0 tbp=0x0 tbw=8 psm=0x2C tw=512 th=512 tfx=0 | V0(1939.0,2041.0) V1(1942.0,2050.0) uv0(872,360) uv1(912,640) | XYOFFSET ofx=1728 ofy=1936 -> screen (211,105)..(214,114)
[p4:gs-sprite] #1064000 ctx=0 tme=1 abe=1 FRAME fbp=0x0 fbw=10 psm=0x1 msk=0x00000000 | SCISSOR 0,0..639,223 | TEST=0x000000000005008B | TEX0 tbp=0x0 tbw=8 psm=0x2C tw=512 th=512 tfx=0 | V0(2235.5,2013.0) V1(2243.5,2022.0) uv0(1288,360) uv1(1408,640) | XYOFFSET ofx=1728 ofy=1936 -> screen (507,77)..(515,86)
[p4:clut] samples=468500000 nonzero=178478036 (38.10%) u=[0..507] v=[0..255] distinctIdx=256 topNonZeroIdx=0x03(50552978) psm=0x2C tbp0=0x0 tbw=8 cbp=0x3B40 csa=0
[p4:gs-sprite] #1064500 ctx=0 tme=1 abe=1 FRAME fbp=0x0 fbw=10 psm=0x1 msk=0x00000000 | SCISSOR 0,0..639,223 | TEST=0x000000000005008B | TEX0 tbp=0x0 tbw=8 psm=0x2C tw=512 th=512 tfx=0 | V0(2060.5,2069.0) V1(2081.5,2079.5) uv0(5112,1432) uv1(5440,1760) | XYOFFSET ofx=1728 ofy=1936 -> screen (332,133)..(353,143)
[p4:gs-sprite] #1065000 ctx=0 tme=1 abe=1 FRAME fbp=0x0 fbw=10 psm=0x1 msk=0x00000000 | SCISSOR 0,0..639,223 | TEST=0x000000000005008B | TEX0 tbp=0x0 tbw=8 psm=0x2C tw=512 th=512 tfx=0 | V0(2124.0,2041.0) V1(2130.0,2050.0) uv0(1960,360) uv1(2048,640) | XYOFFSET ofx=1728 ofy=1936 -> screen (396,105)..(402,114)
[p4:gs-sprite] #1065500 ctx=0 tme=1 abe=1 FRAME fbp=0x0 fbw=10 psm=0x1 msk=0x00000000 | SCISSOR 0,0..639,223 | TEST=0x000000000005008B | TEX0 tbp=0x0 tbw=8 psm=0x2C tw=512 th=512 tfx=0 | V0(2001.0,2027.0) V1(2006.0,2036.0) uv0(1784,360) uv1(1856,640) | XYOFFSET ofx=1728 ofy=1936 -> screen (273,91)..(278,100)
[p4:gs-sprite] #1066000 ctx=0 tme=1 abe=1 FRAME fbp=0x0 fbw=10 psm=0x1 msk=0x00000000 | SCISSOR 0,0..639,223 | TEST=0x000000000005008B | TEX0 tbp=0x0 tbw=8 psm=0x2C tw=512 th=512 tfx=0 | V0(1956.5,2013.0) V1(1964.5,2022.0) uv0(744,360) uv1(864,640) | XYOFFSET ofx=1728 ofy=1936 -> screen (228,77)..(236,86)
[p4:clut] samples=469000000 nonzero=178674470 (38.10%) u=[0..507] v=[0..255] distinctIdx=256 topNonZeroIdx=0x03(50642606) psm=0x2C tbp0=0x0 tbw=8 cbp=0x3B40 csa=0
[p4:gs-sprite] #1066500 ctx=0 tme=1 abe=1 FRAME fbp=0x0 fbw=10 psm=0x1 msk=0x00000000 | SCISSOR 0,0..639,223 | TEST=0x000000000005008B | TEX0 tbp=0x0 tbw=8 psm=0x2C tw=512 th=512 tfx=0 | V0(2018.5,2055.0) V1(2023.5,2064.0) uv0(1784,360) uv1(1856,640) | XYOFFSET ofx=1728 ofy=1936 -> screen (290,119)..(295,128)
[p4:gs-sprite] #1067000 ctx=0 tme=1 abe=1 FRAME fbp=0x0 fbw=10 psm=0x1 msk=0x00000000 | SCISSOR 0,0..639,223 | TEST=0x000000000005008B | TEX0 tbp=0x0 tbw=8 psm=0x2C tw=512 th=512 tfx=0 | V0(2164.0,2027.0) V1(2172.0,2036.0) uv0(6184,8) uv1(6304,288) | XYOFFSET ofx=1728 ofy=1936 -> screen (436,91)..(444,100)
[p4:gs-sprite] #1067500 ctx=0 tme=1 abe=1 FRAME fbp=0x0 fbw=10 psm=0x1 msk=0x00000000 | SCISSOR 0,0..639,223 | TEST=0x000000000005008B | TEX0 tbp=0x0 tbw=8 psm=0x2C tw=512 th=512 tfx=0 | V0(2124.5,2013.0) V1(2132.5,2022.0) uv0(488,360) uv1(608,640) | XYOFFSET ofx=1728 ofy=1936 -> screen (396,77)..(404,86)
[p4:clut] samples=469500000 nonzero=178871060 (38.10%) u=[0..507] v=[0..255] distinctIdx=256 topNonZeroIdx=0x03(50732270) psm=0x2C tbp0=0x0 tbw=8 cbp=0x3B40 csa=0
[p4:gs-sprite] #1068000 ctx=0 tme=1 abe=1 FRAME fbp=0x0 fbw=10 psm=0x1 msk=0x00000000 | SCISSOR 0,0..639,223 | TEST=0x000000000005008B | TEX0 tbp=0x0 tbw=8 psm=0x2C tw=512 th=512 tfx=0 | V0(2202.5,2055.0) V1(2210.5,2064.0) uv0(488,360) uv1(608,640) | XYOFFSET ofx=1728 ofy=1936 -> screen (474,119)..(482,128)
[p4:gs-sprite] #1068500 ctx=0 tme=1 abe=1 FRAME fbp=0x0 fbw=10 psm=0x1 msk=0x00000000 | SCISSOR 0,0..639,223 | TEST=0x000000000005008B | TEX0 tbp=0x0 tbw=8 psm=0x2C tw=512 th=512 tfx=0 | V0(1998.0,2041.0) V1(2008.0,2050.0) uv0(5592,8) uv1(5744,288) | XYOFFSET ofx=1728 ofy=1936 -> screen (270,105)..(280,114)
[p4:gs-sprite] #1069000 ctx=0 tme=1 abe=1 FRAME fbp=0x0 fbw=10 psm=0x1 msk=0x00000000 | SCISSOR 0,0..639,223 | TEST=0x000000000005008B | TEX0 tbp=0x0 tbw=8 psm=0x2C tw=512 th=512 tfx=0 | V0(1881.0,2027.0) V1(1889.0,2036.0) uv0(744,360) uv1(864,640) | XYOFFSET ofx=1728 ofy=1936 -> screen (153,91)..(161,100)
[p4:gs-sprite] #1069500 ctx=0 tme=0 abe=0 FRAME fbp=0x0 fbw=10 psm=0x1 msk=0x00000000 | SCISSOR 0,0..639,223 | TEST=0x000000000005008B | TEX0 tbp=0x0 tbw=0 psm=0x0 tw=1 th=1 tfx=0 | V0(1829.0,2007.0) V1(2267.0,2087.0) uv0(0,0) uv1(0,0) | XYOFFSET ofx=1728 ofy=1936 -> screen (101,71)..(539,151)
[p4:clut] samples=470000000 nonzero=179067700 (38.10%) u=[0..507] v=[0..255] distinctIdx=256 topNonZeroIdx=0x03(50821981) psm=0x2C tbp0=0x0 tbw=8 cbp=0x3B40 csa=0
[p4:gs-sprite] #1070000 ctx=0 tme=1 abe=1 FRAME fbp=0x0 fbw=10 psm=0x1 msk=0x00000000 | SCISSOR 0,0..639,223 | TEST=0x000000000005008B | TEX0 tbp=0x0 tbw=8 psm=0x2C tw=512 th=512 tfx=0 | V0(1888.5,2055.0) V1(1896.5,2066.0) uv0(2584,360) uv1(2704,704) | XYOFFSET ofx=1728 ofy=1936 -> screen (160,119)..(168,130)
[p4:gs-sprite] #1070500 ctx=0 tme=1 abe=1 FRAME fbp=0x0 fbw=10 psm=0x1 msk=0x00000000 | SCISSOR 0,0..639,223 | TEST=0x000000000005008B | TEX0 tbp=0x0 tbw=8 psm=0x2C tw=512 th=512 tfx=0 | V0(2057.0,2027.0) V1(2066.0,2036.0) uv0(3912,8) uv1(4048,288) | XYOFFSET ofx=1728 ofy=1936 -> screen (329,91)..(338,100)
[p4:gs-sprite] #1071000 ctx=0 tme=1 abe=1 FRAME fbp=0x0 fbw=10 psm=0x1 msk=0x00000000 | SCISSOR 0,0..639,223 | TEST=0x000000000005008B | TEX0 tbp=0x0 tbw=8 psm=0x2C tw=512 th=512 tfx=0 | V0(2017.5,2013.0) V1(2024.5,2022.0) uv0(2056,360) uv1(2160,640) | XYOFFSET ofx=1728 ofy=1936 -> screen (289,77)..(296,86)
[p4:gs-sprite] #1071500 ctx=0 tme=1 abe=1 FRAME fbp=0x0 fbw=10 psm=0x1 msk=0x00000000 | SCISSOR 0,0..639,223 | TEST=0x000000000005008B | TEX0 tbp=0x0 tbw=8 psm=0x2C tw=512 th=512 tfx=0 | V0(2073.5,2055.0) V1(2080.5,2064.0) uv0(8008,8) uv1(8112,288) | XYOFFSET ofx=1728 ofy=1936 -> screen (345,119)..(352,128)
[p4:clut] samples=470500000 nonzero=179264696 (38.10%) u=[0..507] v=[0..255] distinctIdx=256 topNonZeroIdx=0x03(50911927) psm=0x2C tbp0=0x0 tbw=8 cbp=0x3B40 csa=0
[p4:gs-sprite] #1072000 ctx=0 tme=1 abe=1 FRAME fbp=0x0 fbw=10 psm=0x1 msk=0x00000000 | SCISSOR 0,0..639,223 | TEST=0x000000000005008B | TEX0 tbp=0x0 tbw=8 psm=0x2C tw=512 th=512 tfx=0 | V0(2204.0,2027.0) V1(2213.0,2036.0) uv0(1416,360) uv1(1552,640) | XYOFFSET ofx=1728 ofy=1936 -> screen (476,91)..(485,100)
[p4:gs-sprite] #1072500 ctx=0 tme=1 abe=1 FRAME fbp=0x0 fbw=10 psm=0x1 msk=0x00000000 | SCISSOR 0,0..639,223 | TEST=0x000000000005008B | TEX0 tbp=0x0 tbw=8 psm=0x2C tw=512 th=512 tfx=0 | V0(2177.5,2013.0) V1(2184.5,2022.0) uv0(8008,8) uv1(8112,288) | XYOFFSET ofx=1728 ofy=1936 -> screen (449,77)..(456,86)
[p4:gs-sprite] #1073000 ctx=0 tme=1 abe=1 FRAME fbp=0x0 fbw=10 psm=0x1 msk=0x00000000 | SCISSOR 0,0..639,223 | TEST=0x000000000005008B | TEX0 tbp=0x0 tbw=8 psm=0x2C tw=512 th=512 tfx=0 | V0(1973.5,2069.0) V1(1991.5,2079.0) uv0(3368,1096) uv1(3648,1408) | XYOFFSET ofx=1728 ofy=1936 -> screen (245,133)..(263,143)
[p4:clut] samples=471000000 nonzero=179461224 (38.10%) u=[0..507] v=[0..255] distinctIdx=256 topNonZeroIdx=0x03(51001547) psm=0x2C tbp0=0x0 tbw=8 cbp=0x3B40 csa=0
[p4:gs-sprite] #1073500 ctx=0 tme=1 abe=1 FRAME fbp=0x0 fbw=10 psm=0x1 msk=0x00000000 | SCISSOR 0,0..639,223 | TEST=0x000000000005008B | TEX0 tbp=0x0 tbw=8 psm=0x2C tw=512 th=512 tfx=0 | V0(2066.0,2041.0) V1(2075.0,2050.0) uv0(6040,8) uv1(6176,288) | XYOFFSET ofx=1728 ofy=1936 -> screen (338,105)..(347,114)
[p4:gs-sprite] #1074000 ctx=0 tme=1 abe=1 FRAME fbp=0x0 fbw=10 psm=0x1 msk=0x00000000 | SCISSOR 0,0..639,223 | TEST=0x000000000005008B | TEX0 tbp=0x0 tbw=8 psm=0x2C tw=512 th=512 tfx=0 | V0(1944.0,2027.0) V1(1953.0,2036.0) uv0(1416,360) uv1(1552,640) | XYOFFSET ofx=1728 ofy=1936 -> screen (216,91)..(225,100)
[p4:vbl] ticks=14400
[p4:gs-sprite] #1074500 ctx=0 tme=1 abe=1 FRAME fbp=0x0 fbw=10 psm=0x1 msk=0x00000000 | SCISSOR 0,0..639,223 | TEST=0x000000000005008B | TEX0 tbp=0x0 tbw=8 psm=0x2C tw=512 th=512 tfx=0 | V0(1886.5,2013.0) V1(1893.5,2022.0) uv0(8008,8) uv1(8112,288) | XYOFFSET ofx=1728 ofy=1936 -> screen (158,77)..(165,86)
[p4:gs-sprite] #1075000 ctx=0 tme=1 abe=1 FRAME fbp=0x0 fbw=10 psm=0x1 msk=0x00000000 | SCISSOR 0,0..639,223 | TEST=0x000000000005008B | TEX0 tbp=0x0 tbw=8 psm=0x2C tw=512 th=512 tfx=0 | V0(1950.5,2055.0) V1(1958.5,2064.0) uv0(1288,360) uv1(1408,640) | XYOFFSET ofx=1728 ofy=1936 -> screen (222,119)..(230,128)
[p4:clut] samples=471500000 nonzero=179657711 (38.10%) u=[0..507] v=[0..255] distinctIdx=256 topNonZeroIdx=0x03(51091160) psm=0x2C tbp0=0x0 tbw=8 cbp=0x3B40 csa=0
[p4:gs-sprite] #1075500 ctx=0 tme=1 abe=1 FRAME fbp=0x0 fbw=10 psm=0x1 msk=0x00000000 | SCISSOR 0,0..639,223 | TEST=0x000000000005008B | TEX0 tbp=0x0 tbw=8 psm=0x2C tw=512 th=512 tfx=0 | V0(2112.0,2027.0) V1(2117.0,2036.0) uv0(1784,360) uv1(1856,640) | XYOFFSET ofx=1728 ofy=1936 -> screen (384,91)..(389,100)
[p4:gs-sprite] #1076000 ctx=0 tme=1 abe=1 FRAME fbp=0x0 fbw=10 psm=0x1 msk=0x00000000 | SCISSOR 0,0..639,223 | TEST=0x000000000005008B | TEX0 tbp=0x0 tbw=8 psm=0x2C tw=512 th=512 tfx=0 | V0(2066.5,2013.0) V1(2074.5,2024.0) uv0(2584,360) uv1(2704,704) | XYOFFSET ofx=1728 ofy=1936 -> screen (338,77)..(346,88)
[p4:gs-sprite] #1076500 ctx=0 tme=1 abe=1 FRAME fbp=0x0 fbw=10 psm=0x1 msk=0x00000000 | SCISSOR 0,0..639,223 | TEST=0x000000000005008B | TEX0 tbp=0x0 tbw=8 psm=0x2C tw=512 th=512 tfx=0 | V0(2144.5,2055.0) V1(2152.5,2066.0) uv0(2584,360) uv1(2704,704) | XYOFFSET ofx=1728 ofy=1936 -> screen (416,119)..(424,130)
[p4:gs-sprite] #1077000 ctx=0 tme=1 abe=1 FRAME fbp=0x0 fbw=10 psm=0x1 msk=0x00000000 | SCISSOR 0,0..639,223 | TEST=0x000000000005008B | TEX0 tbp=0x0 tbw=8 psm=0x2C tw=512 th=512 tfx=0 | V0(1939.0,2041.0) V1(1942.0,2050.0) uv0(872,360) uv1(912,640) | XYOFFSET ofx=1728 ofy=1936 -> screen (211,105)..(214,114)
[p4:clut] samples=472000000 nonzero=179854373 (38.10%) u=[0..507] v=[0..255] distinctIdx=256 topNonZeroIdx=0x03(51180894) psm=0x2C tbp0=0x0 tbw=8 cbp=0x3B40 csa=0
[p4:gs-sprite] #1077500 ctx=0 tme=1 abe=1 FRAME fbp=0x0 fbw=10 psm=0x1 msk=0x00000000 | SCISSOR 0,0..639,223 | TEST=0x000000000005008B | TEX0 tbp=0x0 tbw=8 psm=0x2C tw=512 th=512 tfx=0 | V0(2235.5,2013.0) V1(2243.5,2022.0) uv0(1288,360) uv1(1408,640) | XYOFFSET ofx=1728 ofy=1936 -> screen (507,77)..(515,86)
[p4:gs-sprite] #1078000 ctx=0 tme=1 abe=1 FRAME fbp=0x0 fbw=10 psm=0x1 msk=0x00000000 | SCISSOR 0,0..639,223 | TEST=0x000000000005008B | TEX0 tbp=0x0 tbw=8 psm=0x2C tw=512 th=512 tfx=0 | V0(2060.5,2069.0) V1(2081.5,2079.5) uv0(5112,1432) uv1(5440,1760) | XYOFFSET ofx=1728 ofy=1936 -> screen (332,133)..(353,143)
[p4:gs-sprite] #1078500 ctx=0 tme=1 abe=1 FRAME fbp=0x0 fbw=10 psm=0x1 msk=0x00000000 | SCISSOR 0,0..639,223 | TEST=0x000000000005008B | TEX0 tbp=0x0 tbw=8 psm=0x2C tw=512 th=512 tfx=0 | V0(2124.0,2041.0) V1(2130.0,2050.0) uv0(1960,360) uv1(2048,640) | XYOFFSET ofx=1728 ofy=1936 -> screen (396,105)..(402,114)
[p4:gs-sprite] #1079000 ctx=0 tme=1 abe=1 FRAME fbp=0x0 fbw=10 psm=0x1 msk=0x00000000 | SCISSOR 0,0..639,223 | TEST=0x000000000005008B | TEX0 tbp=0x0 tbw=8 psm=0x2C tw=512 th=512 tfx=0 | V0(2001.0,2027.0) V1(2006.0,2036.0) uv0(1784,360) uv1(1856,640) | XYOFFSET ofx=1728 ofy=1936 -> screen (273,91)..(278,100)
[p4:clut] samples=472500000 nonzero=180051278 (38.11%) u=[0..507] v=[0..255] distinctIdx=256 topNonZeroIdx=0x03(51270743) psm=0x2C tbp0=0x0 tbw=8 cbp=0x3B40 csa=0
[p4:gs-sprite] #1079500 ctx=0 tme=1 abe=1 FRAME fbp=0x0 fbw=10 psm=0x1 msk=0x00000000 | SCISSOR 0,0..639,223 | TEST=0x000000000005008B | TEX0 tbp=0x0 tbw=8 psm=0x2C tw=512 th=512 tfx=0 | V0(1956.5,2013.0) V1(1964.5,2022.0) uv0(744,360) uv1(864,640) | XYOFFSET ofx=1728 ofy=1936 -> screen (228,77)..(236,86)
[p4:gs-sprite] #1080000 ctx=0 tme=1 abe=1 FRAME fbp=0x0 fbw=10 psm=0x1 msk=0x00000000 | SCISSOR 0,0..639,223 | TEST=0x000000000005008B | TEX0 tbp=0x0 tbw=8 psm=0x2C tw=512 th=512 tfx=0 | V0(2018.5,2055.0) V1(2023.5,2064.0) uv0(1784,360) uv1(1856,640) | XYOFFSET ofx=1728 ofy=1936 -> screen (290,119)..(295,128)
[p4:gs-sprite] #1080500 ctx=0 tme=1 abe=1 FRAME fbp=0x0 fbw=10 psm=0x1 msk=0x00000000 | SCISSOR 0,0..639,223 | TEST=0x000000000005008B | TEX0 tbp=0x0 tbw=8 psm=0x2C tw=512 th=512 tfx=0 | V0(2164.0,2027.0) V1(2172.0,2036.0) uv0(6184,8) uv1(6304,288) | XYOFFSET ofx=1728 ofy=1936 -> screen (436,91)..(444,100)
[p4:clut] samples=473000000 nonzero=180248069 (38.11%) u=[0..507] v=[0..255] distinctIdx=256 topNonZeroIdx=0x03(51360539) psm=0x2C tbp0=0x0 tbw=8 cbp=0x3B40 csa=0
[p4:gs-sprite] #1081000 ctx=0 tme=1 abe=1 FRAME fbp=0x0 fbw=10 psm=0x1 msk=0x00000000 | SCISSOR 0,0..639,223 | TEST=0x000000000005008B | TEX0 tbp=0x0 tbw=8 psm=0x2C tw=512 th=512 tfx=0 | V0(2124.5,2013.0) V1(2132.5,2022.0) uv0(488,360) uv1(608,640) | XYOFFSET ofx=1728 ofy=1936 -> screen (396,77)..(404,86)
[p4:gs-sprite] #1081500 ctx=0 tme=1 abe=1 FRAME fbp=0x0 fbw=10 psm=0x1 msk=0x00000000 | SCISSOR 0,0..639,223 | TEST=0x000000000005008B | TEX0 tbp=0x0 tbw=8 psm=0x2C tw=512 th=512 tfx=0 | V0(2202.5,2055.0) V1(2210.5,2064.0) uv0(488,360) uv1(608,640) | XYOFFSET ofx=1728 ofy=1936 -> screen (474,119)..(482,128)
[p4:gs-sprite] #1082000 ctx=0 tme=1 abe=1 FRAME fbp=0x0 fbw=10 psm=0x1 msk=0x00000000 | SCISSOR 0,0..639,223 | TEST=0x000000000005008B | TEX0 tbp=0x0 tbw=8 psm=0x2C tw=512 th=512 tfx=0 | V0(1998.0,2041.0) V1(2008.0,2050.0) uv0(5592,8) uv1(5744,288) | XYOFFSET ofx=1728 ofy=1936 -> screen (270,105)..(280,114)
[p4:gs-sprite] #1082500 ctx=0 tme=1 abe=1 FRAME fbp=0x0 fbw=10 psm=0x1 msk=0x00000000 | SCISSOR 0,0..639,223 | TEST=0x000000000005008B | TEX0 tbp=0x0 tbw=8 psm=0x2C tw=512 th=512 tfx=0 | V0(1881.0,2027.0) V1(1889.0,2036.0) uv0(744,360) uv1(864,640) | XYOFFSET ofx=1728 ofy=1936 -> screen (153,91)..(161,100)
[p4:clut] samples=473500000 nonzero=180444504 (38.11%) u=[0..507] v=[0..255] distinctIdx=256 topNonZeroIdx=0x03(51450168) psm=0x2C tbp0=0x0 tbw=8 cbp=0x3B40 csa=0
[p4:gs-sprite] #1083000 ctx=0 tme=0 abe=0 FRAME fbp=0x0 fbw=10 psm=0x1 msk=0x00000000 | SCISSOR 0,0..639,223 | TEST=0x000000000005008B | TEX0 tbp=0x0 tbw=0 psm=0x0 tw=1 th=1 tfx=0 | V0(1829.0,2007.0) V1(2267.0,2087.0) uv0(0,0) uv1(0,0) | XYOFFSET ofx=1728 ofy=1936 -> screen (101,71)..(539,151)
[p4:gs-sprite] #1083500 ctx=0 tme=1 abe=1 FRAME fbp=0x0 fbw=10 psm=0x1 msk=0x00000000 | SCISSOR 0,0..639,223 | TEST=0x000000000005008B | TEX0 tbp=0x0 tbw=8 psm=0x2C tw=512 th=512 tfx=0 | V0(1888.5,2055.0) V1(1896.5,2066.0) uv0(2584,360) uv1(2704,704) | XYOFFSET ofx=1728 ofy=1936 -> screen (160,119)..(168,130)
[p4:gs-sprite] #1084000 ctx=0 tme=1 abe=1 FRAME fbp=0x0 fbw=10 psm=0x1 msk=0x00000000 | SCISSOR 0,0..639,223 | TEST=0x000000000005008B | TEX0 tbp=0x0 tbw=8 psm=0x2C tw=512 th=512 tfx=0 | V0(2057.0,2027.0) V1(2066.0,2036.0) uv0(3912,8) uv1(4048,288) | XYOFFSET ofx=1728 ofy=1936 -> screen (329,91)..(338,100)
[p4:gs-sprite] #1084500 ctx=0 tme=1 abe=1 FRAME fbp=0x0 fbw=10 psm=0x1 msk=0x00000000 | SCISSOR 0,0..639,223 | TEST=0x000000000005008B | TEX0 tbp=0x0 tbw=8 psm=0x2C tw=512 th=512 tfx=0 | V0(2017.5,2013.0) V1(2024.5,2022.0) uv0(2056,360) uv1(2160,640) | XYOFFSET ofx=1728 ofy=1936 -> screen (289,77)..(296,86)
[p4:clut] samples=474000000 nonzero=180641047 (38.11%) u=[0..507] v=[0..255] distinctIdx=256 topNonZeroIdx=0x03(51539777) psm=0x2C tbp0=0x0 tbw=8 cbp=0x3B40 csa=0
[p4:gs-sprite] #1085000 ctx=0 tme=1 abe=1 FRAME fbp=0x0 fbw=10 psm=0x1 msk=0x00000000 | SCISSOR 0,0..639,223 | TEST=0x000000000005008B | TEX0 tbp=0x0 tbw=8 psm=0x2C tw=512 th=512 tfx=0 | V0(2073.5,2055.0) V1(2080.5,2064.0) uv0(8008,8) uv1(8112,288) | XYOFFSET ofx=1728 ofy=1936 -> screen (345,119)..(352,128)
[p4:gs-sprite] #1085500 ctx=0 tme=1 abe=1 FRAME fbp=0x0 fbw=10 psm=0x1 msk=0x00000000 | SCISSOR 0,0..639,223 | TEST=0x000000000005008B | TEX0 tbp=0x0 tbw=8 psm=0x2C tw=512 th=512 tfx=0 | V0(2204.0,2027.0) V1(2213.0,2036.0) uv0(1416,360) uv1(1552,640) | XYOFFSET ofx=1728 ofy=1936 -> screen (476,91)..(485,100)
[p4:gs-sprite] #1086000 ctx=0 tme=1 abe=1 FRAME fbp=0x0 fbw=10 psm=0x1 msk=0x00000000 | SCISSOR 0,0..639,223 | TEST=0x000000000005008B | TEX0 tbp=0x0 tbw=8 psm=0x2C tw=512 th=512 tfx=0 | V0(2177.5,2013.0) V1(2184.5,2022.0) uv0(8008,8) uv1(8112,288) | XYOFFSET ofx=1728 ofy=1936 -> screen (449,77)..(456,86)
[p4:gs-sprite] #1086500 ctx=0 tme=1 abe=1 FRAME fbp=0x0 fbw=10 psm=0x1 msk=0x00000000 | SCISSOR 0,0..639,223 | TEST=0x000000000005008B | TEX0 tbp=0x0 tbw=8 psm=0x2C tw=512 th=512 tfx=0 | V0(1973.5,2069.0) V1(1991.5,2079.0) uv0(3368,1096) uv1(3648,1408) | XYOFFSET ofx=1728 ofy=1936 -> screen (245,133)..(263,143)
[p4:clut] samples=474500000 nonzero=180837759 (38.11%) u=[0..507] v=[0..255] distinctIdx=256 topNonZeroIdx=0x03(51629543) psm=0x2C tbp0=0x0 tbw=8 cbp=0x3B40 csa=0
[p4:gs-sprite] #1087000 ctx=0 tme=1 abe=1 FRAME fbp=0x0 fbw=10 psm=0x1 msk=0x00000000 | SCISSOR 0,0..639,223 | TEST=0x000000000005008B | TEX0 tbp=0x0 tbw=8 psm=0x2C tw=512 th=512 tfx=0 | V0(2066.0,2041.0) V1(2075.0,2050.0) uv0(6040,8) uv1(6176,288) | XYOFFSET ofx=1728 ofy=1936 -> screen (338,105)..(347,114)
[p4:gs-sprite] #1087500 ctx=0 tme=1 abe=1 FRAME fbp=0x0 fbw=10 psm=0x1 msk=0x00000000 | SCISSOR 0,0..639,223 | TEST=0x000000000005008B | TEX0 tbp=0x0 tbw=8 psm=0x2C tw=512 th=512 tfx=0 | V0(1944.0,2027.0) V1(1953.0,2036.0) uv0(1416,360) uv1(1552,640) | XYOFFSET ofx=1728 ofy=1936 -> screen (216,91)..(225,100)
[p4:gs-sprite] #1088000 ctx=0 tme=1 abe=1 FRAME fbp=0x0 fbw=10 psm=0x1 msk=0x00000000 | SCISSOR 0,0..639,223 | TEST=0x000000000005008B | TEX0 tbp=0x0 tbw=8 psm=0x2C tw=512 th=512 tfx=0 | V0(1886.5,2013.0) V1(1893.5,2022.0) uv0(8008,8) uv1(8112,288) | XYOFFSET ofx=1728 ofy=1936 -> screen (158,77)..(165,86)
[p4:clut] samples=475000000 nonzero=181034639 (38.11%) u=[0..507] v=[0..255] distinctIdx=256 topNonZeroIdx=0x03(51719414) psm=0x2C tbp0=0x0 tbw=8 cbp=0x3B40 csa=0
[p4:gs-sprite] #1088500 ctx=0 tme=1 abe=1 FRAME fbp=0x0 fbw=10 psm=0x1 msk=0x00000000 | SCISSOR 0,0..639,223 | TEST=0x000000000005008B | TEX0 tbp=0x0 tbw=8 psm=0x2C tw=512 th=512 tfx=0 | V0(1950.5,2055.0) V1(1958.5,2064.0) uv0(1288,360) uv1(1408,640) | XYOFFSET ofx=1728 ofy=1936 -> screen (222,119)..(230,128)
[p4:gs-sprite] #1089000 ctx=0 tme=1 abe=1 FRAME fbp=0x0 fbw=10 psm=0x1 msk=0x00000000 | SCISSOR 0,0..639,223 | TEST=0x000000000005008B | TEX0 tbp=0x0 tbw=8 psm=0x2C tw=512 th=512 tfx=0 | V0(2112.0,2027.0) V1(2117.0,2036.0) uv0(1784,360) uv1(1856,640) | XYOFFSET ofx=1728 ofy=1936 -> screen (384,91)..(389,100)
[p4:gs-sprite] #1089500 ctx=0 tme=1 abe=1 FRAME fbp=0x0 fbw=10 psm=0x1 msk=0x00000000 | SCISSOR 0,0..639,223 | TEST=0x000000000005008B | TEX0 tbp=0x0 tbw=8 psm=0x2C tw=512 th=512 tfx=0 | V0(2066.5,2013.0) V1(2074.5,2024.0) uv0(2584,360) uv1(2704,704) | XYOFFSET ofx=1728 ofy=1936 -> screen (338,77)..(346,88)
[p4:gs-sprite] #1090000 ctx=0 tme=1 abe=1 FRAME fbp=0x0 fbw=10 psm=0x1 msk=0x00000000 | SCISSOR 0,0..639,223 | TEST=0x000000000005008B | TEX0 tbp=0x0 tbw=8 psm=0x2C tw=512 th=512 tfx=0 | V0(2144.5,2055.0) V1(2152.5,2066.0) uv0(2584,360) uv1(2704,704) | XYOFFSET ofx=1728 ofy=1936 -> screen (416,119)..(424,130)
[p4:clut] samples=475500000 nonzero=181231385 (38.11%) u=[0..507] v=[0..255] distinctIdx=256 topNonZeroIdx=0x03(51809129) psm=0x2C tbp0=0x0 tbw=8 cbp=0x3B40 csa=0
[p4:gs-sprite] #1090500 ctx=0 tme=1 abe=1 FRAME fbp=0x0 fbw=10 psm=0x1 msk=0x00000000 | SCISSOR 0,0..639,223 | TEST=0x000000000005008B | TEX0 tbp=0x0 tbw=8 psm=0x2C tw=512 th=512 tfx=0 | V0(1939.0,2041.0) V1(1942.0,2050.0) uv0(872,360) uv1(912,640) | XYOFFSET ofx=1728 ofy=1936 -> screen (211,105)..(214,114)
[p4:gs-sprite] #1091000 ctx=0 tme=1 abe=1 FRAME fbp=0x0 fbw=10 psm=0x1 msk=0x00000000 | SCISSOR 0,0..639,223 | TEST=0x000000000005008B | TEX0 tbp=0x0 tbw=8 psm=0x2C tw=512 th=512 tfx=0 | V0(2235.5,2013.0) V1(2243.5,2022.0) uv0(1288,360) uv1(1408,640) | XYOFFSET ofx=1728 ofy=1936 -> screen (507,77)..(515,86)
[p4:gs-sprite] #1091500 ctx=0 tme=1 abe=1 FRAME fbp=0x0 fbw=10 psm=0x1 msk=0x00000000 | SCISSOR 0,0..639,223 | TEST=0x000000000005008B | TEX0 tbp=0x0 tbw=8 psm=0x2C tw=512 th=512 tfx=0 | V0(2060.5,2069.0) V1(2081.5,2079.5) uv0(5112,1432) uv1(5440,1760) | XYOFFSET ofx=1728 ofy=1936 -> screen (332,133)..(353,143)
[p4:gs-sprite] #1092000 ctx=0 tme=1 abe=1 FRAME fbp=0x0 fbw=10 psm=0x1 msk=0x00000000 | SCISSOR 0,0..639,223 | TEST=0x000000000005008B | TEX0 tbp=0x0 tbw=8 psm=0x2C tw=512 th=512 tfx=0 | V0(2124.0,2041.0) V1(2130.0,2050.0) uv0(1960,360) uv1(2048,640) | XYOFFSET ofx=1728 ofy=1936 -> screen (396,105)..(402,114)
[p4:clut] samples=476000000 nonzero=181427710 (38.12%) u=[0..507] v=[0..255] distinctIdx=256 topNonZeroIdx=0x03(51898716) psm=0x2C tbp0=0x0 tbw=8 cbp=0x3B40 csa=0
[p4:gs-sprite] #1092500 ctx=0 tme=1 abe=1 FRAME fbp=0x0 fbw=10 psm=0x1 msk=0x00000000 | SCISSOR 0,0..639,223 | TEST=0x000000000005008B | TEX0 tbp=0x0 tbw=8 psm=0x2C tw=512 th=512 tfx=0 | V0(2001.0,2027.0) V1(2006.0,2036.0) uv0(1784,360) uv1(1856,640) | XYOFFSET ofx=1728 ofy=1936 -> screen (273,91)..(278,100)
[p4:gs-sprite] #1093000 ctx=0 tme=1 abe=1 FRAME fbp=0x0 fbw=10 psm=0x1 msk=0x00000000 | SCISSOR 0,0..639,223 | TEST=0x000000000005008B | TEX0 tbp=0x0 tbw=8 psm=0x2C tw=512 th=512 tfx=0 | V0(1956.5,2013.0) V1(1964.5,2022.0) uv0(744,360) uv1(864,640) | XYOFFSET ofx=1728 ofy=1936 -> screen (228,77)..(236,86)
[p4:gs-sprite] #1093500 ctx=0 tme=1 abe=1 FRAME fbp=0x0 fbw=10 psm=0x1 msk=0x00000000 | SCISSOR 0,0..639,223 | TEST=0x000000000005008B | TEX0 tbp=0x0 tbw=8 psm=0x2C tw=512 th=512 tfx=0 | V0(2018.5,2055.0) V1(2023.5,2064.0) uv0(1784,360) uv1(1856,640) | XYOFFSET ofx=1728 ofy=1936 -> screen (290,119)..(295,128)
[p4:clut] samples=476500000 nonzero=181624366 (38.12%) u=[0..507] v=[0..255] distinctIdx=256 topNonZeroIdx=0x03(51988402) psm=0x2C tbp0=0x0 tbw=8 cbp=0x3B40 csa=0
[p4:gs-sprite] #1094000 ctx=0 tme=1 abe=1 FRAME fbp=0x0 fbw=10 psm=0x1 msk=0x00000000 | SCISSOR 0,0..639,223 | TEST=0x000000000005008B | TEX0 tbp=0x0 tbw=8 psm=0x2C tw=512 th=512 tfx=0 | V0(2164.0,2027.0) V1(2172.0,2036.0) uv0(6184,8) uv1(6304,288) | XYOFFSET ofx=1728 ofy=1936 -> screen (436,91)..(444,100)
[p4:gs-sprite] #1094500 ctx=0 tme=1 abe=1 FRAME fbp=0x0 fbw=10 psm=0x1 msk=0x00000000 | SCISSOR 0,0..639,223 | TEST=0x000000000005008B | TEX0 tbp=0x0 tbw=8 psm=0x2C tw=512 th=512 tfx=0 | V0(2124.5,2013.0) V1(2132.5,2022.0) uv0(488,360) uv1(608,640) | XYOFFSET ofx=1728 ofy=1936 -> screen (396,77)..(404,86)
[p4:gs-sprite] #1095000 ctx=0 tme=1 abe=1 FRAME fbp=0x0 fbw=10 psm=0x1 msk=0x00000000 | SCISSOR 0,0..639,223 | TEST=0x000000000005008B | TEX0 tbp=0x0 tbw=8 psm=0x2C tw=512 th=512 tfx=0 | V0(2202.5,2055.0) V1(2210.5,2064.0) uv0(488,360) uv1(608,640) | XYOFFSET ofx=1728 ofy=1936 -> screen (474,119)..(482,128)
[p4:gs-sprite] #1095500 ctx=0 tme=1 abe=1 FRAME fbp=0x0 fbw=10 psm=0x1 msk=0x00000000 | SCISSOR 0,0..639,223 | TEST=0x000000000005008B | TEX0 tbp=0x0 tbw=8 psm=0x2C tw=512 th=512 tfx=0 | V0(1998.0,2041.0) V1(2008.0,2050.0) uv0(5592,8) uv1(5744,288) | XYOFFSET ofx=1728 ofy=1936 -> screen (270,105)..(280,114)
[p4:clut] samples=477000000 nonzero=181821108 (38.12%) u=[0..507] v=[0..255] distinctIdx=256 topNonZeroIdx=0x03(52078162) psm=0x2C tbp0=0x0 tbw=8 cbp=0x3B40 csa=0
[p4:gs-sprite] #1096000 ctx=0 tme=1 abe=1 FRAME fbp=0x0 fbw=10 psm=0x1 msk=0x00000000 | SCISSOR 0,0..639,223 | TEST=0x000000000005008B | TEX0 tbp=0x0 tbw=8 psm=0x2C tw=512 th=512 tfx=0 | V0(1881.0,2027.0) V1(1889.0,2036.0) uv0(744,360) uv1(864,640) | XYOFFSET ofx=1728 ofy=1936 -> screen (153,91)..(161,100)
[p4:gs-sprite] #1096500 ctx=0 tme=0 abe=0 FRAME fbp=0x0 fbw=10 psm=0x1 msk=0x00000000 | SCISSOR 0,0..639,223 | TEST=0x000000000005008B | TEX0 tbp=0x0 tbw=0 psm=0x0 tw=1 th=1 tfx=0 | V0(1829.0,2007.0) V1(2267.0,2087.0) uv0(0,0) uv1(0,0) | XYOFFSET ofx=1728 ofy=1936 -> screen (101,71)..(539,151)
[p4:gs-sprite] #1097000 ctx=0 tme=1 abe=1 FRAME fbp=0x0 fbw=10 psm=0x1 msk=0x00000000 | SCISSOR 0,0..639,223 | TEST=0x000000000005008B | TEX0 tbp=0x0 tbw=8 psm=0x2C tw=512 th=512 tfx=0 | V0(1888.5,2055.0) V1(1896.5,2066.0) uv0(2584,360) uv1(2704,704) | XYOFFSET ofx=1728 ofy=1936 -> screen (160,119)..(168,130)
[p4:gs-sprite] #1097500 ctx=0 tme=1 abe=1 FRAME fbp=0x0 fbw=10 psm=0x1 msk=0x00000000 | SCISSOR 0,0..639,223 | TEST=0x000000000005008B | TEX0 tbp=0x0 tbw=8 psm=0x2C tw=512 th=512 tfx=0 | V0(2057.0,2027.0) V1(2066.0,2036.0) uv0(3912,8) uv1(4048,288) | XYOFFSET ofx=1728 ofy=1936 -> screen (329,91)..(338,100)
[p4:clut] samples=477500000 nonzero=182018027 (38.12%) u=[0..507] v=[0..255] distinctIdx=256 topNonZeroIdx=0x03(52168070) psm=0x2C tbp0=0x0 tbw=8 cbp=0x3B40 csa=0
[p4:gs-sprite] #1098000 ctx=0 tme=1 abe=1 FRAME fbp=0x0 fbw=10 psm=0x1 msk=0x00000000 | SCISSOR 0,0..639,223 | TEST=0x000000000005008B | TEX0 tbp=0x0 tbw=8 psm=0x2C tw=512 th=512 tfx=0 | V0(2017.5,2013.0) V1(2024.5,2022.0) uv0(2056,360) uv1(2160,640) | XYOFFSET ofx=1728 ofy=1936 -> screen (289,77)..(296,86)
[p4:gs-sprite] #1098500 ctx=0 tme=1 abe=1 FRAME fbp=0x0 fbw=10 psm=0x1 msk=0x00000000 | SCISSOR 0,0..639,223 | TEST=0x000000000005008B | TEX0 tbp=0x0 tbw=8 psm=0x2C tw=512 th=512 tfx=0 | V0(2073.5,2055.0) V1(2080.5,2064.0) uv0(8008,8) uv1(8112,288) | XYOFFSET ofx=1728 ofy=1936 -> screen (345,119)..(352,128)
[p4:gs-sprite] #1099000 ctx=0 tme=1 abe=1 FRAME fbp=0x0 fbw=10 psm=0x1 msk=0x00000000 | SCISSOR 0,0..639,223 | TEST=0x000000000005008B | TEX0 tbp=0x0 tbw=8 psm=0x2C tw=512 th=512 tfx=0 | V0(2204.0,2027.0) V1(2213.0,2036.0) uv0(1416,360) uv1(1552,640) | XYOFFSET ofx=1728 ofy=1936 -> screen (476,91)..(485,100)
[p4:gs-sprite] #1099500 ctx=0 tme=1 abe=1 FRAME fbp=0x0 fbw=10 psm=0x1 msk=0x00000000 | SCISSOR 0,0..639,223 | TEST=0x000000000005008B | TEX0 tbp=0x0 tbw=8 psm=0x2C tw=512 th=512 tfx=0 | V0(2177.5,2013.0) V1(2184.5,2022.0) uv0(8008,8) uv1(8112,288) | XYOFFSET ofx=1728 ofy=1936 -> screen (449,77)..(456,86)
[p4:clut] samples=478000000 nonzero=182214550 (38.12%) u=[0..507] v=[0..255] distinctIdx=256 topNonZeroIdx=0x03(52257701) psm=0x2C tbp0=0x0 tbw=8 cbp=0x3B40 csa=0
[p4:gs-sprite] #1100000 ctx=0 tme=1 abe=1 FRAME fbp=0x0 fbw=10 psm=0x1 msk=0x00000000 | SCISSOR 0,0..639,223 | TEST=0x000000000005008B | TEX0 tbp=0x0 tbw=8 psm=0x2C tw=512 th=512 tfx=0 | V0(1973.5,2069.0) V1(1991.5,2079.0) uv0(3368,1096) uv1(3648,1408) | XYOFFSET ofx=1728 ofy=1936 -> screen (245,133)..(263,143)
[p4:vbl] ticks=14700
[p4:gs-sprite] #1100500 ctx=0 tme=1 abe=1 FRAME fbp=0x0 fbw=10 psm=0x1 msk=0x00000000 | SCISSOR 0,0..639,223 | TEST=0x000000000005008B | TEX0 tbp=0x0 tbw=8 psm=0x2C tw=512 th=512 tfx=0 | V0(2066.0,2041.0) V1(2075.0,2050.0) uv0(6040,8) uv1(6176,288) | XYOFFSET ofx=1728 ofy=1936 -> screen (338,105)..(347,114)
[p4:gs-sprite] #1101000 ctx=0 tme=1 abe=1 FRAME fbp=0x0 fbw=10 psm=0x1 msk=0x00000000 | SCISSOR 0,0..639,223 | TEST=0x000000000005008B | TEX0 tbp=0x0 tbw=8 psm=0x2C tw=512 th=512 tfx=0 | V0(1944.0,2027.0) V1(1953.0,2036.0) uv0(1416,360) uv1(1552,640) | XYOFFSET ofx=1728 ofy=1936 -> screen (216,91)..(225,100)
[p4:clut] samples=478500000 nonzero=182411096 (38.12%) u=[0..507] v=[0..255] distinctIdx=256 topNonZeroIdx=0x03(52347344) psm=0x2C tbp0=0x0 tbw=8 cbp=0x3B40 csa=0
[p4:gs-sprite] #1101500 ctx=0 tme=1 abe=1 FRAME fbp=0x0 fbw=10 psm=0x1 msk=0x00000000 | SCISSOR 0,0..639,223 | TEST=0x000000000005008B | TEX0 tbp=0x0 tbw=8 psm=0x2C tw=512 th=512 tfx=0 | V0(1886.5,2013.0) V1(1893.5,2022.0) uv0(8008,8) uv1(8112,288) | XYOFFSET ofx=1728 ofy=1936 -> screen (158,77)..(165,86)
[p4:gs-sprite] #1102000 ctx=0 tme=1 abe=1 FRAME fbp=0x0 fbw=10 psm=0x1 msk=0x00000000 | SCISSOR 0,0..639,223 | TEST=0x000000000005008B | TEX0 tbp=0x0 tbw=8 psm=0x2C tw=512 th=512 tfx=0 | V0(1950.5,2055.0) V1(1958.5,2064.0) uv0(1288,360) uv1(1408,640) | XYOFFSET ofx=1728 ofy=1936 -> screen (222,119)..(230,128)
[p4:gs-sprite] #1102500 ctx=0 tme=1 abe=1 FRAME fbp=0x0 fbw=10 psm=0x1 msk=0x00000000 | SCISSOR 0,0..639,223 | TEST=0x000000000005008B | TEX0 tbp=0x0 tbw=8 psm=0x2C tw=512 th=512 tfx=0 | V0(2112.0,2027.0) V1(2117.0,2036.0) uv0(1784,360) uv1(1856,640) | XYOFFSET ofx=1728 ofy=1936 -> screen (384,91)..(389,100)
[p4:gs-sprite] #1103000 ctx=0 tme=1 abe=1 FRAME fbp=0x0 fbw=10 psm=0x1 msk=0x00000000 | SCISSOR 0,0..639,223 | TEST=0x000000000005008B | TEX0 tbp=0x0 tbw=8 psm=0x2C tw=512 th=512 tfx=0 | V0(2066.5,2013.0) V1(2074.5,2024.0) uv0(2584,360) uv1(2704,704) | XYOFFSET ofx=1728 ofy=1936 -> screen (338,77)..(346,88)
[p4:clut] samples=479000000 nonzero=182607741 (38.12%) u=[0..507] v=[0..255] distinctIdx=256 topNonZeroIdx=0x03(52437052) psm=0x2C tbp0=0x0 tbw=8 cbp=0x3B40 csa=0
[p4:gs-sprite] #1103500 ctx=0 tme=1 abe=1 FRAME fbp=0x0 fbw=10 psm=0x1 msk=0x00000000 | SCISSOR 0,0..639,223 | TEST=0x000000000005008B | TEX0 tbp=0x0 tbw=8 psm=0x2C tw=512 th=512 tfx=0 | V0(2144.5,2055.0) V1(2152.5,2066.0) uv0(2584,360) uv1(2704,704) | XYOFFSET ofx=1728 ofy=1936 -> screen (416,119)..(424,130)
[p4:gs-sprite] #1104000 ctx=0 tme=1 abe=1 FRAME fbp=0x0 fbw=10 psm=0x1 msk=0x00000000 | SCISSOR 0,0..639,223 | TEST=0x000000000005008B | TEX0 tbp=0x0 tbw=8 psm=0x2C tw=512 th=512 tfx=0 | V0(1939.0,2041.0) V1(1942.0,2050.0) uv0(872,360) uv1(912,640) | XYOFFSET ofx=1728 ofy=1936 -> screen (211,105)..(214,114)
[p4:gs-sprite] #1104500 ctx=0 tme=1 abe=1 FRAME fbp=0x0 fbw=10 psm=0x1 msk=0x00000000 | SCISSOR 0,0..639,223 | TEST=0x000000000005008B | TEX0 tbp=0x0 tbw=8 psm=0x2C tw=512 th=512 tfx=0 | V0(2235.5,2013.0) V1(2243.5,2022.0) uv0(1288,360) uv1(1408,640) | XYOFFSET ofx=1728 ofy=1936 -> screen (507,77)..(515,86)
[p4:gs-sprite] #1105000 ctx=0 tme=1 abe=1 FRAME fbp=0x0 fbw=10 psm=0x1 msk=0x00000000 | SCISSOR 0,0..639,223 | TEST=0x000000000005008B | TEX0 tbp=0x0 tbw=8 psm=0x2C tw=512 th=512 tfx=0 | V0(2060.5,2069.0) V1(2081.5,2079.5) uv0(5112,1432) uv1(5440,1760) | XYOFFSET ofx=1728 ofy=1936 -> screen (332,133)..(353,143)
[p4:clut] samples=479500000 nonzero=182804567 (38.12%) u=[0..507] v=[0..255] distinctIdx=256 topNonZeroIdx=0x03(52526871) psm=0x2C tbp0=0x0 tbw=8 cbp=0x3B40 csa=0
[p4:gs-sprite] #1105500 ctx=0 tme=1 abe=1 FRAME fbp=0x0 fbw=10 psm=0x1 msk=0x00000000 | SCISSOR 0,0..639,223 | TEST=0x000000000005008B | TEX0 tbp=0x0 tbw=8 psm=0x2C tw=512 th=512 tfx=0 | V0(2124.0,2041.0) V1(2130.0,2050.0) uv0(1960,360) uv1(2048,640) | XYOFFSET ofx=1728 ofy=1936 -> screen (396,105)..(402,114)
[p4:gs-sprite] #1106000 ctx=0 tme=1 abe=1 FRAME fbp=0x0 fbw=10 psm=0x1 msk=0x00000000 | SCISSOR 0,0..639,223 | TEST=0x000000000005008B | TEX0 tbp=0x0 tbw=8 psm=0x2C tw=512 th=512 tfx=0 | V0(2001.0,2027.0) V1(2006.0,2036.0) uv0(1784,360) uv1(1856,640) | XYOFFSET ofx=1728 ofy=1936 -> screen (273,91)..(278,100)
[p4:gs-sprite] #1106500 ctx=0 tme=1 abe=1 FRAME fbp=0x0 fbw=10 psm=0x1 msk=0x00000000 | SCISSOR 0,0..639,223 | TEST=0x000000000005008B | TEX0 tbp=0x0 tbw=8 psm=0x2C tw=512 th=512 tfx=0 | V0(1956.5,2013.0) V1(1964.5,2022.0) uv0(744,360) uv1(864,640) | XYOFFSET ofx=1728 ofy=1936 -> screen (228,77)..(236,86)
[p4:clut] samples=480000000 nonzero=183001423 (38.13%) u=[0..507] v=[0..255] distinctIdx=256 topNonZeroIdx=0x03(52616699) psm=0x2C tbp0=0x0 tbw=8 cbp=0x3B40 csa=0
[p4:gs-sprite] #1107000 ctx=0 tme=1 abe=1 FRAME fbp=0x0 fbw=10 psm=0x1 msk=0x00000000 | SCISSOR 0,0..639,223 | TEST=0x000000000005008B | TEX0 tbp=0x0 tbw=8 psm=0x2C tw=512 th=512 tfx=0 | V0(2018.5,2055.0) V1(2023.5,2064.0) uv0(1784,360) uv1(1856,640) | XYOFFSET ofx=1728 ofy=1936 -> screen (290,119)..(295,128)
[p4:gs-sprite] #1107500 ctx=0 tme=1 abe=1 FRAME fbp=0x0 fbw=10 psm=0x1 msk=0x00000000 | SCISSOR 0,0..639,223 | TEST=0x000000000005008B | TEX0 tbp=0x0 tbw=8 psm=0x2C tw=512 th=512 tfx=0 | V0(2164.0,2027.0) V1(2172.0,2036.0) uv0(6184,8) uv1(6304,288) | XYOFFSET ofx=1728 ofy=1936 -> screen (436,91)..(444,100)
[p4:gs-sprite] #1108000 ctx=0 tme=1 abe=1 FRAME fbp=0x0 fbw=10 psm=0x1 msk=0x00000000 | SCISSOR 0,0..639,223 | TEST=0x000000000005008B | TEX0 tbp=0x0 tbw=8 psm=0x2C tw=512 th=512 tfx=0 | V0(2124.5,2013.0) V1(2132.5,2022.0) uv0(488,360) uv1(608,640) | XYOFFSET ofx=1728 ofy=1936 -> screen (396,77)..(404,86)
[p4:gs-sprite] #1108500 ctx=0 tme=1 abe=1 FRAME fbp=0x0 fbw=10 psm=0x1 msk=0x00000000 | SCISSOR 0,0..639,223 | TEST=0x000000000005008B | TEX0 tbp=0x0 tbw=8 psm=0x2C tw=512 th=512 tfx=0 | V0(2202.5,2055.0) V1(2210.5,2064.0) uv0(488,360) uv1(608,640) | XYOFFSET ofx=1728 ofy=1936 -> screen (474,119)..(482,128)
[p4:clut] samples=480500000 nonzero=183197860 (38.13%) u=[0..507] v=[0..255] distinctIdx=256 topNonZeroIdx=0x03(52706316) psm=0x2C tbp0=0x0 tbw=8 cbp=0x3B40 csa=0
[p4:gs-sprite] #1109000 ctx=0 tme=1 abe=1 FRAME fbp=0x0 fbw=10 psm=0x1 msk=0x00000000 | SCISSOR 0,0..639,223 | TEST=0x000000000005008B | TEX0 tbp=0x0 tbw=8 psm=0x2C tw=512 th=512 tfx=0 | V0(1998.0,2041.0) V1(2008.0,2050.0) uv0(5592,8) uv1(5744,288) | XYOFFSET ofx=1728 ofy=1936 -> screen (270,105)..(280,114)
[p4:gs-sprite] #1109500 ctx=0 tme=1 abe=1 FRAME fbp=0x0 fbw=10 psm=0x1 msk=0x00000000 | SCISSOR 0,0..639,223 | TEST=0x000000000005008B | TEX0 tbp=0x0 tbw=8 psm=0x2C tw=512 th=512 tfx=0 | V0(1881.0,2027.0) V1(1889.0,2036.0) uv0(744,360) uv1(864,640) | XYOFFSET ofx=1728 ofy=1936 -> screen (153,91)..(161,100)
[p4:gs-sprite] #1110000 ctx=0 tme=0 abe=0 FRAME fbp=0x0 fbw=10 psm=0x1 msk=0x00000000 | SCISSOR 0,0..639,223 | TEST=0x000000000005008B | TEX0 tbp=0x0 tbw=0 psm=0x0 tw=1 th=1 tfx=0 | V0(1829.0,2007.0) V1(2267.0,2087.0) uv0(0,0) uv1(0,0) | XYOFFSET ofx=1728 ofy=1936 -> screen (101,71)..(539,151)
[p4:gs-sprite] #1110500 ctx=0 tme=1 abe=1 FRAME fbp=0x0 fbw=10 psm=0x1 msk=0x00000000 | SCISSOR 0,0..639,223 | TEST=0x000000000005008B | TEX0 tbp=0x0 tbw=8 psm=0x2C tw=512 th=512 tfx=0 | V0(1888.5,2055.0) V1(1896.5,2066.0) uv0(2584,360) uv1(2704,704) | XYOFFSET ofx=1728 ofy=1936 -> screen (160,119)..(168,130)
[p4:clut] samples=481000000 nonzero=183394359 (38.13%) u=[0..507] v=[0..255] distinctIdx=256 topNonZeroIdx=0x03(52795904) psm=0x2C tbp0=0x0 tbw=8 cbp=0x3B40 csa=0
[p4:gs-sprite] #1111000 ctx=0 tme=1 abe=1 FRAME fbp=0x0 fbw=10 psm=0x1 msk=0x00000000 | SCISSOR 0,0..639,223 | TEST=0x000000000005008B | TEX0 tbp=0x0 tbw=8 psm=0x2C tw=512 th=512 tfx=0 | V0(2057.0,2027.0) V1(2066.0,2036.0) uv0(3912,8) uv1(4048,288) | XYOFFSET ofx=1728 ofy=1936 -> screen (329,91)..(338,100)
[p4:gs-sprite] #1111500 ctx=0 tme=1 abe=1 FRAME fbp=0x0 fbw=10 psm=0x1 msk=0x00000000 | SCISSOR 0,0..639,223 | TEST=0x000000000005008B | TEX0 tbp=0x0 tbw=8 psm=0x2C tw=512 th=512 tfx=0 | V0(2017.5,2013.0) V1(2024.5,2022.0) uv0(2056,360) uv1(2160,640) | XYOFFSET ofx=1728 ofy=1936 -> screen (289,77)..(296,86)
[p4:gs-sprite] #1112000 ctx=0 tme=1 abe=1 FRAME fbp=0x0 fbw=10 psm=0x1 msk=0x00000000 | SCISSOR 0,0..639,223 | TEST=0x000000000005008B | TEX0 tbp=0x0 tbw=8 psm=0x2C tw=512 th=512 tfx=0 | V0(2073.5,2055.0) V1(2080.5,2064.0) uv0(8008,8) uv1(8112,288) | XYOFFSET ofx=1728 ofy=1936 -> screen (345,119)..(352,128)
[p4:gs-sprite] #1112500 ctx=0 tme=1 abe=1 FRAME fbp=0x0 fbw=10 psm=0x1 msk=0x00000000 | SCISSOR 0,0..639,223 | TEST=0x000000000005008B | TEX0 tbp=0x0 tbw=8 psm=0x2C tw=512 th=512 tfx=0 | V0(2204.0,2027.0) V1(2213.0,2036.0) uv0(1416,360) uv1(1552,640) | XYOFFSET ofx=1728 ofy=1936 -> screen (476,91)..(485,100)
[p4:clut] samples=481500000 nonzero=183591031 (38.13%) u=[0..507] v=[0..255] distinctIdx=256 topNonZeroIdx=0x03(52885646) psm=0x2C tbp0=0x0 tbw=8 cbp=0x3B40 csa=0
[p4:gs-sprite] #1113000 ctx=0 tme=1 abe=1 FRAME fbp=0x0 fbw=10 psm=0x1 msk=0x00000000 | SCISSOR 0,0..639,223 | TEST=0x000000000005008B | TEX0 tbp=0x0 tbw=8 psm=0x2C tw=512 th=512 tfx=0 | V0(2177.5,2013.0) V1(2184.5,2022.0) uv0(8008,8) uv1(8112,288) | XYOFFSET ofx=1728 ofy=1936 -> screen (449,77)..(456,86)
[p4:gs-sprite] #1113500 ctx=0 tme=1 abe=1 FRAME fbp=0x0 fbw=10 psm=0x1 msk=0x00000000 | SCISSOR 0,0..639,223 | TEST=0x000000000005008B | TEX0 tbp=0x0 tbw=8 psm=0x2C tw=512 th=512 tfx=0 | V0(1973.5,2069.0) V1(1991.5,2079.0) uv0(3368,1096) uv1(3648,1408) | XYOFFSET ofx=1728 ofy=1936 -> screen (245,133)..(263,143)
[p4:gs-sprite] #1114000 ctx=0 tme=1 abe=1 FRAME fbp=0x0 fbw=10 psm=0x1 msk=0x00000000 | SCISSOR 0,0..639,223 | TEST=0x000000000005008B | TEX0 tbp=0x0 tbw=8 psm=0x2C tw=512 th=512 tfx=0 | V0(2066.0,2041.0) V1(2075.0,2050.0) uv0(6040,8) uv1(6176,288) | XYOFFSET ofx=1728 ofy=1936 -> screen (338,105)..(347,114)
[p4:clut] samples=482000000 nonzero=183787973 (38.13%) u=[0..507] v=[0..255] distinctIdx=256 topNonZeroIdx=0x03(52975571) psm=0x2C tbp0=0x0 tbw=8 cbp=0x3B40 csa=0
[p4:gs-sprite] #1114500 ctx=0 tme=1 abe=1 FRAME fbp=0x0 fbw=10 psm=0x1 msk=0x00000000 | SCISSOR 0,0..639,223 | TEST=0x000000000005008B | TEX0 tbp=0x0 tbw=8 psm=0x2C tw=512 th=512 tfx=0 | V0(1944.0,2027.0) V1(1953.0,2036.0) uv0(1416,360) uv1(1552,640) | XYOFFSET ofx=1728 ofy=1936 -> screen (216,91)..(225,100)
[p4:gs-sprite] #1115000 ctx=0 tme=1 abe=1 FRAME fbp=0x0 fbw=10 psm=0x1 msk=0x00000000 | SCISSOR 0,0..639,223 | TEST=0x000000000005008B | TEX0 tbp=0x0 tbw=8 psm=0x2C tw=512 th=512 tfx=0 | V0(1886.5,2013.0) V1(1893.5,2022.0) uv0(8008,8) uv1(8112,288) | XYOFFSET ofx=1728 ofy=1936 -> screen (158,77)..(165,86)
[p4:gs-sprite] #1115500 ctx=0 tme=1 abe=1 FRAME fbp=0x0 fbw=10 psm=0x1 msk=0x00000000 | SCISSOR 0,0..639,223 | TEST=0x000000000005008B | TEX0 tbp=0x0 tbw=8 psm=0x2C tw=512 th=512 tfx=0 | V0(1950.5,2055.0) V1(1958.5,2064.0) uv0(1288,360) uv1(1408,640) | XYOFFSET ofx=1728 ofy=1936 -> screen (222,119)..(230,128)
[p4:gs-sprite] #1116000 ctx=0 tme=1 abe=1 FRAME fbp=0x0 fbw=10 psm=0x1 msk=0x00000000 | SCISSOR 0,0..639,223 | TEST=0x000000000005008B | TEX0 tbp=0x0 tbw=8 psm=0x2C tw=512 th=512 tfx=0 | V0(2112.0,2027.0) V1(2117.0,2036.0) uv0(1784,360) uv1(1856,640) | XYOFFSET ofx=1728 ofy=1936 -> screen (384,91)..(389,100)
[p4:clut] samples=482500000 nonzero=183984702 (38.13%) u=[0..507] v=[0..255] distinctIdx=256 topNonZeroIdx=0x03(53065258) psm=0x2C tbp0=0x0 tbw=8 cbp=0x3B40 csa=0
[p4:gs-sprite] #1116500 ctx=0 tme=1 abe=1 FRAME fbp=0x0 fbw=10 psm=0x1 msk=0x00000000 | SCISSOR 0,0..639,223 | TEST=0x000000000005008B | TEX0 tbp=0x0 tbw=8 psm=0x2C tw=512 th=512 tfx=0 | V0(2066.5,2013.0) V1(2074.5,2024.0) uv0(2584,360) uv1(2704,704) | XYOFFSET ofx=1728 ofy=1936 -> screen (338,77)..(346,88)
[p4:gs-sprite] #1117000 ctx=0 tme=1 abe=1 FRAME fbp=0x0 fbw=10 psm=0x1 msk=0x00000000 | SCISSOR 0,0..639,223 | TEST=0x000000000005008B | TEX0 tbp=0x0 tbw=8 psm=0x2C tw=512 th=512 tfx=0 | V0(2144.5,2055.0) V1(2152.5,2066.0) uv0(2584,360) uv1(2704,704) | XYOFFSET ofx=1728 ofy=1936 -> screen (416,119)..(424,130)
[p4:gs-sprite] #1117500 ctx=0 tme=1 abe=1 FRAME fbp=0x0 fbw=10 psm=0x1 msk=0x00000000 | SCISSOR 0,0..639,223 | TEST=0x000000000005008B | TEX0 tbp=0x0 tbw=8 psm=0x2C tw=512 th=512 tfx=0 | V0(1939.0,2041.0) V1(1942.0,2050.0) uv0(872,360) uv1(912,640) | XYOFFSET ofx=1728 ofy=1936 -> screen (211,105)..(214,114)
[p4:gs-sprite] #1118000 ctx=0 tme=1 abe=1 FRAME fbp=0x0 fbw=10 psm=0x1 msk=0x00000000 | SCISSOR 0,0..639,223 | TEST=0x000000000005008B | TEX0 tbp=0x0 tbw=8 psm=0x2C tw=512 th=512 tfx=0 | V0(2235.5,2013.0) V1(2243.5,2022.0) uv0(1288,360) uv1(1408,640) | XYOFFSET ofx=1728 ofy=1936 -> screen (507,77)..(515,86)
[p4:clut] samples=483000000 nonzero=184181006 (38.13%) u=[0..507] v=[0..255] distinctIdx=256 topNonZeroIdx=0x03(53154828) psm=0x2C tbp0=0x0 tbw=8 cbp=0x3B40 csa=0
[p4:gs-sprite] #1118500 ctx=0 tme=1 abe=1 FRAME fbp=0x0 fbw=10 psm=0x1 msk=0x00000000 | SCISSOR 0,0..639,223 | TEST=0x000000000005008B | TEX0 tbp=0x0 tbw=8 psm=0x2C tw=512 th=512 tfx=0 | V0(2060.5,2069.0) V1(2081.5,2079.5) uv0(5112,1432) uv1(5440,1760) | XYOFFSET ofx=1728 ofy=1936 -> screen (332,133)..(353,143)
[p4:gs-sprite] #1119000 ctx=0 tme=1 abe=1 FRAME fbp=0x0 fbw=10 psm=0x1 msk=0x00000000 | SCISSOR 0,0..639,223 | TEST=0x000000000005008B | TEX0 tbp=0x0 tbw=8 psm=0x2C tw=512 th=512 tfx=0 | V0(2124.0,2041.0) V1(2130.0,2050.0) uv0(1960,360) uv1(2048,640) | XYOFFSET ofx=1728 ofy=1936 -> screen (396,105)..(402,114)
[p4:gs-sprite] #1119500 ctx=0 tme=1 abe=1 FRAME fbp=0x0 fbw=10 psm=0x1 msk=0x00000000 | SCISSOR 0,0..639,223 | TEST=0x000000000005008B | TEX0 tbp=0x0 tbw=8 psm=0x2C tw=512 th=512 tfx=0 | V0(2001.0,2027.0) V1(2006.0,2036.0) uv0(1784,360) uv1(1856,640) | XYOFFSET ofx=1728 ofy=1936 -> screen (273,91)..(278,100)
[p4:gs-sprite] #1120000 ctx=0 tme=1 abe=1 FRAME fbp=0x0 fbw=10 psm=0x1 msk=0x00000000 | SCISSOR 0,0..639,223 | TEST=0x000000000005008B | TEX0 tbp=0x0 tbw=8 psm=0x2C tw=512 th=512 tfx=0 | V0(1956.5,2013.0) V1(1964.5,2022.0) uv0(744,360) uv1(864,640) | XYOFFSET ofx=1728 ofy=1936 -> screen (228,77)..(236,86)
[p4:clut] samples=483500000 nonzero=184377711 (38.13%) u=[0..507] v=[0..255] distinctIdx=256 topNonZeroIdx=0x03(53244565) psm=0x2C tbp0=0x0 tbw=8 cbp=0x3B40 csa=0
[p4:gs-sprite] #1120500 ctx=0 tme=1 abe=1 FRAME fbp=0x0 fbw=10 psm=0x1 msk=0x00000000 | SCISSOR 0,0..639,223 | TEST=0x000000000005008B | TEX0 tbp=0x0 tbw=8 psm=0x2C tw=512 th=512 tfx=0 | V0(2018.5,2055.0) V1(2023.5,2064.0) uv0(1784,360) uv1(1856,640) | XYOFFSET ofx=1728 ofy=1936 -> screen (290,119)..(295,128)
[p4:gs-sprite] #1121000 ctx=0 tme=1 abe=1 FRAME fbp=0x0 fbw=10 psm=0x1 msk=0x00000000 | SCISSOR 0,0..639,223 | TEST=0x000000000005008B | TEX0 tbp=0x0 tbw=8 psm=0x2C tw=512 th=512 tfx=0 | V0(2164.0,2027.0) V1(2172.0,2036.0) uv0(6184,8) uv1(6304,288) | XYOFFSET ofx=1728 ofy=1936 -> screen (436,91)..(444,100)
[p4:gs-sprite] #1121500 ctx=0 tme=1 abe=1 FRAME fbp=0x0 fbw=10 psm=0x1 msk=0x00000000 | SCISSOR 0,0..639,223 | TEST=0x000000000005008B | TEX0 tbp=0x0 tbw=8 psm=0x2C tw=512 th=512 tfx=0 | V0(2124.5,2013.0) V1(2132.5,2022.0) uv0(488,360) uv1(608,640) | XYOFFSET ofx=1728 ofy=1936 -> screen (396,77)..(404,86)
[p4:clut] samples=484000000 nonzero=184574505 (38.14%) u=[0..507] v=[0..255] distinctIdx=256 topNonZeroIdx=0x03(53334354) psm=0x2C tbp0=0x0 tbw=8 cbp=0x3B40 csa=0
[p4:gs-sprite] #1122000 ctx=0 tme=1 abe=1 FRAME fbp=0x0 fbw=10 psm=0x1 msk=0x00000000 | SCISSOR 0,0..639,223 | TEST=0x000000000005008B | TEX0 tbp=0x0 tbw=8 psm=0x2C tw=512 th=512 tfx=0 | V0(2202.5,2055.0) V1(2210.5,2064.0) uv0(488,360) uv1(608,640) | XYOFFSET ofx=1728 ofy=1936 -> screen (474,119)..(482,128)
[p4:gs-sprite] #1122500 ctx=0 tme=1 abe=1 FRAME fbp=0x0 fbw=10 psm=0x1 msk=0x00000000 | SCISSOR 0,0..639,223 | TEST=0x000000000005008B | TEX0 tbp=0x0 tbw=8 psm=0x2C tw=512 th=512 tfx=0 | V0(1998.0,2041.0) V1(2008.0,2050.0) uv0(5592,8) uv1(5744,288) | XYOFFSET ofx=1728 ofy=1936 -> screen (270,105)..(280,114)
[p4:gs-sprite] #1123000 ctx=0 tme=1 abe=1 FRAME fbp=0x0 fbw=10 psm=0x1 msk=0x00000000 | SCISSOR 0,0..639,223 | TEST=0x000000000005008B | TEX0 tbp=0x0 tbw=8 psm=0x2C tw=512 th=512 tfx=0 | V0(1881.0,2027.0) V1(1889.0,2036.0) uv0(744,360) uv1(864,640) | XYOFFSET ofx=1728 ofy=1936 -> screen (153,91)..(161,100)
[p4:gs-sprite] #1123500 ctx=0 tme=0 abe=0 FRAME fbp=0x0 fbw=10 psm=0x1 msk=0x00000000 | SCISSOR 0,0..639,223 | TEST=0x000000000005008B | TEX0 tbp=0x0 tbw=0 psm=0x0 tw=1 th=1 tfx=0 | V0(1829.0,2007.0) V1(2267.0,2087.0) uv0(0,0) uv1(0,0) | XYOFFSET ofx=1728 ofy=1936 -> screen (101,71)..(539,151)
[p4:spx] #1123500 tme=0 fst=0 vtxRGBA=80725D80 span=438x80 tbp=0x0 tw=1 th=1
[p4:clut] samples=484500000 nonzero=184771353 (38.14%) u=[0..507] v=[0..255] distinctIdx=256 topNonZeroIdx=0x03(53424208) psm=0x2C tbp0=0x0 tbw=8 cbp=0x3B40 csa=0
[p4:gs-sprite] #1124000 ctx=0 tme=1 abe=1 FRAME fbp=0x0 fbw=10 psm=0x1 msk=0x00000000 | SCISSOR 0,0..639,223 | TEST=0x000000000005008B | TEX0 tbp=0x0 tbw=8 psm=0x2C tw=512 th=512 tfx=0 | V0(1888.5,2055.0) V1(1896.5,2066.0) uv0(2584,360) uv1(2704,704) | XYOFFSET ofx=1728 ofy=1936 -> screen (160,119)..(168,130)
[p4:spx] #1124000 tme=1 fst=1 vtxRGBA=2D2A2880 span=8x11 tbp=0x0 tw=512 th=512
[p4:gs-sprite] #1124500 ctx=0 tme=1 abe=1 FRAME fbp=0x0 fbw=10 psm=0x1 msk=0x00000000 | SCISSOR 0,0..639,223 | TEST=0x000000000005008B | TEX0 tbp=0x0 tbw=8 psm=0x2C tw=512 th=512 tfx=0 | V0(2057.0,2027.0) V1(2066.0,2036.0) uv0(3912,8) uv1(4048,288) | XYOFFSET ofx=1728 ofy=1936 -> screen (329,91)..(338,100)
[p4:spx] #1124500 tme=1 fst=1 vtxRGBA=2D2A2880 span=9x9 tbp=0x0 tw=512 th=512
[p4:gs-sprite] #1125000 ctx=0 tme=1 abe=1 FRAME fbp=0x0 fbw=10 psm=0x1 msk=0x00000000 | SCISSOR 0,0..639,223 | TEST=0x000000000005008B | TEX0 tbp=0x0 tbw=8 psm=0x2C tw=512 th=512 tfx=0 | V0(2017.5,2013.0) V1(2024.5,2022.0) uv0(2056,360) uv1(2160,640) | XYOFFSET ofx=1728 ofy=1936 -> screen (289,77)..(296,86)
[p4:spx] #1125000 tme=1 fst=1 vtxRGBA=2D2A2880 span=7x9 tbp=0x0 tw=512 th=512
[p4:gs-sprite] #1125500 ctx=0 tme=1 abe=1 FRAME fbp=0x0 fbw=10 psm=0x1 msk=0x00000000 | SCISSOR 0,0..639,223 | TEST=0x000000000005008B | TEX0 tbp=0x0 tbw=8 psm=0x2C tw=512 th=512 tfx=0 | V0(2073.5,2055.0) V1(2080.5,2064.0) uv0(8008,8) uv1(8112,288) | XYOFFSET ofx=1728 ofy=1936 -> screen (345,119)..(352,128)
[p4:spx] #1125500 tme=1 fst=1 vtxRGBA=2D2A2880 span=7x9 tbp=0x0 tw=512 th=512
[p4:clut] samples=485000000 nonzero=184967842 (38.14%) u=[0..507] v=[0..255] distinctIdx=256 topNonZeroIdx=0x03(53513864) psm=0x2C tbp0=0x0 tbw=8 cbp=0x3B40 csa=0
[p4:vbl] ticks=15000
[p4:gs-sprite] #1126000 ctx=0 tme=1 abe=1 FRAME fbp=0x0 fbw=10 psm=0x1 msk=0x00000000 | SCISSOR 0,0..639,223 | TEST=0x000000000005008B | TEX0 tbp=0x0 tbw=8 psm=0x2C tw=512 th=512 tfx=0 | V0(2204.0,2027.0) V1(2213.0,2036.0) uv0(1416,360) uv1(1552,640) | XYOFFSET ofx=1728 ofy=1936 -> screen (476,91)..(485,100)
[p4:spx] #1126000 tme=1 fst=1 vtxRGBA=2D2A2880 span=9x9 tbp=0x0 tw=512 th=512
[p4:gs-sprite] #1126500 ctx=0 tme=1 abe=1 FRAME fbp=0x0 fbw=10 psm=0x1 msk=0x00000000 | SCISSOR 0,0..639,223 | TEST=0x000000000005008B | TEX0 tbp=0x0 tbw=8 psm=0x2C tw=512 th=512 tfx=0 | V0(2177.5,2013.0) V1(2184.5,2022.0) uv0(8008,8) uv1(8112,288) | XYOFFSET ofx=1728 ofy=1936 -> screen (449,77)..(456,86)
[p4:spx] #1126500 tme=1 fst=1 vtxRGBA=2D2A2880 span=7x9 tbp=0x0 tw=512 th=512
[p4:gs-sprite] #1127000 ctx=0 tme=1 abe=1 FRAME fbp=0x0 fbw=10 psm=0x1 msk=0x00000000 | SCISSOR 0,0..639,223 | TEST=0x000000000005008B | TEX0 tbp=0x0 tbw=8 psm=0x2C tw=512 th=512 tfx=0 | V0(1973.5,2069.0) V1(1991.5,2079.0) uv0(3368,1096) uv1(3648,1408) | XYOFFSET ofx=1728 ofy=1936 -> screen (245,133)..(263,143)
[p4:spx] #1127000 tme=1 fst=1 vtxRGBA=2D2A2880 span=18x10 tbp=0x0 tw=512 th=512
[p4:clut] samples=485500000 nonzero=185164399 (38.14%) u=[0..507] v=[0..255] distinctIdx=256 topNonZeroIdx=0x03(53603482) psm=0x2C tbp0=0x0 tbw=8 cbp=0x3B40 csa=0
[p4:gs-sprite] #1127500 ctx=0 tme=1 abe=1 FRAME fbp=0x0 fbw=10 psm=0x1 msk=0x00000000 | SCISSOR 0,0..639,223 | TEST=0x000000000005008B | TEX0 tbp=0x0 tbw=8 psm=0x2C tw=512 th=512 tfx=0 | V0(2066.0,2041.0) V1(2075.0,2050.0) uv0(6040,8) uv1(6176,288) | XYOFFSET ofx=1728 ofy=1936 -> screen (338,105)..(347,114)
[p4:spx] #1127500 tme=1 fst=1 vtxRGBA=2D2A2880 span=9x9 tbp=0x0 tw=512 th=512
[p4:gs-sprite] #1128000 ctx=0 tme=1 abe=1 FRAME fbp=0x0 fbw=10 psm=0x1 msk=0x00000000 | SCISSOR 0,0..639,223 | TEST=0x000000000005008B | TEX0 tbp=0x0 tbw=8 psm=0x2C tw=512 th=512 tfx=0 | V0(1944.0,2027.0) V1(1953.0,2036.0) uv0(1416,360) uv1(1552,640) | XYOFFSET ofx=1728 ofy=1936 -> screen (216,91)..(225,100)
[p4:spx] #1128000 tme=1 fst=1 vtxRGBA=2D2A2880 span=9x9 tbp=0x0 tw=512 th=512
[p4:gs-sprite] #1128500 ctx=0 tme=1 abe=1 FRAME fbp=0x0 fbw=10 psm=0x1 msk=0x00000000 | SCISSOR 0,0..639,223 | TEST=0x000000000005008B | TEX0 tbp=0x0 tbw=8 psm=0x2C tw=512 th=512 tfx=0 | V0(1886.5,2013.0) V1(1893.5,2022.0) uv0(8008,8) uv1(8112,288) | XYOFFSET ofx=1728 ofy=1936 -> screen (158,77)..(165,86)
[p4:spx] #1128500 tme=1 fst=1 vtxRGBA=2D2A2880 span=7x9 tbp=0x0 tw=512 th=512
[p4:gs-sprite] #1129000 ctx=0 tme=1 abe=1 FRAME fbp=0x0 fbw=10 psm=0x1 msk=0x00000000 | SCISSOR 0,0..639,223 | TEST=0x000000000005008B | TEX0 tbp=0x0 tbw=8 psm=0x2C tw=512 th=512 tfx=0 | V0(1950.5,2055.0) V1(1958.5,2064.0) uv0(1288,360) uv1(1408,640) | XYOFFSET ofx=1728 ofy=1936 -> screen (222,119)..(230,128)
[p4:spx] #1129000 tme=1 fst=1 vtxRGBA=2D2A2880 span=8x9 tbp=0x0 tw=512 th=512
[p4:clut] samples=486000000 nonzero=185361084 (38.14%) u=[0..507] v=[0..255] distinctIdx=256 topNonZeroIdx=0x03(53693213) psm=0x2C tbp0=0x0 tbw=8 cbp=0x3B40 csa=0
[p4:gs-sprite] #1129500 ctx=0 tme=1 abe=1 FRAME fbp=0x0 fbw=10 psm=0x1 msk=0x00000000 | SCISSOR 0,0..639,223 | TEST=0x000000000005008B | TEX0 tbp=0x0 tbw=8 psm=0x2C tw=512 th=512 tfx=0 | V0(2112.0,2027.0) V1(2117.0,2036.0) uv0(1784,360) uv1(1856,640) | XYOFFSET ofx=1728 ofy=1936 -> screen (384,91)..(389,100)
[p4:spx] #1129500 tme=1 fst=1 vtxRGBA=2D2A2880 span=5x9 tbp=0x0 tw=512 th=512
[p4:gs-sprite] #1130000 ctx=0 tme=1 abe=1 FRAME fbp=0x0 fbw=10 psm=0x1 msk=0x00000000 | SCISSOR 0,0..639,223 | TEST=0x000000000005008B | TEX0 tbp=0x0 tbw=8 psm=0x2C tw=512 th=512 tfx=0 | V0(2066.5,2013.0) V1(2074.5,2024.0) uv0(2584,360) uv1(2704,704) | XYOFFSET ofx=1728 ofy=1936 -> screen (338,77)..(346,88)
[p4:spx] #1130000 tme=1 fst=1 vtxRGBA=2D2A2880 span=8x11 tbp=0x0 tw=512 th=512
[p4:gs-sprite] #1130500 ctx=0 tme=1 abe=1 FRAME fbp=0x0 fbw=10 psm=0x1 msk=0x00000000 | SCISSOR 0,0..639,223 | TEST=0x000000000005008B | TEX0 tbp=0x0 tbw=8 psm=0x2C tw=512 th=512 tfx=0 | V0(2144.5,2055.0) V1(2152.5,2066.0) uv0(2584,360) uv1(2704,704) | XYOFFSET ofx=1728 ofy=1936 -> screen (416,119)..(424,130)
[p4:spx] #1130500 tme=1 fst=1 vtxRGBA=2D2A2880 span=8x11 tbp=0x0 tw=512 th=512
[p4:gs-sprite] #1131000 ctx=0 tme=1 abe=1 FRAME fbp=0x0 fbw=10 psm=0x1 msk=0x00000000 | SCISSOR 0,0..639,223 | TEST=0x000000000005008B | TEX0 tbp=0x0 tbw=8 psm=0x2C tw=512 th=512 tfx=0 | V0(1939.0,2041.0) V1(1942.0,2050.0) uv0(872,360) uv1(912,640) | XYOFFSET ofx=1728 ofy=1936 -> screen (211,105)..(214,114)
[p4:spx] #1131000 tme=1 fst=1 vtxRGBA=2D2A2880 span=3x9 tbp=0x0 tw=512 th=512
[p4:clut] samples=486500000 nonzero=185557953 (38.14%) u=[0..507] v=[0..255] distinctIdx=256 topNonZeroIdx=0x03(53783054) psm=0x2C tbp0=0x0 tbw=8 cbp=0x3B40 csa=0
[p4:gs-sprite] #1131500 ctx=0 tme=1 abe=1 FRAME fbp=0x0 fbw=10 psm=0x1 msk=0x00000000 | SCISSOR 0,0..639,223 | TEST=0x000000000005008B | TEX0 tbp=0x0 tbw=8 psm=0x2C tw=512 th=512 tfx=0 | V0(2235.5,2013.0) V1(2243.5,2022.0) uv0(1288,360) uv1(1408,640) | XYOFFSET ofx=1728 ofy=1936 -> screen (507,77)..(515,86)
[p4:spx] #1131500 tme=1 fst=1 vtxRGBA=2D2A2880 span=8x9 tbp=0x0 tw=512 th=512
[p4:gs-sprite] #1132000 ctx=0 tme=1 abe=1 FRAME fbp=0x0 fbw=10 psm=0x1 msk=0x00000000 | SCISSOR 0,0..639,223 | TEST=0x000000000005008B | TEX0 tbp=0x0 tbw=8 psm=0x2C tw=512 th=512 tfx=0 | V0(2060.5,2069.0) V1(2081.5,2079.5) uv0(5112,1432) uv1(5440,1760) | XYOFFSET ofx=1728 ofy=1936 -> screen (332,133)..(353,143)
[p4:spx] #1132000 tme=1 fst=1 vtxRGBA=2D2A2880 span=21x10 tbp=0x0 tw=512 th=512
[p4:gs-sprite] #1132500 ctx=0 tme=1 abe=1 FRAME fbp=0x0 fbw=10 psm=0x1 msk=0x00000000 | SCISSOR 0,0..639,223 | TEST=0x000000000005008B | TEX0 tbp=0x0 tbw=8 psm=0x2C tw=512 th=512 tfx=0 | V0(2124.0,2041.0) V1(2130.0,2050.0) uv0(1960,360) uv1(2048,640) | XYOFFSET ofx=1728 ofy=1936 -> screen (396,105)..(402,114)
[p4:spx] #1132500 tme=1 fst=1 vtxRGBA=2D2A2880 span=6x9 tbp=0x0 tw=512 th=512
[p4:gs-sprite] #1133000 ctx=0 tme=1 abe=1 FRAME fbp=0x0 fbw=10 psm=0x1 msk=0x00000000 | SCISSOR 0,0..639,223 | TEST=0x000000000005008B | TEX0 tbp=0x0 tbw=8 psm=0x2C tw=512 th=512 tfx=0 | V0(2001.0,2027.0) V1(2006.0,2036.0) uv0(1784,360) uv1(1856,640) | XYOFFSET ofx=1728 ofy=1936 -> screen (273,91)..(278,100)
[p4:spx] #1133000 tme=1 fst=1 vtxRGBA=2D2A2880 span=5x9 tbp=0x0 tw=512 th=512
[p4:clut] samples=487000000 nonzero=185754770 (38.14%) u=[0..507] v=[0..255] distinctIdx=256 topNonZeroIdx=0x03(53872840) psm=0x2C tbp0=0x0 tbw=8 cbp=0x3B40 csa=0
[p4:gs-sprite] #1133500 ctx=0 tme=1 abe=1 FRAME fbp=0x0 fbw=10 psm=0x1 msk=0x00000000 | SCISSOR 0,0..639,223 | TEST=0x000000000005008B | TEX0 tbp=0x0 tbw=8 psm=0x2C tw=512 th=512 tfx=0 | V0(1956.5,2013.0) V1(1964.5,2022.0) uv0(744,360) uv1(864,640) | XYOFFSET ofx=1728 ofy=1936 -> screen (228,77)..(236,86)
[p4:spx] #1133500 tme=1 fst=1 vtxRGBA=2D2A2880 span=8x9 tbp=0x0 tw=512 th=512
[p4:gs-sprite] #1134000 ctx=0 tme=1 abe=1 FRAME fbp=0x0 fbw=10 psm=0x1 msk=0x00000000 | SCISSOR 0,0..639,223 | TEST=0x000000000005008B | TEX0 tbp=0x0 tbw=8 psm=0x2C tw=512 th=512 tfx=0 | V0(2018.5,2055.0) V1(2023.5,2064.0) uv0(1784,360) uv1(1856,640) | XYOFFSET ofx=1728 ofy=1936 -> screen (290,119)..(295,128)
[p4:spx] #1134000 tme=1 fst=1 vtxRGBA=2D2A2880 span=5x9 tbp=0x0 tw=512 th=512
[p4:gs-sprite] #1134500 ctx=0 tme=1 abe=1 FRAME fbp=0x0 fbw=10 psm=0x1 msk=0x00000000 | SCISSOR 0,0..639,223 | TEST=0x000000000005008B | TEX0 tbp=0x0 tbw=8 psm=0x2C tw=512 th=512 tfx=0 | V0(2164.0,2027.0) V1(2172.0,2036.0) uv0(6184,8) uv1(6304,288) | XYOFFSET ofx=1728 ofy=1936 -> screen (436,91)..(444,100)
[p4:spx] #1134500 tme=1 fst=1 vtxRGBA=2D2A2880 span=8x9 tbp=0x0 tw=512 th=512
[p4:clut] samples=487500000 nonzero=185951199 (38.14%) u=[0..507] v=[0..255] distinctIdx=256 topNonZeroIdx=0x03(53962461) psm=0x2C tbp0=0x0 tbw=8 cbp=0x3B40 csa=0
[p4:gs-sprite] #1135000 ctx=0 tme=1 abe=1 FRAME fbp=0x0 fbw=10 psm=0x1 msk=0x00000000 | SCISSOR 0,0..639,223 | TEST=0x000000000005008B | TEX0 tbp=0x0 tbw=8 psm=0x2C tw=512 th=512 tfx=0 | V0(2124.5,2013.0) V1(2132.5,2022.0) uv0(488,360) uv1(608,640) | XYOFFSET ofx=1728 ofy=1936 -> screen (396,77)..(404,86)
[p4:spx] #1135000 tme=1 fst=1 vtxRGBA=2D2A2880 span=8x9 tbp=0x0 tw=512 th=512
[p4:gs-sprite] #1135500 ctx=0 tme=1 abe=1 FRAME fbp=0x0 fbw=10 psm=0x1 msk=0x00000000 | SCISSOR 0,0..639,223 | TEST=0x000000000005008B | TEX0 tbp=0x0 tbw=8 psm=0x2C tw=512 th=512 tfx=0 | V0(2202.5,2055.0) V1(2210.5,2064.0) uv0(488,360) uv1(608,640) | XYOFFSET ofx=1728 ofy=1936 -> screen (474,119)..(482,128)
[p4:spx] #1135500 tme=1 fst=1 vtxRGBA=2D2A2880 span=8x9 tbp=0x0 tw=512 th=512
[p4:gs-sprite] #1136000 ctx=0 tme=1 abe=1 FRAME fbp=0x0 fbw=10 psm=0x1 msk=0x00000000 | SCISSOR 0,0..639,223 | TEST=0x000000000005008B | TEX0 tbp=0x0 tbw=8 psm=0x2C tw=512 th=512 tfx=0 | V0(1998.0,2041.0) V1(2008.0,2050.0) uv0(5592,8) uv1(5744,288) | XYOFFSET ofx=1728 ofy=1936 -> screen (270,105)..(280,114)
[p4:spx] #1136000 tme=1 fst=1 vtxRGBA=2D2A2880 span=10x9 tbp=0x0 tw=512 th=512
[p4:gs-sprite] #1136500 ctx=0 tme=1 abe=1 FRAME fbp=0x0 fbw=10 psm=0x1 msk=0x00000000 | SCISSOR 0,0..639,223 | TEST=0x000000000005008B | TEX0 tbp=0x0 tbw=8 psm=0x2C tw=512 th=512 tfx=0 | V0(1881.0,2027.0) V1(1889.0,2036.0) uv0(744,360) uv1(864,640) | XYOFFSET ofx=1728 ofy=1936 -> screen (153,91)..(161,100)
[p4:spx] #1136500 tme=1 fst=1 vtxRGBA=2D2A2880 span=8x9 tbp=0x0 tw=512 th=512
[p4:clut] samples=488000000 nonzero=186147704 (38.15%) u=[0..507] v=[0..255] distinctIdx=256 topNonZeroIdx=0x03(54052068) psm=0x2C tbp0=0x0 tbw=8 cbp=0x3B40 csa=0
[p4:gs-sprite] #1137000 ctx=0 tme=0 abe=0 FRAME fbp=0x0 fbw=10 psm=0x1 msk=0x00000000 | SCISSOR 0,0..639,223 | TEST=0x000000000005008B | TEX0 tbp=0x0 tbw=0 psm=0x0 tw=1 th=1 tfx=0 | V0(1829.0,2007.0) V1(2267.0,2087.0) uv0(0,0) uv1(0,0) | XYOFFSET ofx=1728 ofy=1936 -> screen (101,71)..(539,151)
[p4:spx] #1137000 tme=0 fst=0 vtxRGBA=80725D80 span=438x80 tbp=0x0 tw=1 th=1
[p4:gs-sprite] #1137500 ctx=0 tme=1 abe=1 FRAME fbp=0x0 fbw=10 psm=0x1 msk=0x00000000 | SCISSOR 0,0..639,223 | TEST=0x000000000005008B | TEX0 tbp=0x0 tbw=8 psm=0x2C tw=512 th=512 tfx=0 | V0(1968.5,2034.0) V1(1971.5,2043.0) uv0(1096,360) uv1(1136,640) | XYOFFSET ofx=1728 ofy=1936 -> screen (240,98)..(243,107)
[p4:spx] #1137500 tme=1 fst=1 vtxRGBA=2D2A2880 span=3x9 tbp=0x0 tw=512 th=512
[p4:gs-sprite] #1138000 ctx=0 tme=1 abe=1 FRAME fbp=0x0 fbw=10 psm=0x1 msk=0x00000000 | SCISSOR 0,0..639,223 | TEST=0x000000000005008B | TEX0 tbp=0x0 tbw=8 psm=0x2C tw=512 th=512 tfx=0 | V0(1942.5,2034.0) V1(1948.5,2043.0) uv0(1864,360) uv1(1952,640) | XYOFFSET ofx=1728 ofy=1936 -> screen (214,98)..(220,107)
[p4:spx] #1138000 tme=1 fst=1 vtxRGBA=2D2A2880 span=6x9 tbp=0x0 tw=512 th=512
[p4:gs-sprite] #1138500 ctx=0 tme=1 abe=1 FRAME fbp=0x0 fbw=10 psm=0x1 msk=0x00000000 | SCISSOR 0,0..639,223 | TEST=0x000000000005008B | TEX0 tbp=0x0 tbw=8 psm=0x2C tw=512 th=512 tfx=0 | V0(1879.5,2034.0) V1(1888.5,2043.0) uv0(1416,360) uv1(1552,640) | XYOFFSET ofx=1728 ofy=1936 -> screen (151,98)..(160,107)
[p4:spx] #1138500 tme=1 fst=1 vtxRGBA=2D2A2880 span=9x9 tbp=0x0 tw=512 th=512
[p4:clut] samples=488500000 nonzero=186337652 (38.14%) u=[0..507] v=[0..255] distinctIdx=256 topNonZeroIdx=0x03(54140215) psm=0x2C tbp0=0x0 tbw=8 cbp=0x3B40 csa=0
[p4:gs-sprite] #1139000 ctx=0 tme=0 abe=1 FRAME fbp=0x0 fbw=10 psm=0x1 msk=0x00000000 | SCISSOR 0,0..639,223 | TEST=0x0000000000030003 | TEX0 tbp=0x0 tbw=0 psm=0x0 tw=1 th=1 tfx=0 | V0(1728.0,1936.0) V1(2368.0,2160.0) uv0(0,0) uv1(0,0) | XYOFFSET ofx=1728 ofy=1936 -> screen (0,0)..(640,224)
[p4:spx] #1139000 tme=0 fst=1 vtxRGBA=00000080 span=640x224 tbp=0x0 tw=1 th=1
[p4:gs-sprite] #1139500 ctx=0 tme=1 abe=1 FRAME fbp=0x0 fbw=10 psm=0x1 msk=0x00000000 | SCISSOR 0,0..639,223 | TEST=0x000000000005008B | TEX0 tbp=0x0 tbw=8 psm=0x2C tw=512 th=512 tfx=0 | V0(2060.5,2048.0) V1(2081.5,2058.5) uv0(5112,1432) uv1(5440,1760) | XYOFFSET ofx=1728 ofy=1936 -> screen (332,112)..(353,122)
[p4:spx] #1139500 tme=1 fst=1 vtxRGBA=2D2A2880 span=21x10 tbp=0x0 tw=512 th=512
[p4:gs-sprite] #1140000 ctx=0 tme=1 abe=1 FRAME fbp=0x0 fbw=10 psm=0x1 msk=0x00000000 | SCISSOR 0,0..639,223 | TEST=0x000000000005008B | TEX0 tbp=0x0 tbw=8 psm=0x2C tw=512 th=512 tfx=0 | V0(1993.5,2048.0) V1(1996.5,2057.0) uv0(2904,8) uv1(2944,288) | XYOFFSET ofx=1728 ofy=1936 -> screen (265,112)..(268,121)
[p4:spx] #1140000 tme=1 fst=1 vtxRGBA=2D2A2880 span=3x9 tbp=0x0 tw=512 th=512
[p4:gs-sprite] #1140500 ctx=0 tme=1 abe=1 FRAME fbp=0x0 fbw=10 psm=0x1 msk=0x00000000 | SCISSOR 0,0..639,223 | TEST=0x000000000005008B | TEX0 tbp=0x0 tbw=8 psm=0x2C tw=512 th=512 tfx=0 | V0(2196.5,2034.0) V1(2205.5,2043.0) uv0(1416,360) uv1(1552,640) | XYOFFSET ofx=1728 ofy=1936 -> screen (468,98)..(477,107)
[p4:spx] #1140500 tme=1 fst=1 vtxRGBA=2D2A2880 span=9x9 tbp=0x0 tw=512 th=512
[p4:clut] samples=489000000 nonzero=186523887 (38.14%) u=[0..507] v=[0..255] distinctIdx=256 topNonZeroIdx=0x03(54227414) psm=0x2C tbp0=0x0 tbw=8 cbp=0x3B40 csa=0
[p4:gs-sprite] #1141000 ctx=0 tme=1 abe=1 FRAME fbp=0x0 fbw=10 psm=0x1 msk=0x00000000 | SCISSOR 0,0..639,223 | TEST=0x000000000005008B | TEX0 tbp=0x0 tbw=8 psm=0x2C tw=512 th=512 tfx=0 | V0(2145.5,2034.0) V1(2152.5,2043.0) uv0(8008,8) uv1(8112,288) | XYOFFSET ofx=1728 ofy=1936 -> screen (417,98)..(424,107)
[p4:spx] #1141000 tme=1 fst=1 vtxRGBA=2D2A2880 span=7x9 tbp=0x0 tw=512 th=512
[p4:gs-sprite] #1141500 ctx=0 tme=1 abe=1 FRAME fbp=0x0 fbw=10 psm=0x1 msk=0x00000000 | SCISSOR 0,0..639,223 | TEST=0x000000000005008B | TEX0 tbp=0x0 tbw=8 psm=0x2C tw=512 th=512 tfx=0 | V0(2089.5,2034.0) V1(2094.5,2043.0) uv0(1784,360) uv1(1856,640) | XYOFFSET ofx=1728 ofy=1936 -> screen (361,98)..(366,107)
[p4:spx] #1141500 tme=1 fst=1 vtxRGBA=2D2A2880 span=5x9 tbp=0x0 tw=512 th=512
[p4:gs-sprite] #1142000 ctx=0 tme=1 abe=1 FRAME fbp=0x0 fbw=10 psm=0x1 msk=0x00000000 | SCISSOR 0,0..639,223 | TEST=0x000000000005008B | TEX0 tbp=0x0 tbw=8 psm=0x2C tw=512 th=512 tfx=0 | V0(2042.5,2034.0) V1(2051.5,2043.0) uv0(1416,360) uv1(1552,640) | XYOFFSET ofx=1728 ofy=1936 -> screen (314,98)..(323,107)
[p4:spx] #1142000 tme=1 fst=1 vtxRGBA=2D2A2880 span=9x9 tbp=0x0 tw=512 th=512
[p4:clut] samples=489500000 nonzero=186710042 (38.14%) u=[0..507] v=[0..255] distinctIdx=256 topNonZeroIdx=0x03(54314548) psm=0x2C tbp0=0x0 tbw=8 cbp=0x3B40 csa=0
[p4:gs-sprite] #1142500 ctx=0 tme=1 abe=1 FRAME fbp=0x0 fbw=10 psm=0x1 msk=0x00000000 | SCISSOR 0,0..639,223 | TEST=0x000000000005008B | TEX0 tbp=0x0 tbw=8 psm=0x2C tw=512 th=512 tfx=0 | V0(1996.5,2034.0) V1(2003.5,2043.0) uv0(8008,8) uv1(8112,288) | XYOFFSET ofx=1728 ofy=1936 -> screen (268,98)..(275,107)
[p4:spx] #1142500 tme=1 fst=1 vtxRGBA=2D2A2880 span=7x9 tbp=0x0 tw=512 th=512
[p4:vbl] ticks=15300
[p4:gs-sprite] #1143000 ctx=0 tme=1 abe=1 FRAME fbp=0x0 fbw=10 psm=0x1 msk=0x00000000 | SCISSOR 0,0..639,223 | TEST=0x000000000005008B | TEX0 tbp=0x0 tbw=8 psm=0x2C tw=512 th=512 tfx=0 | V0(1958.5,2034.0) V1(1961.5,2043.0) uv0(872,360) uv1(912,640) | XYOFFSET ofx=1728 ofy=1936 -> screen (230,98)..(233,107)
[p4:spx] #1143000 tme=1 fst=1 vtxRGBA=2D2A2880 span=3x9 tbp=0x0 tw=512 th=512
[p4:gs-sprite] #1143500 ctx=0 tme=1 abe=1 FRAME fbp=0x0 fbw=10 psm=0x1 msk=0x00000000 | SCISSOR 0,0..639,223 | TEST=0x000000000005008B | TEX0 tbp=0x0 tbw=8 psm=0x2C tw=512 th=512 tfx=0 | V0(1911.5,2034.0) V1(1920.5,2043.0) uv0(1416,360) uv1(1552,640) | XYOFFSET ofx=1728 ofy=1936 -> screen (183,98)..(192,107)
[p4:spx] #1143500 tme=1 fst=1 vtxRGBA=2D2A2880 span=9x9 tbp=0x0 tw=512 th=512
[p4:gs-sprite] #1144000 ctx=0 tme=0 abe=0 FRAME fbp=0x0 fbw=10 psm=0x1 msk=0x00000000 | SCISSOR 0,0..639,223 | TEST=0x000000000005008B | TEX0 tbp=0x0 tbw=0 psm=0x0 tw=1 th=1 tfx=0 | V0(1860.0,2030.0) V1(2236.0,2064.0) uv0(0,0) uv1(0,0) | XYOFFSET ofx=1728 ofy=1936 -> screen (132,94)..(508,128)
[p4:spx] #1144000 tme=0 fst=0 vtxRGBA=CCC3AD80 span=376x34 tbp=0x0 tw=1 th=1
[p4:clut] samples=490000000 nonzero=186896089 (38.14%) u=[0..507] v=[0..255] distinctIdx=256 topNonZeroIdx=0x03(54401626) psm=0x2C tbp0=0x0 tbw=8 cbp=0x3B40 csa=0
[p4:gs-sprite] #1144500 ctx=0 tme=1 abe=1 FRAME fbp=0x0 fbw=10 psm=0x1 msk=0x00000000 | SCISSOR 0,0..639,223 | TEST=0x000000000005008B | TEX0 tbp=0x0 tbw=8 psm=0x2C tw=512 th=512 tfx=0 | V0(2099.5,2048.0) V1(2109.5,2057.0) uv0(5432,8) uv1(5584,288) | XYOFFSET ofx=1728 ofy=1936 -> screen (371,112)..(381,121)
[p4:spx] #1144500 tme=1 fst=1 vtxRGBA=2D2A2880 span=10x9 tbp=0x0 tw=512 th=512
[p4:gs-sprite] #1145000 ctx=0 tme=1 abe=1 FRAME fbp=0x0 fbw=10 psm=0x1 msk=0x00000000 | SCISSOR 0,0..639,223 | TEST=0x000000000005008B | TEX0 tbp=0x0 tbw=8 psm=0x2C tw=512 th=512 tfx=0 | V0(2020.5,2048.0) V1(2028.5,2057.0) uv0(360,360) uv1(480,640) | XYOFFSET ofx=1728 ofy=1936 -> screen (292,112)..(300,121)
[p4:spx] #1145000 tme=1 fst=1 vtxRGBA=2D2A2880 span=8x9 tbp=0x0 tw=512 th=512
[p4:gs-sprite] #1145500 ctx=0 tme=1 abe=1 FRAME fbp=0x0 fbw=10 psm=0x1 msk=0x00000000 | SCISSOR 0,0..639,223 | TEST=0x000000000005008B | TEX0 tbp=0x0 tbw=8 psm=0x2C tw=512 th=512 tfx=0 | V0(2219.5,2034.0) V1(2226.5,2043.0) uv0(3480,8) uv1(3584,288) | XYOFFSET ofx=1728 ofy=1936 -> screen (491,98)..(498,107)
[p4:spx] #1145500 tme=1 fst=1 vtxRGBA=2D2A2880 span=7x9 tbp=0x0 tw=512 th=512
[p4:gs-sprite] #1146000 ctx=0 tme=1 abe=1 FRAME fbp=0x0 fbw=10 psm=0x1 msk=0x00000000 | SCISSOR 0,0..639,223 | TEST=0x000000000005008B | TEX0 tbp=0x0 tbw=8 psm=0x2C tw=512 th=512 tfx=0 | V0(2165.5,2034.0) V1(2173.5,2043.0) uv0(360,360) uv1(480,640) | XYOFFSET ofx=1728 ofy=1936 -> screen (437,98)..(445,107)
[p4:spx] #1146000 tme=1 fst=1 vtxRGBA=2D2A2880 span=8x9 tbp=0x0 tw=512 th=512
[p4:clut] samples=490500000 nonzero=187082169 (38.14%) u=[0..507] v=[0..255] distinctIdx=256 topNonZeroIdx=0x03(54488730) psm=0x2C tbp0=0x0 tbw=8 cbp=0x3B40 csa=0
[p4:gs-sprite] #1146500 ctx=0 tme=1 abe=1 FRAME fbp=0x0 fbw=10 psm=0x1 msk=0x00000000 | SCISSOR 0,0..639,223 | TEST=0x000000000005008B | TEX0 tbp=0x0 tbw=8 psm=0x2C tw=512 th=512 tfx=0 | V0(2115.5,2034.0) V1(2122.5,2043.0) uv0(8008,8) uv1(8112,288) | XYOFFSET ofx=1728 ofy=1936 -> screen (387,98)..(394,107)
[p4:spx] #1146500 tme=1 fst=1 vtxRGBA=2D2A2880 span=7x9 tbp=0x0 tw=512 th=512
[p4:gs-sprite] #1147000 ctx=0 tme=1 abe=1 FRAME fbp=0x0 fbw=10 psm=0x1 msk=0x00000000 | SCISSOR 0,0..639,223 | TEST=0x000000000005008B | TEX0 tbp=0x0 tbw=8 psm=0x2C tw=512 th=512 tfx=0 | V0(2072.5,2034.0) V1(2078.5,2043.0) uv0(1960,360) uv1(2048,640) | XYOFFSET ofx=1728 ofy=1936 -> screen (344,98)..(350,107)
[p4:spx] #1147000 tme=1 fst=1 vtxRGBA=2D2A2880 span=6x9 tbp=0x0 tw=512 th=512
[p4:gs-sprite] #1147500 ctx=0 tme=1 abe=1 FRAME fbp=0x0 fbw=10 psm=0x1 msk=0x00000000 | SCISSOR 0,0..639,223 | TEST=0x000000000005008B | TEX0 tbp=0x0 tbw=8 psm=0x2C tw=512 th=512 tfx=0 | V0(2015.5,2034.0) V1(2021.5,2043.0) uv0(1960,360) uv1(2048,640) | XYOFFSET ofx=1728 ofy=1936 -> screen (287,98)..(293,107)
[p4:spx] #1147500 tme=1 fst=1 vtxRGBA=2D2A2880 span=6x9 tbp=0x0 tw=512 th=512
[p4:gs-sprite] #1148000 ctx=0 tme=1 abe=1 FRAME fbp=0x0 fbw=10 psm=0x1 msk=0x00000000 | SCISSOR 0,0..639,223 | TEST=0x000000000005008B | TEX0 tbp=0x0 tbw=8 psm=0x2C tw=512 th=512 tfx=0 | V0(1968.5,2034.0) V1(1971.5,2043.0) uv0(1096,360) uv1(1136,640) | XYOFFSET ofx=1728 ofy=1936 -> screen (240,98)..(243,107)
[p4:spx] #1148000 tme=1 fst=1 vtxRGBA=2D2A2880 span=3x9 tbp=0x0 tw=512 th=512
[p4:clut] samples=491000000 nonzero=187268369 (38.14%) u=[0..507] v=[0..255] distinctIdx=256 topNonZeroIdx=0x03(54575887) psm=0x2C tbp0=0x0 tbw=8 cbp=0x3B40 csa=0
[p4:gs-sprite] #1148500 ctx=0 tme=1 abe=1 FRAME fbp=0x0 fbw=10 psm=0x1 msk=0x00000000 | SCISSOR 0,0..639,223 | TEST=0x000000000005008B | TEX0 tbp=0x0 tbw=8 psm=0x2C tw=512 th=512 tfx=0 | V0(1942.5,2034.0) V1(1948.5,2043.0) uv0(1864,360) uv1(1952,640) | XYOFFSET ofx=1728 ofy=1936 -> screen (214,98)..(220,107)
[p4:spx] #1148500 tme=1 fst=1 vtxRGBA=2D2A2880 span=6x9 tbp=0x0 tw=512 th=512
[p4:gs-sprite] #1149000 ctx=0 tme=1 abe=1 FRAME fbp=0x0 fbw=10 psm=0x1 msk=0x00000000 | SCISSOR 0,0..639,223 | TEST=0x000000000005008B | TEX0 tbp=0x0 tbw=8 psm=0x2C tw=512 th=512 tfx=0 | V0(1879.5,2034.0) V1(1888.5,2043.0) uv0(1416,360) uv1(1552,640) | XYOFFSET ofx=1728 ofy=1936 -> screen (151,98)..(160,107)
[p4:spx] #1149000 tme=1 fst=1 vtxRGBA=2D2A2880 span=9x9 tbp=0x0 tw=512 th=512
[p4:gs-sprite] #1149500 ctx=0 tme=0 abe=1 FRAME fbp=0x0 fbw=10 psm=0x1 msk=0x00000000 | SCISSOR 0,0..639,223 | TEST=0x0000000000030003 | TEX0 tbp=0x0 tbw=0 psm=0x0 tw=1 th=1 tfx=0 | V0(1728.0,1936.0) V1(2368.0,2160.0) uv0(0,0) uv1(0,0) | XYOFFSET ofx=1728 ofy=1936 -> screen (0,0)..(640,224)
[p4:spx] #1149500 tme=0 fst=1 vtxRGBA=00000080 span=640x224 tbp=0x0 tw=1 th=1
[p4:gs-sprite] #1150000 ctx=0 tme=1 abe=1 FRAME fbp=0x0 fbw=10 psm=0x1 msk=0x00000000 | SCISSOR 0,0..639,223 | TEST=0x000000000005008B | TEX0 tbp=0x0 tbw=8 psm=0x2C tw=512 th=512 tfx=0 | V0(2060.5,2048.0) V1(2081.5,2058.5) uv0(5112,1432) uv1(5440,1760) | XYOFFSET ofx=1728 ofy=1936 -> screen (332,112)..(353,122)
[p4:spx] #1150000 tme=1 fst=1 vtxRGBA=2D2A2880 span=21x10 tbp=0x0 tw=512 th=512
[p4:clut] samples=491500000 nonzero=187454546 (38.14%) u=[0..507] v=[0..255] distinctIdx=256 topNonZeroIdx=0x03(54663060) psm=0x2C tbp0=0x0 tbw=8 cbp=0x3B40 csa=0
[p4:gs-sprite] #1150500 ctx=0 tme=1 abe=1 FRAME fbp=0x0 fbw=10 psm=0x1 msk=0x00000000 | SCISSOR 0,0..639,223 | TEST=0x000000000005008B | TEX0 tbp=0x0 tbw=8 psm=0x2C tw=512 th=512 tfx=0 | V0(1993.5,2048.0) V1(1996.5,2057.0) uv0(2904,8) uv1(2944,288) | XYOFFSET ofx=1728 ofy=1936 -> screen (265,112)..(268,121)
[p4:spx] #1150500 tme=1 fst=1 vtxRGBA=2D2A2880 span=3x9 tbp=0x0 tw=512 th=512
[p4:gs-sprite] #1151000 ctx=0 tme=1 abe=1 FRAME fbp=0x0 fbw=10 psm=0x1 msk=0x00000000 | SCISSOR 0,0..639,223 | TEST=0x000000000005008B | TEX0 tbp=0x0 tbw=8 psm=0x2C tw=512 th=512 tfx=0 | V0(2196.5,2034.0) V1(2205.5,2043.0) uv0(1416,360) uv1(1552,640) | XYOFFSET ofx=1728 ofy=1936 -> screen (468,98)..(477,107)
[p4:spx] #1151000 tme=1 fst=1 vtxRGBA=2D2A2880 span=9x9 tbp=0x0 tw=512 th=512
[p4:gs-sprite] #1151500 ctx=0 tme=1 abe=1 FRAME fbp=0x0 fbw=10 psm=0x1 msk=0x00000000 | SCISSOR 0,0..639,223 | TEST=0x000000000005008B | TEX0 tbp=0x0 tbw=8 psm=0x2C tw=512 th=512 tfx=0 | V0(2145.5,2034.0) V1(2152.5,2043.0) uv0(8008,8) uv1(8112,288) | XYOFFSET ofx=1728 ofy=1936 -> screen (417,98)..(424,107)
[p4:spx] #1151500 tme=1 fst=1 vtxRGBA=2D2A2880 span=7x9 tbp=0x0 tw=512 th=512
[p4:vbl] ticks=15600
[p4:gs-sprite] #1152000 ctx=1 tme=1 abe=1 FRAME fbp=0x0 fbw=10 psm=0x0 msk=0x00000000 | SCISSOR 0,0..639,447 | TEST=0x0000000000000000 | TEX0 tbp=0xDE480 tbw=3 psm=0x0 tw=1 th=16 tfx=0 | V0(2701.3,0.0) V1(1775.9,0.0) uv0(0,0) uv1(0,0) | XYOFFSET ofx=0 ofy=0 -> screen (2701,0)..(1775,0)
[p4:gs-sprite] #1152500 ctx=0 tme=1 abe=1 FRAME fbp=0x0 fbw=10 psm=0x1 msk=0x00000000 | SCISSOR 0,0..639,223 | TEST=0x000000000005008B | TEX0 tbp=0x6C640 tbw=19 psm=0x2B tw=64 th=8 tfx=0 | V0(3.1,0.0) V1(324.6,753.7) uv0(0,0) uv1(0,0) | XYOFFSET ofx=1728 ofy=1936 -> screen (-1725,-1936)..(-1404,-1183)
[p4:gs-sprite] #1153000 ctx=0 tme=0 abe=0 FRAME fbp=0x0 fbw=10 psm=0x1 msk=0x00000000 | SCISSOR 0,0..639,223 | TEST=0x000000000005008B | TEX0 tbp=0x6C640 tbw=19 psm=0x2B tw=64 th=8 tfx=0 | V0(4.9,0.0) V1(324.6,753.7) uv0(0,0) uv1(0,0) | XYOFFSET ofx=1728 ofy=1936 -> screen (-1724,-1936)..(-1404,-1183)
[p4:spx] #1152000 tme=1 fst=0 vtxRGBA=00000000 span=4090x4095 tbp=0x1B19 tw=64 th=8
[p4:gs-sprite] #1153500 ctx=0 tme=1 abe=1 FRAME fbp=0x0 fbw=10 psm=0x1 msk=0x00000000 | SCISSOR 0,0..639,223 | TEST=0x000000000005008B | TEX0 tbp=0x6C640 tbw=19 psm=0x2B tw=64 th=8 tfx=0 | V0(121.1,0.0) V1(3664.9,0.0) uv0(0,0) uv1(0,0) | XYOFFSET ofx=1728 ofy=1936 -> screen (-1607,-1936)..(1936,-1936)
[p4:gs-sprite] #1154000 ctx=0 tme=0 abe=0 FRAME fbp=0x0 fbw=10 psm=0x1 msk=0x00000000 | SCISSOR 0,0..639,223 | TEST=0x000000000005008B | TEX0 tbp=0x6C640 tbw=19 psm=0x2B tw=64 th=8 tfx=0 | V0(3373.3,0.0) V1(4068.5,1097.4) uv0(0,0) uv1(0,0) | XYOFFSET ofx=1728 ofy=1936 -> screen (1645,-1936)..(2340,-839)
[p4:vbl] ticks=15900
[Deci2:call] code=3 argsAddr=0x01ff78b0 a0=0x00000001 a1=0x00000048 a2=0x00000000 sessions=1
[Deci2:call] code=-6 argsAddr=0x01f07fa0 a0=0x00000001 a1=0x20225800 a2=0x00000039 sessions=1
[Deci2Call:send] 9.....EH....sceGsExecStoreImage: GS does not terminate


[Deci2:call] code=3 argsAddr=0x01ff78b0 a0=0x00000001 a1=0x00000048 a2=0x00000000 sessions=1
[Deci2:call] code=-6 argsAddr=0x01f07fa0 a0=0x00000001 a1=0x20225800 a2=0x00000039 sessions=1
[Deci2Call:send] 9.....EH....sceGsExecStoreImage: GS does not terminate


[Deci2:call] code=3 argsAddr=0x01ff78b0 a0=0x00000001 a1=0x00000048 a2=0x00000000 sessions=1
[Deci2:call] code=-6 argsAddr=0x01f07fa0 a0=0x00000001 a1=0x20225800 a2=0x00000039 sessions=1
[Deci2Call:send] 9.....EH....sceGsExecStoreImage: GS does not terminate


[p4:mallocguard] bad fd=0x00000000 at 0x1d108c hit#1
[p4:mallocguard] bad fd=0x00000000 at 0x1d108c hit#2
[p4:mallocguard] bad fd=0x00000000 at 0x1d108c hit#3
[p4:mallocguard] bad fd=0x00000000 at 0x1d108c hit#4
[p4:mallocguard] bad fd=0x00000000 at 0x1d108c hit#5
[p4:mallocguard] bad fd=0x00000000 at 0x1d108c hit#6
[p4:mallocguard] bad fd=0x00000000 at 0x1d108c hit#7
[p4:mallocguard] bad fd=0x00000000 at 0x1d108c hit#8
[p4:mallocguard] bad fd=0x00000000 at 0x1d108c hit#9
[p4:mallocguard] bad fd=0x00000000 at 0x1d108c hit#10
[p4:mallocguard] bad fd=0x00000000 at 0x1d108c hit#11
[p4:mallocguard] bad fd=0x00000000 at 0x1d108c hit#12
[Deci2:call] code=3 argsAddr=0x01ff7880 a0=0x00000001 a1=0x00000048 a2=0x80282a2d sessions=1
[Deci2:call] code=-6 argsAddr=0x01f07fa0 a0=0x00000001 a1=0x20225800 a2=0x00000039 sessions=1
[Deci2Call:send] 9.....EH....Can't Open file cdrom0:/MOVIE/OPENING.PSS;1

[gzmfs] SEEK fd=0 off=93194240 whence=0 -> pos=93194240
[p4:gzmfs-codeoverlap] dst=0x0021D808 len=527456 end=0x0029E468 client=0x00C2D7C0 ra=0x001B5B60
[p4:rodata-stomp] gzmfs READ fd=0 dst=0x0021d808 want=527456 ra=0x001b5b60 client=0x00c2d7c0 -> refused
[gzmfs] READ fd=0 pos=93194240 len=527456 -> 0 dst=0x0021D808
[gzmfs] WARN short read (EOF) fd=0
[p4:gzmfs-codeoverlap] dst=0x0021D808 len=527456 end=0x0029E468 client=0x00C2D7C0 ra=0x001B5B60
[p4:rodata-stomp] gzmfs READ fd=0 dst=0x0021d808 want=527456 ra=0x001b5b60 client=0x00c2d7c0 -> refused
[gzmfs] READ fd=0 pos=93194240 len=527456 -> 0 dst=0x0021D808
[gzmfs] WARN short read (EOF) fd=0
[p4:gzmfs-codeoverlap] dst=0x0021D808 len=527456 end=0x0029E468 client=0x00C2D7C0 ra=0x001B5B60
[p4:rodata-stomp] gzmfs READ fd=0 dst=0x0021d808 want=527456 ra=0x001b5b60 client=0x00c2d7c0 -> refused
[gzmfs] READ fd=0 pos=93194240 len=527456 -> 0 dst=0x0021D808
[gzmfs] WARN short read (EOF) fd=0
[p4:gzmfs-codeoverlap] dst=0x0021D808 len=527456 end=0x0029E468 client=0x00C2D7C0 ra=0x001B5B60
[p4:rodata-stomp] gzmfs READ fd=0 dst=0x0021d808 want=527456 ra=0x001b5b60 client=0x00c2d7c0 -> refused
[gzmfs] READ fd=0 pos=93194240 len=527456 -> 0 dst=0x0021D808
[gzmfs] WARN short read (EOF) fd=0
[p4:gzmfs-codeoverlap] dst=0x0021D808 len=527456 end=0x0029E468 client=0x00C2D7C0 ra=0x001B5B60
[p4:rodata-stomp] gzmfs READ fd=0 dst=0x0021d808 want=527456 ra=0x001b5b60 client=0x00c2d7c0 -> refused
[gzmfs] READ fd=0 pos=93194240 len=527456 -> 0 dst=0x0021D808
[gzmfs] WARN short read (EOF) fd=0
[p4:gzmfs-codeoverlap] dst=0x0021D808 len=527456 end=0x0029E468 client=0x00C2D7C0 ra=0x001B5B60
[p4:rodata-stomp] gzmfs READ fd=0 dst=0x0021d808 want=527456 ra=0x001b5b60 client=0x00c2d7c0 -> refused
[gzmfs] READ fd=0 pos=93194240 len=527456 -> 0 dst=0x0021D808
[gzmfs] WARN short read (EOF) fd=0
[p4:gzmfs-codeoverlap] dst=0x0021D808 len=527456 end=0x0029E468 client=0x00C2D7C0 ra=0x001B5B60
[p4:rodata-stomp] gzmfs READ fd=0 dst=0x0021d808 want=527456 ra=0x001b5b60 client=0x00c2d7c0 -> refused
[gzmfs] READ fd=0 pos=93194240 len=527456 -> 0 dst=0x0021D808
        ... [3,375 more [gzmfs] lines elided by export_logs.py] ...
[p4:gzmfs-codeoverlap] dst=0x0021D808 len=527456 end=0x0029E468 client=0x00C2D7C0 ra=0x001B5B60
[p4:rodata-stomp] gzmfs READ fd=0 dst=0x0021d808 want=527456 ra=0x001b5b60 client=0x00c2d7c0 -> refused
[p4:gzmfs-codeoverlap] dst=0x0021D808 len=527456 end=0x0029E468 client=0x00C2D7C0 ra=0x001B5B60
[p4:rodata-stomp] gzmfs READ fd=0 dst=0x0021d808 want=527456 ra=0x001b5b60 client=0x00c2d7c0 -> refused
[p4:gzmfs-codeoverlap] dst=0x0021D808 len=527456 end=0x0029E468 client=0x00C2D7C0 ra=0x001B5B60
[p4:rodata-stomp] gzmfs READ fd=0 dst=0x0021d808 want=527456 ra=0x001b5b60 client=0x00c2d7c0 -> refused
[p4:gzmfs-codeoverlap] dst=0x0021D808 len=527456 end=0x0029E468 client=0x00C2D7C0 ra=0x001B5B60
[p4:rodata-stomp] gzmfs READ fd=0 dst=0x0021d808 want=527456 ra=0x001b5b60 client=0x00c2d7c0 -> refused
[p4:gzmfs-codeoverlap] dst=0x0021D808 len=527456 end=0x0029E468 client=0x00C2D7C0 ra=0x001B5B60
[p4:rodata-stomp] gzmfs READ fd=0 dst=0x0021d808 want=527456 ra=0x001b5b60 client=0x00c2d7c0 -> refused
[p4:gzmfs-codeoverlap] dst=0x0021D808 len=527456 end=0x0029E468 client=0x00C2D7C0 ra=0x001B5B60
[p4:rodata-stomp] gzmfs READ fd=0 dst=0x0021d808 want=527456 ra=0x001b5b60 client=0x00c2d7c0 -> refused
[p4:gzmfs-codeoverlap] dst=0x0021D808 len=527456 end=0x0029E468 client=0x00C2D7C0 ra=0x001B5B60
[p4:rodata-stomp] gzmfs READ fd=0 dst=0x0021d808 want=527456 ra=0x001b5b60 client=0x00c2d7c0 -> refused
[p4:gzmfs-codeoverlap] dst=0x0021D808 len=527456 end=0x0029E468 client=0x00C2D7C0 ra=0x001B5B60
[p4:rodata-stomp] gzmfs READ fd=0 dst=0x0021d808 want=527456 ra=0x001b5b60 client=0x00c2d7c0 -> refused
[p4:gzmfs-codeoverlap] dst=0x0021D808 len=527456 end=0x0029E468 client=0x00C2D7C0 ra=0x001B5B60
[p4:rodata-stomp] gzmfs READ fd=0 dst=0x0021d808 want=527456 ra=0x001b5b60 client=0x00c2d7c0 -> refused
[p4:gzmfs-codeoverlap] dst=0x0021D808 len=527456 end=0x0029E468 client=0x00C2D7C0 ra=0x001B5B60
[p4:rodata-stomp] gzmfs READ fd=0 dst=0x0021d808 want=527456 ra=0x001b5b60 client=0x00c2d7c0 -> refused
[p4:gzmfs-codeoverlap] dst=0x0021D808 len=527456 end=0x0029E468 client=0x00C2D7C0 ra=0x001B5B60
[p4:rodata-stomp] gzmfs READ fd=0 dst=0x0021d808 want=527456 ra=0x001b5b60 client=0x00c2d7c0 -> refused
[p4:gzmfs-codeoverlap] dst=0x0021D808 len=527456 end=0x0029E468 client=0x00C2D7C0 ra=0x001B5B60
[p4:rodata-stomp] gzmfs READ fd=0 dst=0x0021d808 want=527456 ra=0x001b5b60 client=0x00c2d7c0 -> refused
[p4:vbl] ticks=16200
[p4:gzmfs-codeoverlap] dst=0x0021D808 len=527456 end=0x0029E468 client=0x00C2D7C0 ra=0x001B5B60
[p4:rodata-stomp] gzmfs READ fd=0 dst=0x0021d808 want=527456 ra=0x001b5b60 client=0x00c2d7c0 -> refused
[p4:gzmfs-codeoverlap] dst=0x0021D808 len=527456 end=0x0029E468 client=0x00C2D7C0 ra=0x001B5B60
[p4:rodata-stomp] gzmfs READ fd=0 dst=0x0021d808 want=527456 ra=0x001b5b60 client=0x00c2d7c0 -> refused
[p4:gzmfs-codeoverlap] dst=0x0021D808 len=527456 end=0x0029E468 client=0x00C2D7C0 ra=0x001B5B60
[p4:rodata-stomp] gzmfs READ fd=0 dst=0x0021d808 want=527456 ra=0x001b5b60 client=0x00c2d7c0 -> refused
[p4:gzmfs-codeoverlap] dst=0x0021D808 len=527456 end=0x0029E468 client=0x00C2D7C0 ra=0x001B5B60
[p4:rodata-stomp] gzmfs READ fd=0 dst=0x0021d808 want=527456 ra=0x001b5b60 client=0x00c2d7c0 -> refused
[p4:gzmfs-codeoverlap] dst=0x0021D808 len=527456 end=0x0029E468 client=0x00C2D7C0 ra=0x001B5B60
[p4:rodata-stomp] gzmfs READ fd=0 dst=0x0021d808 want=527456 ra=0x001b5b60 client=0x00c2d7c0 -> refused
[p4:rodata-stomp] gzmfs READ fd=0 dst=0x0021d808 want=527456 ra=0x001b5b60 client=0x00c2d7c0 -> refused
[p4:rodata-stomp] gzmfs READ fd=0 dst=0x0021d808 want=527456 ra=0x001b5b60 client=0x00c2d7c0 -> refused
[p4:rodata-stomp] gzmfs READ fd=0 dst=0x0021d808 want=527456 ra=0x001b5b60 client=0x00c2d7c0 -> refused
[p4:rodata-stomp] gzmfs READ fd=0 dst=0x0021d808 want=527456 ra=0x001b5b60 client=0x00c2d7c0 -> refused
[p4:rodata-stomp] gzmfs READ fd=0 dst=0x0021d808 want=527456 ra=0x001b5b60 client=0x00c2d7c0 -> refused
[p4:rodata-stomp] gzmfs READ fd=0 dst=0x0021d808 want=527456 ra=0x001b5b60 client=0x00c2d7c0 -> refused
[p4:rodata-stomp] gzmfs READ fd=0 dst=0x0021d808 want=527456 ra=0x001b5b60 client=0x00c2d7c0 -> refused
[p4:rodata-stomp] gzmfs READ fd=0 dst=0x0021d808 want=527456 ra=0x001b5b60 client=0x00c2d7c0 -> refused
[p4:rodata-stomp] gzmfs READ fd=0 dst=0x0021d808 want=527456 ra=0x001b5b60 client=0x00c2d7c0 -> refused
[p4:rodata-stomp] gzmfs READ fd=0 dst=0x0021d808 want=527456 ra=0x001b5b60 client=0x00c2d7c0 -> refused
[p4:rodata-stomp] gzmfs READ fd=0 dst=0x0021d808 want=527456 ra=0x001b5b60 client=0x00c2d7c0 -> refused
[p4:rodata-stomp] gzmfs READ fd=0 dst=0x0021d808 want=527456 ra=0x001b5b60 client=0x00c2d7c0 -> refused
[p4:rodata-stomp] gzmfs READ fd=0 dst=0x0021d808 want=527456 ra=0x001b5b60 client=0x00c2d7c0 -> refused
[p4:rodata-stomp] gzmfs READ fd=0 dst=0x0021d808 want=527456 ra=0x001b5b60 client=0x00c2d7c0 -> refused
[p4:rodata-stomp] gzmfs READ fd=0 dst=0x0021d808 want=527456 ra=0x001b5b60 client=0x00c2d7c0 -> refused
[p4:rodata-stomp] gzmfs READ fd=0 dst=0x0021d808 want=527456 ra=0x001b5b60 client=0x00c2d7c0 -> refused
[p4:rodata-stomp] gzmfs READ fd=0 dst=0x0021d808 want=527456 ra=0x001b5b60 client=0x00c2d7c0 -> refused
[p4:rodata-stomp] gzmfs READ fd=0 dst=0x0021d808 want=527456 ra=0x001b5b60 client=0x00c2d7c0 -> refused
[p4:rodata-stomp] gzmfs READ fd=0 dst=0x0021d808 want=527456 ra=0x001b5b60 client=0x00c2d7c0 -> refused
[p4:rodata-stomp] gzmfs READ fd=0 dst=0x0021d808 want=527456 ra=0x001b5b60 client=0x00c2d7c0 -> refused
[p4:rodata-stomp] gzmfs READ fd=0 dst=0x0021d808 want=527456 ra=0x001b5b60 client=0x00c2d7c0 -> refused
[p4:rodata-stomp] gzmfs READ fd=0 dst=0x0021d808 want=527456 ra=0x001b5b60 client=0x00c2d7c0 -> refused
[p4:rodata-stomp] gzmfs READ fd=0 dst=0x0021d808 want=527456 ra=0x001b5b60 client=0x00c2d7c0 -> refused
[p4:rodata-stomp] gzmfs READ fd=0 dst=0x0021d808 want=527456 ra=0x001b5b60 client=0x00c2d7c0 -> refused
[p4:rodata-stomp] gzmfs READ fd=0 dst=0x0021d808 want=527456 ra=0x001b5b60 client=0x00c2d7c0 -> refused
[p4:rodata-stomp] gzmfs READ fd=0 dst=0x0021d808 want=527456 ra=0x001b5b60 client=0x00c2d7c0 -> refused
[p4:rodata-stomp] gzmfs READ fd=0 dst=0x0021d808 want=527456 ra=0x001b5b60 client=0x00c2d7c0 -> refused
[p4:rodata-stomp] gzmfs READ fd=0 dst=0x0021d808 want=527456 ra=0x001b5b60 client=0x00c2d7c0 -> refused
[p4:rodata-stomp] gzmfs READ fd=0 dst=0x0021d808 want=527456 ra=0x001b5b60 client=0x00c2d7c0 -> refused
[p4:rodata-stomp] gzmfs READ fd=0 dst=0x0021d808 want=527456 ra=0x001b5b60 client=0x00c2d7c0 -> refused
[p4:rodata-stomp] gzmfs READ fd=0 dst=0x0021d808 want=527456 ra=0x001b5b60 client=0x00c2d7c0 -> refused
[p4:rodata-stomp] gzmfs READ fd=0 dst=0x0021d808 want=527456 ra=0x001b5b60 client=0x00c2d7c0 -> refused
[p4:rodata-stomp] gzmfs READ fd=0 dst=0x0021d808 want=527456 ra=0x001b5b60 client=0x00c2d7c0 -> refused
[p4:rodata-stomp] gzmfs READ fd=0 dst=0x0021d808 want=527456 ra=0x001b5b60 client=0x00c2d7c0 -> refused
[p4:rodata-stomp] gzmfs READ fd=0 dst=0x0021d808 want=527456 ra=0x001b5b60 client=0x00c2d7c0 -> refused
[p4:rodata-stomp] gzmfs READ fd=0 dst=0x0021d808 want=527456 ra=0x001b5b60 client=0x00c2d7c0 -> refused
        ... [1,604 more [p4:rodata-stomp] lines elided by export_logs.py] ...
[p4:vbl] ticks=16500
[p4:wake-pre] sid=9 consumed=1
[p4:wake-pre] sid=9 consumed=1
[p4:wake-pre] sid=9 consumed=1
[p4:vbl] ticks=16800
[p4:wake-pre] sid=9 consumed=1
[p4:wake-pre] sid=9 consumed=1
[p4:wake-pre] sid=9 consumed=1
[p4:wake-pre] sid=9 consumed=1
[p4:wake-pre] sid=9 consumed=1
[p4:wake-pre] sid=9 consumed=1
[p4:vbl] ticks=17100
[p4:wake-pre] sid=9 consumed=1
[p4:wake-pre] sid=9 consumed=1
[p4:wake-pre] sid=9 consumed=1
[p4:wake-pre] sid=9 consumed=1
[p4:wake-pre] sid=9 consumed=1
[p4:wake-pre] sid=9 consumed=1
[p4:vbl] ticks=17400
[p4:wake-pre] sid=9 consumed=1
[p4:wake-pre] sid=9 consumed=1
[p4:wake-pre] sid=9 consumed=1
[p4:wake-pre] sid=9 consumed=1
[p4:wake-pre] sid=9 consumed=1
[p4:wake-pre] sid=9 consumed=1
[p4:vbl] ticks=17700
[p4:wake-pre] sid=9 consumed=1
[p4:wake-pre] sid=9 consumed=1
[p4:wake-pre] sid=9 consumed=1
[p4:wake-pre] sid=9 consumed=1
[p4:wake-pre] sid=9 consumed=1
[p4:wake-pre] sid=9 consumed=1
[p4:vbl] ticks=18000
[p4:wake-pre] sid=9 consumed=1
[p4:wake-pre] sid=9 consumed=1
[p4:wake-pre] sid=9 consumed=1
[p4:wake-pre] sid=9 consumed=1
[p4:wake-pre] sid=9 consumed=1
[p4:wake-pre] sid=9 consumed=1
[p4:vbl] ticks=18300
[p4:wake-pre] sid=9 consumed=1
[p4:wake-pre] sid=9 consumed=1
[p4:wake-pre] sid=9 consumed=1
[p4:wake-pre] sid=9 consumed=1
[p4:wake-pre] sid=9 consumed=1
[p4:wake-pre] sid=9 consumed=1
[p4:vbl] ticks=18600
[p4:spx] #1152500 tme=0 fst=1 vtxRGBA=00000080 span=640x224 tbp=0x0 tw=1 th=1
[p4:wake-pre] sid=9 consumed=1
[p4:gs-sprite] #1154500 ctx=0 tme=0 abe=1 FRAME fbp=0x0 fbw=10 psm=0x1 msk=0x00000000 | SCISSOR 0,0..639,223 | TEST=0x0000000000030003 | TEX0 tbp=0x0 tbw=0 psm=0x0 tw=1 th=1 tfx=0 | V0(1728.0,1936.0) V1(2368.0,2160.0) uv0(0,0) uv1(0,0) | XYOFFSET ofx=1728 ofy=1936 -> screen (0,0)..(640,224)
[p4:wake-pre] sid=9 consumed=1
[p4:wake-pre] sid=9 consumed=1
[p4:wake-pre] sid=9 consumed=1
[p4:wake-pre] sid=9 consumed=1
[p4:wake-pre] sid=9 consumed=1
[p4:vbl] ticks=18900
[p4:wake-pre] sid=9 consumed=1
[p4:wake-pre] sid=9 consumed=1
[p4:wake-pre] sid=9 consumed=1
[p4:wake-pre] sid=9 consumed=1
[p4:spx] #1153000 tme=0 fst=1 vtxRGBA=00000080 span=640x224 tbp=0x0 tw=1 th=1
[p4:wake-pre] sid=9 consumed=1
[p4:gs-sprite] #1155000 ctx=0 tme=0 abe=1 FRAME fbp=0x0 fbw=10 psm=0x1 msk=0x00000000 | SCISSOR 0,0..639,223 | TEST=0x0000000000030003 | TEX0 tbp=0x0 tbw=0 psm=0x0 tw=1 th=1 tfx=0 | V0(1728.0,1936.0) V1(2368.0,2160.0) uv0(0,0) uv1(0,0) | XYOFFSET ofx=1728 ofy=1936 -> screen (0,0)..(640,224)
[p4:wake-pre] sid=9 consumed=1
[p4:vbl] ticks=19200
[p4:wake-pre] sid=9 consumed=1
[p4:wake-pre] sid=9 consumed=1
[p4:wake-pre] sid=9 consumed=1
[p4:wake-pre] sid=9 consumed=1
[p4:wake-pre] sid=9 consumed=1
[p4:wake-pre] sid=9 consumed=1
[p4:vbl] ticks=19500
[p4:rodata-stomp] gzmfs READ fd=0 dst=0x0021d808 want=527456 ra=0x001b5b60 client=0x00c2d7c0 -> refused
[p4:rodata-stomp] gzmfs READ fd=0 dst=0x0021d808 want=527456 ra=0x001b5b60 client=0x00c2d7c0 -> refused
[p4:rodata-stomp] gzmfs READ fd=0 dst=0x0021d808 want=527456 ra=0x001b5b60 client=0x00c2d7c0 -> refused
[p4:rodata-stomp] gzmfs READ fd=0 dst=0x0021d808 want=527456 ra=0x001b5b60 client=0x00c2d7c0 -> refused
[p4:rodata-stomp] gzmfs READ fd=0 dst=0x0021d808 want=527456 ra=0x001b5b60 client=0x00c2d7c0 -> refused
[p4:rodata-stomp] gzmfs READ fd=0 dst=0x0021d808 want=527456 ra=0x001b5b60 client=0x00c2d7c0 -> refused
[p4:rodata-stomp] gzmfs READ fd=0 dst=0x0021d808 want=527456 ra=0x001b5b60 client=0x00c2d7c0 -> refused
[p4:wake-pre] sid=9 consumed=1
[p4:rodata-stomp] gzmfs READ fd=0 dst=0x0021d808 want=527456 ra=0x001b5b60 client=0x00c2d7c0 -> refused
[p4:rodata-stomp] gzmfs READ fd=0 dst=0x0021d808 want=527456 ra=0x001b5b60 client=0x00c2d7c0 -> refused
[p4:rodata-stomp] gzmfs READ fd=0 dst=0x0021d808 want=527456 ra=0x001b5b60 client=0x00c2d7c0 -> refused
[p4:rodata-stomp] gzmfs READ fd=0 dst=0x0021d808 want=527456 ra=0x001b5b60 client=0x00c2d7c0 -> refused
[p4:rodata-stomp] gzmfs READ fd=0 dst=0x0021d808 want=527456 ra=0x001b5b60 client=0x00c2d7c0 -> refused
[p4:rodata-stomp] gzmfs READ fd=0 dst=0x0021d808 want=527456 ra=0x001b5b60 client=0x00c2d7c0 -> refused
[p4:rodata-stomp] gzmfs READ fd=0 dst=0x0021d808 want=527456 ra=0x001b5b60 client=0x00c2d7c0 -> refused
[p4:rodata-stomp] gzmfs READ fd=0 dst=0x0021d808 want=527456 ra=0x001b5b60 client=0x00c2d7c0 -> refused
[p4:rodata-stomp] gzmfs READ fd=0 dst=0x0021d808 want=527456 ra=0x001b5b60 client=0x00c2d7c0 -> refused
[p4:rodata-stomp] gzmfs READ fd=0 dst=0x0021d808 want=527456 ra=0x001b5b60 client=0x00c2d7c0 -> refused
[p4:rodata-stomp] gzmfs READ fd=0 dst=0x0021d808 want=527456 ra=0x001b5b60 client=0x00c2d7c0 -> refused
[p4:rodata-stomp] gzmfs READ fd=0 dst=0x0021d808 want=527456 ra=0x001b5b60 client=0x00c2d7c0 -> refused
[p4:rodata-stomp] gzmfs READ fd=0 dst=0x0021d808 want=527456 ra=0x001b5b60 client=0x00c2d7c0 -> refused
[p4:rodata-stomp] gzmfs READ fd=0 dst=0x0021d808 want=527456 ra=0x001b5b60 client=0x00c2d7c0 -> refused
[p4:rodata-stomp] gzmfs READ fd=0 dst=0x0021d808 want=527456 ra=0x001b5b60 client=0x00c2d7c0 -> refused
[p4:rodata-stomp] gzmfs READ fd=0 dst=0x0021d808 want=527456 ra=0x001b5b60 client=0x00c2d7c0 -> refused
[p4:rodata-stomp] gzmfs READ fd=0 dst=0x0021d808 want=527456 ra=0x001b5b60 client=0x00c2d7c0 -> refused
[p4:rodata-stomp] gzmfs READ fd=0 dst=0x0021d808 want=527456 ra=0x001b5b60 client=0x00c2d7c0 -> refused
[p4:rodata-stomp] gzmfs READ fd=0 dst=0x0021d808 want=527456 ra=0x001b5b60 client=0x00c2d7c0 -> refused
[p4:rodata-stomp] gzmfs READ fd=0 dst=0x0021d808 want=527456 ra=0x001b5b60 client=0x00c2d7c0 -> refused
[p4:rodata-stomp] gzmfs READ fd=0 dst=0x0021d808 want=527456 ra=0x001b5b60 client=0x00c2d7c0 -> refused
[p4:rodata-stomp] gzmfs READ fd=0 dst=0x0021d808 want=527456 ra=0x001b5b60 client=0x00c2d7c0 -> refused
[p4:rodata-stomp] gzmfs READ fd=0 dst=0x0021d808 want=527456 ra=0x001b5b60 client=0x00c2d7c0 -> refused
[p4:rodata-stomp] gzmfs READ fd=0 dst=0x0021d808 want=527456 ra=0x001b5b60 client=0x00c2d7c0 -> refused
[gzmfs] READ fd=0 pos=93194240 len=527456 -> 0 dst=0x0021D808
[gzmfs] WARN short read (EOF) fd=0
[p4:rodata-stomp] gzmfs READ fd=0 dst=0x0021d808 want=527456 ra=0x001b5b60 client=0x00c2d7c0 -> refused
[gzmfs] READ fd=0 pos=93194240 len=527456 -> 0 dst=0x0021D808
[gzmfs] WARN short read (EOF) fd=0
[p4:wake-pre] sid=9 consumed=1
[p4:rodata-stomp] gzmfs READ fd=0 dst=0x0021d808 want=527456 ra=0x001b5b60 client=0x00c2d7c0 -> refused
[gzmfs] READ fd=0 pos=93194240 len=527456 -> 0 dst=0x0021D808
[gzmfs] WARN short read (EOF) fd=0
[p4:rodata-stomp] gzmfs READ fd=0 dst=0x0021d808 want=527456 ra=0x001b5b60 client=0x00c2d7c0 -> refused
[gzmfs] READ fd=0 pos=93194240 len=527456 -> 0 dst=0x0021D808
[gzmfs] WARN short read (EOF) fd=0
[p4:rodata-stomp] gzmfs READ fd=0 dst=0x0021d808 want=527456 ra=0x001b5b60 client=0x00c2d7c0 -> refused
[gzmfs] READ fd=0 pos=93194240 len=527456 -> 0 dst=0x0021D808
[gzmfs] WARN short read (EOF) fd=0
[p4:rodata-stomp] gzmfs READ fd=0 dst=0x0021d808 want=527456 ra=0x001b5b60 client=0x00c2d7c0 -> refused
[gzmfs] READ fd=0 pos=93194240 len=527456 -> 0 dst=0x0021D808
[gzmfs] WARN short read (EOF) fd=0
[p4:rodata-stomp] gzmfs READ fd=0 dst=0x0021d808 want=527456 ra=0x001b5b60 client=0x00c2d7c0 -> refused
[gzmfs] READ fd=0 pos=93194240 len=527456 -> 0 dst=0x0021D808
[gzmfs] WARN short read (EOF) fd=0
[p4:rodata-stomp] gzmfs READ fd=0 dst=0x0021d808 want=527456 ra=0x001b5b60 client=0x00c2d7c0 -> refused
[gzmfs] READ fd=0 pos=93194240 len=527456 -> 0 dst=0x0021D808
[gzmfs] WARN short read (EOF) fd=0
[p4:rodata-stomp] gzmfs READ fd=0 dst=0x0021d808 want=527456 ra=0x001b5b60 client=0x00c2d7c0 -> refused
[gzmfs] READ fd=0 pos=93194240 len=527456 -> 0 dst=0x0021D808
[gzmfs] WARN short read (EOF) fd=0
[p4:px] #2260400000 WriteVram fbp_block=0x0 fbw=10 (x=469,y=117) psm=0x1 pixel=0x80000000
[p4:px] #2260500000 WriteVram fbp_block=0x0 fbw=10 (x=629,y=49) psm=0x1 pixel=0x80000000
[p4:px] #2260600000 WriteVram fbp_block=0x0 fbw=10 (x=149,y=206) psm=0x1 pixel=0x80000000
[p4:rodata-stomp] gzmfs READ fd=0 dst=0x0021d808 want=527456 ra=0x001b5b60 client=0x00c2d7c0 -> refused
[gzmfs] READ fd=0 pos=93194240 len=527456 -> 0 dst=0x0021D808
[gzmfs] WARN short read (EOF) fd=0
[p4:px] #2260700000 WriteVram fbp_block=0x0 fbw=10 (x=309,y=138) psm=0x1 pixel=0x80000000
[p4:px] #2260800000 WriteVram fbp_block=0x0 fbw=10 (x=469,y=70) psm=0x1 pixel=0x80000000
[p4:rodata-stomp] gzmfs READ fd=0 dst=0x0021d808 want=527456 ra=0x001b5b60 client=0x00c2d7c0 -> refused
[gzmfs] READ fd=0 pos=93194240 len=527456 -> 0 dst=0x0021D808
[gzmfs] WARN short read (EOF) fd=0
[p4:px] #2260900000 WriteVram fbp_block=0x0 fbw=10 (x=629,y=2) psm=0x1 pixel=0x80000000
[p4:px] #2261000000 WriteVram fbp_block=0x0 fbw=10 (x=149,y=159) psm=0x1 pixel=0x80000000
[p4:px] #2261100000 WriteVram fbp_block=0x0 fbw=10 (x=309,y=91) psm=0x1 pixel=0x80000000
[p4:rodata-stomp] gzmfs READ fd=0 dst=0x0021d808 want=527456 ra=0x001b5b60 client=0x00c2d7c0 -> refused
[gzmfs] READ fd=0 pos=93194240 len=527456 -> 0 dst=0x0021D808
[gzmfs] WARN short read (EOF) fd=0
[p4:px] #2261200000 WriteVram fbp_block=0x0 fbw=10 (x=469,y=23) psm=0x1 pixel=0x80000000
[p4:px] #2261300000 WriteVram fbp_block=0x0 fbw=10 (x=629,y=179) psm=0x1 pixel=0x80000000
[p4:px] #2261400000 WriteVram fbp_block=0x0 fbw=10 (x=149,y=112) psm=0x1 pixel=0x80000000
[p4:rodata-stomp] gzmfs READ fd=0 dst=0x0021d808 want=527456 ra=0x001b5b60 client=0x00c2d7c0 -> refused
[gzmfs] READ fd=0 pos=93194240 len=527456 -> 0 dst=0x0021D808
[gzmfs] WARN short read (EOF) fd=0
[p4:px] #2261500000 WriteVram fbp_block=0x0 fbw=10 (x=309,y=44) psm=0x1 pixel=0x80000000
[p4:px] #2261600000 WriteVram fbp_block=0x0 fbw=10 (x=469,y=200) psm=0x1 pixel=0x80000000
[p4:px] #2261700000 WriteVram fbp_block=0x0 fbw=10 (x=629,y=132) psm=0x1 pixel=0x80000000
[p4:rodata-stomp] gzmfs READ fd=0 dst=0x0021d808 want=527456 ra=0x001b5b60 client=0x00c2d7c0 -> refused
[gzmfs] READ fd=0 pos=93194240 len=527456 -> 0 dst=0x0021D808
[gzmfs] WARN short read (EOF) fd=0
[p4:px] #2261800000 WriteVram fbp_block=0x0 fbw=10 (x=149,y=65) psm=0x1 pixel=0x80000000
[p4:px] #2261900000 WriteVram fbp_block=0x0 fbw=10 (x=309,y=221) psm=0x1 pixel=0x80000000
[p4:px] #2262000000 WriteVram fbp_block=0x0 fbw=10 (x=469,y=153) psm=0x1 pixel=0x80000000
[p4:rodata-stomp] gzmfs READ fd=0 dst=0x0021d808 want=527456 ra=0x001b5b60 client=0x00c2d7c0 -> refused
[gzmfs] READ fd=0 pos=93194240 len=527456 -> 0 dst=0x0021D808
[gzmfs] WARN short read (EOF) fd=0
[p4:px] #2262100000 WriteVram fbp_block=0x0 fbw=10 (x=629,y=85) psm=0x1 pixel=0x80000000
[p4:isig] sid=9
[p4:px] #2262200000 WriteVram fbp_block=0x0 fbw=10 (x=149,y=18) psm=0x1 pixel=0x80000000
[p4:px] #2262300000 WriteVram fbp_block=0x0 fbw=10 (x=309,y=174) psm=0x1 pixel=0x80000000
[p4:rodata-stomp] gzmfs READ fd=0 dst=0x0021d808 want=527456 ra=0x001b5b60 client=0x00c2d7c0 -> refused
[gzmfs] READ fd=0 pos=93194240 len=527456 -> 0 dst=0x0021D808
[gzmfs] WARN short read (EOF) fd=0
[p4:isig] sid=10
[p4:isig] sid=9
[p4:isig] sid=10
[p4:px] #2262400000 WriteVram fbp_block=0x0 fbw=10 (x=469,y=106) psm=0x1 pixel=0x80000000
[p4:isig] sid=9
[p4:px] #2262500000 WriteVram fbp_block=0x0 fbw=10 (x=629,y=38) psm=0x1 pixel=0x80000000
[p4:px] #2262600000 WriteVram fbp_block=0x0 fbw=10 (x=149,y=195) psm=0x1 pixel=0x80000000
[p4:rodata-stomp] gzmfs READ fd=0 dst=0x0021d808 want=527456 ra=0x001b5b60 client=0x00c2d7c0 -> refused
[gzmfs] READ fd=0 pos=93194240 len=527456 -> 0 dst=0x0021D808
[gzmfs] WARN short read (EOF) fd=0
[p4:isig] sid=10
[p4:px] #2262700000 WriteVram fbp_block=0x0 fbw=10 (x=309,y=127) psm=0x1 pixel=0x80000000
[p4:isig] sid=9
[p4:isig] sid=10
[p4:px] #2262800000 WriteVram fbp_block=0x0 fbw=10 (x=469,y=59) psm=0x1 pixel=0x80000000
[p4:px] #2262900000 WriteVram fbp_block=0x0 fbw=10 (x=629,y=215) psm=0x1 pixel=0x80000000
[p4:rodata-stomp] gzmfs READ fd=0 dst=0x0021d808 want=527456 ra=0x001b5b60 client=0x00c2d7c0 -> refused
[gzmfs] READ fd=0 pos=93194240 len=527456 -> 0 dst=0x0021D808
[gzmfs] WARN short read (EOF) fd=0
[p4:isig] sid=9
[p4:isig] sid=10
[p4:px] #2263000000 WriteVram fbp_block=0x0 fbw=10 (x=149,y=148) psm=0x1 pixel=0x80000000
[p4:isig] sid=9
[p4:isig] sid=10
[p4:px] #2263100000 WriteVram fbp_block=0x0 fbw=10 (x=309,y=80) psm=0x1 pixel=0x80000000
[p4:isig] sid=9
[p4:isig] sid=10
[p4:rodata-stomp] gzmfs READ fd=0 dst=0x0021d808 want=527456 ra=0x001b5b60 client=0x00c2d7c0 -> refused
[gzmfs] READ fd=0 pos=93194240 len=527456 -> 0 dst=0x0021D808
[gzmfs] WARN short read (EOF) fd=0
[p4:isig] sid=9
[p4:isig] sid=10
[p4:px] #2263200000 WriteVram fbp_block=0x0 fbw=10 (x=469,y=12) psm=0x1 pixel=0x80000000
[p4:px] #2263300000 WriteVram fbp_block=0x0 fbw=10 (x=629,y=168) psm=0x1 pixel=0x80000000
[p4:px] #2263400000 WriteVram fbp_block=0x0 fbw=10 (x=149,y=101) psm=0x1 pixel=0x80000000
[p4:rodata-stomp] gzmfs READ fd=0 dst=0x0021d808 want=527456 ra=0x001b5b60 client=0x00c2d7c0 -> refused
[gzmfs] READ fd=0 pos=93194240 len=527456 -> 0 dst=0x0021D808
[gzmfs] WARN short read (EOF) fd=0
[p4:isig] sid=9
[p4:isig] sid=10
[p4:px] #2263500000 WriteVram fbp_block=0x0 fbw=10 (x=309,y=33) psm=0x1 pixel=0x80000000
[p4:px] #2263600000 WriteVram fbp_block=0x0 fbw=10 (x=469,y=189) psm=0x1 pixel=0x80000000
[p4:isig] sid=9
[p4:isig] sid=10
[p4:isig] sid=9
[p4:isig] sid=10
[p4:px] #2263700000 WriteVram fbp_block=0x0 fbw=10 (x=629,y=121) psm=0x1 pixel=0x80000000
[p4:rodata-stomp] gzmfs READ fd=0 dst=0x0021d808 want=527456 ra=0x001b5b60 client=0x00c2d7c0 -> refused
[gzmfs] READ fd=0 pos=93194240 len=527456 -> 0 dst=0x0021D808
[gzmfs] WARN short read (EOF) fd=0
[p4:isig] sid=9
[p4:px] #2263800000 WriteVram fbp_block=0x0 fbw=10 (x=149,y=54) psm=0x1 pixel=0x80000000
[p4:px] #2263900000 WriteVram fbp_block=0x0 fbw=10 (x=309,y=210) psm=0x1 pixel=0x80000000
[p4:isig] sid=10
[p4:px] #2264000000 WriteVram fbp_block=0x0 fbw=10 (x=469,y=142) psm=0x1 pixel=0x80000000
[p4:rodata-stomp] gzmfs READ fd=0 dst=0x0021d808 want=527456 ra=0x001b5b60 client=0x00c2d7c0 -> refused
[gzmfs] READ fd=0 pos=93194240 len=527456 -> 0 dst=0x0021D808
[gzmfs] WARN short read (EOF) fd=0
[p4:isig] sid=9
[p4:isig] sid=10
[p4:px] #2264100000 WriteVram fbp_block=0x0 fbw=10 (x=629,y=74) psm=0x1 pixel=0x80000000
[p4:isig] sid=9
[p4:isig] sid=10
[p4:isig] sid=9
[p4:px] #2264200000 WriteVram fbp_block=0x0 fbw=10 (x=149,y=7) psm=0x1 pixel=0x80000000
[p4:px] #2264300000 WriteVram fbp_block=0x0 fbw=10 (x=309,y=163) psm=0x1 pixel=0x80000000
[p4:rodata-stomp] gzmfs READ fd=0 dst=0x0021d808 want=527456 ra=0x001b5b60 client=0x00c2d7c0 -> refused
[gzmfs] READ fd=0 pos=93194240 len=527456 -> 0 dst=0x0021D808
[gzmfs] WARN short read (EOF) fd=0
[p4:isig] sid=10
[p4:isig] sid=9
[p4:isig] sid=10
[p4:px] #2264400000 WriteVram fbp_block=0x0 fbw=10 (x=469,y=95) psm=0x1 pixel=0x80000000
[p4:isig] sid=9
[p4:isig] sid=10
[p4:px] #2264500000 WriteVram fbp_block=0x0 fbw=10 (x=629,y=27) psm=0x1 pixel=0x80000000
[p4:px] #2264600000 WriteVram fbp_block=0x0 fbw=10 (x=149,y=184) psm=0x1 pixel=0x80000000
[p4:rodata-stomp] gzmfs READ fd=0 dst=0x0021d808 want=527456 ra=0x001b5b60 client=0x00c2d7c0 -> refused
[gzmfs] READ fd=0 pos=93194240 len=527456 -> 0 dst=0x0021D808
[gzmfs] WARN short read (EOF) fd=0
[p4:isig] sid=9
[p4:px] #2264700000 WriteVram fbp_block=0x0 fbw=10 (x=309,y=116) psm=0x1 pixel=0x80000000
[p4:isig] sid=10
[p4:isig] sid=9
[p4:px] #2264800000 WriteVram fbp_block=0x0 fbw=10 (x=469,y=48) psm=0x1 pixel=0x80000000
[p4:px] #2264900000 WriteVram fbp_block=0x0 fbw=10 (x=629,y=204) psm=0x1 pixel=0x80000000
[p4:rodata-stomp] gzmfs READ fd=0 dst=0x0021d808 want=527456 ra=0x001b5b60 client=0x00c2d7c0 -> refused
[gzmfs] READ fd=0 pos=93194240 len=527456 -> 0 dst=0x0021D808
[gzmfs] WARN short read (EOF) fd=0
[p4:isig] sid=10
[p4:isig] sid=9
[p4:isig] sid=10
[p4:px] #2265000000 WriteVram fbp_block=0x0 fbw=10 (x=149,y=137) psm=0x1 pixel=0x80000000
[p4:px] #2265100000 WriteVram fbp_block=0x0 fbw=10 (x=309,y=69) psm=0x1 pixel=0x80000000
[p4:rodata-stomp] gzmfs READ fd=0 dst=0x0021d808 want=527456 ra=0x001b5b60 client=0x00c2d7c0 -> refused
[gzmfs] READ fd=0 pos=93194240 len=527456 -> 0 dst=0x0021D808
[gzmfs] WARN short read (EOF) fd=0
[p4:isig] sid=9
[p4:isig] sid=10
[p4:isig] sid=9
[p4:isig] sid=10
[p4:px] #2265200000 WriteVram fbp_block=0x0 fbw=10 (x=469,y=1) psm=0x1 pixel=0x80000000
[p4:px] #2265300000 WriteVram fbp_block=0x0 fbw=10 (x=629,y=157) psm=0x1 pixel=0x80000000
[p4:px] #2265400000 WriteVram fbp_block=0x0 fbw=10 (x=149,y=90) psm=0x1 pixel=0x80000000
[p4:rodata-stomp] gzmfs READ fd=0 dst=0x0021d808 want=527456 ra=0x001b5b60 client=0x00c2d7c0 -> refused
[gzmfs] READ fd=0 pos=93194240 len=527456 -> 0 dst=0x0021D808
[gzmfs] WARN short read (EOF) fd=0
[p4:isig] sid=9
[p4:wake-pre] sid=9 consumed=1
[p4:isig] sid=10
[p4:px] #2265500000 WriteVram fbp_block=0x0 fbw=10 (x=309,y=22) psm=0x1 pixel=0x80000000
[p4:px] #2265600000 WriteVram fbp_block=0x0 fbw=10 (x=469,y=178) psm=0x1 pixel=0x80000000
[p4:isig] sid=9
[p4:isig] sid=10
[p4:px] #2265700000 WriteVram fbp_block=0x0 fbw=10 (x=629,y=110) psm=0x1 pixel=0x80000000
[p4:rodata-stomp] gzmfs READ fd=0 dst=0x0021d808 want=527456 ra=0x001b5b60 client=0x00c2d7c0 -> refused
[gzmfs] READ fd=0 pos=93194240 len=527456 -> 0 dst=0x0021D808
[gzmfs] WARN short read (EOF) fd=0
[p4:isig] sid=9
[p4:isig] sid=10
[p4:px] #2265800000 WriteVram fbp_block=0x0 fbw=10 (x=149,y=43) psm=0x1 pixel=0x80000000
[p4:px] #2265900000 WriteVram fbp_block=0x0 fbw=10 (x=309,y=199) psm=0x1 pixel=0x80000000
[p4:isig] sid=9
[p4:isig] sid=10
[p4:px] #2266000000 WriteVram fbp_block=0x0 fbw=10 (x=469,y=131) psm=0x1 pixel=0x80000000
[p4:rodata-stomp] gzmfs READ fd=0 dst=0x0021d808 want=527456 ra=0x001b5b60 client=0x00c2d7c0 -> refused
[gzmfs] READ fd=0 pos=93194240 len=527456 -> 0 dst=0x0021D808
[gzmfs] WARN short read (EOF) fd=0
[p4:isig] sid=9
[p4:isig] sid=10
[p4:px] #2266100000 WriteVram fbp_block=0x0 fbw=10 (x=629,y=63) psm=0x1 pixel=0x80000000
[p4:px] #2266200000 WriteVram fbp_block=0x0 fbw=10 (x=149,y=220) psm=0x1 pixel=0x80000000
[p4:isig] sid=9
[p4:isig] sid=10
[p4:isig] sid=9
[p4:isig] sid=10
[p4:px] #2266300000 WriteVram fbp_block=0x0 fbw=10 (x=309,y=152) psm=0x1 pixel=0x80000000
[p4:rodata-stomp] gzmfs READ fd=0 dst=0x0021d808 want=527456 ra=0x001b5b60 client=0x00c2d7c0 -> refused
[gzmfs] READ fd=0 pos=93194240 len=527456 -> 0 dst=0x0021D808
[gzmfs] WARN short read (EOF) fd=0
[p4:isig] sid=9
[p4:isig] sid=10
