# ---------------------------------------------------------------
# Trimmed for publication by tools/export_logs.py.
# Per-tag census of the ORIGINAL file (kept / total):
#   [p4:isig]                  120 /   9,498
#   [p4:px]                    120 /   6,262
#   [p4:wake-pre]              120 /     560
#   [p4:spx]                   120 /     515
#   [p4:gs-sprite]             511 /     511  <- all kept (evidence)
#   [p4:gzmfs-stomp]           120 /     128
#   [p4:malloc]                 64 /      64
#   [p4:new2]                   64 /      64
#   [gzmfs]                     46 /      46
#   [mc]                        42 /      42
#   [p4:EndOfHeap]              36 /      36
#   [p4:clut]                   24 /      24
#   [sceSifSetDma:CALL]         23 /      23
#   [sceSifSetDma:DESC]         23 /      23
#   [Deci2:call]                20 /      20
#   [p4:sm]                     20 /      20
#   [p4:alarm]                  16 /      16
#   [p4:hdl]                    16 /      16
#   [p4:texel]                  16 /      16
#   [p4:vbl]                    15 /      15
#   [Deci2Call:kputs]           13 /      13
#   [SyscallOverride:fallback]      11 /      11
#   [p4:alias]                  10 /      10
#   [p4:gs-trx]                  8 /       8
#   [p4:rd1]                     6 /       6
#   [p4:ld]                      4 /       4
#   [Deci2Call:send]             3 /       3
#   (untagged)                   3 /       3
#   [p4:guestMalloc]             2 /       2
#   [SetupHeap]                  1 /       1
#   [Syscall83:override]         1 /       1
#   [p4:alloc-trap]              1 /       1
#   [dispatch:hle-leaf-ret]       1 /       1
#   [p4:rodata-write]            1 /       1
# Nothing is silently removed; every elision is marked inline.
# ---------------------------------------------------------------

[p4:gzmfs-stomp] addr=0x00c25000 val=0x00000000 sz=16 pc=0x00100018 ra=0x00000000
[p4:gzmfs-stomp] addr=0x00c25010 val=0x00000000 sz=16 pc=0x00100018 ra=0x00000000
[p4:gzmfs-stomp] addr=0x00c25020 val=0x00000000 sz=16 pc=0x00100018 ra=0x00000000
[p4:gzmfs-stomp] addr=0x00c25030 val=0x00000000 sz=16 pc=0x00100018 ra=0x00000000
[p4:gzmfs-stomp] addr=0x00c25040 val=0x00000000 sz=16 pc=0x00100018 ra=0x00000000
[p4:gzmfs-stomp] addr=0x00c25050 val=0x00000000 sz=16 pc=0x00100018 ra=0x00000000
[p4:gzmfs-stomp] addr=0x00c25060 val=0x00000000 sz=16 pc=0x00100018 ra=0x00000000
[p4:gzmfs-stomp] addr=0x00c25070 val=0x00000000 sz=16 pc=0x00100018 ra=0x00000000
[p4:gzmfs-stomp] addr=0x00c25080 val=0x00000000 sz=16 pc=0x00100018 ra=0x00000000
[p4:gzmfs-stomp] addr=0x00c25090 val=0x00000000 sz=16 pc=0x00100018 ra=0x00000000
[p4:gzmfs-stomp] addr=0x00c250a0 val=0x00000000 sz=16 pc=0x00100018 ra=0x00000000
[p4:gzmfs-stomp] addr=0x00c250b0 val=0x00000000 sz=16 pc=0x00100018 ra=0x00000000
[p4:gzmfs-stomp] addr=0x00c250c0 val=0x00000000 sz=16 pc=0x00100018 ra=0x00000000
[p4:gzmfs-stomp] addr=0x00c250d0 val=0x00000000 sz=16 pc=0x00100018 ra=0x00000000
[p4:gzmfs-stomp] addr=0x00c250e0 val=0x00000000 sz=16 pc=0x00100018 ra=0x00000000
[p4:gzmfs-stomp] addr=0x00c250f0 val=0x00000000 sz=16 pc=0x00100018 ra=0x00000000
[p4:gzmfs-stomp] addr=0x00c25100 val=0x00000000 sz=16 pc=0x00100018 ra=0x00000000
[p4:gzmfs-stomp] addr=0x00c25110 val=0x00000000 sz=16 pc=0x00100018 ra=0x00000000
[p4:gzmfs-stomp] addr=0x00c25120 val=0x00000000 sz=16 pc=0x00100018 ra=0x00000000
[p4:gzmfs-stomp] addr=0x00c25130 val=0x00000000 sz=16 pc=0x00100018 ra=0x00000000
[p4:gzmfs-stomp] addr=0x00c25140 val=0x00000000 sz=16 pc=0x00100018 ra=0x00000000
[p4:gzmfs-stomp] addr=0x00c25150 val=0x00000000 sz=16 pc=0x00100018 ra=0x00000000
[p4:gzmfs-stomp] addr=0x00c25160 val=0x00000000 sz=16 pc=0x00100018 ra=0x00000000
[p4:gzmfs-stomp] addr=0x00c25170 val=0x00000000 sz=16 pc=0x00100018 ra=0x00000000
[p4:gzmfs-stomp] addr=0x00c25180 val=0x00000000 sz=16 pc=0x00100018 ra=0x00000000
[p4:gzmfs-stomp] addr=0x00c25190 val=0x00000000 sz=16 pc=0x00100018 ra=0x00000000
[p4:gzmfs-stomp] addr=0x00c251a0 val=0x00000000 sz=16 pc=0x00100018 ra=0x00000000
[p4:gzmfs-stomp] addr=0x00c251b0 val=0x00000000 sz=16 pc=0x00100018 ra=0x00000000
[p4:gzmfs-stomp] addr=0x00c251c0 val=0x00000000 sz=16 pc=0x00100018 ra=0x00000000
[p4:gzmfs-stomp] addr=0x00c251d0 val=0x00000000 sz=16 pc=0x00100018 ra=0x00000000
[p4:gzmfs-stomp] addr=0x00c251e0 val=0x00000000 sz=16 pc=0x00100018 ra=0x00000000
[p4:gzmfs-stomp] addr=0x00c251f0 val=0x00000000 sz=16 pc=0x00100018 ra=0x00000000
[p4:gzmfs-stomp] addr=0x00c25200 val=0x00000000 sz=16 pc=0x00100018 ra=0x00000000
[p4:gzmfs-stomp] addr=0x00c25210 val=0x00000000 sz=16 pc=0x00100018 ra=0x00000000
[p4:gzmfs-stomp] addr=0x00c25220 val=0x00000000 sz=16 pc=0x00100018 ra=0x00000000
[p4:gzmfs-stomp] addr=0x00c25230 val=0x00000000 sz=16 pc=0x00100018 ra=0x00000000
[p4:gzmfs-stomp] addr=0x00c25240 val=0x00000000 sz=16 pc=0x00100018 ra=0x00000000
[p4:gzmfs-stomp] addr=0x00c25250 val=0x00000000 sz=16 pc=0x00100018 ra=0x00000000
[p4:gzmfs-stomp] addr=0x00c25260 val=0x00000000 sz=16 pc=0x00100018 ra=0x00000000
[p4:gzmfs-stomp] addr=0x00c25270 val=0x00000000 sz=16 pc=0x00100018 ra=0x00000000
[p4:gzmfs-stomp] addr=0x00c25280 val=0x00000000 sz=16 pc=0x00100018 ra=0x00000000
[p4:gzmfs-stomp] addr=0x00c25290 val=0x00000000 sz=16 pc=0x00100018 ra=0x00000000
[p4:gzmfs-stomp] addr=0x00c252a0 val=0x00000000 sz=16 pc=0x00100018 ra=0x00000000
[p4:gzmfs-stomp] addr=0x00c252b0 val=0x00000000 sz=16 pc=0x00100018 ra=0x00000000
[p4:gzmfs-stomp] addr=0x00c252c0 val=0x00000000 sz=16 pc=0x00100018 ra=0x00000000
[p4:gzmfs-stomp] addr=0x00c252d0 val=0x00000000 sz=16 pc=0x00100018 ra=0x00000000
[p4:gzmfs-stomp] addr=0x00c252e0 val=0x00000000 sz=16 pc=0x00100018 ra=0x00000000
[p4:gzmfs-stomp] addr=0x00c252f0 val=0x00000000 sz=16 pc=0x00100018 ra=0x00000000
[p4:gzmfs-stomp] addr=0x00c25300 val=0x00000000 sz=16 pc=0x00100018 ra=0x00000000
[p4:gzmfs-stomp] addr=0x00c25310 val=0x00000000 sz=16 pc=0x00100018 ra=0x00000000
[p4:gzmfs-stomp] addr=0x00c25320 val=0x00000000 sz=16 pc=0x00100018 ra=0x00000000
[p4:gzmfs-stomp] addr=0x00c25330 val=0x00000000 sz=16 pc=0x00100018 ra=0x00000000
[p4:gzmfs-stomp] addr=0x00c25340 val=0x00000000 sz=16 pc=0x00100018 ra=0x00000000
[p4:gzmfs-stomp] addr=0x00c25350 val=0x00000000 sz=16 pc=0x00100018 ra=0x00000000
[p4:gzmfs-stomp] addr=0x00c25360 val=0x00000000 sz=16 pc=0x00100018 ra=0x00000000
[p4:gzmfs-stomp] addr=0x00c25370 val=0x00000000 sz=16 pc=0x00100018 ra=0x00000000
[p4:gzmfs-stomp] addr=0x00c25380 val=0x00000000 sz=16 pc=0x00100018 ra=0x00000000
[p4:gzmfs-stomp] addr=0x00c25390 val=0x00000000 sz=16 pc=0x00100018 ra=0x00000000
[p4:gzmfs-stomp] addr=0x00c253a0 val=0x00000000 sz=16 pc=0x00100018 ra=0x00000000
[p4:gzmfs-stomp] addr=0x00c253b0 val=0x00000000 sz=16 pc=0x00100018 ra=0x00000000
        ... [8 more [p4:gzmfs-stomp] lines elided by export_logs.py] ...
[p4:gzmfs-stomp] addr=0x00c25440 val=0x00000000 sz=16 pc=0x00100018 ra=0x00000000
[p4:gzmfs-stomp] addr=0x00c25450 val=0x00000000 sz=16 pc=0x00100018 ra=0x00000000
[p4:gzmfs-stomp] addr=0x00c25460 val=0x00000000 sz=16 pc=0x00100018 ra=0x00000000
[p4:gzmfs-stomp] addr=0x00c25470 val=0x00000000 sz=16 pc=0x00100018 ra=0x00000000
[p4:gzmfs-stomp] addr=0x00c25480 val=0x00000000 sz=16 pc=0x00100018 ra=0x00000000
[p4:gzmfs-stomp] addr=0x00c25490 val=0x00000000 sz=16 pc=0x00100018 ra=0x00000000
[p4:gzmfs-stomp] addr=0x00c254a0 val=0x00000000 sz=16 pc=0x00100018 ra=0x00000000
[p4:gzmfs-stomp] addr=0x00c254b0 val=0x00000000 sz=16 pc=0x00100018 ra=0x00000000
[p4:gzmfs-stomp] addr=0x00c254c0 val=0x00000000 sz=16 pc=0x00100018 ra=0x00000000
[p4:gzmfs-stomp] addr=0x00c254d0 val=0x00000000 sz=16 pc=0x00100018 ra=0x00000000
[p4:gzmfs-stomp] addr=0x00c254e0 val=0x00000000 sz=16 pc=0x00100018 ra=0x00000000
[p4:gzmfs-stomp] addr=0x00c254f0 val=0x00000000 sz=16 pc=0x00100018 ra=0x00000000
[p4:gzmfs-stomp] addr=0x00c25500 val=0x00000000 sz=16 pc=0x00100018 ra=0x00000000
[p4:gzmfs-stomp] addr=0x00c25510 val=0x00000000 sz=16 pc=0x00100018 ra=0x00000000
[p4:gzmfs-stomp] addr=0x00c25520 val=0x00000000 sz=16 pc=0x00100018 ra=0x00000000
[p4:gzmfs-stomp] addr=0x00c25530 val=0x00000000 sz=16 pc=0x00100018 ra=0x00000000
[p4:gzmfs-stomp] addr=0x00c25540 val=0x00000000 sz=16 pc=0x00100018 ra=0x00000000
[p4:gzmfs-stomp] addr=0x00c25550 val=0x00000000 sz=16 pc=0x00100018 ra=0x00000000
[p4:gzmfs-stomp] addr=0x00c25560 val=0x00000000 sz=16 pc=0x00100018 ra=0x00000000
[p4:gzmfs-stomp] addr=0x00c25570 val=0x00000000 sz=16 pc=0x00100018 ra=0x00000000
[p4:gzmfs-stomp] addr=0x00c25580 val=0x00000000 sz=16 pc=0x00100018 ra=0x00000000
[p4:gzmfs-stomp] addr=0x00c25590 val=0x00000000 sz=16 pc=0x00100018 ra=0x00000000
[p4:gzmfs-stomp] addr=0x00c255a0 val=0x00000000 sz=16 pc=0x00100018 ra=0x00000000
[p4:gzmfs-stomp] addr=0x00c255b0 val=0x00000000 sz=16 pc=0x00100018 ra=0x00000000
[p4:gzmfs-stomp] addr=0x00c255c0 val=0x00000000 sz=16 pc=0x00100018 ra=0x00000000
[p4:gzmfs-stomp] addr=0x00c255d0 val=0x00000000 sz=16 pc=0x00100018 ra=0x00000000
[p4:gzmfs-stomp] addr=0x00c255e0 val=0x00000000 sz=16 pc=0x00100018 ra=0x00000000
[p4:gzmfs-stomp] addr=0x00c255f0 val=0x00000000 sz=16 pc=0x00100018 ra=0x00000000
[p4:gzmfs-stomp] addr=0x00c25600 val=0x00000000 sz=16 pc=0x00100018 ra=0x00000000
[p4:gzmfs-stomp] addr=0x00c25610 val=0x00000000 sz=16 pc=0x00100018 ra=0x00000000
[p4:gzmfs-stomp] addr=0x00c25620 val=0x00000000 sz=16 pc=0x00100018 ra=0x00000000
[p4:gzmfs-stomp] addr=0x00c25630 val=0x00000000 sz=16 pc=0x00100018 ra=0x00000000
[p4:gzmfs-stomp] addr=0x00c25640 val=0x00000000 sz=16 pc=0x00100018 ra=0x00000000
[p4:gzmfs-stomp] addr=0x00c25650 val=0x00000000 sz=16 pc=0x00100018 ra=0x00000000
[p4:gzmfs-stomp] addr=0x00c25660 val=0x00000000 sz=16 pc=0x00100018 ra=0x00000000
[p4:gzmfs-stomp] addr=0x00c25670 val=0x00000000 sz=16 pc=0x00100018 ra=0x00000000
[p4:gzmfs-stomp] addr=0x00c25680 val=0x00000000 sz=16 pc=0x00100018 ra=0x00000000
[p4:gzmfs-stomp] addr=0x00c25690 val=0x00000000 sz=16 pc=0x00100018 ra=0x00000000
[p4:gzmfs-stomp] addr=0x00c256a0 val=0x00000000 sz=16 pc=0x00100018 ra=0x00000000
[p4:gzmfs-stomp] addr=0x00c256b0 val=0x00000000 sz=16 pc=0x00100018 ra=0x00000000
[p4:gzmfs-stomp] addr=0x00c256c0 val=0x00000000 sz=16 pc=0x00100018 ra=0x00000000
[p4:gzmfs-stomp] addr=0x00c256d0 val=0x00000000 sz=16 pc=0x00100018 ra=0x00000000
[p4:gzmfs-stomp] addr=0x00c256e0 val=0x00000000 sz=16 pc=0x00100018 ra=0x00000000
[p4:gzmfs-stomp] addr=0x00c256f0 val=0x00000000 sz=16 pc=0x00100018 ra=0x00000000
[p4:gzmfs-stomp] addr=0x00c25700 val=0x00000000 sz=16 pc=0x00100018 ra=0x00000000
[p4:gzmfs-stomp] addr=0x00c25710 val=0x00000000 sz=16 pc=0x00100018 ra=0x00000000
[p4:gzmfs-stomp] addr=0x00c25720 val=0x00000000 sz=16 pc=0x00100018 ra=0x00000000
[p4:gzmfs-stomp] addr=0x00c25730 val=0x00000000 sz=16 pc=0x00100018 ra=0x00000000
[p4:gzmfs-stomp] addr=0x00c25740 val=0x00000000 sz=16 pc=0x00100018 ra=0x00000000
[p4:gzmfs-stomp] addr=0x00c25750 val=0x00000000 sz=16 pc=0x00100018 ra=0x00000000
[p4:gzmfs-stomp] addr=0x00c25760 val=0x00000000 sz=16 pc=0x00100018 ra=0x00000000
[p4:gzmfs-stomp] addr=0x00c25770 val=0x00000000 sz=16 pc=0x00100018 ra=0x00000000
[p4:gzmfs-stomp] addr=0x00c25780 val=0x00000000 sz=16 pc=0x00100018 ra=0x00000000
[p4:gzmfs-stomp] addr=0x00c25790 val=0x00000000 sz=16 pc=0x00100018 ra=0x00000000
[p4:gzmfs-stomp] addr=0x00c257a0 val=0x00000000 sz=16 pc=0x00100018 ra=0x00000000
[p4:gzmfs-stomp] addr=0x00c257b0 val=0x00000000 sz=16 pc=0x00100018 ra=0x00000000
[p4:gzmfs-stomp] addr=0x00c257c0 val=0x00000000 sz=16 pc=0x00100018 ra=0x00000000
[p4:gzmfs-stomp] addr=0x00c257d0 val=0x00000000 sz=16 pc=0x00100018 ra=0x00000000
[p4:gzmfs-stomp] addr=0x00c257e0 val=0x00000000 sz=16 pc=0x00100018 ra=0x00000000
[p4:gzmfs-stomp] addr=0x00c257f0 val=0x00000000 sz=16 pc=0x00100018 ra=0x00000000
[SetupHeap] base=0xc29100 alignedBase=0xc29100 size=0xffffffff runtimeBase=0xc29100 runtimeEnd=0xc29100
[p4:guestMalloc] addr=0x01f00000 size=0x4000 (runtime scratch band)
[Syscall83:override] handler=0x117808 invoked=true pc=0x117844 ra=0x11787c a0=0x117808 a1=0x117808 a2=0x100000 a3=0x224b00 guestRet=0x8001218c builtinRet=0x0 guest-20c=0x80011f80 builtin-20c=0x0 guest-168=0x80012024 builtin-168=0x0 match=false
[SyscallOverride:fallback] syscall=0x5b handler=0x80076000 pc=0x10f9bc ra=0x10fa68
[SyscallOverride:fallback] syscall=0x5b handler=0x80076000 pc=0x10f9bc ra=0x10fa68
[SyscallOverride:fallback] syscall=0x5b handler=0x80076000 pc=0x10f9bc ra=0x10fa68
[SyscallOverride:fallback] syscall=0x5b handler=0x80076000 pc=0x10f9bc ra=0x10fa68
[SyscallOverride:fallback] syscall=0x5b handler=0x80076000 pc=0x10f9bc ra=0x10fa68
[SyscallOverride:fallback] syscall=0x5b handler=0x80076000 pc=0x10f9bc ra=0x10fa68
[SyscallOverride:fallback] syscall=0x5b handler=0x80075000 pc=0x116ffc ra=0x117098
[SyscallOverride:fallback] syscall=0x5b handler=0x80075000 pc=0x116ffc ra=0x117098
[SyscallOverride:fallback] syscall=0x5b handler=0x80075000 pc=0x116ffc ra=0x117098
[SyscallOverride:fallback] syscall=0x5b handler=0x80075000 pc=0x116ffc ra=0x117098
[SyscallOverride:fallback] syscall=0x5b handler=0x80075000 pc=0x116ffc ra=0x117098
[p4:malloc] size=0x072d4ef0 ra=0x00133618
[p4:EndOfHeap] ret=0x01f00000 brk=0x00c29100 a0=0x072d4f10 ra=0x0010f3b8
[p4:malloc] size=0x012d4ef0 ra=0x00133630
[p4:EndOfHeap] ret=0x01f00000 brk=0x00c29100 a0=0x012d4f10 ra=0x0010f3b8
[p4:EndOfHeap] ret=0x01f00000 brk=0x01efe010 a0=0x00000ff0 ra=0x0010f3b8
[p4:EndOfHeap] ret=0x01f00000 brk=0x01eff000 a0=0x00000000 ra=0x0010f3b8
[p4:EndOfHeap] ret=0x01f00000 brk=0x01eff000 a0=0xfed2b000 ra=0x0010f3b8
[Deci2:call] code=1 argsAddr=0x01ff7b50 a0=0x00000210 a1=0x002257d0 a2=0x00110088 sessions=0
[Deci2:call] code=3 argsAddr=0x01ff7b10 a0=0x00000001 a1=0x00000048 a2=0x00000002 sessions=1
[p4:guestMalloc] addr=0x01f04000 size=0x4000 (runtime scratch band)
[Deci2:call] code=-6 argsAddr=0x01f07fa0 a0=0x00000001 a1=0x20225800 a2=0x0000001b sessions=1
[Deci2Call:send] ......EH....InitHeap Done

[p4:alias] target=0x001548c0 owner=0x001548b0 (unexported inner call)
[p4:alias] target=0x001548c8 owner=0x001548b0 (unexported inner call)
[Deci2:call] code=16 argsAddr=0x01ff7d80 a0=0x00225a80 a1=0x00000000 a2=0x00000000 sessions=1
[Deci2Call:kputs] CdVdInit----------
[Deci2:call] code=16 argsAddr=0x01ff7d80 a0=0x00225a80 a1=0x00000000 a2=0x00000000 sessions=1
[Deci2Call:kputs]   DEV:[CD-ROM]
[Deci2:call] code=16 argsAddr=0x01ff7d80 a0=0x00225a80 a1=0x00000000 a2=0x00000000 sessions=1
[Deci2Call:kputs]   PATH:[\]
[Deci2:call] code=16 argsAddr=0x01ff7d80 a0=0x00225a80 a1=0x00000000 a2=0x00000000 sessions=1
[Deci2Call:kputs] IOP Replace:cdrom0:\IOP\MODULES\IOPRP243.IMG;1
[Deci2:call] code=16 argsAddr=0x01ff7c60 a0=0x00225a80 a1=0x00000000 a2=0x00000000 sessions=1
[Deci2Call:kputs] loading module [cdrom0:\IOP\MODULES\SIO2MAN.IRX;1]...done[1]
[Deci2:call] code=16 argsAddr=0x01ff7c60 a0=0x00225a80 a1=0x00000000 a2=0x00000000 sessions=1
[Deci2Call:kputs] loading module [cdrom0:\IOP\MODULES\PADMAN.IRX;1]...done[2]
[Deci2:call] code=16 argsAddr=0x01ff7c60 a0=0x00225a80 a1=0x00000000 a2=0x00000000 sessions=1
[Deci2Call:kputs] loading module [cdrom0:\IOP\MODULES\MCMAN.IRX;1]...done[3]
[Deci2:call] code=16 argsAddr=0x01ff7c60 a0=0x00225a80 a1=0x00000000 a2=0x00000000 sessions=1
[Deci2Call:kputs] loading module [cdrom0:\IOP\MODULES\MCSERV.IRX;1]...done[4]
[Deci2:call] code=16 argsAddr=0x01ff7c60 a0=0x00225a80 a1=0x00000000 a2=0x00000000 sessions=1
[Deci2Call:kputs] loading module [cdrom0:\IOP\MODULES\LIBSD.IRX;1]...done[5]
[Deci2:call] code=16 argsAddr=0x01ff7c60 a0=0x00225a80 a1=0x00000000 a2=0x00000000 sessions=1
[Deci2Call:kputs] loading module [cdrom0:\IOP\MODULES\SDRDRV.IRX;1]...done[6]
[Deci2:call] code=16 argsAddr=0x01ff7c60 a0=0x00225a80 a1=0x00000000 a2=0x00000000 sessions=1
[Deci2Call:kputs] loading module [cdrom0:\IOP\MODULES\GZMFS.IRX;1]...done[7]
[p4:EndOfHeap] ret=0x01f00000 brk=0x00c2a000 a0=0x00005000 ra=0x0010f3b8
[p4:new2] size=0x00000040 ra=0x00100540
[p4:malloc] size=0x00000040 ra=0x001006bc
[p4:alloc-trap] live call#1 size=64 -> 0x00C2D6B0 ra=0x00100540
[p4:new2] size=0x00000018 ra=0x001b53e8
[p4:malloc] size=0x00000018 ra=0x001006bc
[p4:new2] size=0x00000018 ra=0x001b53e8
[p4:malloc] size=0x00000018 ra=0x001006bc
[p4:new2] size=0x00000070 ra=0x00100540
[p4:malloc] size=0x00000070 ra=0x001006bc
[Deci2:call] code=16 argsAddr=0x01ff7e50 a0=0x00225a80 a1=0x00000000 a2=0x001d0948 sessions=1
[Deci2Call:kputs] Init File System Begin
[p4:new2] size=0x00000160 ra=0x001b5df4
[p4:malloc] size=0x00000160 ra=0x001006bc
[gzmfs] OPEN fd=0 '\VOLUME.DAT;1' -> '<path>' size=132314355
[p4:sm] poll n=1 obj=0x00c253e8 ra=0x001b5e54
[p4:EndOfHeap] ret=0x01f00000 brk=0x00c2f000 a0=0x00021000 ra=0x0010f3b8
[p4:rd1] FUN_001b5ca0 obj=0x00c253e8 dst=0x00c2d930 len=0x00020000 ra=0x0019a168
[p4:sm] poll n=2 obj=0x00c253e8 ra=0x001b5cfc
[gzmfs] READ fd=0 pos=0 len=131072 -> 131072 dst=0x00C2D930
[p4:alarm] n=1 id=1 handler=0x0011c570 arg=0x01ff7e48 *arg=8
[p4:hdl] 11c570 entry a2=0x01ff7e48
[p4:isig] sid=8
[p4:wake-pre] sid=8 consumed=1
[p4:sm] poll n=3 obj=0x00c253e8 ra=0x001b5d14
[p4:EndOfHeap] ret=0x01f00000 brk=0x00c50000 a0=0x00006000 ra=0x0010f3b8
[p4:EndOfHeap] ret=0x01f00000 brk=0x00c56000 a0=0x00006000 ra=0x0010f3b8
[Deci2:call] code=16 argsAddr=0x01ff7e50 a0=0x00225a80 a1=0x00000000 a2=0x00000000 sessions=1
[Deci2Call:kputs] Init File System Done
[p4:new2] size=0x00000520 ra=0x00152efc
[p4:malloc] size=0x00000520 ra=0x001006bc
[p4:new2] size=0x00000048 ra=0x0013a61c
[p4:malloc] size=0x00000048 ra=0x001006bc
[p4:new2] size=0x0000002c ra=0x0013a638
[p4:malloc] size=0x0000002c ra=0x001006bc
[p4:new2] size=0x00010000 ra=0x00100540
[p4:malloc] size=0x00010000 ra=0x001006bc
[p4:EndOfHeap] ret=0x01f00000 brk=0x00c5c000 a0=0x00011000 ra=0x0010f3b8
[p4:new2] size=0x00001400 ra=0x0013a654
[p4:malloc] size=0x00001400 ra=0x001006bc
[p4:new2] size=0x0000002c ra=0x0013a7cc
[p4:malloc] size=0x0000002c ra=0x001006bc
[p4:gs-sprite] #1 ctx=0 tme=0 abe=1 FRAME fbp=0x0 fbw=10 psm=0x1 msk=0x00000000 | SCISSOR 0,0..639,223 | TEST=0x0000000000030003 | TEX0 tbp=0x0 tbw=0 psm=0x0 tw=1 th=1 tfx=0 | V0(1728.0,1936.0) V1(2368.0,2160.0) uv0(0,0) uv1(0,0) | XYOFFSET ofx=1728 ofy=1936 -> screen (0,0)..(640,224)
[p4:spx] #1 tme=0 fst=1 vtxRGBA=00000080 span=640x224 tbp=0x0 tw=1 th=1
[p4:px] #1 WriteVram fbp_block=0x0 fbw=10 (x=0,y=0) psm=0x1 pixel=0x80000000
[p4:px] #2 WriteVram fbp_block=0x0 fbw=10 (x=1,y=0) psm=0x1 pixel=0x80000000
[p4:px] #3 WriteVram fbp_block=0x0 fbw=10 (x=2,y=0) psm=0x1 pixel=0x80000000
[p4:px] #4 WriteVram fbp_block=0x0 fbw=10 (x=3,y=0) psm=0x1 pixel=0x80000000
[p4:px] #5 WriteVram fbp_block=0x0 fbw=10 (x=4,y=0) psm=0x1 pixel=0x80000000
[p4:px] #6 WriteVram fbp_block=0x0 fbw=10 (x=5,y=0) psm=0x1 pixel=0x80000000
[p4:px] #7 WriteVram fbp_block=0x0 fbw=10 (x=6,y=0) psm=0x1 pixel=0x80000000
[p4:px] #8 WriteVram fbp_block=0x0 fbw=10 (x=7,y=0) psm=0x1 pixel=0x80000000
[p4:px] #100000 WriteVram fbp_block=0x0 fbw=10 (x=159,y=156) psm=0x1 pixel=0x80000000
[p4:isig] sid=9
[p4:isig] sid=10
[p4:isig] sid=9
[p4:isig] sid=10
[p4:gs-sprite] #2 ctx=0 tme=0 abe=1 FRAME fbp=0x8C0 fbw=10 psm=0x1 msk=0x00000000 | SCISSOR 0,0..639,223 | TEST=0x0000000000030003 | TEX0 tbp=0x0 tbw=0 psm=0x0 tw=1 th=1 tfx=0 | V0(1728.0,1936.0) V1(2368.0,2160.0) uv0(1,0) uv1(0,0) | XYOFFSET ofx=1728 ofy=1936 -> screen (0,0)..(640,224)
[p4:spx] #2 tme=0 fst=1 vtxRGBA=00000080 span=640x224 tbp=0x0 tw=1 th=1
[p4:px] #200000 WriteVram fbp_block=0x8C0 fbw=10 (x=319,y=88) psm=0x1 pixel=0x80000000
[p4:isig] sid=9
[p4:isig] sid=10
[p4:gs-sprite] #3 ctx=0 tme=0 abe=1 FRAME fbp=0x0 fbw=10 psm=0x1 msk=0x00000000 | SCISSOR 0,0..639,223 | TEST=0x0000000000030003 | TEX0 tbp=0x0 tbw=0 psm=0x0 tw=1 th=1 tfx=0 | V0(1728.0,1936.0) V1(2368.0,2160.0) uv0(2,0) uv1(0,0) | XYOFFSET ofx=1728 ofy=1936 -> screen (0,0)..(640,224)
[p4:spx] #3 tme=0 fst=1 vtxRGBA=00000080 span=640x224 tbp=0x0 tw=1 th=1
[p4:px] #300000 WriteVram fbp_block=0x0 fbw=10 (x=479,y=20) psm=0x1 pixel=0x80000000
[p4:px] #400000 WriteVram fbp_block=0x0 fbw=10 (x=639,y=176) psm=0x1 pixel=0x80000000
[p4:isig] sid=9
[p4:isig] sid=10
[p4:gs-sprite] #4 ctx=0 tme=0 abe=1 FRAME fbp=0x8C0 fbw=10 psm=0x1 msk=0x00000000 | SCISSOR 0,0..639,223 | TEST=0x0000000000030003 | TEX0 tbp=0x0 tbw=0 psm=0x0 tw=1 th=1 tfx=0 | V0(1728.0,1936.0) V1(2368.0,2160.0) uv0(3,0) uv1(0,0) | XYOFFSET ofx=1728 ofy=1936 -> screen (0,0)..(640,224)
[p4:spx] #4 tme=0 fst=1 vtxRGBA=00000080 span=640x224 tbp=0x0 tw=1 th=1
[p4:px] #500000 WriteVram fbp_block=0x8C0 fbw=10 (x=159,y=109) psm=0x1 pixel=0x80000000
[p4:gs-sprite] #5 ctx=0 tme=0 abe=1 FRAME fbp=0x0 fbw=10 psm=0x1 msk=0x00000000 | SCISSOR 0,0..639,223 | TEST=0x0000000000030003 | TEX0 tbp=0x0 tbw=0 psm=0x0 tw=1 th=1 tfx=0 | V0(1728.0,1936.0) V1(2368.0,2160.0) uv0(4,0) uv1(0,0) | XYOFFSET ofx=1728 ofy=1936 -> screen (0,0)..(640,224)
[p4:spx] #5 tme=0 fst=1 vtxRGBA=00000080 span=640x224 tbp=0x0 tw=1 th=1
[p4:px] #600000 WriteVram fbp_block=0x0 fbw=10 (x=319,y=41) psm=0x1 pixel=0x80000000
[p4:px] #700000 WriteVram fbp_block=0x0 fbw=10 (x=479,y=197) psm=0x1 pixel=0x80000000
[p4:isig] sid=9
[p4:isig] sid=10
[p4:isig] sid=9
[p4:isig] sid=10
[p4:gs-sprite] #6 ctx=0 tme=0 abe=1 FRAME fbp=0x8C0 fbw=10 psm=0x1 msk=0x00000000 | SCISSOR 0,0..639,223 | TEST=0x0000000000030003 | TEX0 tbp=0x0 tbw=0 psm=0x0 tw=1 th=1 tfx=0 | V0(1728.0,1936.0) V1(2368.0,2160.0) uv0(5,0) uv1(0,0) | XYOFFSET ofx=1728 ofy=1936 -> screen (0,0)..(640,224)
[p4:spx] #6 tme=0 fst=1 vtxRGBA=00000080 span=640x224 tbp=0x0 tw=1 th=1
[p4:px] #800000 WriteVram fbp_block=0x8C0 fbw=10 (x=639,y=129) psm=0x1 pixel=0x80000000
[p4:isig] sid=9
[p4:isig] sid=10
[p4:gs-sprite] #7 ctx=0 tme=0 abe=1 FRAME fbp=0x0 fbw=10 psm=0x1 msk=0x00000000 | SCISSOR 0,0..639,223 | TEST=0x0000000000030003 | TEX0 tbp=0x0 tbw=0 psm=0x0 tw=1 th=1 tfx=0 | V0(1728.0,1936.0) V1(2368.0,2160.0) uv0(6,0) uv1(0,0) | XYOFFSET ofx=1728 ofy=1936 -> screen (0,0)..(640,224)
[p4:spx] #7 tme=0 fst=1 vtxRGBA=00000080 span=640x224 tbp=0x0 tw=1 th=1
[p4:px] #900000 WriteVram fbp_block=0x0 fbw=10 (x=159,y=62) psm=0x1 pixel=0x80000000
[p4:px] #1000000 WriteVram fbp_block=0x0 fbw=10 (x=319,y=218) psm=0x1 pixel=0x80000000
[p4:isig] sid=9
[p4:isig] sid=10
[p4:new2] size=0x0000002c ra=0x00149e80
[p4:malloc] size=0x0000002c ra=0x001006bc
[p4:ld] load obj=0x00c64e50 size=0x00000000 ra=0x00149ed4
[p4:new2] size=0x000200e0 ra=0x00100540
[p4:malloc] size=0x000200e0 ra=0x001006bc
[p4:EndOfHeap] ret=0x01f00000 brk=0x00c6d000 a0=0x00021000 ra=0x0010f3b8
[p4:rd1] FUN_001b5ca0 obj=0x00c253e8 dst=0x00c64e80 len=0x000200e0 ra=0x0019a1d4
[p4:sm] poll n=4 obj=0x00c253e8 ra=0x001b5cfc
[gzmfs] SEEK fd=0 off=49723392 whence=0 -> pos=49723392
[p4:alarm] n=2 id=2 handler=0x0011c570 arg=0x01ff7e18 *arg=11
[p4:hdl] 11c570 entry a2=0x01ff7e18
[p4:isig] sid=11
[p4:wake-pre] sid=11 consumed=1
[p4:sm] poll n=5 obj=0x00c253e8 ra=0x001b5d14
[p4:alarm] n=3 id=3 handler=0x0011c570 arg=0x01ff7e18 *arg=12
[p4:hdl] 11c570 entry a2=0x01ff7e18
[p4:isig] sid=12
[p4:wake-pre] sid=12 consumed=1
[p4:sm] poll n=6 obj=0x00c253e8 ra=0x001b5d14
[gzmfs] READ fd=0 pos=49723392 len=131296 -> 131296 dst=0x00C64E80
[p4:alarm] n=4 id=4 handler=0x0011c570 arg=0x01ff7e18 *arg=13
[p4:hdl] 11c570 entry a2=0x01ff7e18
[p4:isig] sid=13
[p4:wake-pre] sid=13 consumed=1
[p4:sm] poll n=7 obj=0x00c253e8 ra=0x001b5d14
[p4:new2] size=0x00000060 ra=0x00100540
[p4:malloc] size=0x00000060 ra=0x001006bc
[p4:new2] size=0x0000002c ra=0x00149f48
[p4:malloc] size=0x0000002c ra=0x001006bc
[p4:ld] load obj=0x00c64e50 size=0x00000000 ra=0x00149f9c
[p4:new2] size=0x00001a5c ra=0x00100540
[p4:malloc] size=0x00001a5c ra=0x001006bc
[p4:rd1] FUN_001b5ca0 obj=0x00c253e8 dst=0x00c2d930 len=0x00020000 ra=0x0019a168
[p4:sm] poll n=8 obj=0x00c253e8 ra=0x001b5cfc
[gzmfs] SEEK fd=0 off=49715200 whence=0 -> pos=49715200
[p4:alarm] n=5 id=5 handler=0x0011c570 arg=0x01ff7e18 *arg=14
[p4:hdl] 11c570 entry a2=0x01ff7e18
[p4:isig] sid=14
[p4:wake-pre] sid=14 consumed=1
[p4:sm] poll n=9 obj=0x00c253e8 ra=0x001b5d14
[p4:alarm] n=6 id=6 handler=0x0011c570 arg=0x01ff7e18 *arg=15
[p4:hdl] 11c570 entry a2=0x01ff7e18
[p4:isig] sid=15
[p4:wake-pre] sid=15 consumed=1
[p4:sm] poll n=10 obj=0x00c253e8 ra=0x001b5d14
[gzmfs] READ fd=0 pos=49715200 len=131072 -> 131072 dst=0x00C2D930
[p4:isig] sid=9
[p4:isig] sid=10
[p4:alarm] n=7 id=7 handler=0x0011c570 arg=0x01ff7e18 *arg=16
[p4:hdl] 11c570 entry a2=0x01ff7e18
[p4:isig] sid=16
[p4:wake-pre] sid=16 consumed=1
[p4:sm] poll n=11 obj=0x00c253e8 ra=0x001b5d14
[p4:gs-sprite] #8 ctx=0 tme=0 abe=1 FRAME fbp=0x8C0 fbw=10 psm=0x1 msk=0x00000000 | SCISSOR 0,0..639,223 | TEST=0x0000000000030003 | TEX0 tbp=0x0 tbw=0 psm=0x0 tw=1 th=1 tfx=0 | V0(1728.0,1936.0) V1(2368.0,2160.0) uv0(7,0) uv1(0,0) | XYOFFSET ofx=1728 ofy=1936 -> screen (0,0)..(640,224)
[p4:spx] #8 tme=0 fst=1 vtxRGBA=00000080 span=640x224 tbp=0x0 tw=1 th=1
[p4:px] #1100000 WriteVram fbp_block=0x8C0 fbw=10 (x=479,y=150) psm=0x1 pixel=0x80000000
[p4:gs-trx] #1 dir=0 dst=0x0 dbw=8 dpsm=0x2C rrw=512 rrh=512 pixels=262144
[p4:gs-trx] #2 dir=0 dst=0xED000 dbw=0 dpsm=0x0 rrw=8 rrh=2 pixels=16
[p4:gs-trx] #3 dir=0 dst=0xED040 dbw=0 dpsm=0x0 rrw=8 rrh=2 pixels=16
[p4:gs-trx] #4 dir=0 dst=0x0 dbw=0 dpsm=0x24 rrw=0 rrh=512 pixels=0
[p4:gs-trx] #5 dir=0 dst=0xED080 dbw=0 dpsm=0x0 rrw=8 rrh=2 pixels=16
[p4:gs-trx] #6 dir=0 dst=0xED0C0 dbw=0 dpsm=0x0 rrw=8 rrh=2 pixels=16
[p4:new2] size=0x00014700 ra=0x00100540
[p4:malloc] size=0x00014700 ra=0x001006bc
[p4:new2] size=0x00000030 ra=0x0014b994
[p4:malloc] size=0x00000030 ra=0x001006bc
[p4:new2] size=0x000002c0 ra=0x001e2548
[p4:malloc] size=0x000002c0 ra=0x001006bc
[mc] Init enter
[mc] Init exit
[mc] Sync idle -> -1
[mc] GetInfo port=0 slot=0 type=2 free=8192 fmt=1 result=0 fmtPtr=0x00C79820
[mc] GetInfo port=0 slot=0 type=2 free=8192 fmt=1 result=0 fmtPtr=0x00C79820
[p4:isig] sid=9
[p4:isig] sid=10
[p4:isig] sid=9
[p4:isig] sid=10
[p4:gs-sprite] #9 ctx=0 tme=0 abe=1 FRAME fbp=0x0 fbw=10 psm=0x1 msk=0x00000000 | SCISSOR 0,0..639,223 | TEST=0x0000000000030003 | TEX0 tbp=0x0 tbw=0 psm=0x0 tw=1 th=1 tfx=0 | V0(1728.0,1936.0) V1(2368.0,2160.0) uv0(1,0) uv1(0,0) | XYOFFSET ofx=1728 ofy=1936 -> screen (0,0)..(640,224)
[p4:spx] #9 tme=0 fst=1 vtxRGBA=00000080 span=640x224 tbp=0x0 tw=1 th=1
[p4:px] #1200000 WriteVram fbp_block=0x0 fbw=10 (x=639,y=82) psm=0x1 pixel=0x80000000
[mc] GetDir port=0 slot=0 path='/BASLUS-20407/BASLUS-20407' maxent=8 table=0x00C795E0 result=-4 entries=0
[p4:isig] sid=9
[p4:isig] sid=10
[p4:gs-sprite] #10 ctx=0 tme=0 abe=1 FRAME fbp=0x8C0 fbw=10 psm=0x1 msk=0x00000000 | SCISSOR 0,0..639,223 | TEST=0x0000000000030003 | TEX0 tbp=0x0 tbw=0 psm=0x0 tw=1 th=1 tfx=0 | V0(1728.0,1936.0) V1(2368.0,2160.0) uv0(2816,141) uv1(0,0) | XYOFFSET ofx=1728 ofy=1936 -> screen (0,0)..(640,224)
[p4:spx] #10 tme=0 fst=1 vtxRGBA=00000080 span=640x224 tbp=0x0 tw=1 th=1
[p4:px] #1300000 WriteVram fbp_block=0x8C0 fbw=10 (x=159,y=15) psm=0x1 pixel=0x80000000
[p4:px] #1400000 WriteVram fbp_block=0x8C0 fbw=10 (x=319,y=171) psm=0x1 pixel=0x80000000
[p4:gs-sprite] #11 ctx=0 tme=0 abe=1 FRAME fbp=0x0 fbw=10 psm=0x1 msk=0x00000000 | SCISSOR 0,0..639,223 | TEST=0x0000000000030003 | TEX0 tbp=0x0 tbw=0 psm=0x0 tw=1 th=1 tfx=0 | V0(1728.0,1936.0) V1(2368.0,2160.0) uv0(0,0) uv1(0,0) | XYOFFSET ofx=1728 ofy=1936 -> screen (0,0)..(640,224)
[p4:spx] #11 tme=0 fst=1 vtxRGBA=00000080 span=640x224 tbp=0x0 tw=1 th=1
[p4:px] #1500000 WriteVram fbp_block=0x0 fbw=10 (x=479,y=103) psm=0x1 pixel=0x80000000
[p4:isig] sid=9
[p4:isig] sid=10
[p4:gs-sprite] #12 ctx=0 tme=0 abe=1 FRAME fbp=0x8C0 fbw=10 psm=0x1 msk=0x00000000 | SCISSOR 0,0..639,223 | TEST=0x0000000000030003 | TEX0 tbp=0x0 tbw=0 psm=0x0 tw=1 th=1 tfx=0 | V0(1728.0,1936.0) V1(2368.0,2160.0) uv0(5472,199) uv1(0,0) | XYOFFSET ofx=1728 ofy=1936 -> screen (0,0)..(640,224)
[p4:spx] #12 tme=0 fst=1 vtxRGBA=00000080 span=640x224 tbp=0x0 tw=1 th=1
[p4:px] #1600000 WriteVram fbp_block=0x8C0 fbw=10 (x=639,y=35) psm=0x1 pixel=0x80000000
[p4:px] #1700000 WriteVram fbp_block=0x8C0 fbw=10 (x=159,y=192) psm=0x1 pixel=0x80000000
[p4:isig] sid=9
[p4:isig] sid=10
[p4:spx] #13 tme=0 fst=1 vtxRGBA=00000080 span=640x224 tbp=0x0 tw=1 th=1
[p4:px] #1800000 WriteVram fbp_block=0x0 fbw=10 (x=319,y=124) psm=0x1 pixel=0x80000000
[p4:isig] sid=9
[p4:isig] sid=10
[p4:spx] #14 tme=0 fst=1 vtxRGBA=00000080 span=640x224 tbp=0x0 tw=1 th=1
[p4:px] #1900000 WriteVram fbp_block=0x8C0 fbw=10 (x=479,y=56) psm=0x1 pixel=0x80000000
[p4:px] #2000000 WriteVram fbp_block=0x8C0 fbw=10 (x=639,y=212) psm=0x1 pixel=0x80000000
[p4:isig] sid=9
[p4:isig] sid=10
[p4:isig] sid=9
[p4:isig] sid=10
[p4:spx] #15 tme=0 fst=1 vtxRGBA=00000080 span=640x224 tbp=0x0 tw=1 th=1
[p4:px] #2100000 WriteVram fbp_block=0x0 fbw=10 (x=159,y=145) psm=0x1 pixel=0x80000000
[p4:isig] sid=9
[p4:isig] sid=10
[p4:spx] #16 tme=0 fst=1 vtxRGBA=00000080 span=640x224 tbp=0x0 tw=1 th=1
[p4:px] #2200000 WriteVram fbp_block=0x8C0 fbw=10 (x=319,y=77) psm=0x1 pixel=0x80000000
[p4:isig] sid=9
[p4:isig] sid=10
[p4:px] #2300000 WriteVram fbp_block=0x0 fbw=10 (x=479,y=9) psm=0x1 pixel=0x80000000
[p4:px] #2400000 WriteVram fbp_block=0x0 fbw=10 (x=639,y=165) psm=0x1 pixel=0x80000000
[p4:px] #2500000 WriteVram fbp_block=0x8C0 fbw=10 (x=159,y=98) psm=0x1 pixel=0x80000000
[p4:isig] sid=9
[p4:isig] sid=10
[p4:new2] size=0x0000002c ra=0x0014a3c4
[p4:malloc] size=0x0000002c ra=0x001006bc
[p4:ld] load obj=0x00c64e50 size=0x00000000 ra=0x0014a418
[p4:new2] size=0x00020430 ra=0x00100540
[p4:malloc] size=0x00020430 ra=0x001006bc
[p4:EndOfHeap] ret=0x01f00000 brk=0x00c8e000 a0=0x00021000 ra=0x0010f3b8
[p4:rd1] FUN_001b5ca0 obj=0x00c253e8 dst=0x00c86a40 len=0x00020430 ra=0x0019a1d4
[p4:sm] poll n=12 obj=0x00c253e8 ra=0x001b5cfc
[gzmfs] SEEK fd=0 off=90687488 whence=0 -> pos=90687488
[p4:alarm] n=8 id=8 handler=0x0011c570 arg=0x01ff7da8 *arg=17
[p4:isig] sid=9
[p4:isig] sid=10
[p4:hdl] 11c570 entry a2=0x01ff7da8
[p4:isig] sid=17
[p4:wake-pre] sid=17 consumed=1
[p4:sm] poll n=13 obj=0x00c253e8 ra=0x001b5d14
[p4:alarm] n=9 id=9 handler=0x0011c570 arg=0x01ff7da8 *arg=18
[p4:hdl] 11c570 entry a2=0x01ff7da8
[p4:isig] sid=18
[p4:wake-pre] sid=18 consumed=1
[p4:sm] poll n=14 obj=0x00c253e8 ra=0x001b5d14
[gzmfs] READ fd=0 pos=90687488 len=132144 -> 132144 dst=0x00C86A40
[p4:alarm] n=10 id=10 handler=0x0011c570 arg=0x01ff7da8 *arg=19
[p4:hdl] 11c570 entry a2=0x01ff7da8
[p4:isig] sid=19
[p4:wake-pre] sid=19 consumed=1
[p4:sm] poll n=15 obj=0x00c253e8 ra=0x001b5d14
[p4:px] #2600000 WriteVram fbp_block=0x0 fbw=10 (x=319,y=30) psm=0x1 pixel=0x80000000
[p4:px] #2700000 WriteVram fbp_block=0x0 fbw=10 (x=479,y=186) psm=0x1 pixel=0x80000000
[p4:gs-trx] #7 dir=0 dst=0x69000 dbw=4 dpsm=0x0 rrw=256 rrh=128 pixels=32768
[p4:gs-trx] #8 dir=0 dst=0xED100 dbw=0 dpsm=0x0 rrw=16 rrh=16 pixels=256
[p4:isig] sid=9
[p4:isig] sid=10
[p4:malloc] size=0x00011ee0 ra=0x0014a818
[p4:sm] poll n=16 obj=0x00c253e8 ra=0x0014a8f0
[gzmfs] SEEK fd=0 off=131764224 whence=0 -> pos=131764224
[p4:px] #2800000 WriteVram fbp_block=0x8C0 fbw=10 (x=639,y=118) psm=0x1 pixel=0x80000000
[p4:clut] #1 psm=0x13 tbp0=0x1A40 tbw=8 (u=0 v=0) rawIndex=0x00 -> cbp=0x3B44 cpsm=0x0 csa=0 csm=0 = 0x80000000
[p4:clut] #2 psm=0x13 tbp0=0x1A40 tbw=8 (u=1 v=0) rawIndex=0x00 -> cbp=0x3B44 cpsm=0x0 csa=0 csm=0 = 0x80000000
[p4:clut] #3 psm=0x13 tbp0=0x1A40 tbw=8 (u=0 v=1) rawIndex=0x00 -> cbp=0x3B44 cpsm=0x0 csa=0 csm=0 = 0x80000000
[p4:clut] #4 psm=0x13 tbp0=0x1A40 tbw=8 (u=1 v=1) rawIndex=0x00 -> cbp=0x3B44 cpsm=0x0 csa=0 csm=0 = 0x80000000
[p4:texel] #1 texel=0x80000000 -> combined RGBA=00000080 tbp=0x1A40 tpsm=0x13
[p4:clut] #5 psm=0x13 tbp0=0x1A40 tbw=8 (u=1 v=0) rawIndex=0x00 -> cbp=0x3B44 cpsm=0x0 csa=0 csm=0 = 0x80000000
[p4:clut] #6 psm=0x13 tbp0=0x1A40 tbw=8 (u=2 v=0) rawIndex=0x00 -> cbp=0x3B44 cpsm=0x0 csa=0 csm=0 = 0x80000000
[p4:clut] #7 psm=0x13 tbp0=0x1A40 tbw=8 (u=1 v=1) rawIndex=0x00 -> cbp=0x3B44 cpsm=0x0 csa=0 csm=0 = 0x80000000
[p4:clut] #8 psm=0x13 tbp0=0x1A40 tbw=8 (u=2 v=1) rawIndex=0x00 -> cbp=0x3B44 cpsm=0x0 csa=0 csm=0 = 0x80000000
[p4:texel] #2 texel=0x80000000 -> combined RGBA=00000080 tbp=0x1A40 tpsm=0x13
[p4:clut] #9 psm=0x13 tbp0=0x1A40 tbw=8 (u=2 v=0) rawIndex=0x00 -> cbp=0x3B44 cpsm=0x0 csa=0 csm=0 = 0x80000000
[p4:clut] #10 psm=0x13 tbp0=0x1A40 tbw=8 (u=3 v=0) rawIndex=0x00 -> cbp=0x3B44 cpsm=0x0 csa=0 csm=0 = 0x80000000
[p4:clut] #11 psm=0x13 tbp0=0x1A40 tbw=8 (u=2 v=1) rawIndex=0x00 -> cbp=0x3B44 cpsm=0x0 csa=0 csm=0 = 0x80000000
[p4:clut] #12 psm=0x13 tbp0=0x1A40 tbw=8 (u=3 v=1) rawIndex=0x00 -> cbp=0x3B44 cpsm=0x0 csa=0 csm=0 = 0x80000000
[p4:texel] #3 texel=0x80000000 -> combined RGBA=00000080 tbp=0x1A40 tpsm=0x13
[p4:clut] #13 psm=0x13 tbp0=0x1A40 tbw=8 (u=3 v=0) rawIndex=0x00 -> cbp=0x3B44 cpsm=0x0 csa=0 csm=0 = 0x80000000
[p4:clut] #14 psm=0x13 tbp0=0x1A40 tbw=8 (u=4 v=0) rawIndex=0x00 -> cbp=0x3B44 cpsm=0x0 csa=0 csm=0 = 0x80000000
[p4:clut] #15 psm=0x13 tbp0=0x1A40 tbw=8 (u=3 v=1) rawIndex=0x00 -> cbp=0x3B44 cpsm=0x0 csa=0 csm=0 = 0x80000000
[p4:clut] #16 psm=0x13 tbp0=0x1A40 tbw=8 (u=4 v=1) rawIndex=0x00 -> cbp=0x3B44 cpsm=0x0 csa=0 csm=0 = 0x80000000
[p4:texel] #4 texel=0x80000000 -> combined RGBA=00000080 tbp=0x1A40 tpsm=0x13
[p4:clut] #17 psm=0x13 tbp0=0x1A40 tbw=8 (u=4 v=0) rawIndex=0x00 -> cbp=0x3B44 cpsm=0x0 csa=0 csm=0 = 0x80000000
[p4:clut] #18 psm=0x13 tbp0=0x1A40 tbw=8 (u=5 v=0) rawIndex=0x00 -> cbp=0x3B44 cpsm=0x0 csa=0 csm=0 = 0x80000000
[p4:clut] #19 psm=0x13 tbp0=0x1A40 tbw=8 (u=4 v=1) rawIndex=0x00 -> cbp=0x3B44 cpsm=0x0 csa=0 csm=0 = 0x80000000
[p4:clut] #20 psm=0x13 tbp0=0x1A40 tbw=8 (u=5 v=1) rawIndex=0x00 -> cbp=0x3B44 cpsm=0x0 csa=0 csm=0 = 0x80000000
[p4:texel] #5 texel=0x80000000 -> combined RGBA=00000080 tbp=0x1A40 tpsm=0x13
[p4:clut] #21 psm=0x13 tbp0=0x1A40 tbw=8 (u=5 v=0) rawIndex=0x00 -> cbp=0x3B44 cpsm=0x0 csa=0 csm=0 = 0x80000000
[p4:clut] #22 psm=0x13 tbp0=0x1A40 tbw=8 (u=6 v=0) rawIndex=0x00 -> cbp=0x3B44 cpsm=0x0 csa=0 csm=0 = 0x80000000
[p4:clut] #23 psm=0x13 tbp0=0x1A40 tbw=8 (u=5 v=1) rawIndex=0x00 -> cbp=0x3B44 cpsm=0x0 csa=0 csm=0 = 0x80000000
[p4:clut] #24 psm=0x13 tbp0=0x1A40 tbw=8 (u=6 v=1) rawIndex=0x00 -> cbp=0x3B44 cpsm=0x0 csa=0 csm=0 = 0x80000000
[p4:texel] #6 texel=0x80000000 -> combined RGBA=00000080 tbp=0x1A40 tpsm=0x13
[p4:texel] #7 texel=0x80000000 -> combined RGBA=00000080 tbp=0x1A40 tpsm=0x13
[p4:texel] #8 texel=0x80000000 -> combined RGBA=00000080 tbp=0x1A40 tpsm=0x13
[p4:texel] #9 texel=0x80000000 -> combined RGBA=00000080 tbp=0x1A40 tpsm=0x13
[p4:texel] #10 texel=0x80000000 -> combined RGBA=00000080 tbp=0x1A40 tpsm=0x13
[p4:texel] #11 texel=0x80000000 -> combined RGBA=00000080 tbp=0x1A40 tpsm=0x13
[p4:texel] #12 texel=0x80000000 -> combined RGBA=00000080 tbp=0x1A40 tpsm=0x13
[p4:texel] #13 texel=0x80000000 -> combined RGBA=00000080 tbp=0x1A40 tpsm=0x13
[p4:texel] #14 texel=0x80000000 -> combined RGBA=00000080 tbp=0x1A40 tpsm=0x13
[p4:texel] #15 texel=0x80000000 -> combined RGBA=00000080 tbp=0x1A40 tpsm=0x13
[p4:texel] #16 texel=0x80000000 -> combined RGBA=00000080 tbp=0x1A40 tpsm=0x13
[p4:px] #2900000 WriteVram fbp_block=0x8C0 fbw=10 (x=239,y=116) psm=0x1 pixel=0x80000000
[p4:isig] sid=9
[p4:isig] sid=10
[p4:isig] sid=9
[p4:isig] sid=10
[p4:sm] poll n=17 obj=0x00c253e8 ra=0x0014a8f0
[p4:px] #3000000 WriteVram fbp_block=0x0 fbw=10 (x=319,y=111) psm=0x1 pixel=0x80000000
[p4:px] #3100000 WriteVram fbp_block=0x0 fbw=10 (x=239,y=106) psm=0x1 pixel=0x80000007
[p4:isig] sid=9
[p4:isig] sid=10
[p4:sm] poll n=18 obj=0x00c253e8 ra=0x0014a8f0
[gzmfs] READ fd=0 pos=131764224 len=73440 -> 73440 dst=0x00C64E50
[p4:px] #3200000 WriteVram fbp_block=0x8C0 fbw=10 (x=639,y=103) psm=0x1 pixel=0x80000000
[p4:px] #3300000 WriteVram fbp_block=0x8C0 fbw=10 (x=239,y=96) psm=0x1 pixel=0x80000000
        ... [9,378 more [p4:isig] lines elided by export_logs.py] ...
[p4:sm] poll n=19 obj=0x00c253e8 ra=0x0014a8f0
[p4:px] #3400000 WriteVram fbp_block=0x0 fbw=10 (x=319,y=96) psm=0x1 pixel=0x80000000
[p4:px] #3500000 WriteVram fbp_block=0x0 fbw=10 (x=239,y=86) psm=0x1 pixel=0x80000000
[p4:malloc] size=0x00000140 ra=0x0014a8a4
[p4:px] #3600000 WriteVram fbp_block=0x8C0 fbw=10 (x=639,y=88) psm=0x1 pixel=0x80000000
[p4:px] #3700000 WriteVram fbp_block=0x8C0 fbw=10 (x=239,y=76) psm=0x1 pixel=0x80000000
[p4:sm] poll n=20 obj=0x00c253e8 ra=0x0014a8f0
[gzmfs] SEEK fd=0 off=131837952 whence=0 -> pos=131837952
[p4:px] #3800000 WriteVram fbp_block=0x0 fbw=10 (x=319,y=81) psm=0x1 pixel=0x80000000
[p4:px] #3900000 WriteVram fbp_block=0x0 fbw=10 (x=239,y=66) psm=0x1 pixel=0x80000000
[p4:px] #4000000 WriteVram fbp_block=0x8C0 fbw=10 (x=639,y=73) psm=0x1 pixel=0x80000000
[p4:px] #4100000 WriteVram fbp_block=0x8C0 fbw=10 (x=239,y=56) psm=0x1 pixel=0x80000000
[gzmfs] READ fd=0 pos=131837952 len=320 -> 320 dst=0x00C76D40
[p4:px] #4200000 WriteVram fbp_block=0x0 fbw=10 (x=319,y=66) psm=0x1 pixel=0x80000000
[p4:px] #4300000 WriteVram fbp_block=0x0 fbw=10 (x=479,y=222) psm=0x1 pixel=0x80000000
[p4:new2] size=0x00000048 ra=0x0014a924
[p4:malloc] size=0x00000048 ra=0x001006bc
[p4:new2] size=0x00000b8c ra=0x0015f594
[p4:malloc] size=0x00000b8c ra=0x001006bc
[p4:new2] size=0x00000060 ra=0x00100540
[p4:malloc] size=0x00000060 ra=0x001006bc
[p4:px] #4400000 WriteVram fbp_block=0x8C0 fbw=10 (x=639,y=58) psm=0x1 pixel=0x80000000
[p4:px] #4500000 WriteVram fbp_block=0x8C0 fbw=10 (x=159,y=215) psm=0x1 pixel=0x80000000
[p4:new2] size=0x00000140 ra=0x00100540
[p4:malloc] size=0x00000140 ra=0x001006bc
[p4:px] #4600000 WriteVram fbp_block=0x0 fbw=10 (x=319,y=51) psm=0x1 pixel=0x80000000
[p4:px] #4700000 WriteVram fbp_block=0x0 fbw=10 (x=479,y=207) psm=0x1 pixel=0x80000000
[p4:px] #4800000 WriteVram fbp_block=0x8C0 fbw=10 (x=639,y=43) psm=0x1 pixel=0x80000000
[p4:px] #4900000 WriteVram fbp_block=0x8C0 fbw=10 (x=159,y=200) psm=0x1 pixel=0x80000000
[p4:px] #5000000 WriteVram fbp_block=0x0 fbw=10 (x=319,y=36) psm=0x1 pixel=0x80000000
[p4:px] #5100000 WriteVram fbp_block=0x0 fbw=10 (x=479,y=192) psm=0x1 pixel=0x80000000
[p4:px] #5200000 WriteVram fbp_block=0x8C0 fbw=10 (x=639,y=28) psm=0x1 pixel=0x80000000
        ... [6,142 more [p4:px] lines elided by export_logs.py] ...
[p4:gs-sprite] #500 ctx=0 tme=0 abe=1 FRAME fbp=0x8C0 fbw=10 psm=0x1 msk=0x00000000 | SCISSOR 0,0..639,223 | TEST=0x0000000000030003 | TEX0 tbp=0x0 tbw=0 psm=0x0 tw=1 th=1 tfx=0 | V0(1728.0,1936.0) V1(2368.0,2160.0) uv0(10816,200) uv1(0,0) | XYOFFSET ofx=1728 ofy=1936 -> screen (0,0)..(640,224)
[p4:spx] #500 tme=0 fst=1 vtxRGBA=00000080 span=640x224 tbp=0x0 tw=1 th=1
[p4:EndOfHeap] ret=0x01f00000 brk=0x00caf000 a0=0x00000000 ra=0x0010f3b8
[p4:EndOfHeap] ret=0x01f00000 brk=0x00caf000 a0=0xfffd8000 ra=0x0010f3b8
[p4:malloc] size=0x000ca800 ra=0x001eefac
[p4:EndOfHeap] ret=0x01f00000 brk=0x00c87000 a0=0x000cb000 ra=0x0010f3b8
[p4:malloc] size=0x00003068 ra=0x001ebaec
[p4:EndOfHeap] ret=0x01f00000 brk=0x00d52000 a0=0x0032b000 ra=0x0010f3b8
[p4:EndOfHeap] ret=0x01f00000 brk=0x0107d000 a0=0x0009a000 ra=0x0010f3b8
[p4:EndOfHeap] ret=0x01f00000 brk=0x01117000 a0=0x001ca000 ra=0x0010f3b8
[p4:EndOfHeap] ret=0x01f00000 brk=0x012e1000 a0=0x00081000 ra=0x0010f3b8
[p4:EndOfHeap] ret=0x01f00000 brk=0x01362000 a0=0x00051000 ra=0x0010f3b8
[p4:EndOfHeap] ret=0x01f00000 brk=0x013b3000 a0=0x00000000 ra=0x0010f3b8
[p4:EndOfHeap] ret=0x01f00000 brk=0x013b3000 a0=0xff99f000 ra=0x0010f3b8
[Deci2:call] code=3 argsAddr=0x01ff7910 a0=0x00000001 a1=0x00000048 a2=0x00000073 sessions=1
[Deci2:call] code=-6 argsAddr=0x01f07fa0 a0=0x00000001 a1=0x20225800 a2=0x00000037 sessions=1
[Deci2Call:send] 7.....EH....Can't Open file cdrom0:/MOVIE/SPIKE.PSS;1

[p4:vbl] ticks=300
[p4:EndOfHeap] ret=0x01f00000 brk=0x00d52000 a0=0x00000000 ra=0x0010f3b8
[p4:EndOfHeap] ret=0x01f00000 brk=0x00d52000 a0=0xfff35000 ra=0x0010f3b8
[p4:malloc] size=0x000ca800 ra=0x001eefac
[p4:EndOfHeap] ret=0x01f00000 brk=0x00c87000 a0=0x000cb000 ra=0x0010f3b8
[p4:malloc] size=0x00003068 ra=0x001ebaec
[p4:EndOfHeap] ret=0x01f00000 brk=0x00d52000 a0=0x0032b000 ra=0x0010f3b8
[p4:EndOfHeap] ret=0x01f00000 brk=0x0107d000 a0=0x0009a000 ra=0x0010f3b8
[p4:EndOfHeap] ret=0x01f00000 brk=0x01117000 a0=0x001ca000 ra=0x0010f3b8
[p4:EndOfHeap] ret=0x01f00000 brk=0x012e1000 a0=0x00081000 ra=0x0010f3b8
[p4:EndOfHeap] ret=0x01f00000 brk=0x01362000 a0=0x00051000 ra=0x0010f3b8
[p4:EndOfHeap] ret=0x01f00000 brk=0x013b3000 a0=0x00000000 ra=0x0010f3b8
[p4:EndOfHeap] ret=0x01f00000 brk=0x013b3000 a0=0xff99f000 ra=0x0010f3b8
[Deci2:call] code=3 argsAddr=0x01ff7910 a0=0x00000001 a1=0x00000048 a2=0x00000073 sessions=1
[Deci2:call] code=-6 argsAddr=0x01f07fa0 a0=0x00000001 a1=0x20225800 a2=0x00000039 sessions=1
[Deci2Call:send] 9.....EH....Can't Open file cdrom0:/MOVIE/ACQUIRE.PSS;1

[p4:EndOfHeap] ret=0x01f00000 brk=0x00d52000 a0=0x00000000 ra=0x0010f3b8
[p4:EndOfHeap] ret=0x01f00000 brk=0x00d52000 a0=0xfff35000 ra=0x0010f3b8
[p4:new2] size=0x00002bc0 ra=0x00152c5c
[p4:malloc] size=0x00002bc0 ra=0x001006bc
[p4:malloc] size=0x004958c0 ra=0x0014bec8
[p4:EndOfHeap] ret=0x01f00000 brk=0x00c87000 a0=0x00496000 ra=0x0010f3b8
[gzmfs] SEEK fd=0 off=2007040 whence=0 -> pos=2007040
[gzmfs] READ fd=0 pos=2007040 len=4806848 -> 4806848 dst=0x00C86A40
[p4:malloc] size=0x0075e000 ra=0x00157d68
[p4:EndOfHeap] ret=0x01f00000 brk=0x0111d000 a0=0x0075f000 ra=0x0010f3b8
[p4:malloc] size=0x0000000c ra=0x00157da0
[p4:malloc] size=0x00001390 ra=0x00157dc0
[p4:new2] size=0x0016f241 ra=0x00100540
[p4:malloc] size=0x0016f241 ra=0x001006bc
[gzmfs] SEEK fd=0 off=104867840 whence=0 -> pos=104867840
[gzmfs] READ fd=0 pos=104867840 len=1503809 -> 1503809 dst=0x00C86A40
[p4:new2] size=0x00000040 ra=0x0019ce38
[p4:malloc] size=0x00000040 ra=0x001006bc
[p4:malloc] size=0x00000ad8 ra=0x001b4208
[p4:new2] size=0x00000018 ra=0x001b4274
[p4:malloc] size=0x00000018 ra=0x001006bc
[p4:wake-pre] sid=7 consumed=1
[sceSifSetDma:CALL] pc=0x10f020 ra=0x11c070 list=0x22bbc0 count=1
[sceSifSetDma:DESC] i=0 src=0xc87540 dst=0x10000 size=0x10000 attr=0x0 pc=0x10f020 ra=0x11c070
[sceSifSetDma:CALL] pc=0x10f020 ra=0x11c070 list=0x22bbc0 count=1
[sceSifSetDma:DESC] i=0 src=0xc97540 dst=0x10000 size=0x10000 attr=0x0 pc=0x10f020 ra=0x11c070
[sceSifSetDma:CALL] pc=0x10f020 ra=0x11c070 list=0x22bbc0 count=1
[sceSifSetDma:DESC] i=0 src=0xca7540 dst=0x10000 size=0x10000 attr=0x0 pc=0x10f020 ra=0x11c070
[sceSifSetDma:CALL] pc=0x10f020 ra=0x11c070 list=0x22bbc0 count=1
[sceSifSetDma:DESC] i=0 src=0xcb7540 dst=0x10000 size=0x10000 attr=0x0 pc=0x10f020 ra=0x11c070
[sceSifSetDma:CALL] pc=0x10f020 ra=0x11c070 list=0x22bbc0 count=1
[sceSifSetDma:DESC] i=0 src=0xcc7540 dst=0x10000 size=0x10000 attr=0x0 pc=0x10f020 ra=0x11c070
[sceSifSetDma:CALL] pc=0x10f020 ra=0x11c070 list=0x22bbc0 count=1
[sceSifSetDma:DESC] i=0 src=0xcd7540 dst=0x10000 size=0x10000 attr=0x0 pc=0x10f020 ra=0x11c070
[sceSifSetDma:CALL] pc=0x10f020 ra=0x11c070 list=0x22bbc0 count=1
[sceSifSetDma:DESC] i=0 src=0xce7540 dst=0x10000 size=0x10000 attr=0x0 pc=0x10f020 ra=0x11c070
[sceSifSetDma:CALL] pc=0x10f020 ra=0x11c070 list=0x22bbc0 count=1
[sceSifSetDma:DESC] i=0 src=0xcf7540 dst=0x10000 size=0x10000 attr=0x0 pc=0x10f020 ra=0x11c070
[sceSifSetDma:CALL] pc=0x10f020 ra=0x11c070 list=0x22bbc0 count=1
[sceSifSetDma:DESC] i=0 src=0xd07540 dst=0x10000 size=0x10000 attr=0x0 pc=0x10f020 ra=0x11c070
[sceSifSetDma:CALL] pc=0x10f020 ra=0x11c070 list=0x22bbc0 count=1
[sceSifSetDma:DESC] i=0 src=0xd17540 dst=0x10000 size=0x10000 attr=0x0 pc=0x10f020 ra=0x11c070
[sceSifSetDma:CALL] pc=0x10f020 ra=0x11c070 list=0x22bbc0 count=1
[sceSifSetDma:DESC] i=0 src=0xd27540 dst=0x10000 size=0x10000 attr=0x0 pc=0x10f020 ra=0x11c070
[sceSifSetDma:CALL] pc=0x10f020 ra=0x11c070 list=0x22bbc0 count=1
[sceSifSetDma:DESC] i=0 src=0xd37540 dst=0x10000 size=0x10000 attr=0x0 pc=0x10f020 ra=0x11c070
[sceSifSetDma:CALL] pc=0x10f020 ra=0x11c070 list=0x22bbc0 count=1
[sceSifSetDma:DESC] i=0 src=0xd47540 dst=0x10000 size=0x10000 attr=0x0 pc=0x10f020 ra=0x11c070
[sceSifSetDma:CALL] pc=0x10f020 ra=0x11c070 list=0x22bbc0 count=1
[sceSifSetDma:DESC] i=0 src=0xd57540 dst=0x10000 size=0x10000 attr=0x0 pc=0x10f020 ra=0x11c070
[sceSifSetDma:CALL] pc=0x10f020 ra=0x11c070 list=0x22bbc0 count=1
[sceSifSetDma:DESC] i=0 src=0xd67540 dst=0x10000 size=0x10000 attr=0x0 pc=0x10f020 ra=0x11c070
[sceSifSetDma:CALL] pc=0x10f020 ra=0x11c070 list=0x22bbc0 count=1
[sceSifSetDma:DESC] i=0 src=0xd77540 dst=0x10000 size=0x10000 attr=0x0 pc=0x10f020 ra=0x11c070
[sceSifSetDma:CALL] pc=0x10f020 ra=0x11c070 list=0x22bbc0 count=1
[sceSifSetDma:DESC] i=0 src=0xd87540 dst=0x10000 size=0x10000 attr=0x0 pc=0x10f020 ra=0x11c070
[sceSifSetDma:CALL] pc=0x10f020 ra=0x11c070 list=0x22bbc0 count=1
[sceSifSetDma:DESC] i=0 src=0xd97540 dst=0x10000 size=0x10000 attr=0x0 pc=0x10f020 ra=0x11c070
[sceSifSetDma:CALL] pc=0x10f020 ra=0x11c070 list=0x22bbc0 count=1
[sceSifSetDma:DESC] i=0 src=0xda7540 dst=0x10000 size=0x10000 attr=0x0 pc=0x10f020 ra=0x11c070
[sceSifSetDma:CALL] pc=0x10f020 ra=0x11c070 list=0x22bbc0 count=1
[sceSifSetDma:DESC] i=0 src=0xdb7540 dst=0x10000 size=0x10000 attr=0x0 pc=0x10f020 ra=0x11c070
[sceSifSetDma:CALL] pc=0x10f020 ra=0x11c070 list=0x22bbc0 count=1
[sceSifSetDma:DESC] i=0 src=0xdc7540 dst=0x10000 size=0x10000 attr=0x0 pc=0x10f020 ra=0x11c070
[sceSifSetDma:CALL] pc=0x10f020 ra=0x11c070 list=0x22bbc0 count=1
[sceSifSetDma:DESC] i=0 src=0xdd7540 dst=0x10000 size=0x10000 attr=0x0 pc=0x10f020 ra=0x11c070
[sceSifSetDma:CALL] pc=0x10f020 ra=0x11c070 list=0x22bbc0 count=1
[sceSifSetDma:DESC] i=0 src=0xde7540 dst=0x10000 size=0xe740 attr=0x0 pc=0x10f020 ra=0x11c070
[p4:malloc] size=0x000002f0 ra=0x0014bfc8
[gzmfs] SEEK fd=0 off=43862016 whence=0 -> pos=43862016
[gzmfs] READ fd=0 pos=43862016 len=752 -> 752 dst=0x00DF67E0
[p4:malloc] size=0x00001800 ra=0x00157d68
[p4:malloc] size=0x0000000c ra=0x00157da0
[p4:malloc] size=0x00001390 ra=0x00157dc0
[p4:malloc] size=0x000008c4 ra=0x0014c040
[gzmfs] SEEK fd=0 off=49186816 whence=0 -> pos=49186816
[gzmfs] READ fd=0 pos=49186816 len=2244 -> 2244 dst=0x00DF96A0
[p4:malloc] size=0x000093e0 ra=0x0014c0c8
[gzmfs] SEEK fd=0 off=96229376 whence=0 -> pos=96229376
[gzmfs] READ fd=0 pos=96229376 len=37856 -> 37856 dst=0x00DF9F70
[p4:malloc] size=0x00006bd0 ra=0x0014c144
[gzmfs] SEEK fd=0 off=96200704 whence=0 -> pos=96200704
[gzmfs] READ fd=0 pos=96200704 len=27600 -> 27600 dst=0x00E03360
[p4:malloc] size=0x00000134 ra=0x0014c1c0
[gzmfs] SEEK fd=0 off=96198656 whence=0 -> pos=96198656
[gzmfs] READ fd=0 pos=96198656 len=308 -> 308 dst=0x00E09F40
[p4:malloc] size=0x0002fb90 ra=0x001337cc
[gzmfs] SEEK fd=0 off=47202304 whence=0 -> pos=47202304
[gzmfs] READ fd=0 pos=47202304 len=195472 -> 195472 dst=0x00E0A080
[p4:new2] size=0x00000008 ra=0x00135764
[p4:malloc] size=0x00000008 ra=0x001006bc
[p4:new2] size=0x00000008 ra=0x00135764
[p4:malloc] size=0x00000008 ra=0x001006bc
[p4:new2] size=0x00000008 ra=0x00135764
[p4:malloc] size=0x00000008 ra=0x001006bc
[p4:new2] size=0x00000008 ra=0x00135764
[p4:malloc] size=0x00000008 ra=0x001006bc
[p4:malloc] size=0x0002c790 ra=0x001337cc
[gzmfs] SEEK fd=0 off=415744 whence=0 -> pos=415744
[gzmfs] READ fd=0 pos=415744 len=182160 -> 182160 dst=0x00E0A0C0
[p4:new2] size=0x00000008 ra=0x00135764
[p4:malloc] size=0x00000008 ra=0x001006bc
[p4:new2] size=0x00000008 ra=0x00135764
[p4:malloc] size=0x00000008 ra=0x001006bc
[p4:new2] size=0x00000008 ra=0x00135764
[p4:malloc] size=0x00000008 ra=0x001006bc
[p4:new2] size=0x00000008 ra=0x00135764
[p4:malloc] size=0x00000008 ra=0x001006bc
[p4:vbl] ticks=600
[p4:gs-sprite] #1000 ctx=0 tme=1 abe=1 FRAME fbp=0x0 fbw=10 psm=0x1 msk=0x00000000 | SCISSOR 0,0..639,223 | TEST=0x000000000005001B | TEX0 tbp=0x71000 tbw=2 psm=0x13 tw=128 th=512 tfx=0 | V0(2203.0,2086.0) V1(2331.0,2150.0) uv0(16,16) uv1(2032,2032) | XYOFFSET ofx=1728 ofy=1936 -> screen (475,150)..(603,214)
[p4:spx] #1000 tme=1 fst=1 vtxRGBA=A7A7A780 span=128x64 tbp=0x1C40 tw=128 th=512
[p4:gs-sprite] #1500 ctx=0 tme=1 abe=1 FRAME fbp=0x0 fbw=10 psm=0x1 msk=0x00000000 | SCISSOR 0,0..639,223 | TEST=0x000000000005001B | TEX0 tbp=0x71000 tbw=2 psm=0x13 tw=128 th=512 tfx=0 | V0(2212.0,2092.5) V1(2340.0,2156.5) uv0(16,16) uv1(2032,2032) | XYOFFSET ofx=1728 ofy=1936 -> screen (484,156)..(612,220)
[p4:spx] #1500 tme=1 fst=1 vtxRGBA=00000002 span=128x64 tbp=0x1C40 tw=128 th=512
[p4:gs-sprite] #2000 ctx=0 tme=1 abe=1 FRAME fbp=0x0 fbw=10 psm=0x1 msk=0x00000000 | SCISSOR 0,0..639,223 | TEST=0x000000000005001B | TEX0 tbp=0x71000 tbw=2 psm=0x13 tw=128 th=512 tfx=0 | V0(2210.0,2089.5) V1(2338.0,2153.5) uv0(16,16) uv1(2032,2032) | XYOFFSET ofx=1728 ofy=1936 -> screen (482,153)..(610,217)
[p4:spx] #2000 tme=1 fst=1 vtxRGBA=00000002 span=128x64 tbp=0x1C40 tw=128 th=512
[p4:vbl] ticks=900
[p4:gs-sprite] #2500 ctx=0 tme=1 abe=1 FRAME fbp=0x0 fbw=10 psm=0x1 msk=0x00000000 | SCISSOR 0,0..639,223 | TEST=0x000000000005001B | TEX0 tbp=0x71000 tbw=2 psm=0x13 tw=128 th=512 tfx=0 | V0(2208.0,2086.5) V1(2336.0,2150.5) uv0(16,16) uv1(2032,2032) | XYOFFSET ofx=1728 ofy=1936 -> screen (480,150)..(608,214)
[p4:spx] #2500 tme=1 fst=1 vtxRGBA=00000002 span=128x64 tbp=0x1C40 tw=128 th=512
[p4:gs-sprite] #3000 ctx=0 tme=1 abe=1 FRAME fbp=0x0 fbw=10 psm=0x1 msk=0x00000000 | SCISSOR 0,0..639,223 | TEST=0x000000000005001B | TEX0 tbp=0x71000 tbw=2 psm=0x13 tw=128 th=512 tfx=0 | V0(2204.0,2090.5) V1(2332.0,2154.5) uv0(16,16) uv1(2032,2032) | XYOFFSET ofx=1728 ofy=1936 -> screen (476,154)..(604,218)
[p4:spx] #3000 tme=1 fst=1 vtxRGBA=00000002 span=128x64 tbp=0x1C40 tw=128 th=512
[p4:gs-sprite] #3500 ctx=0 tme=1 abe=1 FRAME fbp=0x0 fbw=10 psm=0x1 msk=0x00000000 | SCISSOR 0,0..639,223 | TEST=0x000000000005001B | TEX0 tbp=0x71000 tbw=2 psm=0x13 tw=128 th=512 tfx=0 | V0(2216.0,2089.5) V1(2344.0,2153.5) uv0(16,16) uv1(2032,2032) | XYOFFSET ofx=1728 ofy=1936 -> screen (488,153)..(616,217)
[p4:spx] #3500 tme=1 fst=1 vtxRGBA=00000002 span=128x64 tbp=0x1C40 tw=128 th=512
[p4:gs-sprite] #4000 ctx=0 tme=1 abe=1 FRAME fbp=0x0 fbw=10 psm=0x1 msk=0x00000000 | SCISSOR 0,0..639,223 | TEST=0x000000000005001B | TEX0 tbp=0x71000 tbw=2 psm=0x13 tw=128 th=512 tfx=0 | V0(2214.0,2086.5) V1(2342.0,2150.5) uv0(16,16) uv1(2032,2032) | XYOFFSET ofx=1728 ofy=1936 -> screen (486,150)..(614,214)
[p4:spx] #4000 tme=1 fst=1 vtxRGBA=00000002 span=128x64 tbp=0x1C40 tw=128 th=512
[p4:gs-sprite] #4500 ctx=0 tme=1 abe=1 FRAME fbp=0x0 fbw=10 psm=0x1 msk=0x00000000 | SCISSOR 0,0..639,223 | TEST=0x000000000005001B | TEX0 tbp=0x71000 tbw=2 psm=0x13 tw=128 th=512 tfx=0 | V0(2210.0,2090.5) V1(2338.0,2154.5) uv0(16,16) uv1(2032,2032) | XYOFFSET ofx=1728 ofy=1936 -> screen (482,154)..(610,218)
[p4:spx] #4500 tme=1 fst=1 vtxRGBA=00000002 span=128x64 tbp=0x1C40 tw=128 th=512
[p4:gs-sprite] #5000 ctx=0 tme=1 abe=1 FRAME fbp=0x0 fbw=10 psm=0x1 msk=0x00000000 | SCISSOR 0,0..639,223 | TEST=0x000000000005001B | TEX0 tbp=0x71000 tbw=2 psm=0x13 tw=128 th=512 tfx=0 | V0(2208.0,2087.5) V1(2336.0,2151.5) uv0(16,16) uv1(2032,2032) | XYOFFSET ofx=1728 ofy=1936 -> screen (480,151)..(608,215)
[p4:spx] #5000 tme=1 fst=1 vtxRGBA=00000002 span=128x64 tbp=0x1C40 tw=128 th=512
[p4:gs-sprite] #5500 ctx=0 tme=1 abe=1 FRAME fbp=0x0 fbw=10 psm=0x1 msk=0x00000000 | SCISSOR 0,0..639,223 | TEST=0x000000000005001B | TEX0 tbp=0x71000 tbw=2 psm=0x13 tw=128 th=512 tfx=0 | V0(2204.0,2091.5) V1(2332.0,2155.5) uv0(16,16) uv1(2032,2032) | XYOFFSET ofx=1728 ofy=1936 -> screen (476,155)..(604,219)
[p4:spx] #5500 tme=1 fst=1 vtxRGBA=00000002 span=128x64 tbp=0x1C40 tw=128 th=512
[p4:gs-sprite] #6000 ctx=0 tme=1 abe=1 FRAME fbp=0x0 fbw=10 psm=0x1 msk=0x00000000 | SCISSOR 0,0..639,223 | TEST=0x000000000005001B | TEX0 tbp=0x71000 tbw=2 psm=0x13 tw=128 th=512 tfx=0 | V0(2216.0,2090.5) V1(2344.0,2154.5) uv0(16,16) uv1(2032,2032) | XYOFFSET ofx=1728 ofy=1936 -> screen (488,154)..(616,218)
[p4:spx] #6000 tme=1 fst=1 vtxRGBA=00000002 span=128x64 tbp=0x1C40 tw=128 th=512
[p4:gs-sprite] #6500 ctx=0 tme=1 abe=1 FRAME fbp=0x0 fbw=10 psm=0x1 msk=0x00000000 | SCISSOR 0,0..639,223 | TEST=0x000000000005001B | TEX0 tbp=0x71000 tbw=2 psm=0x13 tw=128 th=512 tfx=0 | V0(2214.0,2087.5) V1(2342.0,2151.5) uv0(16,16) uv1(2032,2032) | XYOFFSET ofx=1728 ofy=1936 -> screen (486,151)..(614,215)
[p4:spx] #6500 tme=1 fst=1 vtxRGBA=00000002 span=128x64 tbp=0x1C40 tw=128 th=512
[p4:gs-sprite] #7000 ctx=0 tme=1 abe=1 FRAME fbp=0x0 fbw=10 psm=0x1 msk=0x00000000 | SCISSOR 0,0..639,223 | TEST=0x000000000005001B | TEX0 tbp=0x71000 tbw=2 psm=0x13 tw=128 th=512 tfx=0 | V0(2210.0,2091.5) V1(2338.0,2155.5) uv0(16,16) uv1(2032,2032) | XYOFFSET ofx=1728 ofy=1936 -> screen (482,155)..(610,219)
[p4:spx] #7000 tme=1 fst=1 vtxRGBA=00000002 span=128x64 tbp=0x1C40 tw=128 th=512
[p4:gs-sprite] #7500 ctx=0 tme=1 abe=1 FRAME fbp=0x0 fbw=10 psm=0x1 msk=0x00000000 | SCISSOR 0,0..639,223 | TEST=0x000000000005001B | TEX0 tbp=0x71000 tbw=2 psm=0x13 tw=128 th=512 tfx=0 | V0(2208.0,2088.5) V1(2336.0,2152.5) uv0(16,16) uv1(2032,2032) | XYOFFSET ofx=1728 ofy=1936 -> screen (480,152)..(608,216)
[p4:spx] #7500 tme=1 fst=1 vtxRGBA=00000002 span=128x64 tbp=0x1C40 tw=128 th=512
[p4:gs-sprite] #8000 ctx=0 tme=1 abe=1 FRAME fbp=0x0 fbw=10 psm=0x1 msk=0x00000000 | SCISSOR 0,0..639,223 | TEST=0x000000000005001B | TEX0 tbp=0x71000 tbw=2 psm=0x13 tw=128 th=512 tfx=0 | V0(2204.0,2092.5) V1(2332.0,2156.5) uv0(16,16) uv1(2032,2032) | XYOFFSET ofx=1728 ofy=1936 -> screen (476,156)..(604,220)
[p4:spx] #8000 tme=1 fst=1 vtxRGBA=00000002 span=128x64 tbp=0x1C40 tw=128 th=512
[p4:gs-sprite] #8500 ctx=0 tme=1 abe=1 FRAME fbp=0x0 fbw=10 psm=0x1 msk=0x00000000 | SCISSOR 0,0..639,223 | TEST=0x000000000005001B | TEX0 tbp=0x71000 tbw=2 psm=0x13 tw=128 th=512 tfx=0 | V0(2216.0,2091.5) V1(2344.0,2155.5) uv0(16,16) uv1(2032,2032) | XYOFFSET ofx=1728 ofy=1936 -> screen (488,155)..(616,219)
[p4:spx] #8500 tme=1 fst=1 vtxRGBA=00000002 span=128x64 tbp=0x1C40 tw=128 th=512
[p4:gs-sprite] #9000 ctx=0 tme=1 abe=1 FRAME fbp=0x0 fbw=10 psm=0x1 msk=0x00000000 | SCISSOR 0,0..639,223 | TEST=0x000000000005001B | TEX0 tbp=0x71000 tbw=2 psm=0x13 tw=128 th=512 tfx=0 | V0(2214.0,2088.5) V1(2342.0,2152.5) uv0(16,16) uv1(2032,2032) | XYOFFSET ofx=1728 ofy=1936 -> screen (486,152)..(614,216)
[p4:spx] #9000 tme=1 fst=1 vtxRGBA=00000002 span=128x64 tbp=0x1C40 tw=128 th=512
[p4:gs-sprite] #9500 ctx=0 tme=1 abe=1 FRAME fbp=0x0 fbw=10 psm=0x1 msk=0x00000000 | SCISSOR 0,0..639,223 | TEST=0x000000000005001B | TEX0 tbp=0x71000 tbw=2 psm=0x13 tw=128 th=512 tfx=0 | V0(2210.0,2092.5) V1(2338.0,2156.5) uv0(16,16) uv1(2032,2032) | XYOFFSET ofx=1728 ofy=1936 -> screen (482,156)..(610,220)
[p4:spx] #9500 tme=1 fst=1 vtxRGBA=00000002 span=128x64 tbp=0x1C40 tw=128 th=512
[p4:gs-sprite] #10000 ctx=0 tme=1 abe=1 FRAME fbp=0x0 fbw=10 psm=0x1 msk=0x00000000 | SCISSOR 0,0..639,223 | TEST=0x000000000005001B | TEX0 tbp=0x71000 tbw=2 psm=0x13 tw=128 th=512 tfx=0 | V0(2208.0,2089.5) V1(2336.0,2153.5) uv0(16,16) uv1(2032,2032) | XYOFFSET ofx=1728 ofy=1936 -> screen (480,153)..(608,217)
[p4:spx] #10000 tme=1 fst=1 vtxRGBA=00000002 span=128x64 tbp=0x1C40 tw=128 th=512
[p4:gs-sprite] #10500 ctx=0 tme=1 abe=1 FRAME fbp=0x0 fbw=10 psm=0x1 msk=0x00000000 | SCISSOR 0,0..639,223 | TEST=0x000000000005001B | TEX0 tbp=0x71000 tbw=2 psm=0x13 tw=128 th=512 tfx=0 | V0(2206.0,2086.5) V1(2334.0,2150.5) uv0(16,16) uv1(2032,2032) | XYOFFSET ofx=1728 ofy=1936 -> screen (478,150)..(606,214)
[p4:spx] #10500 tme=1 fst=1 vtxRGBA=00000002 span=128x64 tbp=0x1C40 tw=128 th=512
[p4:gs-sprite] #11000 ctx=0 tme=1 abe=1 FRAME fbp=0x0 fbw=10 psm=0x1 msk=0x00000000 | SCISSOR 0,0..639,223 | TEST=0x000000000005001B | TEX0 tbp=0x71000 tbw=2 psm=0x13 tw=128 th=512 tfx=0 | V0(2216.0,2092.5) V1(2344.0,2156.5) uv0(16,16) uv1(2032,2032) | XYOFFSET ofx=1728 ofy=1936 -> screen (488,156)..(616,220)
[p4:spx] #11000 tme=1 fst=1 vtxRGBA=00000002 span=128x64 tbp=0x1C40 tw=128 th=512
[p4:vbl] ticks=1200
[p4:gs-sprite] #11500 ctx=0 tme=1 abe=1 FRAME fbp=0x0 fbw=10 psm=0x1 msk=0x00000000 | SCISSOR 0,0..639,223 | TEST=0x000000000005001B | TEX0 tbp=0x71000 tbw=2 psm=0x13 tw=128 th=512 tfx=0 | V0(2214.0,2089.5) V1(2342.0,2153.5) uv0(16,16) uv1(2032,2032) | XYOFFSET ofx=1728 ofy=1936 -> screen (486,153)..(614,217)
[p4:spx] #11500 tme=1 fst=1 vtxRGBA=00000002 span=128x64 tbp=0x1C40 tw=128 th=512
[p4:gs-sprite] #12000 ctx=0 tme=1 abe=1 FRAME fbp=0x0 fbw=10 psm=0x1 msk=0x00000000 | SCISSOR 0,0..639,223 | TEST=0x000000000005001B | TEX0 tbp=0x71000 tbw=2 psm=0x13 tw=128 th=512 tfx=0 | V0(2212.0,2086.5) V1(2340.0,2150.5) uv0(16,16) uv1(2032,2032) | XYOFFSET ofx=1728 ofy=1936 -> screen (484,150)..(612,214)
[p4:spx] #12000 tme=1 fst=1 vtxRGBA=00000002 span=128x64 tbp=0x1C40 tw=128 th=512
[p4:gs-sprite] #12500 ctx=0 tme=1 abe=1 FRAME fbp=0x0 fbw=10 psm=0x1 msk=0x00000000 | SCISSOR 0,0..639,223 | TEST=0x000000000005001B | TEX0 tbp=0x71000 tbw=2 psm=0x13 tw=128 th=512 tfx=0 | V0(2208.0,2090.5) V1(2336.0,2154.5) uv0(16,16) uv1(2032,2032) | XYOFFSET ofx=1728 ofy=1936 -> screen (480,154)..(608,218)
[p4:spx] #12500 tme=1 fst=1 vtxRGBA=00000002 span=128x64 tbp=0x1C40 tw=128 th=512
[p4:gs-sprite] #13000 ctx=0 tme=1 abe=1 FRAME fbp=0x0 fbw=10 psm=0x1 msk=0x00000000 | SCISSOR 0,0..639,223 | TEST=0x000000000005001B | TEX0 tbp=0x71000 tbw=2 psm=0x13 tw=128 th=512 tfx=0 | V0(2206.0,2087.5) V1(2334.0,2151.5) uv0(16,16) uv1(2032,2032) | XYOFFSET ofx=1728 ofy=1936 -> screen (478,151)..(606,215)
[p4:spx] #13000 tme=1 fst=1 vtxRGBA=00000002 span=128x64 tbp=0x1C40 tw=128 th=512
[p4:gs-sprite] #13500 ctx=0 tme=1 abe=1 FRAME fbp=0x0 fbw=10 psm=0x1 msk=0x00000000 | SCISSOR 0,0..639,223 | TEST=0x000000000005001B | TEX0 tbp=0x71000 tbw=2 psm=0x13 tw=128 th=512 tfx=0 | V0(2203.0,2086.0) V1(2331.0,2150.0) uv0(16,16) uv1(2032,2032) | XYOFFSET ofx=1728 ofy=1936 -> screen (475,150)..(603,214)
[p4:spx] #13500 tme=1 fst=1 vtxRGBA=80808080 span=128x64 tbp=0x1C40 tw=128 th=512
[p4:gs-sprite] #14000 ctx=0 tme=1 abe=1 FRAME fbp=0x0 fbw=10 psm=0x1 msk=0x00000000 | SCISSOR 0,0..639,223 | TEST=0x000000000005001B | TEX0 tbp=0x71000 tbw=2 psm=0x13 tw=128 th=512 tfx=0 | V0(2214.0,2090.5) V1(2342.0,2154.5) uv0(16,16) uv1(2032,2032) | XYOFFSET ofx=1728 ofy=1936 -> screen (486,154)..(614,218)
[p4:spx] #14000 tme=1 fst=1 vtxRGBA=00000002 span=128x64 tbp=0x1C40 tw=128 th=512
[p4:gs-sprite] #14500 ctx=0 tme=1 abe=1 FRAME fbp=0x0 fbw=10 psm=0x1 msk=0x00000000 | SCISSOR 0,0..639,223 | TEST=0x000000000005001B | TEX0 tbp=0x71000 tbw=2 psm=0x13 tw=128 th=512 tfx=0 | V0(2212.0,2087.5) V1(2340.0,2151.5) uv0(16,16) uv1(2032,2032) | XYOFFSET ofx=1728 ofy=1936 -> screen (484,151)..(612,215)
[p4:spx] #14500 tme=1 fst=1 vtxRGBA=00000002 span=128x64 tbp=0x1C40 tw=128 th=512
[p4:gs-sprite] #15000 ctx=0 tme=1 abe=1 FRAME fbp=0x0 fbw=10 psm=0x1 msk=0x00000000 | SCISSOR 0,0..639,223 | TEST=0x000000000005001B | TEX0 tbp=0x71000 tbw=2 psm=0x13 tw=128 th=512 tfx=0 | V0(2208.0,2091.5) V1(2336.0,2155.5) uv0(16,16) uv1(2032,2032) | XYOFFSET ofx=1728 ofy=1936 -> screen (480,155)..(608,219)
[p4:spx] #15000 tme=1 fst=1 vtxRGBA=00000002 span=128x64 tbp=0x1C40 tw=128 th=512
[p4:gs-sprite] #15500 ctx=0 tme=1 abe=1 FRAME fbp=0x0 fbw=10 psm=0x1 msk=0x00000000 | SCISSOR 0,0..639,223 | TEST=0x000000000005001B | TEX0 tbp=0x71000 tbw=2 psm=0x13 tw=128 th=512 tfx=0 | V0(2206.0,2088.5) V1(2334.0,2152.5) uv0(16,16) uv1(2032,2032) | XYOFFSET ofx=1728 ofy=1936 -> screen (478,152)..(606,216)
[p4:spx] #15500 tme=1 fst=1 vtxRGBA=00000002 span=128x64 tbp=0x1C40 tw=128 th=512
[p4:gs-sprite] #16000 ctx=0 tme=0 abe=1 FRAME fbp=0x0 fbw=10 psm=0x1 msk=0x00000000 | SCISSOR 0,0..639,223 | TEST=0x0000000000030003 | TEX0 tbp=0x0 tbw=0 psm=0x0 tw=1 th=1 tfx=0 | V0(1728.0,1936.0) V1(2368.0,2160.0) uv0(0,0) uv1(0,0) | XYOFFSET ofx=1728 ofy=1936 -> screen (0,0)..(640,224)
[p4:spx] #16000 tme=0 fst=1 vtxRGBA=00000080 span=640x224 tbp=0x0 tw=1 th=1
[p4:gs-sprite] #16500 ctx=0 tme=1 abe=1 FRAME fbp=0x0 fbw=10 psm=0x1 msk=0x00000000 | SCISSOR 0,0..639,223 | TEST=0x000000000005001B | TEX0 tbp=0x71000 tbw=2 psm=0x13 tw=128 th=512 tfx=0 | V0(2214.0,2091.5) V1(2342.0,2155.5) uv0(16,16) uv1(2032,2032) | XYOFFSET ofx=1728 ofy=1936 -> screen (486,155)..(614,219)
[p4:spx] #16500 tme=1 fst=1 vtxRGBA=00000002 span=128x64 tbp=0x1C40 tw=128 th=512
[p4:gs-sprite] #17000 ctx=0 tme=1 abe=1 FRAME fbp=0x0 fbw=10 psm=0x1 msk=0x00000000 | SCISSOR 0,0..639,223 | TEST=0x000000000005001B | TEX0 tbp=0x71000 tbw=2 psm=0x13 tw=128 th=512 tfx=0 | V0(2212.0,2088.5) V1(2340.0,2152.5) uv0(16,16) uv1(2032,2032) | XYOFFSET ofx=1728 ofy=1936 -> screen (484,152)..(612,216)
[p4:spx] #17000 tme=1 fst=1 vtxRGBA=00000002 span=128x64 tbp=0x1C40 tw=128 th=512
[p4:gs-sprite] #17500 ctx=0 tme=1 abe=1 FRAME fbp=0x0 fbw=10 psm=0x1 msk=0x00000000 | SCISSOR 0,0..639,223 | TEST=0x000000000005001B | TEX0 tbp=0x71000 tbw=2 psm=0x13 tw=128 th=512 tfx=0 | V0(2208.0,2092.5) V1(2336.0,2156.5) uv0(16,16) uv1(2032,2032) | XYOFFSET ofx=1728 ofy=1936 -> screen (480,156)..(608,220)
[p4:spx] #17500 tme=1 fst=1 vtxRGBA=00000002 span=128x64 tbp=0x1C40 tw=128 th=512
[p4:gs-sprite] #18000 ctx=0 tme=1 abe=1 FRAME fbp=0x0 fbw=10 psm=0x1 msk=0x00000000 | SCISSOR 0,0..639,223 | TEST=0x000000000005001B | TEX0 tbp=0x71000 tbw=2 psm=0x13 tw=128 th=512 tfx=0 | V0(2206.0,2089.5) V1(2334.0,2153.5) uv0(16,16) uv1(2032,2032) | XYOFFSET ofx=1728 ofy=1936 -> screen (478,153)..(606,217)
[p4:spx] #18000 tme=1 fst=1 vtxRGBA=00000002 span=128x64 tbp=0x1C40 tw=128 th=512
[p4:gs-sprite] #18500 ctx=0 tme=1 abe=1 FRAME fbp=0x0 fbw=10 psm=0x1 msk=0x00000000 | SCISSOR 0,0..639,223 | TEST=0x000000000005001B | TEX0 tbp=0x71000 tbw=2 psm=0x13 tw=128 th=512 tfx=0 | V0(2204.0,2086.5) V1(2332.0,2150.5) uv0(16,16) uv1(2032,2032) | XYOFFSET ofx=1728 ofy=1936 -> screen (476,150)..(604,214)
[p4:spx] #18500 tme=1 fst=1 vtxRGBA=00000002 span=128x64 tbp=0x1C40 tw=128 th=512
[p4:gs-sprite] #19000 ctx=0 tme=1 abe=1 FRAME fbp=0x0 fbw=10 psm=0x1 msk=0x00000000 | SCISSOR 0,0..639,223 | TEST=0x000000000005001B | TEX0 tbp=0x71000 tbw=2 psm=0x13 tw=128 th=512 tfx=0 | V0(2214.0,2092.5) V1(2342.0,2156.5) uv0(16,16) uv1(2032,2032) | XYOFFSET ofx=1728 ofy=1936 -> screen (486,156)..(614,220)
[p4:spx] #19000 tme=1 fst=1 vtxRGBA=00000002 span=128x64 tbp=0x1C40 tw=128 th=512
[p4:new2] size=0x00000054 ra=0x001b4bf4
[p4:malloc] size=0x00000054 ra=0x001006bc
[p4:new2] size=0x00000150 ra=0x001a6bd0
[p4:malloc] size=0x00000150 ra=0x001006bc
[gzmfs] OPEN fd=1 '\SOUND\GZMVS.RBB;1' -> '<path>' size=110594048
[gzmfs] READ fd=1 pos=0 len=8 -> 8 dst=0x00E0A130
[gzmfs] READ fd=1 pos=8 len=8 -> 8 dst=0x00E0A130
[p4:new2] size=0x00000070 ra=0x00100540
[p4:malloc] size=0x00000070 ra=0x001006bc
[gzmfs] READ fd=1 pos=16 len=112 -> 112 dst=0x00E0A2C0
[gzmfs] READ fd=1 pos=128 len=8 -> 8 dst=0x00E0A130
[p4:new2] size=0x00001b70 ra=0x00100540
[p4:malloc] size=0x00001b70 ra=0x001006bc
[gzmfs] READ fd=1 pos=136 len=7024 -> 7024 dst=0x00E0A2C0
[gzmfs] READ fd=1 pos=7160 len=8 -> 8 dst=0x00E0A130
[p4:new2] size=0x00000db8 ra=0x00100540
[gzmfs] READ fd=1 pos=7168 len=3512 -> 3512 dst=0x00E0BE40
[gzmfs] READ fd=1 pos=10680 len=8 -> 8 dst=0x00E0A130
[gzmfs] SEEK fd=1 off=1592 whence=1 -> pos=12280
[gzmfs] READ fd=1 pos=12280 len=8 -> 8 dst=0x00E0A130
[gzmfs] CLOSE fd=1
[p4:new2] size=0x0000002c ra=0x001632a4
[p4:ld] load obj=0x00e0cc00 size=0x00000000 ra=0x001632f8
[p4:new2] size=0x000420a0 ra=0x00100540
[p4:rd1] FUN_001b5ca0 obj=0x00c253e8 dst=0x00e0cc30 len=0x000420a0 ra=0x0019a1d4
[gzmfs] SEEK fd=0 off=131909632 whence=0 -> pos=131909632
[p4:alarm] n=11 id=11 handler=0x0011c570 arg=0x01ff7d68 *arg=23
[p4:hdl] 11c570 entry a2=0x01ff7d68
[p4:wake-pre] sid=23 consumed=1
[p4:alarm] n=12 id=12 handler=0x0011c570 arg=0x01ff7d68 *arg=24
[p4:hdl] 11c570 entry a2=0x01ff7d68
[p4:wake-pre] sid=24 consumed=1
[gzmfs] READ fd=0 pos=131909632 len=270496 -> 270496 dst=0x00E0CC30
[p4:alarm] n=13 id=13 handler=0x0011c570 arg=0x01ff7d68 *arg=25
[p4:hdl] 11c570 entry a2=0x01ff7d68
[p4:wake-pre] sid=25 consumed=1
[p4:new2] size=0x00000060 ra=0x00100540
[p4:rd1] FUN_001b5ca0 obj=0x00c253e8 dst=0x00e4ed50 len=0x000204e0 ra=0x0019a1d4
[gzmfs] SEEK fd=0 off=132182016 whence=0 -> pos=132182016
[p4:alarm] n=14 id=14 handler=0x0011c570 arg=0x01ff7da8 *arg=26
[p4:hdl] 11c570 entry a2=0x01ff7da8
[p4:wake-pre] sid=26 consumed=1
[p4:alarm] n=15 id=15 handler=0x0011c570 arg=0x01ff7da8 *arg=27
[p4:hdl] 11c570 entry a2=0x01ff7da8
[p4:wake-pre] sid=27 consumed=1
[gzmfs] READ fd=0 pos=132182016 len=132320 -> 132320 dst=0x00E4ED50
[p4:vbl] ticks=1500
[p4:alarm] n=16 id=16 handler=0x0011c570 arg=0x01ff7da8 *arg=28
[p4:hdl] 11c570 entry a2=0x01ff7da8
[p4:wake-pre] sid=28 consumed=1
[p4:new2] size=0x0019f000 ra=0x00100540
[p4:new2] size=0x00000008 ra=0x00162fcc
[p4:new2] size=0x00000008 ra=0x00162fcc
[p4:new2] size=0x00000008 ra=0x00162fcc
[p4:new2] size=0x00000008 ra=0x00162fcc
[p4:new2] size=0x00000008 ra=0x00162fcc
[p4:new2] size=0x00000008 ra=0x00162fcc
[p4:new2] size=0x00000008 ra=0x00162fcc
[p4:new2] size=0x00000008 ra=0x00162fcc
[p4:new2] size=0x00000008 ra=0x00162fcc
[p4:new2] size=0x00000008 ra=0x00162fcc
[p4:new2] size=0x00000008 ra=0x00162fcc
[p4:new2] size=0x00000008 ra=0x00162fcc
[p4:new2] size=0x00000008 ra=0x00162fcc
[p4:new2] size=0x00000008 ra=0x00162fcc
[p4:new2] size=0x00000008 ra=0x00162fcc
[p4:new2] size=0x00000008 ra=0x00162fcc
[p4:new2] size=0x00000008 ra=0x00162fcc
[p4:new2] size=0x00000008 ra=0x00162fcc
[p4:gs-sprite] #19500 ctx=0 tme=1 abe=1 FRAME fbp=0x0 fbw=10 psm=0x1 msk=0x00000000 | SCISSOR 0,0..639,223 | TEST=0x000000000005001B | TEX0 tbp=0x71000 tbw=2 psm=0x13 tw=128 th=512 tfx=0 | V0(2212.0,2089.5) V1(2340.0,2153.5) uv0(16,16) uv1(2032,2032) | XYOFFSET ofx=1728 ofy=1936 -> screen (484,153)..(612,217)
[p4:spx] #19500 tme=1 fst=1 vtxRGBA=00000002 span=128x64 tbp=0x1C40 tw=128 th=512
[p4:alias] target=0x001548d4 owner=0x001548b0 (unexported inner call)
[p4:wake-pre] sid=9 consumed=1
[p4:wake-pre] sid=9 consumed=1
[p4:wake-pre] sid=9 consumed=1
[p4:wake-pre] sid=9 consumed=1
[p4:wake-pre] sid=9 consumed=1
[p4:wake-pre] sid=9 consumed=1
[p4:wake-pre] sid=9 consumed=1
[p4:wake-pre] sid=9 consumed=1
[p4:wake-pre] sid=9 consumed=1
[p4:wake-pre] sid=9 consumed=1
[p4:wake-pre] sid=9 consumed=1
[p4:wake-pre] sid=9 consumed=1
[p4:wake-pre] sid=9 consumed=1
[p4:wake-pre] sid=9 consumed=1
[p4:wake-pre] sid=9 consumed=1
[p4:wake-pre] sid=9 consumed=1
[p4:wake-pre] sid=9 consumed=1
[p4:wake-pre] sid=9 consumed=1
[mc] Init enter
[mc] Init exit
[mc] Init enter
[mc] Init exit
[p4:wake-pre] sid=9 consumed=1
[mc] Init enter
[mc] Init exit
[dispatch:hle-leaf-ret] pc=0x11a720 -> ra=0x1ce130
[p4:rodata-write] addr=0x00224760 val=0x0000000000000000 sz=1 op=WRITE8 pc=0x0019cfc4 ra=0x001522cc
[p4:alias] target=0x0014ebb4 owner=0x0014eba0 (unexported inner call)
[p4:alias] target=0x001517e4 owner=0x00151720 (unexported inner call)
[p4:wake-pre] sid=9 consumed=1
[mc] Sync idle -> -1
[mc] GetInfo port=0 slot=0 type=2 free=8192 fmt=1 result=0 fmtPtr=0x01033670
[mc] GetInfo port=0 slot=0 type=2 free=8192 fmt=1 result=0 fmtPtr=0x01033670
[p4:wake-pre] sid=9 consumed=1
[p4:alias] target=0x00151910 owner=0x00151720 (unexported inner call)
[mc] GetDir port=0 slot=0 path='/BASLUS-20407/BASLUS-20407' maxent=8 table=0x01033430 result=-4 entries=0
[p4:wake-pre] sid=9 consumed=1
[mc] Sync idle -> -1
[mc] GetInfo port=0 slot=0 type=2 free=8192 fmt=1 result=0 fmtPtr=0x01033670
[p4:wake-pre] sid=9 consumed=1
[p4:alias] target=0x00151808 owner=0x00151720 (unexported inner call)
[p4:wake-pre] sid=9 consumed=1
[mc] Sync idle -> -1
[mc] GetInfo port=0 slot=0 type=2 free=8192 fmt=1 result=0 fmtPtr=0x01033670
[p4:wake-pre] sid=9 consumed=1
[p4:wake-pre] sid=9 consumed=1
[p4:gs-sprite] #20000 ctx=0 tme=1 abe=1 FRAME fbp=0x0 fbw=10 psm=0x1 msk=0x00000000 | SCISSOR 0,0..639,223 | TEST=0x000000000005008B | TEX0 tbp=0x0 tbw=8 psm=0x2C tw=512 th=512 tfx=0 | V0(2068.0,2027.0) V1(2072.0,2038.0) uv0(888,8) uv1(944,352) | XYOFFSET ofx=1728 ofy=1936 -> screen (340,91)..(344,102)
[p4:spx] #20000 tme=1 fst=1 vtxRGBA=2D2A2880 span=4x11 tbp=0x0 tw=512 th=512
[mc] Sync idle -> -1
[mc] GetInfo port=0 slot=0 type=2 free=8192 fmt=1 result=0 fmtPtr=0x01033670
[p4:wake-pre] sid=9 consumed=1
[p4:wake-pre] sid=9 consumed=1
[p4:wake-pre] sid=9 consumed=1
[p4:wake-pre] sid=9 consumed=1
[mc] Sync idle -> -1
[mc] GetInfo port=0 slot=0 type=2 free=8192 fmt=1 result=0 fmtPtr=0x01033670
[p4:wake-pre] sid=9 consumed=1
[p4:wake-pre] sid=9 consumed=1
[p4:gs-sprite] #20500 ctx=0 tme=1 abe=1 FRAME fbp=0x0 fbw=10 psm=0x1 msk=0x00000000 | SCISSOR 0,0..639,223 | TEST=0x000000000005008B | TEX0 tbp=0x0 tbw=8 psm=0x2C tw=512 th=512 tfx=0 | V0(2026.5,2013.0) V1(2031.5,2022.0) uv0(1784,360) uv1(1856,640) | XYOFFSET ofx=1728 ofy=1936 -> screen (298,77)..(303,86)
[p4:spx] #20500 tme=1 fst=1 vtxRGBA=2D2A2880 span=5x9 tbp=0x0 tw=512 th=512
[mc] Sync idle -> -1
[mc] GetInfo port=0 slot=0 type=2 free=8192 fmt=1 result=0 fmtPtr=0x01033670
[p4:wake-pre] sid=9 consumed=1
[p4:wake-pre] sid=9 consumed=1
[mc] Sync idle -> -1
[mc] GetInfo port=0 slot=0 type=2 free=8192 fmt=1 result=0 fmtPtr=0x01033670
[p4:wake-pre] sid=9 consumed=1
[p4:gs-sprite] #21000 ctx=0 tme=1 abe=1 FRAME fbp=0x0 fbw=10 psm=0x1 msk=0x00000000 | SCISSOR 0,0..639,223 | TEST=0x000000000005008B | TEX0 tbp=0x0 tbw=8 psm=0x2C tw=512 th=512 tfx=0 | V0(2093.5,2055.0) V1(2101.5,2064.0) uv0(1288,360) uv1(1408,640) | XYOFFSET ofx=1728 ofy=1936 -> screen (365,119)..(373,128)
[p4:spx] #21000 tme=1 fst=1 vtxRGBA=2D2A2880 span=8x9 tbp=0x0 tw=512 th=512
[mc] GetInfo port=0 slot=0 type=2 free=8192 fmt=1 result=0 fmtPtr=0x01033670
[p4:wake-pre] sid=9 consumed=1
[p4:wake-pre] sid=9 consumed=1
[p4:wake-pre] sid=9 consumed=1
[mc] GetInfo port=0 slot=0 type=2 free=8192 fmt=1 result=0 fmtPtr=0x01033670
[p4:wake-pre] sid=9 consumed=1
[p4:gs-sprite] #21500 ctx=0 tme=1 abe=1 FRAME fbp=0x0 fbw=10 psm=0x1 msk=0x00000000 | SCISSOR 0,0..639,223 | TEST=0x000000000005008B | TEX0 tbp=0x0 tbw=8 psm=0x2C tw=512 th=512 tfx=0 | V0(2215.0,2027.0) V1(2223.0,2036.0) uv0(1288,360) uv1(1408,640) | XYOFFSET ofx=1728 ofy=1936 -> screen (487,91)..(495,100)
[p4:spx] #21500 tme=1 fst=1 vtxRGBA=2D2A2880 span=8x9 tbp=0x0 tw=512 th=512
[p4:wake-pre] sid=9 consumed=1
[mc] GetInfo port=0 slot=0 type=2 free=8192 fmt=1 result=0 fmtPtr=0x01033670
[p4:wake-pre] sid=9 consumed=1
[p4:wake-pre] sid=9 consumed=1
[mc] GetInfo port=0 slot=0 type=2 free=8192 fmt=1 result=0 fmtPtr=0x01033670
[p4:wake-pre] sid=9 consumed=1
[p4:gs-sprite] #22000 ctx=0 tme=1 abe=1 FRAME fbp=0x0 fbw=10 psm=0x1 msk=0x00000000 | SCISSOR 0,0..639,223 | TEST=0x000000000005008B | TEX0 tbp=0x0 tbw=8 psm=0x2C tw=512 th=512 tfx=0 | V0(2186.5,2013.0) V1(2192.5,2022.0) uv0(1864,360) uv1(1952,640) | XYOFFSET ofx=1728 ofy=1936 -> screen (458,77)..(464,86)
[p4:spx] #22000 tme=1 fst=1 vtxRGBA=2D2A2880 span=6x9 tbp=0x0 tw=512 th=512
        ... [440 more [p4:wake-pre] lines elided by export_logs.py] ...
[mc] GetInfo port=0 slot=0 type=2 free=8192 fmt=1 result=0 fmtPtr=0x01033670
[p4:gs-sprite] #22500 ctx=0 tme=1 abe=1 FRAME fbp=0x0 fbw=10 psm=0x1 msk=0x00000000 | SCISSOR 0,0..639,223 | TEST=0x000000000005008B | TEX0 tbp=0x0 tbw=8 psm=0x2C tw=512 th=512 tfx=0 | V0(1993.5,2069.0) V1(1996.5,2078.0) uv0(2904,8) uv1(2944,288) | XYOFFSET ofx=1728 ofy=1936 -> screen (265,133)..(268,142)
        ... [395 more [p4:spx] lines elided by export_logs.py] ...
[mc] GetInfo port=0 slot=0 type=2 free=8192 fmt=1 result=0 fmtPtr=0x01033670
[mc] GetInfo port=0 slot=0 type=2 free=8192 fmt=1 result=0 fmtPtr=0x01033670
[p4:gs-sprite] #23000 ctx=0 tme=1 abe=1 FRAME fbp=0x0 fbw=10 psm=0x1 msk=0x00000000 | SCISSOR 0,0..639,223 | TEST=0x000000000005008B | TEX0 tbp=0x0 tbw=8 psm=0x2C tw=512 th=512 tfx=0 | V0(2077.0,2041.0) V1(2087.0,2050.0) uv0(4200,8) uv1(4352,288) | XYOFFSET ofx=1728 ofy=1936 -> screen (349,105)..(359,114)
[mc] GetInfo port=0 slot=0 type=2 free=8192 fmt=1 result=0 fmtPtr=0x01033670
[mc] GetInfo port=0 slot=0 type=2 free=8192 fmt=1 result=0 fmtPtr=0x01033670
[p4:gs-sprite] #23500 ctx=0 tme=1 abe=1 FRAME fbp=0x0 fbw=10 psm=0x1 msk=0x00000000 | SCISSOR 0,0..639,223 | TEST=0x000000000005008B | TEX0 tbp=0x0 tbw=8 psm=0x2C tw=512 th=512 tfx=0 | V0(1955.0,2027.0) V1(1960.0,2036.0) uv0(1784,360) uv1(1856,640) | XYOFFSET ofx=1728 ofy=1936 -> screen (227,91)..(232,100)
[mc] GetInfo port=0 slot=0 type=2 free=8192 fmt=1 result=0 fmtPtr=0x01033670
[p4:alias] target=0x001517d4 owner=0x00151720 (unexported inner call)
[mc] GetInfo port=0 slot=0 type=2 free=8192 fmt=1 result=0 fmtPtr=0x01033670
[p4:gs-sprite] #24000 ctx=0 tme=1 abe=1 FRAME fbp=0x0 fbw=10 psm=0x1 msk=0x00000000 | SCISSOR 0,0..639,223 | TEST=0x000000000005008B | TEX0 tbp=0x0 tbw=8 psm=0x2C tw=512 th=512 tfx=0 | V0(1895.5,2013.0) V1(1903.5,2024.0) uv0(2584,360) uv1(2704,704) | XYOFFSET ofx=1728 ofy=1936 -> screen (167,77)..(175,88)
[mc] GetInfo port=0 slot=0 type=2 free=8192 fmt=1 result=0 fmtPtr=0x01033670
[mc] GetInfo port=0 slot=0 type=2 free=8192 fmt=1 result=0 fmtPtr=0x01033670
[p4:gs-sprite] #24500 ctx=0 tme=1 abe=1 FRAME fbp=0x0 fbw=10 psm=0x1 msk=0x00000000 | SCISSOR 0,0..639,223 | TEST=0x000000000005008B | TEX0 tbp=0x0 tbw=8 psm=0x2C tw=512 th=512 tfx=0 | V0(1960.5,2055.0) V1(1966.5,2064.0) uv0(1960,360) uv1(2048,640) | XYOFFSET ofx=1728 ofy=1936 -> screen (232,119)..(238,128)
[mc] GetInfo port=0 slot=0 type=2 free=8192 fmt=1 result=0 fmtPtr=0x01033670
[p4:gs-sprite] #25000 ctx=0 tme=1 abe=1 FRAME fbp=0x0 fbw=10 psm=0x1 msk=0x00000000 | SCISSOR 0,0..639,223 | TEST=0x000000000005008B | TEX0 tbp=0x0 tbw=8 psm=0x2C tw=512 th=512 tfx=0 | V0(2130.0,2027.0) V1(2138.0,2036.0) uv0(5752,8) uv1(5872,288) | XYOFFSET ofx=1728 ofy=1936 -> screen (402,91)..(410,100)
[p4:gs-sprite] #25500 ctx=0 tme=1 abe=1 FRAME fbp=0x0 fbw=10 psm=0x1 msk=0x00000000 | SCISSOR 0,0..639,223 | TEST=0x000000000005008B | TEX0 tbp=0x0 tbw=8 psm=0x2C tw=512 th=512 tfx=0 | V0(2076.5,2013.0) V1(2082.5,2022.0) uv0(1864,360) uv1(1952,640) | XYOFFSET ofx=1728 ofy=1936 -> screen (348,77)..(354,86)
[p4:gs-sprite] #26000 ctx=0 tme=1 abe=1 FRAME fbp=0x0 fbw=10 psm=0x1 msk=0x00000000 | SCISSOR 0,0..639,223 | TEST=0x000000000005008B | TEX0 tbp=0x0 tbw=8 psm=0x2C tw=512 th=512 tfx=0 | V0(2154.5,2055.0) V1(2160.5,2064.0) uv0(1864,360) uv1(1952,640) | XYOFFSET ofx=1728 ofy=1936 -> screen (426,119)..(432,128)
[p4:gs-sprite] #26500 ctx=0 tme=1 abe=1 FRAME fbp=0x0 fbw=10 psm=0x1 msk=0x00000000 | SCISSOR 0,0..639,223 | TEST=0x000000000005008B | TEX0 tbp=0x0 tbw=8 psm=0x2C tw=512 th=512 tfx=0 | V0(1944.0,2041.0) V1(1952.0,2050.0) uv0(1288,360) uv1(1408,640) | XYOFFSET ofx=1728 ofy=1936 -> screen (216,105)..(224,114)
[p4:gs-sprite] #27000 ctx=0 tme=1 abe=1 FRAME fbp=0x0 fbw=10 psm=0x1 msk=0x00000000 | SCISSOR 0,0..639,223 | TEST=0x000000000005008B | TEX0 tbp=0x0 tbw=8 psm=0x2C tw=512 th=512 tfx=0 | V0(2245.5,2013.0) V1(2253.5,2022.5) uv0(232,360) uv1(352,656) | XYOFFSET ofx=1728 ofy=1936 -> screen (517,77)..(525,86)
[p4:gs-sprite] #27500 ctx=0 tme=1 abe=1 FRAME fbp=0x0 fbw=10 psm=0x1 msk=0x00000000 | SCISSOR 0,0..639,223 | TEST=0x000000000005008B | TEX0 tbp=0x0 tbw=8 psm=0x2C tw=512 th=512 tfx=0 | V0(2083.5,2069.0) V1(2086.5,2078.0) uv0(2904,8) uv1(2944,288) | XYOFFSET ofx=1728 ofy=1936 -> screen (355,133)..(358,142)
[p4:gs-sprite] #28000 ctx=0 tme=1 abe=1 FRAME fbp=0x0 fbw=10 psm=0x1 msk=0x00000000 | SCISSOR 0,0..639,223 | TEST=0x000000000005008B | TEX0 tbp=0x0 tbw=8 psm=0x2C tw=512 th=512 tfx=0 | V0(2143.0,2041.0) V1(2150.0,2050.0) uv0(1704,8) uv1(1808,288) | XYOFFSET ofx=1728 ofy=1936 -> screen (415,105)..(422,114)
[p4:gs-sprite] #28500 ctx=0 tme=1 abe=1 FRAME fbp=0x0 fbw=10 psm=0x1 msk=0x00000000 | SCISSOR 0,0..639,223 | TEST=0x000000000005008B | TEX0 tbp=0x0 tbw=8 psm=0x2C tw=512 th=512 tfx=0 | V0(2008.0,2027.0) V1(2016.0,2036.5) uv0(232,360) uv1(352,656) | XYOFFSET ofx=1728 ofy=1936 -> screen (280,91)..(288,100)
[p4:gs-sprite] #29000 ctx=0 tme=1 abe=1 FRAME fbp=0x0 fbw=10 psm=0x1 msk=0x00000000 | SCISSOR 0,0..639,223 | TEST=0x000000000005008B | TEX0 tbp=0x0 tbw=8 psm=0x2C tw=512 th=512 tfx=0 | V0(1966.5,2013.0) V1(1974.5,2022.0) uv0(360,360) uv1(480,640) | XYOFFSET ofx=1728 ofy=1936 -> screen (238,77)..(246,86)
[p4:gs-sprite] #29500 ctx=0 tme=1 abe=1 FRAME fbp=0x0 fbw=10 psm=0x1 msk=0x00000000 | SCISSOR 0,0..639,223 | TEST=0x000000000005008B | TEX0 tbp=0x0 tbw=8 psm=0x2C tw=512 th=512 tfx=0 | V0(2025.5,2055.0) V1(2033.5,2064.0) uv0(360,360) uv1(480,640) | XYOFFSET ofx=1728 ofy=1936 -> screen (297,119)..(305,128)
[p4:gs-sprite] #30000 ctx=0 tme=1 abe=1 FRAME fbp=0x0 fbw=10 psm=0x1 msk=0x00000000 | SCISSOR 0,0..639,223 | TEST=0x000000000005008B | TEX0 tbp=0x0 tbw=8 psm=0x2C tw=512 th=512 tfx=0 | V0(2174.0,2027.0) V1(2180.0,2036.0) uv0(1960,360) uv1(2048,640) | XYOFFSET ofx=1728 ofy=1936 -> screen (446,91)..(452,100)
[p4:gs-sprite] #30500 ctx=0 tme=1 abe=1 FRAME fbp=0x0 fbw=10 psm=0x1 msk=0x00000000 | SCISSOR 0,0..639,223 | TEST=0x000000000005008B | TEX0 tbp=0x0 tbw=8 psm=0x2C tw=512 th=512 tfx=0 | V0(2134.5,2013.0) V1(2137.5,2022.0) uv0(872,360) uv1(912,640) | XYOFFSET ofx=1728 ofy=1936 -> screen (406,77)..(409,86)
[p4:gs-sprite] #31000 ctx=0 tme=1 abe=1 FRAME fbp=0x0 fbw=10 psm=0x1 msk=0x00000000 | SCISSOR 0,0..639,223 | TEST=0x000000000005008B | TEX0 tbp=0x0 tbw=8 psm=0x2C tw=512 th=512 tfx=0 | V0(2212.5,2055.0) V1(2215.5,2064.0) uv0(872,360) uv1(912,640) | XYOFFSET ofx=1728 ofy=1936 -> screen (484,119)..(487,128)
[p4:gs-sprite] #31500 ctx=0 tme=1 abe=1 FRAME fbp=0x0 fbw=10 psm=0x1 msk=0x00000000 | SCISSOR 0,0..639,223 | TEST=0x000000000005008B | TEX0 tbp=0x0 tbw=8 psm=0x2C tw=512 th=512 tfx=0 | V0(2010.0,2041.0) V1(2019.0,2050.0) uv0(6040,8) uv1(6176,288) | XYOFFSET ofx=1728 ofy=1936 -> screen (282,105)..(291,114)
[p4:gs-sprite] #32000 ctx=0 tme=1 abe=1 FRAME fbp=0x0 fbw=10 psm=0x1 msk=0x00000000 | SCISSOR 0,0..639,223 | TEST=0x000000000005008B | TEX0 tbp=0x0 tbw=8 psm=0x2C tw=512 th=512 tfx=0 | V0(1891.0,2027.0) V1(1899.0,2036.0) uv0(360,360) uv1(480,640) | XYOFFSET ofx=1728 ofy=1936 -> screen (163,91)..(171,100)
[p4:gs-sprite] #32500 ctx=0 tme=0 abe=0 FRAME fbp=0x0 fbw=10 psm=0x1 msk=0x00000000 | SCISSOR 0,0..639,223 | TEST=0x000000000005008B | TEX0 tbp=0x0 tbw=0 psm=0x0 tw=1 th=1 tfx=0 | V0(1833.0,2009.0) V1(2263.0,2085.0) uv0(0,0) uv1(0,0) | XYOFFSET ofx=1728 ofy=1936 -> screen (105,73)..(535,149)
[p4:gs-sprite] #33000 ctx=0 tme=1 abe=1 FRAME fbp=0x0 fbw=10 psm=0x1 msk=0x00000000 | SCISSOR 0,0..639,223 | TEST=0x000000000005008B | TEX0 tbp=0x0 tbw=8 psm=0x2C tw=512 th=512 tfx=0 | V0(1898.5,2055.0) V1(1907.5,2064.0) uv0(1416,360) uv1(1552,640) | XYOFFSET ofx=1728 ofy=1936 -> screen (170,119)..(179,128)
[p4:gs-sprite] #33500 ctx=0 tme=1 abe=1 FRAME fbp=0x0 fbw=10 psm=0x1 msk=0x00000000 | SCISSOR 0,0..639,223 | TEST=0x000000000005008B | TEX0 tbp=0x0 tbw=8 psm=0x2C tw=512 th=512 tfx=0 | V0(2068.0,2027.0) V1(2072.0,2038.0) uv0(888,8) uv1(944,352) | XYOFFSET ofx=1728 ofy=1936 -> screen (340,91)..(344,102)
[p4:gs-sprite] #34000 ctx=0 tme=1 abe=1 FRAME fbp=0x0 fbw=10 psm=0x1 msk=0x00000000 | SCISSOR 0,0..639,223 | TEST=0x000000000005008B | TEX0 tbp=0x0 tbw=8 psm=0x2C tw=512 th=512 tfx=0 | V0(2026.5,2013.0) V1(2031.5,2022.0) uv0(1784,360) uv1(1856,640) | XYOFFSET ofx=1728 ofy=1936 -> screen (298,77)..(303,86)
[p4:gs-sprite] #34500 ctx=0 tme=1 abe=1 FRAME fbp=0x0 fbw=10 psm=0x1 msk=0x00000000 | SCISSOR 0,0..639,223 | TEST=0x000000000005008B | TEX0 tbp=0x0 tbw=8 psm=0x2C tw=512 th=512 tfx=0 | V0(2093.5,2055.0) V1(2101.5,2064.0) uv0(1288,360) uv1(1408,640) | XYOFFSET ofx=1728 ofy=1936 -> screen (365,119)..(373,128)
[p4:gs-sprite] #35000 ctx=0 tme=1 abe=1 FRAME fbp=0x0 fbw=10 psm=0x1 msk=0x00000000 | SCISSOR 0,0..639,223 | TEST=0x000000000005008B | TEX0 tbp=0x0 tbw=8 psm=0x2C tw=512 th=512 tfx=0 | V0(2215.0,2027.0) V1(2223.0,2036.0) uv0(1288,360) uv1(1408,640) | XYOFFSET ofx=1728 ofy=1936 -> screen (487,91)..(495,100)
[p4:gs-sprite] #35500 ctx=0 tme=1 abe=1 FRAME fbp=0x0 fbw=10 psm=0x1 msk=0x00000000 | SCISSOR 0,0..639,223 | TEST=0x000000000005008B | TEX0 tbp=0x0 tbw=8 psm=0x2C tw=512 th=512 tfx=0 | V0(2186.5,2013.0) V1(2192.5,2022.0) uv0(1864,360) uv1(1952,640) | XYOFFSET ofx=1728 ofy=1936 -> screen (458,77)..(464,86)
[p4:gs-sprite] #36000 ctx=0 tme=1 abe=1 FRAME fbp=0x0 fbw=10 psm=0x1 msk=0x00000000 | SCISSOR 0,0..639,223 | TEST=0x000000000005008B | TEX0 tbp=0x0 tbw=8 psm=0x2C tw=512 th=512 tfx=0 | V0(1993.5,2069.0) V1(1996.5,2078.0) uv0(2904,8) uv1(2944,288) | XYOFFSET ofx=1728 ofy=1936 -> screen (265,133)..(268,142)
[p4:gs-sprite] #36500 ctx=0 tme=1 abe=1 FRAME fbp=0x0 fbw=10 psm=0x1 msk=0x00000000 | SCISSOR 0,0..639,223 | TEST=0x000000000005008B | TEX0 tbp=0x0 tbw=8 psm=0x2C tw=512 th=512 tfx=0 | V0(2077.0,2041.0) V1(2087.0,2050.0) uv0(4200,8) uv1(4352,288) | XYOFFSET ofx=1728 ofy=1936 -> screen (349,105)..(359,114)
[p4:gs-sprite] #37000 ctx=0 tme=1 abe=1 FRAME fbp=0x0 fbw=10 psm=0x1 msk=0x00000000 | SCISSOR 0,0..639,223 | TEST=0x000000000005008B | TEX0 tbp=0x0 tbw=8 psm=0x2C tw=512 th=512 tfx=0 | V0(1955.0,2027.0) V1(1960.0,2036.0) uv0(1784,360) uv1(1856,640) | XYOFFSET ofx=1728 ofy=1936 -> screen (227,91)..(232,100)
[p4:gs-sprite] #37500 ctx=0 tme=1 abe=1 FRAME fbp=0x0 fbw=10 psm=0x1 msk=0x00000000 | SCISSOR 0,0..639,223 | TEST=0x000000000005008B | TEX0 tbp=0x0 tbw=8 psm=0x2C tw=512 th=512 tfx=0 | V0(1895.5,2013.0) V1(1903.5,2024.0) uv0(2584,360) uv1(2704,704) | XYOFFSET ofx=1728 ofy=1936 -> screen (167,77)..(175,88)
[p4:gs-sprite] #38000 ctx=0 tme=1 abe=1 FRAME fbp=0x0 fbw=10 psm=0x1 msk=0x00000000 | SCISSOR 0,0..639,223 | TEST=0x000000000005008B | TEX0 tbp=0x0 tbw=8 psm=0x2C tw=512 th=512 tfx=0 | V0(1960.5,2055.0) V1(1966.5,2064.0) uv0(1960,360) uv1(2048,640) | XYOFFSET ofx=1728 ofy=1936 -> screen (232,119)..(238,128)
[p4:gs-sprite] #38500 ctx=0 tme=1 abe=1 FRAME fbp=0x0 fbw=10 psm=0x1 msk=0x00000000 | SCISSOR 0,0..639,223 | TEST=0x000000000005008B | TEX0 tbp=0x0 tbw=8 psm=0x2C tw=512 th=512 tfx=0 | V0(2130.0,2027.0) V1(2138.0,2036.0) uv0(5752,8) uv1(5872,288) | XYOFFSET ofx=1728 ofy=1936 -> screen (402,91)..(410,100)
[p4:gs-sprite] #39000 ctx=0 tme=1 abe=1 FRAME fbp=0x0 fbw=10 psm=0x1 msk=0x00000000 | SCISSOR 0,0..639,223 | TEST=0x000000000005008B | TEX0 tbp=0x0 tbw=8 psm=0x2C tw=512 th=512 tfx=0 | V0(2076.5,2013.0) V1(2082.5,2022.0) uv0(1864,360) uv1(1952,640) | XYOFFSET ofx=1728 ofy=1936 -> screen (348,77)..(354,86)
[p4:gs-sprite] #39500 ctx=0 tme=1 abe=1 FRAME fbp=0x0 fbw=10 psm=0x1 msk=0x00000000 | SCISSOR 0,0..639,223 | TEST=0x000000000005008B | TEX0 tbp=0x0 tbw=8 psm=0x2C tw=512 th=512 tfx=0 | V0(2154.5,2055.0) V1(2160.5,2064.0) uv0(1864,360) uv1(1952,640) | XYOFFSET ofx=1728 ofy=1936 -> screen (426,119)..(432,128)
[p4:gs-sprite] #40000 ctx=0 tme=1 abe=1 FRAME fbp=0x0 fbw=10 psm=0x1 msk=0x00000000 | SCISSOR 0,0..639,223 | TEST=0x000000000005008B | TEX0 tbp=0x0 tbw=8 psm=0x2C tw=512 th=512 tfx=0 | V0(1944.0,2041.0) V1(1952.0,2050.0) uv0(1288,360) uv1(1408,640) | XYOFFSET ofx=1728 ofy=1936 -> screen (216,105)..(224,114)
[p4:gs-sprite] #40500 ctx=0 tme=1 abe=1 FRAME fbp=0x0 fbw=10 psm=0x1 msk=0x00000000 | SCISSOR 0,0..639,223 | TEST=0x000000000005008B | TEX0 tbp=0x0 tbw=8 psm=0x2C tw=512 th=512 tfx=0 | V0(2245.5,2013.0) V1(2253.5,2022.5) uv0(232,360) uv1(352,656) | XYOFFSET ofx=1728 ofy=1936 -> screen (517,77)..(525,86)
[p4:gs-sprite] #41000 ctx=0 tme=1 abe=1 FRAME fbp=0x0 fbw=10 psm=0x1 msk=0x00000000 | SCISSOR 0,0..639,223 | TEST=0x000000000005008B | TEX0 tbp=0x0 tbw=8 psm=0x2C tw=512 th=512 tfx=0 | V0(2083.5,2069.0) V1(2086.5,2078.0) uv0(2904,8) uv1(2944,288) | XYOFFSET ofx=1728 ofy=1936 -> screen (355,133)..(358,142)
[p4:gs-sprite] #41500 ctx=0 tme=1 abe=1 FRAME fbp=0x0 fbw=10 psm=0x1 msk=0x00000000 | SCISSOR 0,0..639,223 | TEST=0x000000000005008B | TEX0 tbp=0x0 tbw=8 psm=0x2C tw=512 th=512 tfx=0 | V0(2143.0,2041.0) V1(2150.0,2050.0) uv0(1704,8) uv1(1808,288) | XYOFFSET ofx=1728 ofy=1936 -> screen (415,105)..(422,114)
[p4:gs-sprite] #42000 ctx=0 tme=1 abe=1 FRAME fbp=0x0 fbw=10 psm=0x1 msk=0x00000000 | SCISSOR 0,0..639,223 | TEST=0x000000000005008B | TEX0 tbp=0x0 tbw=8 psm=0x2C tw=512 th=512 tfx=0 | V0(2008.0,2027.0) V1(2016.0,2036.5) uv0(232,360) uv1(352,656) | XYOFFSET ofx=1728 ofy=1936 -> screen (280,91)..(288,100)
[p4:gs-sprite] #42500 ctx=0 tme=1 abe=1 FRAME fbp=0x0 fbw=10 psm=0x1 msk=0x00000000 | SCISSOR 0,0..639,223 | TEST=0x000000000005008B | TEX0 tbp=0x0 tbw=8 psm=0x2C tw=512 th=512 tfx=0 | V0(1966.5,2013.0) V1(1974.5,2022.0) uv0(360,360) uv1(480,640) | XYOFFSET ofx=1728 ofy=1936 -> screen (238,77)..(246,86)
[p4:gs-sprite] #43000 ctx=0 tme=1 abe=1 FRAME fbp=0x0 fbw=10 psm=0x1 msk=0x00000000 | SCISSOR 0,0..639,223 | TEST=0x000000000005008B | TEX0 tbp=0x0 tbw=8 psm=0x2C tw=512 th=512 tfx=0 | V0(2025.5,2055.0) V1(2033.5,2064.0) uv0(360,360) uv1(480,640) | XYOFFSET ofx=1728 ofy=1936 -> screen (297,119)..(305,128)
[p4:gs-sprite] #43500 ctx=0 tme=1 abe=1 FRAME fbp=0x0 fbw=10 psm=0x1 msk=0x00000000 | SCISSOR 0,0..639,223 | TEST=0x000000000005008B | TEX0 tbp=0x0 tbw=8 psm=0x2C tw=512 th=512 tfx=0 | V0(2174.0,2027.0) V1(2180.0,2036.0) uv0(1960,360) uv1(2048,640) | XYOFFSET ofx=1728 ofy=1936 -> screen (446,91)..(452,100)
[p4:gs-sprite] #44000 ctx=0 tme=1 abe=1 FRAME fbp=0x0 fbw=10 psm=0x1 msk=0x00000000 | SCISSOR 0,0..639,223 | TEST=0x000000000005008B | TEX0 tbp=0x0 tbw=8 psm=0x2C tw=512 th=512 tfx=0 | V0(2134.5,2013.0) V1(2137.5,2022.0) uv0(872,360) uv1(912,640) | XYOFFSET ofx=1728 ofy=1936 -> screen (406,77)..(409,86)
[p4:gs-sprite] #44500 ctx=0 tme=1 abe=1 FRAME fbp=0x0 fbw=10 psm=0x1 msk=0x00000000 | SCISSOR 0,0..639,223 | TEST=0x000000000005008B | TEX0 tbp=0x0 tbw=8 psm=0x2C tw=512 th=512 tfx=0 | V0(2212.5,2055.0) V1(2215.5,2064.0) uv0(872,360) uv1(912,640) | XYOFFSET ofx=1728 ofy=1936 -> screen (484,119)..(487,128)
[p4:vbl] ticks=1800
[p4:gs-sprite] #45000 ctx=0 tme=1 abe=1 FRAME fbp=0x0 fbw=10 psm=0x1 msk=0x00000000 | SCISSOR 0,0..639,223 | TEST=0x000000000005008B | TEX0 tbp=0x0 tbw=8 psm=0x2C tw=512 th=512 tfx=0 | V0(2010.0,2041.0) V1(2019.0,2050.0) uv0(6040,8) uv1(6176,288) | XYOFFSET ofx=1728 ofy=1936 -> screen (282,105)..(291,114)
[p4:gs-sprite] #45500 ctx=0 tme=1 abe=1 FRAME fbp=0x0 fbw=10 psm=0x1 msk=0x00000000 | SCISSOR 0,0..639,223 | TEST=0x000000000005008B | TEX0 tbp=0x0 tbw=8 psm=0x2C tw=512 th=512 tfx=0 | V0(1891.0,2027.0) V1(1899.0,2036.0) uv0(360,360) uv1(480,640) | XYOFFSET ofx=1728 ofy=1936 -> screen (163,91)..(171,100)
[p4:gs-sprite] #46000 ctx=0 tme=0 abe=0 FRAME fbp=0x0 fbw=10 psm=0x1 msk=0x00000000 | SCISSOR 0,0..639,223 | TEST=0x000000000005008B | TEX0 tbp=0x0 tbw=0 psm=0x0 tw=1 th=1 tfx=0 | V0(1833.0,2009.0) V1(2263.0,2085.0) uv0(0,0) uv1(0,0) | XYOFFSET ofx=1728 ofy=1936 -> screen (105,73)..(535,149)
[p4:gs-sprite] #46500 ctx=0 tme=1 abe=1 FRAME fbp=0x0 fbw=10 psm=0x1 msk=0x00000000 | SCISSOR 0,0..639,223 | TEST=0x000000000005008B | TEX0 tbp=0x0 tbw=8 psm=0x2C tw=512 th=512 tfx=0 | V0(1898.5,2055.0) V1(1907.5,2064.0) uv0(1416,360) uv1(1552,640) | XYOFFSET ofx=1728 ofy=1936 -> screen (170,119)..(179,128)
[p4:gs-sprite] #47000 ctx=0 tme=1 abe=1 FRAME fbp=0x0 fbw=10 psm=0x1 msk=0x00000000 | SCISSOR 0,0..639,223 | TEST=0x000000000005008B | TEX0 tbp=0x0 tbw=8 psm=0x2C tw=512 th=512 tfx=0 | V0(2068.0,2027.0) V1(2072.0,2038.0) uv0(888,8) uv1(944,352) | XYOFFSET ofx=1728 ofy=1936 -> screen (340,91)..(344,102)
[p4:gs-sprite] #47500 ctx=0 tme=1 abe=1 FRAME fbp=0x0 fbw=10 psm=0x1 msk=0x00000000 | SCISSOR 0,0..639,223 | TEST=0x000000000005008B | TEX0 tbp=0x0 tbw=8 psm=0x2C tw=512 th=512 tfx=0 | V0(2026.5,2013.0) V1(2031.5,2022.0) uv0(1784,360) uv1(1856,640) | XYOFFSET ofx=1728 ofy=1936 -> screen (298,77)..(303,86)
[p4:gs-sprite] #48000 ctx=0 tme=1 abe=1 FRAME fbp=0x0 fbw=10 psm=0x1 msk=0x00000000 | SCISSOR 0,0..639,223 | TEST=0x000000000005008B | TEX0 tbp=0x0 tbw=8 psm=0x2C tw=512 th=512 tfx=0 | V0(2093.5,2055.0) V1(2101.5,2064.0) uv0(1288,360) uv1(1408,640) | XYOFFSET ofx=1728 ofy=1936 -> screen (365,119)..(373,128)
[p4:gs-sprite] #48500 ctx=0 tme=1 abe=1 FRAME fbp=0x0 fbw=10 psm=0x1 msk=0x00000000 | SCISSOR 0,0..639,223 | TEST=0x000000000005008B | TEX0 tbp=0x0 tbw=8 psm=0x2C tw=512 th=512 tfx=0 | V0(2215.0,2027.0) V1(2223.0,2036.0) uv0(1288,360) uv1(1408,640) | XYOFFSET ofx=1728 ofy=1936 -> screen (487,91)..(495,100)
[p4:gs-sprite] #49000 ctx=0 tme=1 abe=1 FRAME fbp=0x0 fbw=10 psm=0x1 msk=0x00000000 | SCISSOR 0,0..639,223 | TEST=0x000000000005008B | TEX0 tbp=0x0 tbw=8 psm=0x2C tw=512 th=512 tfx=0 | V0(2186.5,2013.0) V1(2192.5,2022.0) uv0(1864,360) uv1(1952,640) | XYOFFSET ofx=1728 ofy=1936 -> screen (458,77)..(464,86)
[p4:gs-sprite] #49500 ctx=0 tme=1 abe=1 FRAME fbp=0x0 fbw=10 psm=0x1 msk=0x00000000 | SCISSOR 0,0..639,223 | TEST=0x000000000005008B | TEX0 tbp=0x0 tbw=8 psm=0x2C tw=512 th=512 tfx=0 | V0(1993.5,2069.0) V1(1996.5,2078.0) uv0(2904,8) uv1(2944,288) | XYOFFSET ofx=1728 ofy=1936 -> screen (265,133)..(268,142)
[p4:gs-sprite] #50000 ctx=0 tme=1 abe=1 FRAME fbp=0x0 fbw=10 psm=0x1 msk=0x00000000 | SCISSOR 0,0..639,223 | TEST=0x000000000005008B | TEX0 tbp=0x0 tbw=8 psm=0x2C tw=512 th=512 tfx=0 | V0(2077.0,2041.0) V1(2087.0,2050.0) uv0(4200,8) uv1(4352,288) | XYOFFSET ofx=1728 ofy=1936 -> screen (349,105)..(359,114)
[p4:gs-sprite] #50500 ctx=0 tme=1 abe=1 FRAME fbp=0x0 fbw=10 psm=0x1 msk=0x00000000 | SCISSOR 0,0..639,223 | TEST=0x000000000005008B | TEX0 tbp=0x0 tbw=8 psm=0x2C tw=512 th=512 tfx=0 | V0(1955.0,2027.0) V1(1960.0,2036.0) uv0(1784,360) uv1(1856,640) | XYOFFSET ofx=1728 ofy=1936 -> screen (227,91)..(232,100)
[p4:gs-sprite] #51000 ctx=0 tme=1 abe=1 FRAME fbp=0x0 fbw=10 psm=0x1 msk=0x00000000 | SCISSOR 0,0..639,223 | TEST=0x000000000005008B | TEX0 tbp=0x0 tbw=8 psm=0x2C tw=512 th=512 tfx=0 | V0(1895.5,2013.0) V1(1903.5,2024.0) uv0(2584,360) uv1(2704,704) | XYOFFSET ofx=1728 ofy=1936 -> screen (167,77)..(175,88)
[p4:gs-sprite] #51500 ctx=0 tme=1 abe=1 FRAME fbp=0x0 fbw=10 psm=0x1 msk=0x00000000 | SCISSOR 0,0..639,223 | TEST=0x000000000005008B | TEX0 tbp=0x0 tbw=8 psm=0x2C tw=512 th=512 tfx=0 | V0(1960.5,2055.0) V1(1966.5,2064.0) uv0(1960,360) uv1(2048,640) | XYOFFSET ofx=1728 ofy=1936 -> screen (232,119)..(238,128)
[p4:gs-sprite] #52000 ctx=0 tme=1 abe=1 FRAME fbp=0x0 fbw=10 psm=0x1 msk=0x00000000 | SCISSOR 0,0..639,223 | TEST=0x000000000005008B | TEX0 tbp=0x0 tbw=8 psm=0x2C tw=512 th=512 tfx=0 | V0(2130.0,2027.0) V1(2138.0,2036.0) uv0(5752,8) uv1(5872,288) | XYOFFSET ofx=1728 ofy=1936 -> screen (402,91)..(410,100)
[p4:gs-sprite] #52500 ctx=0 tme=1 abe=1 FRAME fbp=0x0 fbw=10 psm=0x1 msk=0x00000000 | SCISSOR 0,0..639,223 | TEST=0x000000000005008B | TEX0 tbp=0x0 tbw=8 psm=0x2C tw=512 th=512 tfx=0 | V0(2076.5,2013.0) V1(2082.5,2022.0) uv0(1864,360) uv1(1952,640) | XYOFFSET ofx=1728 ofy=1936 -> screen (348,77)..(354,86)
[p4:gs-sprite] #53000 ctx=0 tme=1 abe=1 FRAME fbp=0x0 fbw=10 psm=0x1 msk=0x00000000 | SCISSOR 0,0..639,223 | TEST=0x000000000005008B | TEX0 tbp=0x0 tbw=8 psm=0x2C tw=512 th=512 tfx=0 | V0(2154.5,2055.0) V1(2160.5,2064.0) uv0(1864,360) uv1(1952,640) | XYOFFSET ofx=1728 ofy=1936 -> screen (426,119)..(432,128)
[p4:gs-sprite] #53500 ctx=0 tme=1 abe=1 FRAME fbp=0x0 fbw=10 psm=0x1 msk=0x00000000 | SCISSOR 0,0..639,223 | TEST=0x000000000005008B | TEX0 tbp=0x0 tbw=8 psm=0x2C tw=512 th=512 tfx=0 | V0(1944.0,2041.0) V1(1952.0,2050.0) uv0(1288,360) uv1(1408,640) | XYOFFSET ofx=1728 ofy=1936 -> screen (216,105)..(224,114)
[p4:gs-sprite] #54000 ctx=0 tme=1 abe=1 FRAME fbp=0x0 fbw=10 psm=0x1 msk=0x00000000 | SCISSOR 0,0..639,223 | TEST=0x000000000005008B | TEX0 tbp=0x0 tbw=8 psm=0x2C tw=512 th=512 tfx=0 | V0(2245.5,2013.0) V1(2253.5,2022.5) uv0(232,360) uv1(352,656) | XYOFFSET ofx=1728 ofy=1936 -> screen (517,77)..(525,86)
[p4:gs-sprite] #54500 ctx=0 tme=1 abe=1 FRAME fbp=0x0 fbw=10 psm=0x1 msk=0x00000000 | SCISSOR 0,0..639,223 | TEST=0x000000000005008B | TEX0 tbp=0x0 tbw=8 psm=0x2C tw=512 th=512 tfx=0 | V0(2083.5,2069.0) V1(2086.5,2078.0) uv0(2904,8) uv1(2944,288) | XYOFFSET ofx=1728 ofy=1936 -> screen (355,133)..(358,142)
[p4:gs-sprite] #55000 ctx=0 tme=1 abe=1 FRAME fbp=0x0 fbw=10 psm=0x1 msk=0x00000000 | SCISSOR 0,0..639,223 | TEST=0x000000000005008B | TEX0 tbp=0x0 tbw=8 psm=0x2C tw=512 th=512 tfx=0 | V0(2143.0,2041.0) V1(2150.0,2050.0) uv0(1704,8) uv1(1808,288) | XYOFFSET ofx=1728 ofy=1936 -> screen (415,105)..(422,114)
[p4:gs-sprite] #55500 ctx=0 tme=1 abe=1 FRAME fbp=0x0 fbw=10 psm=0x1 msk=0x00000000 | SCISSOR 0,0..639,223 | TEST=0x000000000005008B | TEX0 tbp=0x0 tbw=8 psm=0x2C tw=512 th=512 tfx=0 | V0(2008.0,2027.0) V1(2016.0,2036.5) uv0(232,360) uv1(352,656) | XYOFFSET ofx=1728 ofy=1936 -> screen (280,91)..(288,100)
[p4:gs-sprite] #56000 ctx=0 tme=1 abe=1 FRAME fbp=0x0 fbw=10 psm=0x1 msk=0x00000000 | SCISSOR 0,0..639,223 | TEST=0x000000000005008B | TEX0 tbp=0x0 tbw=8 psm=0x2C tw=512 th=512 tfx=0 | V0(1966.5,2013.0) V1(1974.5,2022.0) uv0(360,360) uv1(480,640) | XYOFFSET ofx=1728 ofy=1936 -> screen (238,77)..(246,86)
[p4:gs-sprite] #56500 ctx=0 tme=1 abe=1 FRAME fbp=0x0 fbw=10 psm=0x1 msk=0x00000000 | SCISSOR 0,0..639,223 | TEST=0x000000000005008B | TEX0 tbp=0x0 tbw=8 psm=0x2C tw=512 th=512 tfx=0 | V0(2025.5,2055.0) V1(2033.5,2064.0) uv0(360,360) uv1(480,640) | XYOFFSET ofx=1728 ofy=1936 -> screen (297,119)..(305,128)
[p4:gs-sprite] #57000 ctx=0 tme=1 abe=1 FRAME fbp=0x0 fbw=10 psm=0x1 msk=0x00000000 | SCISSOR 0,0..639,223 | TEST=0x000000000005008B | TEX0 tbp=0x0 tbw=8 psm=0x2C tw=512 th=512 tfx=0 | V0(2174.0,2027.0) V1(2180.0,2036.0) uv0(1960,360) uv1(2048,640) | XYOFFSET ofx=1728 ofy=1936 -> screen (446,91)..(452,100)
[p4:gs-sprite] #57500 ctx=0 tme=1 abe=1 FRAME fbp=0x0 fbw=10 psm=0x1 msk=0x00000000 | SCISSOR 0,0..639,223 | TEST=0x000000000005008B | TEX0 tbp=0x0 tbw=8 psm=0x2C tw=512 th=512 tfx=0 | V0(2134.5,2013.0) V1(2137.5,2022.0) uv0(872,360) uv1(912,640) | XYOFFSET ofx=1728 ofy=1936 -> screen (406,77)..(409,86)
[p4:gs-sprite] #58000 ctx=0 tme=1 abe=1 FRAME fbp=0x0 fbw=10 psm=0x1 msk=0x00000000 | SCISSOR 0,0..639,223 | TEST=0x000000000005008B | TEX0 tbp=0x0 tbw=8 psm=0x2C tw=512 th=512 tfx=0 | V0(2212.5,2055.0) V1(2215.5,2064.0) uv0(872,360) uv1(912,640) | XYOFFSET ofx=1728 ofy=1936 -> screen (484,119)..(487,128)
[p4:gs-sprite] #58500 ctx=0 tme=1 abe=1 FRAME fbp=0x0 fbw=10 psm=0x1 msk=0x00000000 | SCISSOR 0,0..639,223 | TEST=0x000000000005008B | TEX0 tbp=0x0 tbw=8 psm=0x2C tw=512 th=512 tfx=0 | V0(2010.0,2041.0) V1(2019.0,2050.0) uv0(6040,8) uv1(6176,288) | XYOFFSET ofx=1728 ofy=1936 -> screen (282,105)..(291,114)
[p4:gs-sprite] #59000 ctx=0 tme=1 abe=1 FRAME fbp=0x0 fbw=10 psm=0x1 msk=0x00000000 | SCISSOR 0,0..639,223 | TEST=0x000000000005008B | TEX0 tbp=0x0 tbw=8 psm=0x2C tw=512 th=512 tfx=0 | V0(1891.0,2027.0) V1(1899.0,2036.0) uv0(360,360) uv1(480,640) | XYOFFSET ofx=1728 ofy=1936 -> screen (163,91)..(171,100)
[p4:gs-sprite] #59500 ctx=0 tme=0 abe=0 FRAME fbp=0x0 fbw=10 psm=0x1 msk=0x00000000 | SCISSOR 0,0..639,223 | TEST=0x000000000005008B | TEX0 tbp=0x0 tbw=0 psm=0x0 tw=1 th=1 tfx=0 | V0(1833.0,2009.0) V1(2263.0,2085.0) uv0(0,0) uv1(0,0) | XYOFFSET ofx=1728 ofy=1936 -> screen (105,73)..(535,149)
[p4:gs-sprite] #60000 ctx=0 tme=1 abe=1 FRAME fbp=0x0 fbw=10 psm=0x1 msk=0x00000000 | SCISSOR 0,0..639,223 | TEST=0x000000000005008B | TEX0 tbp=0x0 tbw=8 psm=0x2C tw=512 th=512 tfx=0 | V0(1898.5,2055.0) V1(1907.5,2064.0) uv0(1416,360) uv1(1552,640) | XYOFFSET ofx=1728 ofy=1936 -> screen (170,119)..(179,128)
[p4:gs-sprite] #60500 ctx=0 tme=1 abe=1 FRAME fbp=0x0 fbw=10 psm=0x1 msk=0x00000000 | SCISSOR 0,0..639,223 | TEST=0x000000000005008B | TEX0 tbp=0x0 tbw=8 psm=0x2C tw=512 th=512 tfx=0 | V0(2068.0,2027.0) V1(2072.0,2038.0) uv0(888,8) uv1(944,352) | XYOFFSET ofx=1728 ofy=1936 -> screen (340,91)..(344,102)
[p4:gs-sprite] #61000 ctx=0 tme=1 abe=1 FRAME fbp=0x0 fbw=10 psm=0x1 msk=0x00000000 | SCISSOR 0,0..639,223 | TEST=0x000000000005008B | TEX0 tbp=0x0 tbw=8 psm=0x2C tw=512 th=512 tfx=0 | V0(2026.5,2013.0) V1(2031.5,2022.0) uv0(1784,360) uv1(1856,640) | XYOFFSET ofx=1728 ofy=1936 -> screen (298,77)..(303,86)
[p4:gs-sprite] #61500 ctx=0 tme=1 abe=1 FRAME fbp=0x0 fbw=10 psm=0x1 msk=0x00000000 | SCISSOR 0,0..639,223 | TEST=0x000000000005008B | TEX0 tbp=0x0 tbw=8 psm=0x2C tw=512 th=512 tfx=0 | V0(2093.5,2055.0) V1(2101.5,2064.0) uv0(1288,360) uv1(1408,640) | XYOFFSET ofx=1728 ofy=1936 -> screen (365,119)..(373,128)
[p4:gs-sprite] #62000 ctx=0 tme=1 abe=1 FRAME fbp=0x0 fbw=10 psm=0x1 msk=0x00000000 | SCISSOR 0,0..639,223 | TEST=0x000000000005008B | TEX0 tbp=0x0 tbw=8 psm=0x2C tw=512 th=512 tfx=0 | V0(2215.0,2027.0) V1(2223.0,2036.0) uv0(1288,360) uv1(1408,640) | XYOFFSET ofx=1728 ofy=1936 -> screen (487,91)..(495,100)
[p4:gs-sprite] #62500 ctx=0 tme=1 abe=1 FRAME fbp=0x0 fbw=10 psm=0x1 msk=0x00000000 | SCISSOR 0,0..639,223 | TEST=0x000000000005008B | TEX0 tbp=0x0 tbw=8 psm=0x2C tw=512 th=512 tfx=0 | V0(2186.5,2013.0) V1(2192.5,2022.0) uv0(1864,360) uv1(1952,640) | XYOFFSET ofx=1728 ofy=1936 -> screen (458,77)..(464,86)
[p4:gs-sprite] #63000 ctx=0 tme=1 abe=1 FRAME fbp=0x0 fbw=10 psm=0x1 msk=0x00000000 | SCISSOR 0,0..639,223 | TEST=0x000000000005008B | TEX0 tbp=0x0 tbw=8 psm=0x2C tw=512 th=512 tfx=0 | V0(1993.5,2069.0) V1(1996.5,2078.0) uv0(2904,8) uv1(2944,288) | XYOFFSET ofx=1728 ofy=1936 -> screen (265,133)..(268,142)
[p4:gs-sprite] #63500 ctx=0 tme=1 abe=1 FRAME fbp=0x0 fbw=10 psm=0x1 msk=0x00000000 | SCISSOR 0,0..639,223 | TEST=0x000000000005008B | TEX0 tbp=0x0 tbw=8 psm=0x2C tw=512 th=512 tfx=0 | V0(2077.0,2041.0) V1(2087.0,2050.0) uv0(4200,8) uv1(4352,288) | XYOFFSET ofx=1728 ofy=1936 -> screen (349,105)..(359,114)
[p4:gs-sprite] #64000 ctx=0 tme=1 abe=1 FRAME fbp=0x0 fbw=10 psm=0x1 msk=0x00000000 | SCISSOR 0,0..639,223 | TEST=0x000000000005008B | TEX0 tbp=0x0 tbw=8 psm=0x2C tw=512 th=512 tfx=0 | V0(1955.0,2027.0) V1(1960.0,2036.0) uv0(1784,360) uv1(1856,640) | XYOFFSET ofx=1728 ofy=1936 -> screen (227,91)..(232,100)
[p4:gs-sprite] #64500 ctx=0 tme=1 abe=1 FRAME fbp=0x0 fbw=10 psm=0x1 msk=0x00000000 | SCISSOR 0,0..639,223 | TEST=0x000000000005008B | TEX0 tbp=0x0 tbw=8 psm=0x2C tw=512 th=512 tfx=0 | V0(1895.5,2013.0) V1(1903.5,2024.0) uv0(2584,360) uv1(2704,704) | XYOFFSET ofx=1728 ofy=1936 -> screen (167,77)..(175,88)
[p4:gs-sprite] #65000 ctx=0 tme=1 abe=1 FRAME fbp=0x0 fbw=10 psm=0x1 msk=0x00000000 | SCISSOR 0,0..639,223 | TEST=0x000000000005008B | TEX0 tbp=0x0 tbw=8 psm=0x2C tw=512 th=512 tfx=0 | V0(1960.5,2055.0) V1(1966.5,2064.0) uv0(1960,360) uv1(2048,640) | XYOFFSET ofx=1728 ofy=1936 -> screen (232,119)..(238,128)
[p4:gs-sprite] #65500 ctx=0 tme=1 abe=1 FRAME fbp=0x0 fbw=10 psm=0x1 msk=0x00000000 | SCISSOR 0,0..639,223 | TEST=0x000000000005008B | TEX0 tbp=0x0 tbw=8 psm=0x2C tw=512 th=512 tfx=0 | V0(2130.0,2027.0) V1(2138.0,2036.0) uv0(5752,8) uv1(5872,288) | XYOFFSET ofx=1728 ofy=1936 -> screen (402,91)..(410,100)
[p4:gs-sprite] #66000 ctx=0 tme=1 abe=1 FRAME fbp=0x0 fbw=10 psm=0x1 msk=0x00000000 | SCISSOR 0,0..639,223 | TEST=0x000000000005008B | TEX0 tbp=0x0 tbw=8 psm=0x2C tw=512 th=512 tfx=0 | V0(2076.5,2013.0) V1(2082.5,2022.0) uv0(1864,360) uv1(1952,640) | XYOFFSET ofx=1728 ofy=1936 -> screen (348,77)..(354,86)
[p4:gs-sprite] #66500 ctx=0 tme=1 abe=1 FRAME fbp=0x0 fbw=10 psm=0x1 msk=0x00000000 | SCISSOR 0,0..639,223 | TEST=0x000000000005008B | TEX0 tbp=0x0 tbw=8 psm=0x2C tw=512 th=512 tfx=0 | V0(2154.5,2055.0) V1(2160.5,2064.0) uv0(1864,360) uv1(1952,640) | XYOFFSET ofx=1728 ofy=1936 -> screen (426,119)..(432,128)
[p4:gs-sprite] #67000 ctx=0 tme=1 abe=1 FRAME fbp=0x0 fbw=10 psm=0x1 msk=0x00000000 | SCISSOR 0,0..639,223 | TEST=0x000000000005008B | TEX0 tbp=0x0 tbw=8 psm=0x2C tw=512 th=512 tfx=0 | V0(1944.0,2041.0) V1(1952.0,2050.0) uv0(1288,360) uv1(1408,640) | XYOFFSET ofx=1728 ofy=1936 -> screen (216,105)..(224,114)
[p4:gs-sprite] #67500 ctx=0 tme=1 abe=1 FRAME fbp=0x0 fbw=10 psm=0x1 msk=0x00000000 | SCISSOR 0,0..639,223 | TEST=0x000000000005008B | TEX0 tbp=0x0 tbw=8 psm=0x2C tw=512 th=512 tfx=0 | V0(2245.5,2013.0) V1(2253.5,2022.5) uv0(232,360) uv1(352,656) | XYOFFSET ofx=1728 ofy=1936 -> screen (517,77)..(525,86)
[p4:wake-pre] sid=9 consumed=1
[p4:gs-sprite] #68000 ctx=0 tme=1 abe=1 FRAME fbp=0x0 fbw=10 psm=0x1 msk=0x00000000 | SCISSOR 0,0..639,223 | TEST=0x000000000005008B | TEX0 tbp=0x0 tbw=8 psm=0x2C tw=512 th=512 tfx=0 | V0(2083.5,2069.0) V1(2086.5,2078.0) uv0(2904,8) uv1(2944,288) | XYOFFSET ofx=1728 ofy=1936 -> screen (355,133)..(358,142)
[p4:wake-pre] sid=9 consumed=1
[p4:wake-pre] sid=9 consumed=1
[p4:wake-pre] sid=9 consumed=1
[p4:wake-pre] sid=9 consumed=1
[p4:wake-pre] sid=9 consumed=1
[p4:wake-pre] sid=9 consumed=1
[p4:gs-sprite] #68500 ctx=0 tme=1 abe=1 FRAME fbp=0x0 fbw=10 psm=0x1 msk=0x00000000 | SCISSOR 0,0..639,223 | TEST=0x000000000005008B | TEX0 tbp=0x0 tbw=8 psm=0x2C tw=512 th=512 tfx=0 | V0(2143.0,2041.0) V1(2150.0,2050.0) uv0(1704,8) uv1(1808,288) | XYOFFSET ofx=1728 ofy=1936 -> screen (415,105)..(422,114)
[p4:wake-pre] sid=9 consumed=1
[p4:wake-pre] sid=9 consumed=1
[p4:wake-pre] sid=9 consumed=1
[p4:wake-pre] sid=9 consumed=1
[p4:wake-pre] sid=9 consumed=1
[p4:gs-sprite] #69000 ctx=0 tme=1 abe=1 FRAME fbp=0x0 fbw=10 psm=0x1 msk=0x00000000 | SCISSOR 0,0..639,223 | TEST=0x000000000005008B | TEX0 tbp=0x0 tbw=8 psm=0x2C tw=512 th=512 tfx=0 | V0(2008.0,2027.0) V1(2016.0,2036.5) uv0(232,360) uv1(352,656) | XYOFFSET ofx=1728 ofy=1936 -> screen (280,91)..(288,100)
[p4:gs-sprite] #69500 ctx=0 tme=1 abe=1 FRAME fbp=0x0 fbw=10 psm=0x1 msk=0x00000000 | SCISSOR 0,0..639,223 | TEST=0x000000000005008B | TEX0 tbp=0x0 tbw=8 psm=0x2C tw=512 th=512 tfx=0 | V0(1966.5,2013.0) V1(1974.5,2022.0) uv0(360,360) uv1(480,640) | XYOFFSET ofx=1728 ofy=1936 -> screen (238,77)..(246,86)
[p4:gs-sprite] #70000 ctx=0 tme=1 abe=1 FRAME fbp=0x0 fbw=10 psm=0x1 msk=0x00000000 | SCISSOR 0,0..639,223 | TEST=0x000000000005008B | TEX0 tbp=0x0 tbw=8 psm=0x2C tw=512 th=512 tfx=0 | V0(2025.5,2055.0) V1(2033.5,2064.0) uv0(360,360) uv1(480,640) | XYOFFSET ofx=1728 ofy=1936 -> screen (297,119)..(305,128)
[p4:gs-sprite] #70500 ctx=0 tme=1 abe=1 FRAME fbp=0x0 fbw=10 psm=0x1 msk=0x00000000 | SCISSOR 0,0..639,223 | TEST=0x000000000005008B | TEX0 tbp=0x0 tbw=8 psm=0x2C tw=512 th=512 tfx=0 | V0(2174.0,2027.0) V1(2180.0,2036.0) uv0(1960,360) uv1(2048,640) | XYOFFSET ofx=1728 ofy=1936 -> screen (446,91)..(452,100)
[p4:gs-sprite] #71000 ctx=0 tme=1 abe=1 FRAME fbp=0x0 fbw=10 psm=0x1 msk=0x00000000 | SCISSOR 0,0..639,223 | TEST=0x000000000005008B | TEX0 tbp=0x0 tbw=8 psm=0x2C tw=512 th=512 tfx=0 | V0(2134.5,2013.0) V1(2137.5,2022.0) uv0(872,360) uv1(912,640) | XYOFFSET ofx=1728 ofy=1936 -> screen (406,77)..(409,86)
[p4:gs-sprite] #71500 ctx=0 tme=1 abe=1 FRAME fbp=0x0 fbw=10 psm=0x1 msk=0x00000000 | SCISSOR 0,0..639,223 | TEST=0x000000000005008B | TEX0 tbp=0x0 tbw=8 psm=0x2C tw=512 th=512 tfx=0 | V0(2212.5,2055.0) V1(2215.5,2064.0) uv0(872,360) uv1(912,640) | XYOFFSET ofx=1728 ofy=1936 -> screen (484,119)..(487,128)
[p4:wake-pre] sid=9 consumed=1
[p4:gs-sprite] #72000 ctx=0 tme=1 abe=1 FRAME fbp=0x0 fbw=10 psm=0x1 msk=0x00000000 | SCISSOR 0,0..639,223 | TEST=0x000000000005008B | TEX0 tbp=0x0 tbw=8 psm=0x2C tw=512 th=512 tfx=0 | V0(2010.0,2041.0) V1(2019.0,2050.0) uv0(6040,8) uv1(6176,288) | XYOFFSET ofx=1728 ofy=1936 -> screen (282,105)..(291,114)
[p4:vbl] ticks=2100
[p4:gs-sprite] #72500 ctx=0 tme=1 abe=1 FRAME fbp=0x0 fbw=10 psm=0x1 msk=0x00000000 | SCISSOR 0,0..639,223 | TEST=0x000000000005008B | TEX0 tbp=0x0 tbw=8 psm=0x2C tw=512 th=512 tfx=0 | V0(1891.0,2027.0) V1(1899.0,2036.0) uv0(360,360) uv1(480,640) | XYOFFSET ofx=1728 ofy=1936 -> screen (163,91)..(171,100)
[p4:gs-sprite] #73000 ctx=0 tme=0 abe=0 FRAME fbp=0x0 fbw=10 psm=0x1 msk=0x00000000 | SCISSOR 0,0..639,223 | TEST=0x000000000005008B | TEX0 tbp=0x0 tbw=0 psm=0x0 tw=1 th=1 tfx=0 | V0(1833.0,2009.0) V1(2263.0,2085.0) uv0(0,0) uv1(0,0) | XYOFFSET ofx=1728 ofy=1936 -> screen (105,73)..(535,149)
[p4:gs-sprite] #73500 ctx=0 tme=1 abe=1 FRAME fbp=0x0 fbw=10 psm=0x1 msk=0x00000000 | SCISSOR 0,0..639,223 | TEST=0x000000000005008B | TEX0 tbp=0x0 tbw=8 psm=0x2C tw=512 th=512 tfx=0 | V0(1898.5,2055.0) V1(1907.5,2064.0) uv0(1416,360) uv1(1552,640) | XYOFFSET ofx=1728 ofy=1936 -> screen (170,119)..(179,128)
[p4:gs-sprite] #74000 ctx=0 tme=1 abe=1 FRAME fbp=0x0 fbw=10 psm=0x1 msk=0x00000000 | SCISSOR 0,0..639,223 | TEST=0x000000000005008B | TEX0 tbp=0x0 tbw=8 psm=0x2C tw=512 th=512 tfx=0 | V0(2068.0,2027.0) V1(2072.0,2038.0) uv0(888,8) uv1(944,352) | XYOFFSET ofx=1728 ofy=1936 -> screen (340,91)..(344,102)
[p4:gs-sprite] #74500 ctx=0 tme=1 abe=1 FRAME fbp=0x0 fbw=10 psm=0x1 msk=0x00000000 | SCISSOR 0,0..639,223 | TEST=0x000000000005008B | TEX0 tbp=0x0 tbw=8 psm=0x2C tw=512 th=512 tfx=0 | V0(2026.5,2013.0) V1(2031.5,2022.0) uv0(1784,360) uv1(1856,640) | XYOFFSET ofx=1728 ofy=1936 -> screen (298,77)..(303,86)
[p4:gs-sprite] #75000 ctx=0 tme=1 abe=1 FRAME fbp=0x0 fbw=10 psm=0x1 msk=0x00000000 | SCISSOR 0,0..639,223 | TEST=0x000000000005008B | TEX0 tbp=0x0 tbw=8 psm=0x2C tw=512 th=512 tfx=0 | V0(2093.5,2055.0) V1(2101.5,2064.0) uv0(1288,360) uv1(1408,640) | XYOFFSET ofx=1728 ofy=1936 -> screen (365,119)..(373,128)
[p4:gs-sprite] #75500 ctx=0 tme=1 abe=1 FRAME fbp=0x0 fbw=10 psm=0x1 msk=0x00000000 | SCISSOR 0,0..639,223 | TEST=0x000000000005008B | TEX0 tbp=0x0 tbw=8 psm=0x2C tw=512 th=512 tfx=0 | V0(2215.0,2027.0) V1(2223.0,2036.0) uv0(1288,360) uv1(1408,640) | XYOFFSET ofx=1728 ofy=1936 -> screen (487,91)..(495,100)
[p4:wake-pre] sid=9 consumed=1
[p4:gs-sprite] #76000 ctx=0 tme=1 abe=1 FRAME fbp=0x0 fbw=10 psm=0x1 msk=0x00000000 | SCISSOR 0,0..639,223 | TEST=0x000000000005008B | TEX0 tbp=0x0 tbw=8 psm=0x2C tw=512 th=512 tfx=0 | V0(2186.5,2013.0) V1(2192.5,2022.0) uv0(1864,360) uv1(1952,640) | XYOFFSET ofx=1728 ofy=1936 -> screen (458,77)..(464,86)
[p4:gs-sprite] #76500 ctx=0 tme=1 abe=1 FRAME fbp=0x0 fbw=10 psm=0x1 msk=0x00000000 | SCISSOR 0,0..639,223 | TEST=0x000000000005008B | TEX0 tbp=0x0 tbw=8 psm=0x2C tw=512 th=512 tfx=0 | V0(1993.5,2069.0) V1(1996.5,2078.0) uv0(2904,8) uv1(2944,288) | XYOFFSET ofx=1728 ofy=1936 -> screen (265,133)..(268,142)
[p4:gs-sprite] #77000 ctx=0 tme=1 abe=1 FRAME fbp=0x0 fbw=10 psm=0x1 msk=0x00000000 | SCISSOR 0,0..639,223 | TEST=0x000000000005008B | TEX0 tbp=0x0 tbw=8 psm=0x2C tw=512 th=512 tfx=0 | V0(2077.0,2041.0) V1(2087.0,2050.0) uv0(4200,8) uv1(4352,288) | XYOFFSET ofx=1728 ofy=1936 -> screen (349,105)..(359,114)
[p4:gs-sprite] #77500 ctx=0 tme=1 abe=1 FRAME fbp=0x0 fbw=10 psm=0x1 msk=0x00000000 | SCISSOR 0,0..639,223 | TEST=0x000000000005008B | TEX0 tbp=0x0 tbw=8 psm=0x2C tw=512 th=512 tfx=0 | V0(1955.0,2027.0) V1(1960.0,2036.0) uv0(1784,360) uv1(1856,640) | XYOFFSET ofx=1728 ofy=1936 -> screen (227,91)..(232,100)
[p4:gs-sprite] #78000 ctx=0 tme=1 abe=1 FRAME fbp=0x0 fbw=10 psm=0x1 msk=0x00000000 | SCISSOR 0,0..639,223 | TEST=0x000000000005008B | TEX0 tbp=0x0 tbw=8 psm=0x2C tw=512 th=512 tfx=0 | V0(1895.5,2013.0) V1(1903.5,2024.0) uv0(2584,360) uv1(2704,704) | XYOFFSET ofx=1728 ofy=1936 -> screen (167,77)..(175,88)
[p4:gs-sprite] #78500 ctx=0 tme=1 abe=1 FRAME fbp=0x0 fbw=10 psm=0x1 msk=0x00000000 | SCISSOR 0,0..639,223 | TEST=0x000000000005008B | TEX0 tbp=0x0 tbw=8 psm=0x2C tw=512 th=512 tfx=0 | V0(1960.5,2055.0) V1(1966.5,2064.0) uv0(1960,360) uv1(2048,640) | XYOFFSET ofx=1728 ofy=1936 -> screen (232,119)..(238,128)
[p4:wake-pre] sid=9 consumed=1
[p4:gs-sprite] #79000 ctx=0 tme=1 abe=1 FRAME fbp=0x0 fbw=10 psm=0x1 msk=0x00000000 | SCISSOR 0,0..639,223 | TEST=0x000000000005008B | TEX0 tbp=0x0 tbw=8 psm=0x2C tw=512 th=512 tfx=0 | V0(2130.0,2027.0) V1(2138.0,2036.0) uv0(5752,8) uv1(5872,288) | XYOFFSET ofx=1728 ofy=1936 -> screen (402,91)..(410,100)
[p4:gs-sprite] #79500 ctx=0 tme=1 abe=1 FRAME fbp=0x0 fbw=10 psm=0x1 msk=0x00000000 | SCISSOR 0,0..639,223 | TEST=0x000000000005008B | TEX0 tbp=0x0 tbw=8 psm=0x2C tw=512 th=512 tfx=0 | V0(2076.5,2013.0) V1(2082.5,2022.0) uv0(1864,360) uv1(1952,640) | XYOFFSET ofx=1728 ofy=1936 -> screen (348,77)..(354,86)
[p4:gs-sprite] #80000 ctx=0 tme=1 abe=1 FRAME fbp=0x0 fbw=10 psm=0x1 msk=0x00000000 | SCISSOR 0,0..639,223 | TEST=0x000000000005008B | TEX0 tbp=0x0 tbw=8 psm=0x2C tw=512 th=512 tfx=0 | V0(2154.5,2055.0) V1(2160.5,2064.0) uv0(1864,360) uv1(1952,640) | XYOFFSET ofx=1728 ofy=1936 -> screen (426,119)..(432,128)
[p4:gs-sprite] #80500 ctx=0 tme=1 abe=1 FRAME fbp=0x0 fbw=10 psm=0x1 msk=0x00000000 | SCISSOR 0,0..639,223 | TEST=0x000000000005008B | TEX0 tbp=0x0 tbw=8 psm=0x2C tw=512 th=512 tfx=0 | V0(1944.0,2041.0) V1(1952.0,2050.0) uv0(1288,360) uv1(1408,640) | XYOFFSET ofx=1728 ofy=1936 -> screen (216,105)..(224,114)
[p4:gs-sprite] #81000 ctx=0 tme=1 abe=1 FRAME fbp=0x0 fbw=10 psm=0x1 msk=0x00000000 | SCISSOR 0,0..639,223 | TEST=0x000000000005008B | TEX0 tbp=0x0 tbw=8 psm=0x2C tw=512 th=512 tfx=0 | V0(2245.5,2013.0) V1(2253.5,2022.5) uv0(232,360) uv1(352,656) | XYOFFSET ofx=1728 ofy=1936 -> screen (517,77)..(525,86)
[p4:gs-sprite] #81500 ctx=0 tme=1 abe=1 FRAME fbp=0x0 fbw=10 psm=0x1 msk=0x00000000 | SCISSOR 0,0..639,223 | TEST=0x000000000005008B | TEX0 tbp=0x0 tbw=8 psm=0x2C tw=512 th=512 tfx=0 | V0(2083.5,2069.0) V1(2086.5,2078.0) uv0(2904,8) uv1(2944,288) | XYOFFSET ofx=1728 ofy=1936 -> screen (355,133)..(358,142)
[p4:gs-sprite] #82000 ctx=0 tme=1 abe=1 FRAME fbp=0x0 fbw=10 psm=0x1 msk=0x00000000 | SCISSOR 0,0..639,223 | TEST=0x000000000005008B | TEX0 tbp=0x0 tbw=8 psm=0x2C tw=512 th=512 tfx=0 | V0(2143.0,2041.0) V1(2150.0,2050.0) uv0(1704,8) uv1(1808,288) | XYOFFSET ofx=1728 ofy=1936 -> screen (415,105)..(422,114)
[p4:alias] target=0x001517f4 owner=0x00151720 (unexported inner call)
[p4:wake-pre] sid=9 consumed=1
[p4:gs-sprite] #82500 ctx=0 tme=1 abe=1 FRAME fbp=0x0 fbw=10 psm=0x1 msk=0x00000000 | SCISSOR 0,0..639,223 | TEST=0x000000000005008B | TEX0 tbp=0x0 tbw=8 psm=0x2C tw=512 th=512 tfx=0 | V0(2008.0,2027.0) V1(2016.0,2036.5) uv0(232,360) uv1(352,656) | XYOFFSET ofx=1728 ofy=1936 -> screen (280,91)..(288,100)
[p4:gs-sprite] #83000 ctx=0 tme=1 abe=1 FRAME fbp=0x0 fbw=10 psm=0x1 msk=0x00000000 | SCISSOR 0,0..639,223 | TEST=0x000000000005008B | TEX0 tbp=0x0 tbw=8 psm=0x2C tw=512 th=512 tfx=0 | V0(1966.5,2013.0) V1(1974.5,2022.0) uv0(360,360) uv1(480,640) | XYOFFSET ofx=1728 ofy=1936 -> screen (238,77)..(246,86)
[p4:gs-sprite] #83500 ctx=0 tme=1 abe=1 FRAME fbp=0x0 fbw=10 psm=0x1 msk=0x00000000 | SCISSOR 0,0..639,223 | TEST=0x000000000005008B | TEX0 tbp=0x0 tbw=8 psm=0x2C tw=512 th=512 tfx=0 | V0(2025.5,2055.0) V1(2033.5,2064.0) uv0(360,360) uv1(480,640) | XYOFFSET ofx=1728 ofy=1936 -> screen (297,119)..(305,128)
[p4:gs-sprite] #84000 ctx=0 tme=1 abe=1 FRAME fbp=0x0 fbw=10 psm=0x1 msk=0x00000000 | SCISSOR 0,0..639,223 | TEST=0x000000000005008B | TEX0 tbp=0x0 tbw=8 psm=0x2C tw=512 th=512 tfx=0 | V0(2174.0,2027.0) V1(2180.0,2036.0) uv0(1960,360) uv1(2048,640) | XYOFFSET ofx=1728 ofy=1936 -> screen (446,91)..(452,100)
[p4:gs-sprite] #84500 ctx=0 tme=1 abe=1 FRAME fbp=0x0 fbw=10 psm=0x1 msk=0x00000000 | SCISSOR 0,0..639,223 | TEST=0x000000000005008B | TEX0 tbp=0x0 tbw=8 psm=0x2C tw=512 th=512 tfx=0 | V0(2134.5,2013.0) V1(2137.5,2022.0) uv0(872,360) uv1(912,640) | XYOFFSET ofx=1728 ofy=1936 -> screen (406,77)..(409,86)
[p4:gs-sprite] #85000 ctx=0 tme=1 abe=1 FRAME fbp=0x0 fbw=10 psm=0x1 msk=0x00000000 | SCISSOR 0,0..639,223 | TEST=0x000000000005008B | TEX0 tbp=0x0 tbw=8 psm=0x2C tw=512 th=512 tfx=0 | V0(2212.5,2055.0) V1(2215.5,2064.0) uv0(872,360) uv1(912,640) | XYOFFSET ofx=1728 ofy=1936 -> screen (484,119)..(487,128)
[p4:wake-pre] sid=9 consumed=1
[p4:gs-sprite] #85500 ctx=0 tme=1 abe=1 FRAME fbp=0x0 fbw=10 psm=0x1 msk=0x00000000 | SCISSOR 0,0..639,223 | TEST=0x000000000005008B | TEX0 tbp=0x0 tbw=8 psm=0x2C tw=512 th=512 tfx=0 | V0(2010.0,2041.0) V1(2019.0,2050.0) uv0(6040,8) uv1(6176,288) | XYOFFSET ofx=1728 ofy=1936 -> screen (282,105)..(291,114)
[p4:gs-sprite] #86000 ctx=0 tme=1 abe=1 FRAME fbp=0x0 fbw=10 psm=0x1 msk=0x00000000 | SCISSOR 0,0..639,223 | TEST=0x000000000005008B | TEX0 tbp=0x0 tbw=8 psm=0x2C tw=512 th=512 tfx=0 | V0(1891.0,2027.0) V1(1899.0,2036.0) uv0(360,360) uv1(480,640) | XYOFFSET ofx=1728 ofy=1936 -> screen (163,91)..(171,100)
[p4:gs-sprite] #86500 ctx=0 tme=0 abe=0 FRAME fbp=0x0 fbw=10 psm=0x1 msk=0x00000000 | SCISSOR 0,0..639,223 | TEST=0x000000000005008B | TEX0 tbp=0x0 tbw=0 psm=0x0 tw=1 th=1 tfx=0 | V0(1833.0,2009.0) V1(2263.0,2085.0) uv0(0,0) uv1(0,0) | XYOFFSET ofx=1728 ofy=1936 -> screen (105,73)..(535,149)
[p4:gs-sprite] #87000 ctx=0 tme=1 abe=1 FRAME fbp=0x0 fbw=10 psm=0x1 msk=0x00000000 | SCISSOR 0,0..639,223 | TEST=0x000000000005008B | TEX0 tbp=0x0 tbw=8 psm=0x2C tw=512 th=512 tfx=0 | V0(1898.5,2055.0) V1(1907.5,2064.0) uv0(1416,360) uv1(1552,640) | XYOFFSET ofx=1728 ofy=1936 -> screen (170,119)..(179,128)
[p4:gs-sprite] #87500 ctx=0 tme=1 abe=1 FRAME fbp=0x0 fbw=10 psm=0x1 msk=0x00000000 | SCISSOR 0,0..639,223 | TEST=0x000000000005008B | TEX0 tbp=0x0 tbw=8 psm=0x2C tw=512 th=512 tfx=0 | V0(2068.0,2027.0) V1(2072.0,2038.0) uv0(888,8) uv1(944,352) | XYOFFSET ofx=1728 ofy=1936 -> screen (340,91)..(344,102)
[p4:gs-sprite] #88000 ctx=0 tme=1 abe=1 FRAME fbp=0x0 fbw=10 psm=0x1 msk=0x00000000 | SCISSOR 0,0..639,223 | TEST=0x000000000005008B | TEX0 tbp=0x0 tbw=8 psm=0x2C tw=512 th=512 tfx=0 | V0(2026.5,2013.0) V1(2031.5,2022.0) uv0(1784,360) uv1(1856,640) | XYOFFSET ofx=1728 ofy=1936 -> screen (298,77)..(303,86)
[p4:gs-sprite] #88500 ctx=0 tme=1 abe=1 FRAME fbp=0x0 fbw=10 psm=0x1 msk=0x00000000 | SCISSOR 0,0..639,223 | TEST=0x000000000005008B | TEX0 tbp=0x0 tbw=8 psm=0x2C tw=512 th=512 tfx=0 | V0(2093.5,2055.0) V1(2101.5,2064.0) uv0(1288,360) uv1(1408,640) | XYOFFSET ofx=1728 ofy=1936 -> screen (365,119)..(373,128)
[p4:gs-sprite] #89000 ctx=0 tme=1 abe=1 FRAME fbp=0x0 fbw=10 psm=0x1 msk=0x00000000 | SCISSOR 0,0..639,223 | TEST=0x000000000005008B | TEX0 tbp=0x0 tbw=8 psm=0x2C tw=512 th=512 tfx=0 | V0(2215.0,2027.0) V1(2223.0,2036.0) uv0(1288,360) uv1(1408,640) | XYOFFSET ofx=1728 ofy=1936 -> screen (487,91)..(495,100)
[p4:wake-pre] sid=9 consumed=1
[p4:gs-sprite] #89500 ctx=0 tme=1 abe=1 FRAME fbp=0x0 fbw=10 psm=0x1 msk=0x00000000 | SCISSOR 0,0..639,223 | TEST=0x000000000005008B | TEX0 tbp=0x0 tbw=8 psm=0x2C tw=512 th=512 tfx=0 | V0(2186.5,2013.0) V1(2192.5,2022.0) uv0(1864,360) uv1(1952,640) | XYOFFSET ofx=1728 ofy=1936 -> screen (458,77)..(464,86)
[p4:gs-sprite] #90000 ctx=0 tme=1 abe=1 FRAME fbp=0x0 fbw=10 psm=0x1 msk=0x00000000 | SCISSOR 0,0..639,223 | TEST=0x000000000005008B | TEX0 tbp=0x0 tbw=8 psm=0x2C tw=512 th=512 tfx=0 | V0(1993.5,2069.0) V1(1996.5,2078.0) uv0(2904,8) uv1(2944,288) | XYOFFSET ofx=1728 ofy=1936 -> screen (265,133)..(268,142)
[p4:gs-sprite] #90500 ctx=0 tme=1 abe=1 FRAME fbp=0x0 fbw=10 psm=0x1 msk=0x00000000 | SCISSOR 0,0..639,223 | TEST=0x000000000005008B | TEX0 tbp=0x0 tbw=8 psm=0x2C tw=512 th=512 tfx=0 | V0(2077.0,2041.0) V1(2087.0,2050.0) uv0(4200,8) uv1(4352,288) | XYOFFSET ofx=1728 ofy=1936 -> screen (349,105)..(359,114)
[p4:vbl] ticks=2400
[p4:gs-sprite] #91000 ctx=0 tme=1 abe=1 FRAME fbp=0x0 fbw=10 psm=0x1 msk=0x00000000 | SCISSOR 0,0..639,223 | TEST=0x000000000005008B | TEX0 tbp=0x0 tbw=8 psm=0x2C tw=512 th=512 tfx=0 | V0(1955.0,2027.0) V1(1960.0,2036.0) uv0(1784,360) uv1(1856,640) | XYOFFSET ofx=1728 ofy=1936 -> screen (227,91)..(232,100)
[p4:gs-sprite] #91500 ctx=0 tme=1 abe=1 FRAME fbp=0x0 fbw=10 psm=0x1 msk=0x00000000 | SCISSOR 0,0..639,223 | TEST=0x000000000005008B | TEX0 tbp=0x0 tbw=8 psm=0x2C tw=512 th=512 tfx=0 | V0(1895.5,2013.0) V1(1903.5,2024.0) uv0(2584,360) uv1(2704,704) | XYOFFSET ofx=1728 ofy=1936 -> screen (167,77)..(175,88)
[p4:gs-sprite] #92000 ctx=0 tme=1 abe=1 FRAME fbp=0x0 fbw=10 psm=0x1 msk=0x00000000 | SCISSOR 0,0..639,223 | TEST=0x000000000005008B | TEX0 tbp=0x0 tbw=8 psm=0x2C tw=512 th=512 tfx=0 | V0(1960.5,2055.0) V1(1966.5,2064.0) uv0(1960,360) uv1(2048,640) | XYOFFSET ofx=1728 ofy=1936 -> screen (232,119)..(238,128)
[p4:gs-sprite] #92500 ctx=0 tme=1 abe=1 FRAME fbp=0x0 fbw=10 psm=0x1 msk=0x00000000 | SCISSOR 0,0..639,223 | TEST=0x000000000005008B | TEX0 tbp=0x0 tbw=8 psm=0x2C tw=512 th=512 tfx=0 | V0(2130.0,2027.0) V1(2138.0,2036.0) uv0(5752,8) uv1(5872,288) | XYOFFSET ofx=1728 ofy=1936 -> screen (402,91)..(410,100)
[p4:wake-pre] sid=9 consumed=1
[p4:gs-sprite] #93000 ctx=0 tme=1 abe=1 FRAME fbp=0x0 fbw=10 psm=0x1 msk=0x00000000 | SCISSOR 0,0..639,223 | TEST=0x000000000005008B | TEX0 tbp=0x0 tbw=8 psm=0x2C tw=512 th=512 tfx=0 | V0(2076.5,2013.0) V1(2082.5,2022.0) uv0(1864,360) uv1(1952,640) | XYOFFSET ofx=1728 ofy=1936 -> screen (348,77)..(354,86)
[p4:gs-sprite] #93500 ctx=0 tme=1 abe=1 FRAME fbp=0x0 fbw=10 psm=0x1 msk=0x00000000 | SCISSOR 0,0..639,223 | TEST=0x000000000005008B | TEX0 tbp=0x0 tbw=8 psm=0x2C tw=512 th=512 tfx=0 | V0(2154.5,2055.0) V1(2160.5,2064.0) uv0(1864,360) uv1(1952,640) | XYOFFSET ofx=1728 ofy=1936 -> screen (426,119)..(432,128)
[p4:gs-sprite] #94000 ctx=0 tme=1 abe=1 FRAME fbp=0x0 fbw=10 psm=0x1 msk=0x00000000 | SCISSOR 0,0..639,223 | TEST=0x000000000005008B | TEX0 tbp=0x0 tbw=8 psm=0x2C tw=512 th=512 tfx=0 | V0(1944.0,2041.0) V1(1952.0,2050.0) uv0(1288,360) uv1(1408,640) | XYOFFSET ofx=1728 ofy=1936 -> screen (216,105)..(224,114)
[p4:gs-sprite] #94500 ctx=0 tme=1 abe=1 FRAME fbp=0x0 fbw=10 psm=0x1 msk=0x00000000 | SCISSOR 0,0..639,223 | TEST=0x000000000005008B | TEX0 tbp=0x0 tbw=8 psm=0x2C tw=512 th=512 tfx=0 | V0(2245.5,2013.0) V1(2253.5,2022.5) uv0(232,360) uv1(352,656) | XYOFFSET ofx=1728 ofy=1936 -> screen (517,77)..(525,86)
[p4:gs-sprite] #95000 ctx=0 tme=1 abe=1 FRAME fbp=0x0 fbw=10 psm=0x1 msk=0x00000000 | SCISSOR 0,0..639,223 | TEST=0x000000000005008B | TEX0 tbp=0x0 tbw=8 psm=0x2C tw=512 th=512 tfx=0 | V0(2083.5,2069.0) V1(2086.5,2078.0) uv0(2904,8) uv1(2944,288) | XYOFFSET ofx=1728 ofy=1936 -> screen (355,133)..(358,142)
[p4:gs-sprite] #95500 ctx=0 tme=1 abe=1 FRAME fbp=0x0 fbw=10 psm=0x1 msk=0x00000000 | SCISSOR 0,0..639,223 | TEST=0x000000000005008B | TEX0 tbp=0x0 tbw=8 psm=0x2C tw=512 th=512 tfx=0 | V0(2143.0,2041.0) V1(2150.0,2050.0) uv0(1704,8) uv1(1808,288) | XYOFFSET ofx=1728 ofy=1936 -> screen (415,105)..(422,114)
[p4:gs-sprite] #96000 ctx=0 tme=1 abe=1 FRAME fbp=0x0 fbw=10 psm=0x1 msk=0x00000000 | SCISSOR 0,0..639,223 | TEST=0x000000000005008B | TEX0 tbp=0x0 tbw=8 psm=0x2C tw=512 th=512 tfx=0 | V0(2008.0,2027.0) V1(2016.0,2036.5) uv0(232,360) uv1(352,656) | XYOFFSET ofx=1728 ofy=1936 -> screen (280,91)..(288,100)
[p4:wake-pre] sid=9 consumed=1
[p4:gs-sprite] #96500 ctx=0 tme=1 abe=1 FRAME fbp=0x0 fbw=10 psm=0x1 msk=0x00000000 | SCISSOR 0,0..639,223 | TEST=0x000000000005008B | TEX0 tbp=0x0 tbw=8 psm=0x2C tw=512 th=512 tfx=0 | V0(1966.5,2013.0) V1(1974.5,2022.0) uv0(360,360) uv1(480,640) | XYOFFSET ofx=1728 ofy=1936 -> screen (238,77)..(246,86)
[p4:gs-sprite] #97000 ctx=0 tme=1 abe=1 FRAME fbp=0x0 fbw=10 psm=0x1 msk=0x00000000 | SCISSOR 0,0..639,223 | TEST=0x000000000005008B | TEX0 tbp=0x0 tbw=8 psm=0x2C tw=512 th=512 tfx=0 | V0(2025.5,2055.0) V1(2033.5,2064.0) uv0(360,360) uv1(480,640) | XYOFFSET ofx=1728 ofy=1936 -> screen (297,119)..(305,128)
[p4:gs-sprite] #97500 ctx=0 tme=1 abe=1 FRAME fbp=0x0 fbw=10 psm=0x1 msk=0x00000000 | SCISSOR 0,0..639,223 | TEST=0x000000000005008B | TEX0 tbp=0x0 tbw=8 psm=0x2C tw=512 th=512 tfx=0 | V0(2174.0,2027.0) V1(2180.0,2036.0) uv0(1960,360) uv1(2048,640) | XYOFFSET ofx=1728 ofy=1936 -> screen (446,91)..(452,100)
[p4:gs-sprite] #98000 ctx=0 tme=1 abe=1 FRAME fbp=0x0 fbw=10 psm=0x1 msk=0x00000000 | SCISSOR 0,0..639,223 | TEST=0x000000000005008B | TEX0 tbp=0x0 tbw=8 psm=0x2C tw=512 th=512 tfx=0 | V0(2134.5,2013.0) V1(2137.5,2022.0) uv0(872,360) uv1(912,640) | XYOFFSET ofx=1728 ofy=1936 -> screen (406,77)..(409,86)
[p4:gs-sprite] #98500 ctx=0 tme=1 abe=1 FRAME fbp=0x0 fbw=10 psm=0x1 msk=0x00000000 | SCISSOR 0,0..639,223 | TEST=0x000000000005008B | TEX0 tbp=0x0 tbw=8 psm=0x2C tw=512 th=512 tfx=0 | V0(2212.5,2055.0) V1(2215.5,2064.0) uv0(872,360) uv1(912,640) | XYOFFSET ofx=1728 ofy=1936 -> screen (484,119)..(487,128)
[p4:gs-sprite] #99000 ctx=0 tme=1 abe=1 FRAME fbp=0x0 fbw=10 psm=0x1 msk=0x00000000 | SCISSOR 0,0..639,223 | TEST=0x000000000005008B | TEX0 tbp=0x0 tbw=8 psm=0x2C tw=512 th=512 tfx=0 | V0(2010.0,2041.0) V1(2019.0,2050.0) uv0(6040,8) uv1(6176,288) | XYOFFSET ofx=1728 ofy=1936 -> screen (282,105)..(291,114)
[p4:gs-sprite] #99500 ctx=0 tme=1 abe=1 FRAME fbp=0x0 fbw=10 psm=0x1 msk=0x00000000 | SCISSOR 0,0..639,223 | TEST=0x000000000005008B | TEX0 tbp=0x0 tbw=8 psm=0x2C tw=512 th=512 tfx=0 | V0(1891.0,2027.0) V1(1899.0,2036.0) uv0(360,360) uv1(480,640) | XYOFFSET ofx=1728 ofy=1936 -> screen (163,91)..(171,100)
[p4:wake-pre] sid=9 consumed=1
[p4:gs-sprite] #100000 ctx=0 tme=0 abe=0 FRAME fbp=0x0 fbw=10 psm=0x1 msk=0x00000000 | SCISSOR 0,0..639,223 | TEST=0x000000000005008B | TEX0 tbp=0x0 tbw=0 psm=0x0 tw=1 th=1 tfx=0 | V0(1833.0,2009.0) V1(2263.0,2085.0) uv0(0,0) uv1(0,0) | XYOFFSET ofx=1728 ofy=1936 -> screen (105,73)..(535,149)
[p4:gs-sprite] #100500 ctx=0 tme=1 abe=1 FRAME fbp=0x0 fbw=10 psm=0x1 msk=0x00000000 | SCISSOR 0,0..639,223 | TEST=0x000000000005008B | TEX0 tbp=0x0 tbw=8 psm=0x2C tw=512 th=512 tfx=0 | V0(1898.5,2055.0) V1(1907.5,2064.0) uv0(1416,360) uv1(1552,640) | XYOFFSET ofx=1728 ofy=1936 -> screen (170,119)..(179,128)
[p4:gs-sprite] #101000 ctx=0 tme=1 abe=1 FRAME fbp=0x0 fbw=10 psm=0x1 msk=0x00000000 | SCISSOR 0,0..639,223 | TEST=0x000000000005008B | TEX0 tbp=0x0 tbw=8 psm=0x2C tw=512 th=512 tfx=0 | V0(2068.0,2027.0) V1(2072.0,2038.0) uv0(888,8) uv1(944,352) | XYOFFSET ofx=1728 ofy=1936 -> screen (340,91)..(344,102)
[p4:gs-sprite] #101500 ctx=0 tme=1 abe=1 FRAME fbp=0x0 fbw=10 psm=0x1 msk=0x00000000 | SCISSOR 0,0..639,223 | TEST=0x000000000005008B | TEX0 tbp=0x0 tbw=8 psm=0x2C tw=512 th=512 tfx=0 | V0(2026.5,2013.0) V1(2031.5,2022.0) uv0(1784,360) uv1(1856,640) | XYOFFSET ofx=1728 ofy=1936 -> screen (298,77)..(303,86)
[p4:gs-sprite] #102000 ctx=0 tme=1 abe=1 FRAME fbp=0x0 fbw=10 psm=0x1 msk=0x00000000 | SCISSOR 0,0..639,223 | TEST=0x000000000005008B | TEX0 tbp=0x0 tbw=8 psm=0x2C tw=512 th=512 tfx=0 | V0(2093.5,2055.0) V1(2101.5,2064.0) uv0(1288,360) uv1(1408,640) | XYOFFSET ofx=1728 ofy=1936 -> screen (365,119)..(373,128)
[p4:gs-sprite] #102500 ctx=0 tme=1 abe=1 FRAME fbp=0x0 fbw=10 psm=0x1 msk=0x00000000 | SCISSOR 0,0..639,223 | TEST=0x000000000005008B | TEX0 tbp=0x0 tbw=8 psm=0x2C tw=512 th=512 tfx=0 | V0(2215.0,2027.0) V1(2223.0,2036.0) uv0(1288,360) uv1(1408,640) | XYOFFSET ofx=1728 ofy=1936 -> screen (487,91)..(495,100)
[p4:gs-sprite] #103000 ctx=0 tme=1 abe=1 FRAME fbp=0x0 fbw=10 psm=0x1 msk=0x00000000 | SCISSOR 0,0..639,223 | TEST=0x000000000005008B | TEX0 tbp=0x0 tbw=8 psm=0x2C tw=512 th=512 tfx=0 | V0(2186.5,2013.0) V1(2192.5,2022.0) uv0(1864,360) uv1(1952,640) | XYOFFSET ofx=1728 ofy=1936 -> screen (458,77)..(464,86)
[p4:wake-pre] sid=9 consumed=1
[p4:gs-sprite] #103500 ctx=0 tme=1 abe=1 FRAME fbp=0x0 fbw=10 psm=0x1 msk=0x00000000 | SCISSOR 0,0..639,223 | TEST=0x000000000005008B | TEX0 tbp=0x0 tbw=8 psm=0x2C tw=512 th=512 tfx=0 | V0(1993.5,2069.0) V1(1996.5,2078.0) uv0(2904,8) uv1(2944,288) | XYOFFSET ofx=1728 ofy=1936 -> screen (265,133)..(268,142)
[p4:gs-sprite] #104000 ctx=0 tme=1 abe=1 FRAME fbp=0x0 fbw=10 psm=0x1 msk=0x00000000 | SCISSOR 0,0..639,223 | TEST=0x000000000005008B | TEX0 tbp=0x0 tbw=8 psm=0x2C tw=512 th=512 tfx=0 | V0(2077.0,2041.0) V1(2087.0,2050.0) uv0(4200,8) uv1(4352,288) | XYOFFSET ofx=1728 ofy=1936 -> screen (349,105)..(359,114)
[p4:gs-sprite] #104500 ctx=0 tme=1 abe=1 FRAME fbp=0x0 fbw=10 psm=0x1 msk=0x00000000 | SCISSOR 0,0..639,223 | TEST=0x000000000005008B | TEX0 tbp=0x0 tbw=8 psm=0x2C tw=512 th=512 tfx=0 | V0(1955.0,2027.0) V1(1960.0,2036.0) uv0(1784,360) uv1(1856,640) | XYOFFSET ofx=1728 ofy=1936 -> screen (227,91)..(232,100)
[p4:gs-sprite] #105000 ctx=0 tme=1 abe=1 FRAME fbp=0x0 fbw=10 psm=0x1 msk=0x00000000 | SCISSOR 0,0..639,223 | TEST=0x000000000005008B | TEX0 tbp=0x0 tbw=8 psm=0x2C tw=512 th=512 tfx=0 | V0(1895.5,2013.0) V1(1903.5,2024.0) uv0(2584,360) uv1(2704,704) | XYOFFSET ofx=1728 ofy=1936 -> screen (167,77)..(175,88)
[p4:gs-sprite] #105500 ctx=0 tme=1 abe=1 FRAME fbp=0x0 fbw=10 psm=0x1 msk=0x00000000 | SCISSOR 0,0..639,223 | TEST=0x000000000005008B | TEX0 tbp=0x0 tbw=8 psm=0x2C tw=512 th=512 tfx=0 | V0(1960.5,2055.0) V1(1966.5,2064.0) uv0(1960,360) uv1(2048,640) | XYOFFSET ofx=1728 ofy=1936 -> screen (232,119)..(238,128)
[p4:gs-sprite] #106000 ctx=0 tme=1 abe=1 FRAME fbp=0x0 fbw=10 psm=0x1 msk=0x00000000 | SCISSOR 0,0..639,223 | TEST=0x000000000005008B | TEX0 tbp=0x0 tbw=8 psm=0x2C tw=512 th=512 tfx=0 | V0(2130.0,2027.0) V1(2138.0,2036.0) uv0(5752,8) uv1(5872,288) | XYOFFSET ofx=1728 ofy=1936 -> screen (402,91)..(410,100)
[p4:gs-sprite] #106500 ctx=0 tme=1 abe=1 FRAME fbp=0x0 fbw=10 psm=0x1 msk=0x00000000 | SCISSOR 0,0..639,223 | TEST=0x000000000005008B | TEX0 tbp=0x0 tbw=8 psm=0x2C tw=512 th=512 tfx=0 | V0(2076.5,2013.0) V1(2082.5,2022.0) uv0(1864,360) uv1(1952,640) | XYOFFSET ofx=1728 ofy=1936 -> screen (348,77)..(354,86)
[p4:wake-pre] sid=9 consumed=1
[p4:gs-sprite] #107000 ctx=0 tme=1 abe=1 FRAME fbp=0x0 fbw=10 psm=0x1 msk=0x00000000 | SCISSOR 0,0..639,223 | TEST=0x000000000005008B | TEX0 tbp=0x0 tbw=8 psm=0x2C tw=512 th=512 tfx=0 | V0(2154.5,2055.0) V1(2160.5,2064.0) uv0(1864,360) uv1(1952,640) | XYOFFSET ofx=1728 ofy=1936 -> screen (426,119)..(432,128)
[p4:gs-sprite] #107500 ctx=0 tme=1 abe=1 FRAME fbp=0x0 fbw=10 psm=0x1 msk=0x00000000 | SCISSOR 0,0..639,223 | TEST=0x000000000005008B | TEX0 tbp=0x0 tbw=8 psm=0x2C tw=512 th=512 tfx=0 | V0(1944.0,2041.0) V1(1952.0,2050.0) uv0(1288,360) uv1(1408,640) | XYOFFSET ofx=1728 ofy=1936 -> screen (216,105)..(224,114)
[p4:gs-sprite] #108000 ctx=0 tme=1 abe=1 FRAME fbp=0x0 fbw=10 psm=0x1 msk=0x00000000 | SCISSOR 0,0..639,223 | TEST=0x000000000005008B | TEX0 tbp=0x0 tbw=8 psm=0x2C tw=512 th=512 tfx=0 | V0(2245.5,2013.0) V1(2253.5,2022.5) uv0(232,360) uv1(352,656) | XYOFFSET ofx=1728 ofy=1936 -> screen (517,77)..(525,86)
[p4:gs-sprite] #108500 ctx=0 tme=1 abe=1 FRAME fbp=0x0 fbw=10 psm=0x1 msk=0x00000000 | SCISSOR 0,0..639,223 | TEST=0x000000000005008B | TEX0 tbp=0x0 tbw=8 psm=0x2C tw=512 th=512 tfx=0 | V0(2083.5,2069.0) V1(2086.5,2078.0) uv0(2904,8) uv1(2944,288) | XYOFFSET ofx=1728 ofy=1936 -> screen (355,133)..(358,142)
[p4:vbl] ticks=2700
[p4:gs-sprite] #109000 ctx=0 tme=1 abe=1 FRAME fbp=0x0 fbw=10 psm=0x1 msk=0x00000000 | SCISSOR 0,0..639,223 | TEST=0x000000000005008B | TEX0 tbp=0x0 tbw=8 psm=0x2C tw=512 th=512 tfx=0 | V0(2143.0,2041.0) V1(2150.0,2050.0) uv0(1704,8) uv1(1808,288) | XYOFFSET ofx=1728 ofy=1936 -> screen (415,105)..(422,114)
[p4:gs-sprite] #109500 ctx=0 tme=1 abe=1 FRAME fbp=0x0 fbw=10 psm=0x1 msk=0x00000000 | SCISSOR 0,0..639,223 | TEST=0x000000000005008B | TEX0 tbp=0x0 tbw=8 psm=0x2C tw=512 th=512 tfx=0 | V0(2008.0,2027.0) V1(2016.0,2036.5) uv0(232,360) uv1(352,656) | XYOFFSET ofx=1728 ofy=1936 -> screen (280,91)..(288,100)
[p4:wake-pre] sid=9 consumed=1
[p4:gs-sprite] #110000 ctx=0 tme=1 abe=1 FRAME fbp=0x0 fbw=10 psm=0x1 msk=0x00000000 | SCISSOR 0,0..639,223 | TEST=0x000000000005008B | TEX0 tbp=0x0 tbw=8 psm=0x2C tw=512 th=512 tfx=0 | V0(1966.5,2013.0) V1(1974.5,2022.0) uv0(360,360) uv1(480,640) | XYOFFSET ofx=1728 ofy=1936 -> screen (238,77)..(246,86)
[p4:gs-sprite] #110500 ctx=0 tme=1 abe=1 FRAME fbp=0x0 fbw=10 psm=0x1 msk=0x00000000 | SCISSOR 0,0..639,223 | TEST=0x000000000005008B | TEX0 tbp=0x0 tbw=8 psm=0x2C tw=512 th=512 tfx=0 | V0(2025.5,2055.0) V1(2033.5,2064.0) uv0(360,360) uv1(480,640) | XYOFFSET ofx=1728 ofy=1936 -> screen (297,119)..(305,128)
[p4:gs-sprite] #111000 ctx=0 tme=1 abe=1 FRAME fbp=0x0 fbw=10 psm=0x1 msk=0x00000000 | SCISSOR 0,0..639,223 | TEST=0x000000000005008B | TEX0 tbp=0x0 tbw=8 psm=0x2C tw=512 th=512 tfx=0 | V0(2174.0,2027.0) V1(2180.0,2036.0) uv0(1960,360) uv1(2048,640) | XYOFFSET ofx=1728 ofy=1936 -> screen (446,91)..(452,100)
[p4:gs-sprite] #111500 ctx=0 tme=1 abe=1 FRAME fbp=0x0 fbw=10 psm=0x1 msk=0x00000000 | SCISSOR 0,0..639,223 | TEST=0x000000000005008B | TEX0 tbp=0x0 tbw=8 psm=0x2C tw=512 th=512 tfx=0 | V0(2134.5,2013.0) V1(2137.5,2022.0) uv0(872,360) uv1(912,640) | XYOFFSET ofx=1728 ofy=1936 -> screen (406,77)..(409,86)
[p4:gs-sprite] #112000 ctx=0 tme=1 abe=1 FRAME fbp=0x0 fbw=10 psm=0x1 msk=0x00000000 | SCISSOR 0,0..639,223 | TEST=0x000000000005008B | TEX0 tbp=0x0 tbw=8 psm=0x2C tw=512 th=512 tfx=0 | V0(2212.5,2055.0) V1(2215.5,2064.0) uv0(872,360) uv1(912,640) | XYOFFSET ofx=1728 ofy=1936 -> screen (484,119)..(487,128)
[p4:gs-sprite] #112500 ctx=0 tme=1 abe=1 FRAME fbp=0x0 fbw=10 psm=0x1 msk=0x00000000 | SCISSOR 0,0..639,223 | TEST=0x000000000005008B | TEX0 tbp=0x0 tbw=8 psm=0x2C tw=512 th=512 tfx=0 | V0(2010.0,2041.0) V1(2019.0,2050.0) uv0(6040,8) uv1(6176,288) | XYOFFSET ofx=1728 ofy=1936 -> screen (282,105)..(291,114)
[p4:gs-sprite] #113000 ctx=0 tme=1 abe=1 FRAME fbp=0x0 fbw=10 psm=0x1 msk=0x00000000 | SCISSOR 0,0..639,223 | TEST=0x000000000005008B | TEX0 tbp=0x0 tbw=8 psm=0x2C tw=512 th=512 tfx=0 | V0(1891.0,2027.0) V1(1899.0,2036.0) uv0(360,360) uv1(480,640) | XYOFFSET ofx=1728 ofy=1936 -> screen (163,91)..(171,100)
[p4:wake-pre] sid=9 consumed=1
[p4:gs-sprite] #113500 ctx=0 tme=0 abe=0 FRAME fbp=0x0 fbw=10 psm=0x1 msk=0x00000000 | SCISSOR 0,0..639,223 | TEST=0x000000000005008B | TEX0 tbp=0x0 tbw=0 psm=0x0 tw=1 th=1 tfx=0 | V0(1833.0,2009.0) V1(2263.0,2085.0) uv0(0,0) uv1(0,0) | XYOFFSET ofx=1728 ofy=1936 -> screen (105,73)..(535,149)
[p4:gs-sprite] #114000 ctx=0 tme=1 abe=1 FRAME fbp=0x0 fbw=10 psm=0x1 msk=0x00000000 | SCISSOR 0,0..639,223 | TEST=0x000000000005008B | TEX0 tbp=0x0 tbw=8 psm=0x2C tw=512 th=512 tfx=0 | V0(1898.5,2055.0) V1(1907.5,2064.0) uv0(1416,360) uv1(1552,640) | XYOFFSET ofx=1728 ofy=1936 -> screen (170,119)..(179,128)
[p4:gs-sprite] #114500 ctx=0 tme=1 abe=1 FRAME fbp=0x0 fbw=10 psm=0x1 msk=0x00000000 | SCISSOR 0,0..639,223 | TEST=0x000000000005008B | TEX0 tbp=0x0 tbw=8 psm=0x2C tw=512 th=512 tfx=0 | V0(2068.0,2027.0) V1(2072.0,2038.0) uv0(888,8) uv1(944,352) | XYOFFSET ofx=1728 ofy=1936 -> screen (340,91)..(344,102)
[p4:gs-sprite] #115000 ctx=0 tme=1 abe=1 FRAME fbp=0x0 fbw=10 psm=0x1 msk=0x00000000 | SCISSOR 0,0..639,223 | TEST=0x000000000005008B | TEX0 tbp=0x0 tbw=8 psm=0x2C tw=512 th=512 tfx=0 | V0(2026.5,2013.0) V1(2031.5,2022.0) uv0(1784,360) uv1(1856,640) | XYOFFSET ofx=1728 ofy=1936 -> screen (298,77)..(303,86)
[p4:gs-sprite] #115500 ctx=0 tme=1 abe=1 FRAME fbp=0x0 fbw=10 psm=0x1 msk=0x00000000 | SCISSOR 0,0..639,223 | TEST=0x000000000005008B | TEX0 tbp=0x0 tbw=8 psm=0x2C tw=512 th=512 tfx=0 | V0(2093.5,2055.0) V1(2101.5,2064.0) uv0(1288,360) uv1(1408,640) | XYOFFSET ofx=1728 ofy=1936 -> screen (365,119)..(373,128)
[p4:gs-sprite] #116000 ctx=0 tme=1 abe=1 FRAME fbp=0x0 fbw=10 psm=0x1 msk=0x00000000 | SCISSOR 0,0..639,223 | TEST=0x000000000005008B | TEX0 tbp=0x0 tbw=8 psm=0x2C tw=512 th=512 tfx=0 | V0(2215.0,2027.0) V1(2223.0,2036.0) uv0(1288,360) uv1(1408,640) | XYOFFSET ofx=1728 ofy=1936 -> screen (487,91)..(495,100)
[p4:gs-sprite] #116500 ctx=0 tme=1 abe=1 FRAME fbp=0x0 fbw=10 psm=0x1 msk=0x00000000 | SCISSOR 0,0..639,223 | TEST=0x000000000005008B | TEX0 tbp=0x0 tbw=8 psm=0x2C tw=512 th=512 tfx=0 | V0(2186.5,2013.0) V1(2192.5,2022.0) uv0(1864,360) uv1(1952,640) | XYOFFSET ofx=1728 ofy=1936 -> screen (458,77)..(464,86)
[p4:wake-pre] sid=9 consumed=1
[p4:gs-sprite] #117000 ctx=0 tme=1 abe=1 FRAME fbp=0x0 fbw=10 psm=0x1 msk=0x00000000 | SCISSOR 0,0..639,223 | TEST=0x000000000005008B | TEX0 tbp=0x0 tbw=8 psm=0x2C tw=512 th=512 tfx=0 | V0(1993.5,2069.0) V1(1996.5,2078.0) uv0(2904,8) uv1(2944,288) | XYOFFSET ofx=1728 ofy=1936 -> screen (265,133)..(268,142)
[p4:gs-sprite] #117500 ctx=0 tme=1 abe=1 FRAME fbp=0x0 fbw=10 psm=0x1 msk=0x00000000 | SCISSOR 0,0..639,223 | TEST=0x000000000005008B | TEX0 tbp=0x0 tbw=8 psm=0x2C tw=512 th=512 tfx=0 | V0(2077.0,2041.0) V1(2087.0,2050.0) uv0(4200,8) uv1(4352,288) | XYOFFSET ofx=1728 ofy=1936 -> screen (349,105)..(359,114)
[p4:gs-sprite] #118000 ctx=0 tme=1 abe=1 FRAME fbp=0x0 fbw=10 psm=0x1 msk=0x00000000 | SCISSOR 0,0..639,223 | TEST=0x000000000005008B | TEX0 tbp=0x0 tbw=8 psm=0x2C tw=512 th=512 tfx=0 | V0(1955.0,2027.0) V1(1960.0,2036.0) uv0(1784,360) uv1(1856,640) | XYOFFSET ofx=1728 ofy=1936 -> screen (227,91)..(232,100)
[p4:gs-sprite] #118500 ctx=0 tme=1 abe=1 FRAME fbp=0x0 fbw=10 psm=0x1 msk=0x00000000 | SCISSOR 0,0..639,223 | TEST=0x000000000005008B | TEX0 tbp=0x0 tbw=8 psm=0x2C tw=512 th=512 tfx=0 | V0(1895.5,2013.0) V1(1903.5,2024.0) uv0(2584,360) uv1(2704,704) | XYOFFSET ofx=1728 ofy=1936 -> screen (167,77)..(175,88)
[p4:gs-sprite] #119000 ctx=0 tme=1 abe=1 FRAME fbp=0x0 fbw=10 psm=0x1 msk=0x00000000 | SCISSOR 0,0..639,223 | TEST=0x000000000005008B | TEX0 tbp=0x0 tbw=8 psm=0x2C tw=512 th=512 tfx=0 | V0(1960.5,2055.0) V1(1966.5,2064.0) uv0(1960,360) uv1(2048,640) | XYOFFSET ofx=1728 ofy=1936 -> screen (232,119)..(238,128)
[p4:gs-sprite] #119500 ctx=0 tme=1 abe=1 FRAME fbp=0x0 fbw=10 psm=0x1 msk=0x00000000 | SCISSOR 0,0..639,223 | TEST=0x000000000005008B | TEX0 tbp=0x0 tbw=8 psm=0x2C tw=512 th=512 tfx=0 | V0(2130.0,2027.0) V1(2138.0,2036.0) uv0(5752,8) uv1(5872,288) | XYOFFSET ofx=1728 ofy=1936 -> screen (402,91)..(410,100)
[p4:gs-sprite] #120000 ctx=0 tme=1 abe=1 FRAME fbp=0x0 fbw=10 psm=0x1 msk=0x00000000 | SCISSOR 0,0..639,223 | TEST=0x000000000005008B | TEX0 tbp=0x0 tbw=8 psm=0x2C tw=512 th=512 tfx=0 | V0(2076.5,2013.0) V1(2082.5,2022.0) uv0(1864,360) uv1(1952,640) | XYOFFSET ofx=1728 ofy=1936 -> screen (348,77)..(354,86)
[p4:wake-pre] sid=9 consumed=1
[p4:gs-sprite] #120500 ctx=0 tme=1 abe=1 FRAME fbp=0x0 fbw=10 psm=0x1 msk=0x00000000 | SCISSOR 0,0..639,223 | TEST=0x000000000005008B | TEX0 tbp=0x0 tbw=8 psm=0x2C tw=512 th=512 tfx=0 | V0(2154.5,2055.0) V1(2160.5,2064.0) uv0(1864,360) uv1(1952,640) | XYOFFSET ofx=1728 ofy=1936 -> screen (426,119)..(432,128)
[p4:gs-sprite] #121000 ctx=0 tme=1 abe=1 FRAME fbp=0x0 fbw=10 psm=0x1 msk=0x00000000 | SCISSOR 0,0..639,223 | TEST=0x000000000005008B | TEX0 tbp=0x0 tbw=8 psm=0x2C tw=512 th=512 tfx=0 | V0(1944.0,2041.0) V1(1952.0,2050.0) uv0(1288,360) uv1(1408,640) | XYOFFSET ofx=1728 ofy=1936 -> screen (216,105)..(224,114)
[p4:gs-sprite] #121500 ctx=0 tme=1 abe=1 FRAME fbp=0x0 fbw=10 psm=0x1 msk=0x00000000 | SCISSOR 0,0..639,223 | TEST=0x000000000005008B | TEX0 tbp=0x0 tbw=8 psm=0x2C tw=512 th=512 tfx=0 | V0(2245.5,2013.0) V1(2253.5,2022.5) uv0(232,360) uv1(352,656) | XYOFFSET ofx=1728 ofy=1936 -> screen (517,77)..(525,86)
[p4:gs-sprite] #122000 ctx=0 tme=1 abe=1 FRAME fbp=0x0 fbw=10 psm=0x1 msk=0x00000000 | SCISSOR 0,0..639,223 | TEST=0x000000000005008B | TEX0 tbp=0x0 tbw=8 psm=0x2C tw=512 th=512 tfx=0 | V0(2083.5,2069.0) V1(2086.5,2078.0) uv0(2904,8) uv1(2944,288) | XYOFFSET ofx=1728 ofy=1936 -> screen (355,133)..(358,142)
[p4:gs-sprite] #122500 ctx=0 tme=1 abe=1 FRAME fbp=0x0 fbw=10 psm=0x1 msk=0x00000000 | SCISSOR 0,0..639,223 | TEST=0x000000000005008B | TEX0 tbp=0x0 tbw=8 psm=0x2C tw=512 th=512 tfx=0 | V0(2143.0,2041.0) V1(2150.0,2050.0) uv0(1704,8) uv1(1808,288) | XYOFFSET ofx=1728 ofy=1936 -> screen (415,105)..(422,114)
[p4:gs-sprite] #123000 ctx=0 tme=1 abe=1 FRAME fbp=0x0 fbw=10 psm=0x1 msk=0x00000000 | SCISSOR 0,0..639,223 | TEST=0x000000000005008B | TEX0 tbp=0x0 tbw=8 psm=0x2C tw=512 th=512 tfx=0 | V0(2008.0,2027.0) V1(2016.0,2036.5) uv0(232,360) uv1(352,656) | XYOFFSET ofx=1728 ofy=1936 -> screen (280,91)..(288,100)
[p4:gs-sprite] #123500 ctx=0 tme=1 abe=1 FRAME fbp=0x0 fbw=10 psm=0x1 msk=0x00000000 | SCISSOR 0,0..639,223 | TEST=0x000000000005008B | TEX0 tbp=0x0 tbw=8 psm=0x2C tw=512 th=512 tfx=0 | V0(1966.5,2013.0) V1(1974.5,2022.0) uv0(360,360) uv1(480,640) | XYOFFSET ofx=1728 ofy=1936 -> screen (238,77)..(246,86)
[p4:gs-sprite] #124000 ctx=0 tme=1 abe=1 FRAME fbp=0x0 fbw=10 psm=0x1 msk=0x00000000 | SCISSOR 0,0..639,223 | TEST=0x000000000005008B | TEX0 tbp=0x0 tbw=8 psm=0x2C tw=512 th=512 tfx=0 | V0(2025.5,2055.0) V1(2033.5,2064.0) uv0(360,360) uv1(480,640) | XYOFFSET ofx=1728 ofy=1936 -> screen (297,119)..(305,128)
[p4:wake-pre] sid=9 consumed=1
[p4:gs-sprite] #124500 ctx=0 tme=1 abe=1 FRAME fbp=0x0 fbw=10 psm=0x1 msk=0x00000000 | SCISSOR 0,0..639,223 | TEST=0x000000000005008B | TEX0 tbp=0x0 tbw=8 psm=0x2C tw=512 th=512 tfx=0 | V0(2174.0,2027.0) V1(2180.0,2036.0) uv0(1960,360) uv1(2048,640) | XYOFFSET ofx=1728 ofy=1936 -> screen (446,91)..(452,100)
[p4:gs-sprite] #125000 ctx=0 tme=1 abe=1 FRAME fbp=0x0 fbw=10 psm=0x1 msk=0x00000000 | SCISSOR 0,0..639,223 | TEST=0x000000000005008B | TEX0 tbp=0x0 tbw=8 psm=0x2C tw=512 th=512 tfx=0 | V0(2134.5,2013.0) V1(2137.5,2022.0) uv0(872,360) uv1(912,640) | XYOFFSET ofx=1728 ofy=1936 -> screen (406,77)..(409,86)
[p4:gs-sprite] #125500 ctx=0 tme=1 abe=1 FRAME fbp=0x0 fbw=10 psm=0x1 msk=0x00000000 | SCISSOR 0,0..639,223 | TEST=0x000000000005008B | TEX0 tbp=0x0 tbw=8 psm=0x2C tw=512 th=512 tfx=0 | V0(2212.5,2055.0) V1(2215.5,2064.0) uv0(872,360) uv1(912,640) | XYOFFSET ofx=1728 ofy=1936 -> screen (484,119)..(487,128)
[p4:gs-sprite] #126000 ctx=0 tme=1 abe=1 FRAME fbp=0x0 fbw=10 psm=0x1 msk=0x00000000 | SCISSOR 0,0..639,223 | TEST=0x000000000005008B | TEX0 tbp=0x0 tbw=8 psm=0x2C tw=512 th=512 tfx=0 | V0(2010.0,2041.0) V1(2019.0,2050.0) uv0(6040,8) uv1(6176,288) | XYOFFSET ofx=1728 ofy=1936 -> screen (282,105)..(291,114)
[p4:gs-sprite] #126500 ctx=0 tme=1 abe=1 FRAME fbp=0x0 fbw=10 psm=0x1 msk=0x00000000 | SCISSOR 0,0..639,223 | TEST=0x000000000005008B | TEX0 tbp=0x0 tbw=8 psm=0x2C tw=512 th=512 tfx=0 | V0(1891.0,2027.0) V1(1899.0,2036.0) uv0(360,360) uv1(480,640) | XYOFFSET ofx=1728 ofy=1936 -> screen (163,91)..(171,100)
[p4:gs-sprite] #127000 ctx=0 tme=0 abe=0 FRAME fbp=0x0 fbw=10 psm=0x1 msk=0x00000000 | SCISSOR 0,0..639,223 | TEST=0x000000000005008B | TEX0 tbp=0x0 tbw=0 psm=0x0 tw=1 th=1 tfx=0 | V0(1833.0,2009.0) V1(2263.0,2085.0) uv0(0,0) uv1(0,0) | XYOFFSET ofx=1728 ofy=1936 -> screen (105,73)..(535,149)
[p4:gs-sprite] #127500 ctx=0 tme=1 abe=1 FRAME fbp=0x0 fbw=10 psm=0x1 msk=0x00000000 | SCISSOR 0,0..639,223 | TEST=0x000000000005008B | TEX0 tbp=0x0 tbw=8 psm=0x2C tw=512 th=512 tfx=0 | V0(1898.5,2055.0) V1(1907.5,2064.0) uv0(1416,360) uv1(1552,640) | XYOFFSET ofx=1728 ofy=1936 -> screen (170,119)..(179,128)
[p4:wake-pre] sid=9 consumed=1
[p4:gs-sprite] #128000 ctx=0 tme=1 abe=1 FRAME fbp=0x0 fbw=10 psm=0x1 msk=0x00000000 | SCISSOR 0,0..639,223 | TEST=0x000000000005008B | TEX0 tbp=0x0 tbw=8 psm=0x2C tw=512 th=512 tfx=0 | V0(2068.0,2027.0) V1(2072.0,2038.0) uv0(888,8) uv1(944,352) | XYOFFSET ofx=1728 ofy=1936 -> screen (340,91)..(344,102)
[p4:vbl] ticks=3000
[p4:alias] target=0x001517ec owner=0x00151720 (unexported inner call)
[p4:gs-sprite] #128500 ctx=0 tme=1 abe=1 FRAME fbp=0x0 fbw=10 psm=0x1 msk=0x00000000 | SCISSOR 0,0..639,223 | TEST=0x000000000005008B | TEX0 tbp=0x0 tbw=8 psm=0x2C tw=512 th=512 tfx=0 | V0(2026.5,2013.0) V1(2031.5,2022.0) uv0(1784,360) uv1(1856,640) | XYOFFSET ofx=1728 ofy=1936 -> screen (298,77)..(303,86)
[p4:gs-sprite] #129000 ctx=0 tme=1 abe=1 FRAME fbp=0x0 fbw=10 psm=0x1 msk=0x00000000 | SCISSOR 0,0..639,223 | TEST=0x000000000005008B | TEX0 tbp=0x0 tbw=8 psm=0x2C tw=512 th=512 tfx=0 | V0(2093.5,2055.0) V1(2101.5,2064.0) uv0(1288,360) uv1(1408,640) | XYOFFSET ofx=1728 ofy=1936 -> screen (365,119)..(373,128)
[p4:gs-sprite] #129500 ctx=0 tme=1 abe=1 FRAME fbp=0x0 fbw=10 psm=0x1 msk=0x00000000 | SCISSOR 0,0..639,223 | TEST=0x000000000005008B | TEX0 tbp=0x0 tbw=8 psm=0x2C tw=512 th=512 tfx=0 | V0(2215.0,2027.0) V1(2223.0,2036.0) uv0(1288,360) uv1(1408,640) | XYOFFSET ofx=1728 ofy=1936 -> screen (487,91)..(495,100)
[p4:gs-sprite] #130000 ctx=0 tme=1 abe=1 FRAME fbp=0x0 fbw=10 psm=0x1 msk=0x00000000 | SCISSOR 0,0..639,223 | TEST=0x000000000005008B | TEX0 tbp=0x0 tbw=8 psm=0x2C tw=512 th=512 tfx=0 | V0(2186.5,2013.0) V1(2192.5,2022.0) uv0(1864,360) uv1(1952,640) | XYOFFSET ofx=1728 ofy=1936 -> screen (458,77)..(464,86)
[p4:gs-sprite] #130500 ctx=0 tme=1 abe=1 FRAME fbp=0x0 fbw=10 psm=0x1 msk=0x00000000 | SCISSOR 0,0..639,223 | TEST=0x000000000005008B | TEX0 tbp=0x0 tbw=8 psm=0x2C tw=512 th=512 tfx=0 | V0(1993.5,2069.0) V1(1996.5,2078.0) uv0(2904,8) uv1(2944,288) | XYOFFSET ofx=1728 ofy=1936 -> screen (265,133)..(268,142)
[p4:gs-sprite] #131000 ctx=0 tme=1 abe=1 FRAME fbp=0x0 fbw=10 psm=0x1 msk=0x00000000 | SCISSOR 0,0..639,223 | TEST=0x000000000005008B | TEX0 tbp=0x0 tbw=8 psm=0x2C tw=512 th=512 tfx=0 | V0(2077.0,2041.0) V1(2087.0,2050.0) uv0(4200,8) uv1(4352,288) | XYOFFSET ofx=1728 ofy=1936 -> screen (349,105)..(359,114)
[p4:wake-pre] sid=9 consumed=1
[p4:gs-sprite] #131500 ctx=0 tme=1 abe=1 FRAME fbp=0x0 fbw=10 psm=0x1 msk=0x00000000 | SCISSOR 0,0..639,223 | TEST=0x000000000005008B | TEX0 tbp=0x0 tbw=8 psm=0x2C tw=512 th=512 tfx=0 | V0(1955.0,2027.0) V1(1960.0,2036.0) uv0(1784,360) uv1(1856,640) | XYOFFSET ofx=1728 ofy=1936 -> screen (227,91)..(232,100)
[p4:gs-sprite] #132000 ctx=0 tme=1 abe=1 FRAME fbp=0x0 fbw=10 psm=0x1 msk=0x00000000 | SCISSOR 0,0..639,223 | TEST=0x000000000005008B | TEX0 tbp=0x0 tbw=8 psm=0x2C tw=512 th=512 tfx=0 | V0(1895.5,2013.0) V1(1903.5,2024.0) uv0(2584,360) uv1(2704,704) | XYOFFSET ofx=1728 ofy=1936 -> screen (167,77)..(175,88)
[p4:gs-sprite] #132500 ctx=0 tme=1 abe=1 FRAME fbp=0x0 fbw=10 psm=0x1 msk=0x00000000 | SCISSOR 0,0..639,223 | TEST=0x000000000005008B | TEX0 tbp=0x0 tbw=8 psm=0x2C tw=512 th=512 tfx=0 | V0(1960.5,2055.0) V1(1966.5,2064.0) uv0(1960,360) uv1(2048,640) | XYOFFSET ofx=1728 ofy=1936 -> screen (232,119)..(238,128)
[p4:gs-sprite] #133000 ctx=0 tme=1 abe=1 FRAME fbp=0x0 fbw=10 psm=0x1 msk=0x00000000 | SCISSOR 0,0..639,223 | TEST=0x000000000005008B | TEX0 tbp=0x0 tbw=8 psm=0x2C tw=512 th=512 tfx=0 | V0(2130.0,2027.0) V1(2138.0,2036.0) uv0(5752,8) uv1(5872,288) | XYOFFSET ofx=1728 ofy=1936 -> screen (402,91)..(410,100)
[p4:gs-sprite] #133500 ctx=0 tme=1 abe=1 FRAME fbp=0x0 fbw=10 psm=0x1 msk=0x00000000 | SCISSOR 0,0..639,223 | TEST=0x000000000005008B | TEX0 tbp=0x0 tbw=8 psm=0x2C tw=512 th=512 tfx=0 | V0(2076.5,2013.0) V1(2082.5,2022.0) uv0(1864,360) uv1(1952,640) | XYOFFSET ofx=1728 ofy=1936 -> screen (348,77)..(354,86)
[p4:gs-sprite] #134000 ctx=0 tme=1 abe=1 FRAME fbp=0x0 fbw=10 psm=0x1 msk=0x00000000 | SCISSOR 0,0..639,223 | TEST=0x000000000005008B | TEX0 tbp=0x0 tbw=8 psm=0x2C tw=512 th=512 tfx=0 | V0(2154.5,2055.0) V1(2160.5,2064.0) uv0(1864,360) uv1(1952,640) | XYOFFSET ofx=1728 ofy=1936 -> screen (426,119)..(432,128)
[p4:wake-pre] sid=9 consumed=1
[p4:gs-sprite] #134500 ctx=0 tme=1 abe=1 FRAME fbp=0x0 fbw=10 psm=0x1 msk=0x00000000 | SCISSOR 0,0..639,223 | TEST=0x000000000005008B | TEX0 tbp=0x0 tbw=8 psm=0x2C tw=512 th=512 tfx=0 | V0(1944.0,2041.0) V1(1952.0,2050.0) uv0(1288,360) uv1(1408,640) | XYOFFSET ofx=1728 ofy=1936 -> screen (216,105)..(224,114)
[p4:gs-sprite] #135000 ctx=0 tme=1 abe=1 FRAME fbp=0x0 fbw=10 psm=0x1 msk=0x00000000 | SCISSOR 0,0..639,223 | TEST=0x000000000005008B | TEX0 tbp=0x0 tbw=8 psm=0x2C tw=512 th=512 tfx=0 | V0(2245.5,2013.0) V1(2253.5,2022.5) uv0(232,360) uv1(352,656) | XYOFFSET ofx=1728 ofy=1936 -> screen (517,77)..(525,86)
[p4:gs-sprite] #135500 ctx=0 tme=1 abe=1 FRAME fbp=0x0 fbw=10 psm=0x1 msk=0x00000000 | SCISSOR 0,0..639,223 | TEST=0x000000000005008B | TEX0 tbp=0x0 tbw=8 psm=0x2C tw=512 th=512 tfx=0 | V0(2083.5,2069.0) V1(2086.5,2078.0) uv0(2904,8) uv1(2944,288) | XYOFFSET ofx=1728 ofy=1936 -> screen (355,133)..(358,142)
[p4:gs-sprite] #136000 ctx=0 tme=1 abe=1 FRAME fbp=0x0 fbw=10 psm=0x1 msk=0x00000000 | SCISSOR 0,0..639,223 | TEST=0x000000000005008B | TEX0 tbp=0x0 tbw=8 psm=0x2C tw=512 th=512 tfx=0 | V0(2143.0,2041.0) V1(2150.0,2050.0) uv0(1704,8) uv1(1808,288) | XYOFFSET ofx=1728 ofy=1936 -> screen (415,105)..(422,114)
[p4:gs-sprite] #136500 ctx=0 tme=1 abe=1 FRAME fbp=0x0 fbw=10 psm=0x1 msk=0x00000000 | SCISSOR 0,0..639,223 | TEST=0x000000000005008B | TEX0 tbp=0x0 tbw=8 psm=0x2C tw=512 th=512 tfx=0 | V0(2008.0,2027.0) V1(2016.0,2036.5) uv0(232,360) uv1(352,656) | XYOFFSET ofx=1728 ofy=1936 -> screen (280,91)..(288,100)
[p4:gs-sprite] #137000 ctx=0 tme=1 abe=1 FRAME fbp=0x0 fbw=10 psm=0x1 msk=0x00000000 | SCISSOR 0,0..639,223 | TEST=0x000000000005008B | TEX0 tbp=0x0 tbw=8 psm=0x2C tw=512 th=512 tfx=0 | V0(1966.5,2013.0) V1(1974.5,2022.0) uv0(360,360) uv1(480,640) | XYOFFSET ofx=1728 ofy=1936 -> screen (238,77)..(246,86)
[p4:gs-sprite] #137500 ctx=0 tme=1 abe=1 FRAME fbp=0x0 fbw=10 psm=0x1 msk=0x00000000 | SCISSOR 0,0..639,223 | TEST=0x000000000005008B | TEX0 tbp=0x0 tbw=8 psm=0x2C tw=512 th=512 tfx=0 | V0(2025.5,2055.0) V1(2033.5,2064.0) uv0(360,360) uv1(480,640) | XYOFFSET ofx=1728 ofy=1936 -> screen (297,119)..(305,128)
[p4:wake-pre] sid=9 consumed=1
[p4:gs-sprite] #138000 ctx=0 tme=1 abe=1 FRAME fbp=0x0 fbw=10 psm=0x1 msk=0x00000000 | SCISSOR 0,0..639,223 | TEST=0x000000000005008B | TEX0 tbp=0x0 tbw=8 psm=0x2C tw=512 th=512 tfx=0 | V0(2174.0,2027.0) V1(2180.0,2036.0) uv0(1960,360) uv1(2048,640) | XYOFFSET ofx=1728 ofy=1936 -> screen (446,91)..(452,100)
[p4:gs-sprite] #138500 ctx=0 tme=1 abe=1 FRAME fbp=0x0 fbw=10 psm=0x1 msk=0x00000000 | SCISSOR 0,0..639,223 | TEST=0x000000000005008B | TEX0 tbp=0x0 tbw=8 psm=0x2C tw=512 th=512 tfx=0 | V0(2134.5,2013.0) V1(2137.5,2022.0) uv0(872,360) uv1(912,640) | XYOFFSET ofx=1728 ofy=1936 -> screen (406,77)..(409,86)
[p4:gs-sprite] #139000 ctx=0 tme=1 abe=1 FRAME fbp=0x0 fbw=10 psm=0x1 msk=0x00000000 | SCISSOR 0,0..639,223 | TEST=0x000000000005008B | TEX0 tbp=0x0 tbw=8 psm=0x2C tw=512 th=512 tfx=0 | V0(2212.5,2055.0) V1(2215.5,2064.0) uv0(872,360) uv1(912,640) | XYOFFSET ofx=1728 ofy=1936 -> screen (484,119)..(487,128)
[p4:gs-sprite] #139500 ctx=0 tme=1 abe=1 FRAME fbp=0x0 fbw=10 psm=0x1 msk=0x00000000 | SCISSOR 0,0..639,223 | TEST=0x000000000005008B | TEX0 tbp=0x0 tbw=8 psm=0x2C tw=512 th=512 tfx=0 | V0(2010.0,2041.0) V1(2019.0,2050.0) uv0(6040,8) uv1(6176,288) | XYOFFSET ofx=1728 ofy=1936 -> screen (282,105)..(291,114)
[p4:gs-sprite] #140000 ctx=0 tme=1 abe=1 FRAME fbp=0x0 fbw=10 psm=0x1 msk=0x00000000 | SCISSOR 0,0..639,223 | TEST=0x000000000005008B | TEX0 tbp=0x0 tbw=8 psm=0x2C tw=512 th=512 tfx=0 | V0(1891.0,2027.0) V1(1899.0,2036.0) uv0(360,360) uv1(480,640) | XYOFFSET ofx=1728 ofy=1936 -> screen (163,91)..(171,100)
[p4:gs-sprite] #140500 ctx=0 tme=0 abe=0 FRAME fbp=0x0 fbw=10 psm=0x1 msk=0x00000000 | SCISSOR 0,0..639,223 | TEST=0x000000000005008B | TEX0 tbp=0x0 tbw=0 psm=0x0 tw=1 th=1 tfx=0 | V0(1833.0,2009.0) V1(2263.0,2085.0) uv0(0,0) uv1(0,0) | XYOFFSET ofx=1728 ofy=1936 -> screen (105,73)..(535,149)
[p4:gs-sprite] #141000 ctx=0 tme=1 abe=1 FRAME fbp=0x0 fbw=10 psm=0x1 msk=0x00000000 | SCISSOR 0,0..639,223 | TEST=0x000000000005008B | TEX0 tbp=0x0 tbw=8 psm=0x2C tw=512 th=512 tfx=0 | V0(1898.5,2055.0) V1(1907.5,2064.0) uv0(1416,360) uv1(1552,640) | XYOFFSET ofx=1728 ofy=1936 -> screen (170,119)..(179,128)
[p4:wake-pre] sid=9 consumed=1
[p4:gs-sprite] #141500 ctx=0 tme=1 abe=1 FRAME fbp=0x0 fbw=10 psm=0x1 msk=0x00000000 | SCISSOR 0,0..639,223 | TEST=0x000000000005008B | TEX0 tbp=0x0 tbw=8 psm=0x2C tw=512 th=512 tfx=0 | V0(2068.0,2027.0) V1(2072.0,2038.0) uv0(888,8) uv1(944,352) | XYOFFSET ofx=1728 ofy=1936 -> screen (340,91)..(344,102)
[p4:gs-sprite] #142000 ctx=0 tme=1 abe=1 FRAME fbp=0x0 fbw=10 psm=0x1 msk=0x00000000 | SCISSOR 0,0..639,223 | TEST=0x000000000005008B | TEX0 tbp=0x0 tbw=8 psm=0x2C tw=512 th=512 tfx=0 | V0(2026.5,2013.0) V1(2031.5,2022.0) uv0(1784,360) uv1(1856,640) | XYOFFSET ofx=1728 ofy=1936 -> screen (298,77)..(303,86)
[p4:gs-sprite] #142500 ctx=0 tme=1 abe=1 FRAME fbp=0x0 fbw=10 psm=0x1 msk=0x00000000 | SCISSOR 0,0..639,223 | TEST=0x000000000005008B | TEX0 tbp=0x0 tbw=8 psm=0x2C tw=512 th=512 tfx=0 | V0(2093.5,2055.0) V1(2101.5,2064.0) uv0(1288,360) uv1(1408,640) | XYOFFSET ofx=1728 ofy=1936 -> screen (365,119)..(373,128)
[p4:gs-sprite] #143000 ctx=0 tme=1 abe=1 FRAME fbp=0x0 fbw=10 psm=0x1 msk=0x00000000 | SCISSOR 0,0..639,223 | TEST=0x000000000005008B | TEX0 tbp=0x0 tbw=8 psm=0x2C tw=512 th=512 tfx=0 | V0(2215.0,2027.0) V1(2223.0,2036.0) uv0(1288,360) uv1(1408,640) | XYOFFSET ofx=1728 ofy=1936 -> screen (487,91)..(495,100)
[p4:gs-sprite] #143500 ctx=0 tme=1 abe=1 FRAME fbp=0x0 fbw=10 psm=0x1 msk=0x00000000 | SCISSOR 0,0..639,223 | TEST=0x000000000005008B | TEX0 tbp=0x0 tbw=8 psm=0x2C tw=512 th=512 tfx=0 | V0(2186.5,2013.0) V1(2192.5,2022.0) uv0(1864,360) uv1(1952,640) | XYOFFSET ofx=1728 ofy=1936 -> screen (458,77)..(464,86)
[p4:gs-sprite] #144000 ctx=0 tme=1 abe=1 FRAME fbp=0x0 fbw=10 psm=0x1 msk=0x00000000 | SCISSOR 0,0..639,223 | TEST=0x000000000005008B | TEX0 tbp=0x0 tbw=8 psm=0x2C tw=512 th=512 tfx=0 | V0(1993.5,2069.0) V1(1996.5,2078.0) uv0(2904,8) uv1(2944,288) | XYOFFSET ofx=1728 ofy=1936 -> screen (265,133)..(268,142)
[p4:gs-sprite] #144500 ctx=0 tme=1 abe=1 FRAME fbp=0x0 fbw=10 psm=0x1 msk=0x00000000 | SCISSOR 0,0..639,223 | TEST=0x000000000005008B | TEX0 tbp=0x0 tbw=8 psm=0x2C tw=512 th=512 tfx=0 | V0(2077.0,2041.0) V1(2087.0,2050.0) uv0(4200,8) uv1(4352,288) | XYOFFSET ofx=1728 ofy=1936 -> screen (349,105)..(359,114)
[p4:wake-pre] sid=9 consumed=1
[p4:gs-sprite] #145000 ctx=0 tme=1 abe=1 FRAME fbp=0x0 fbw=10 psm=0x1 msk=0x00000000 | SCISSOR 0,0..639,223 | TEST=0x000000000005008B | TEX0 tbp=0x0 tbw=8 psm=0x2C tw=512 th=512 tfx=0 | V0(1955.0,2027.0) V1(1960.0,2036.0) uv0(1784,360) uv1(1856,640) | XYOFFSET ofx=1728 ofy=1936 -> screen (227,91)..(232,100)
[p4:gs-sprite] #145500 ctx=0 tme=1 abe=1 FRAME fbp=0x0 fbw=10 psm=0x1 msk=0x00000000 | SCISSOR 0,0..639,223 | TEST=0x000000000005008B | TEX0 tbp=0x0 tbw=8 psm=0x2C tw=512 th=512 tfx=0 | V0(1895.5,2013.0) V1(1903.5,2024.0) uv0(2584,360) uv1(2704,704) | XYOFFSET ofx=1728 ofy=1936 -> screen (167,77)..(175,88)
[p4:gs-sprite] #146000 ctx=0 tme=1 abe=1 FRAME fbp=0x0 fbw=10 psm=0x1 msk=0x00000000 | SCISSOR 0,0..639,223 | TEST=0x000000000005008B | TEX0 tbp=0x0 tbw=8 psm=0x2C tw=512 th=512 tfx=0 | V0(1960.5,2055.0) V1(1966.5,2064.0) uv0(1960,360) uv1(2048,640) | XYOFFSET ofx=1728 ofy=1936 -> screen (232,119)..(238,128)
[p4:vbl] ticks=3300
[p4:gs-sprite] #146500 ctx=0 tme=1 abe=1 FRAME fbp=0x0 fbw=10 psm=0x1 msk=0x00000000 | SCISSOR 0,0..639,223 | TEST=0x000000000005008B | TEX0 tbp=0x0 tbw=8 psm=0x2C tw=512 th=512 tfx=0 | V0(2130.0,2027.0) V1(2138.0,2036.0) uv0(5752,8) uv1(5872,288) | XYOFFSET ofx=1728 ofy=1936 -> screen (402,91)..(410,100)
[p4:gs-sprite] #147000 ctx=0 tme=1 abe=1 FRAME fbp=0x0 fbw=10 psm=0x1 msk=0x00000000 | SCISSOR 0,0..639,223 | TEST=0x000000000005008B | TEX0 tbp=0x0 tbw=8 psm=0x2C tw=512 th=512 tfx=0 | V0(2076.5,2013.0) V1(2082.5,2022.0) uv0(1864,360) uv1(1952,640) | XYOFFSET ofx=1728 ofy=1936 -> screen (348,77)..(354,86)
[p4:gs-sprite] #147500 ctx=0 tme=1 abe=1 FRAME fbp=0x0 fbw=10 psm=0x1 msk=0x00000000 | SCISSOR 0,0..639,223 | TEST=0x000000000005008B | TEX0 tbp=0x0 tbw=8 psm=0x2C tw=512 th=512 tfx=0 | V0(2154.5,2055.0) V1(2160.5,2064.0) uv0(1864,360) uv1(1952,640) | XYOFFSET ofx=1728 ofy=1936 -> screen (426,119)..(432,128)
[p4:wake-pre] sid=9 consumed=1
[p4:gs-sprite] #148000 ctx=0 tme=1 abe=1 FRAME fbp=0x0 fbw=10 psm=0x1 msk=0x00000000 | SCISSOR 0,0..639,223 | TEST=0x000000000005008B | TEX0 tbp=0x0 tbw=8 psm=0x2C tw=512 th=512 tfx=0 | V0(1944.0,2041.0) V1(1952.0,2050.0) uv0(1288,360) uv1(1408,640) | XYOFFSET ofx=1728 ofy=1936 -> screen (216,105)..(224,114)
[p4:gs-sprite] #148500 ctx=0 tme=1 abe=1 FRAME fbp=0x0 fbw=10 psm=0x1 msk=0x00000000 | SCISSOR 0,0..639,223 | TEST=0x000000000005008B | TEX0 tbp=0x0 tbw=8 psm=0x2C tw=512 th=512 tfx=0 | V0(2245.5,2013.0) V1(2253.5,2022.5) uv0(232,360) uv1(352,656) | XYOFFSET ofx=1728 ofy=1936 -> screen (517,77)..(525,86)
[p4:gs-sprite] #149000 ctx=0 tme=1 abe=1 FRAME fbp=0x0 fbw=10 psm=0x1 msk=0x00000000 | SCISSOR 0,0..639,223 | TEST=0x000000000005008B | TEX0 tbp=0x0 tbw=8 psm=0x2C tw=512 th=512 tfx=0 | V0(2083.5,2069.0) V1(2086.5,2078.0) uv0(2904,8) uv1(2944,288) | XYOFFSET ofx=1728 ofy=1936 -> screen (355,133)..(358,142)
[p4:gs-sprite] #149500 ctx=0 tme=1 abe=1 FRAME fbp=0x0 fbw=10 psm=0x1 msk=0x00000000 | SCISSOR 0,0..639,223 | TEST=0x000000000005008B | TEX0 tbp=0x0 tbw=8 psm=0x2C tw=512 th=512 tfx=0 | V0(2143.0,2041.0) V1(2150.0,2050.0) uv0(1704,8) uv1(1808,288) | XYOFFSET ofx=1728 ofy=1936 -> screen (415,105)..(422,114)
[p4:gs-sprite] #150000 ctx=0 tme=1 abe=1 FRAME fbp=0x0 fbw=10 psm=0x1 msk=0x00000000 | SCISSOR 0,0..639,223 | TEST=0x000000000005008B | TEX0 tbp=0x0 tbw=8 psm=0x2C tw=512 th=512 tfx=0 | V0(2008.0,2027.0) V1(2016.0,2036.5) uv0(232,360) uv1(352,656) | XYOFFSET ofx=1728 ofy=1936 -> screen (280,91)..(288,100)
[p4:gs-sprite] #150500 ctx=0 tme=1 abe=1 FRAME fbp=0x0 fbw=10 psm=0x1 msk=0x00000000 | SCISSOR 0,0..639,223 | TEST=0x000000000005008B | TEX0 tbp=0x0 tbw=8 psm=0x2C tw=512 th=512 tfx=0 | V0(1966.5,2013.0) V1(1974.5,2022.0) uv0(360,360) uv1(480,640) | XYOFFSET ofx=1728 ofy=1936 -> screen (238,77)..(246,86)
[p4:gs-sprite] #151000 ctx=0 tme=1 abe=1 FRAME fbp=0x0 fbw=10 psm=0x1 msk=0x00000000 | SCISSOR 0,0..639,223 | TEST=0x000000000005008B | TEX0 tbp=0x0 tbw=8 psm=0x2C tw=512 th=512 tfx=0 | V0(2025.5,2055.0) V1(2033.5,2064.0) uv0(360,360) uv1(480,640) | XYOFFSET ofx=1728 ofy=1936 -> screen (297,119)..(305,128)
[p4:gs-sprite] #151500 ctx=0 tme=1 abe=1 FRAME fbp=0x0 fbw=10 psm=0x1 msk=0x00000000 | SCISSOR 0,0..639,223 | TEST=0x000000000005008B | TEX0 tbp=0x0 tbw=8 psm=0x2C tw=512 th=512 tfx=0 | V0(2174.0,2027.0) V1(2180.0,2036.0) uv0(1960,360) uv1(2048,640) | XYOFFSET ofx=1728 ofy=1936 -> screen (446,91)..(452,100)
[p4:wake-pre] sid=9 consumed=1
[p4:gs-sprite] #152000 ctx=0 tme=1 abe=1 FRAME fbp=0x0 fbw=10 psm=0x1 msk=0x00000000 | SCISSOR 0,0..639,223 | TEST=0x000000000005008B | TEX0 tbp=0x0 tbw=8 psm=0x2C tw=512 th=512 tfx=0 | V0(2134.5,2013.0) V1(2137.5,2022.0) uv0(872,360) uv1(912,640) | XYOFFSET ofx=1728 ofy=1936 -> screen (406,77)..(409,86)
[p4:gs-sprite] #152500 ctx=0 tme=1 abe=1 FRAME fbp=0x0 fbw=10 psm=0x1 msk=0x00000000 | SCISSOR 0,0..639,223 | TEST=0x000000000005008B | TEX0 tbp=0x0 tbw=8 psm=0x2C tw=512 th=512 tfx=0 | V0(2212.5,2055.0) V1(2215.5,2064.0) uv0(872,360) uv1(912,640) | XYOFFSET ofx=1728 ofy=1936 -> screen (484,119)..(487,128)
[p4:gs-sprite] #153000 ctx=0 tme=1 abe=1 FRAME fbp=0x0 fbw=10 psm=0x1 msk=0x00000000 | SCISSOR 0,0..639,223 | TEST=0x000000000005008B | TEX0 tbp=0x0 tbw=8 psm=0x2C tw=512 th=512 tfx=0 | V0(2010.0,2041.0) V1(2019.0,2050.0) uv0(6040,8) uv1(6176,288) | XYOFFSET ofx=1728 ofy=1936 -> screen (282,105)..(291,114)
[p4:gs-sprite] #153500 ctx=0 tme=1 abe=1 FRAME fbp=0x0 fbw=10 psm=0x1 msk=0x00000000 | SCISSOR 0,0..639,223 | TEST=0x000000000005008B | TEX0 tbp=0x0 tbw=8 psm=0x2C tw=512 th=512 tfx=0 | V0(1891.0,2027.0) V1(1899.0,2036.0) uv0(360,360) uv1(480,640) | XYOFFSET ofx=1728 ofy=1936 -> screen (163,91)..(171,100)
[p4:gs-sprite] #154000 ctx=0 tme=0 abe=0 FRAME fbp=0x0 fbw=10 psm=0x1 msk=0x00000000 | SCISSOR 0,0..639,223 | TEST=0x000000000005008B | TEX0 tbp=0x0 tbw=0 psm=0x0 tw=1 th=1 tfx=0 | V0(1833.0,2009.0) V1(2263.0,2085.0) uv0(0,0) uv1(0,0) | XYOFFSET ofx=1728 ofy=1936 -> screen (105,73)..(535,149)
[p4:gs-sprite] #154500 ctx=0 tme=1 abe=1 FRAME fbp=0x0 fbw=10 psm=0x1 msk=0x00000000 | SCISSOR 0,0..639,223 | TEST=0x000000000005008B | TEX0 tbp=0x0 tbw=8 psm=0x2C tw=512 th=512 tfx=0 | V0(1898.5,2055.0) V1(1907.5,2064.0) uv0(1416,360) uv1(1552,640) | XYOFFSET ofx=1728 ofy=1936 -> screen (170,119)..(179,128)
[p4:gs-sprite] #155000 ctx=0 tme=1 abe=1 FRAME fbp=0x0 fbw=10 psm=0x1 msk=0x00000000 | SCISSOR 0,0..639,223 | TEST=0x000000000005008B | TEX0 tbp=0x0 tbw=8 psm=0x2C tw=512 th=512 tfx=0 | V0(2068.0,2027.0) V1(2072.0,2038.0) uv0(888,8) uv1(944,352) | XYOFFSET ofx=1728 ofy=1936 -> screen (340,91)..(344,102)
[p4:wake-pre] sid=9 consumed=1
[p4:gs-sprite] #155500 ctx=0 tme=1 abe=1 FRAME fbp=0x0 fbw=10 psm=0x1 msk=0x00000000 | SCISSOR 0,0..639,223 | TEST=0x000000000005008B | TEX0 tbp=0x0 tbw=8 psm=0x2C tw=512 th=512 tfx=0 | V0(2026.5,2013.0) V1(2031.5,2022.0) uv0(1784,360) uv1(1856,640) | XYOFFSET ofx=1728 ofy=1936 -> screen (298,77)..(303,86)
[p4:gs-sprite] #156000 ctx=0 tme=1 abe=1 FRAME fbp=0x0 fbw=10 psm=0x1 msk=0x00000000 | SCISSOR 0,0..639,223 | TEST=0x000000000005008B | TEX0 tbp=0x0 tbw=8 psm=0x2C tw=512 th=512 tfx=0 | V0(2093.5,2055.0) V1(2101.5,2064.0) uv0(1288,360) uv1(1408,640) | XYOFFSET ofx=1728 ofy=1936 -> screen (365,119)..(373,128)
[p4:gs-sprite] #156500 ctx=0 tme=1 abe=1 FRAME fbp=0x0 fbw=10 psm=0x1 msk=0x00000000 | SCISSOR 0,0..639,223 | TEST=0x000000000005008B | TEX0 tbp=0x0 tbw=8 psm=0x2C tw=512 th=512 tfx=0 | V0(2215.0,2027.0) V1(2223.0,2036.0) uv0(1288,360) uv1(1408,640) | XYOFFSET ofx=1728 ofy=1936 -> screen (487,91)..(495,100)
[p4:gs-sprite] #157000 ctx=0 tme=1 abe=1 FRAME fbp=0x0 fbw=10 psm=0x1 msk=0x00000000 | SCISSOR 0,0..639,223 | TEST=0x000000000005008B | TEX0 tbp=0x0 tbw=8 psm=0x2C tw=512 th=512 tfx=0 | V0(2186.5,2013.0) V1(2192.5,2022.0) uv0(1864,360) uv1(1952,640) | XYOFFSET ofx=1728 ofy=1936 -> screen (458,77)..(464,86)
[p4:gs-sprite] #157500 ctx=0 tme=1 abe=1 FRAME fbp=0x0 fbw=10 psm=0x1 msk=0x00000000 | SCISSOR 0,0..639,223 | TEST=0x000000000005008B | TEX0 tbp=0x0 tbw=8 psm=0x2C tw=512 th=512 tfx=0 | V0(1993.5,2069.0) V1(1996.5,2078.0) uv0(2904,8) uv1(2944,288) | XYOFFSET ofx=1728 ofy=1936 -> screen (265,133)..(268,142)
[p4:gs-sprite] #158000 ctx=0 tme=1 abe=1 FRAME fbp=0x0 fbw=10 psm=0x1 msk=0x00000000 | SCISSOR 0,0..639,223 | TEST=0x000000000005008B | TEX0 tbp=0x0 tbw=8 psm=0x2C tw=512 th=512 tfx=0 | V0(2077.0,2041.0) V1(2087.0,2050.0) uv0(4200,8) uv1(4352,288) | XYOFFSET ofx=1728 ofy=1936 -> screen (349,105)..(359,114)
[p4:gs-sprite] #158500 ctx=0 tme=1 abe=1 FRAME fbp=0x0 fbw=10 psm=0x1 msk=0x00000000 | SCISSOR 0,0..639,223 | TEST=0x000000000005008B | TEX0 tbp=0x0 tbw=8 psm=0x2C tw=512 th=512 tfx=0 | V0(1955.0,2027.0) V1(1960.0,2036.0) uv0(1784,360) uv1(1856,640) | XYOFFSET ofx=1728 ofy=1936 -> screen (227,91)..(232,100)
[p4:wake-pre] sid=9 consumed=1
[p4:gs-sprite] #159000 ctx=0 tme=1 abe=1 FRAME fbp=0x0 fbw=10 psm=0x1 msk=0x00000000 | SCISSOR 0,0..639,223 | TEST=0x000000000005008B | TEX0 tbp=0x0 tbw=8 psm=0x2C tw=512 th=512 tfx=0 | V0(1895.5,2013.0) V1(1903.5,2024.0) uv0(2584,360) uv1(2704,704) | XYOFFSET ofx=1728 ofy=1936 -> screen (167,77)..(175,88)
[p4:gs-sprite] #159500 ctx=0 tme=1 abe=1 FRAME fbp=0x0 fbw=10 psm=0x1 msk=0x00000000 | SCISSOR 0,0..639,223 | TEST=0x000000000005008B | TEX0 tbp=0x0 tbw=8 psm=0x2C tw=512 th=512 tfx=0 | V0(1960.5,2055.0) V1(1966.5,2064.0) uv0(1960,360) uv1(2048,640) | XYOFFSET ofx=1728 ofy=1936 -> screen (232,119)..(238,128)
[p4:gs-sprite] #160000 ctx=0 tme=1 abe=1 FRAME fbp=0x0 fbw=10 psm=0x1 msk=0x00000000 | SCISSOR 0,0..639,223 | TEST=0x000000000005008B | TEX0 tbp=0x0 tbw=8 psm=0x2C tw=512 th=512 tfx=0 | V0(2130.0,2027.0) V1(2138.0,2036.0) uv0(5752,8) uv1(5872,288) | XYOFFSET ofx=1728 ofy=1936 -> screen (402,91)..(410,100)
[p4:gs-sprite] #160500 ctx=0 tme=1 abe=1 FRAME fbp=0x0 fbw=10 psm=0x1 msk=0x00000000 | SCISSOR 0,0..639,223 | TEST=0x000000000005008B | TEX0 tbp=0x0 tbw=8 psm=0x2C tw=512 th=512 tfx=0 | V0(2076.5,2013.0) V1(2082.5,2022.0) uv0(1864,360) uv1(1952,640) | XYOFFSET ofx=1728 ofy=1936 -> screen (348,77)..(354,86)
[p4:gs-sprite] #161000 ctx=0 tme=1 abe=1 FRAME fbp=0x0 fbw=10 psm=0x1 msk=0x00000000 | SCISSOR 0,0..639,223 | TEST=0x000000000005008B | TEX0 tbp=0x0 tbw=8 psm=0x2C tw=512 th=512 tfx=0 | V0(2154.5,2055.0) V1(2160.5,2064.0) uv0(1864,360) uv1(1952,640) | XYOFFSET ofx=1728 ofy=1936 -> screen (426,119)..(432,128)
[p4:gs-sprite] #161500 ctx=0 tme=1 abe=1 FRAME fbp=0x0 fbw=10 psm=0x1 msk=0x00000000 | SCISSOR 0,0..639,223 | TEST=0x000000000005008B | TEX0 tbp=0x0 tbw=8 psm=0x2C tw=512 th=512 tfx=0 | V0(1944.0,2041.0) V1(1952.0,2050.0) uv0(1288,360) uv1(1408,640) | XYOFFSET ofx=1728 ofy=1936 -> screen (216,105)..(224,114)
[p4:gs-sprite] #162000 ctx=0 tme=1 abe=1 FRAME fbp=0x0 fbw=10 psm=0x1 msk=0x00000000 | SCISSOR 0,0..639,223 | TEST=0x000000000005008B | TEX0 tbp=0x0 tbw=8 psm=0x2C tw=512 th=512 tfx=0 | V0(2245.5,2013.0) V1(2253.5,2022.5) uv0(232,360) uv1(352,656) | XYOFFSET ofx=1728 ofy=1936 -> screen (517,77)..(525,86)
[p4:wake-pre] sid=9 consumed=1
[p4:gs-sprite] #162500 ctx=0 tme=1 abe=1 FRAME fbp=0x0 fbw=10 psm=0x1 msk=0x00000000 | SCISSOR 0,0..639,223 | TEST=0x000000000005008B | TEX0 tbp=0x0 tbw=8 psm=0x2C tw=512 th=512 tfx=0 | V0(2083.5,2069.0) V1(2086.5,2078.0) uv0(2904,8) uv1(2944,288) | XYOFFSET ofx=1728 ofy=1936 -> screen (355,133)..(358,142)
[p4:gs-sprite] #163000 ctx=0 tme=1 abe=1 FRAME fbp=0x0 fbw=10 psm=0x1 msk=0x00000000 | SCISSOR 0,0..639,223 | TEST=0x000000000005008B | TEX0 tbp=0x0 tbw=8 psm=0x2C tw=512 th=512 tfx=0 | V0(2143.0,2041.0) V1(2150.0,2050.0) uv0(1704,8) uv1(1808,288) | XYOFFSET ofx=1728 ofy=1936 -> screen (415,105)..(422,114)
[p4:gs-sprite] #163500 ctx=0 tme=1 abe=1 FRAME fbp=0x0 fbw=10 psm=0x1 msk=0x00000000 | SCISSOR 0,0..639,223 | TEST=0x000000000005008B | TEX0 tbp=0x0 tbw=8 psm=0x2C tw=512 th=512 tfx=0 | V0(2008.0,2027.0) V1(2016.0,2036.5) uv0(232,360) uv1(352,656) | XYOFFSET ofx=1728 ofy=1936 -> screen (280,91)..(288,100)
[p4:gs-sprite] #164000 ctx=0 tme=1 abe=1 FRAME fbp=0x0 fbw=10 psm=0x1 msk=0x00000000 | SCISSOR 0,0..639,223 | TEST=0x000000000005008B | TEX0 tbp=0x0 tbw=8 psm=0x2C tw=512 th=512 tfx=0 | V0(1966.5,2013.0) V1(1974.5,2022.0) uv0(360,360) uv1(480,640) | XYOFFSET ofx=1728 ofy=1936 -> screen (238,77)..(246,86)
[p4:gs-sprite] #164500 ctx=0 tme=1 abe=1 FRAME fbp=0x0 fbw=10 psm=0x1 msk=0x00000000 | SCISSOR 0,0..639,223 | TEST=0x000000000005008B | TEX0 tbp=0x0 tbw=8 psm=0x2C tw=512 th=512 tfx=0 | V0(2025.5,2055.0) V1(2033.5,2064.0) uv0(360,360) uv1(480,640) | XYOFFSET ofx=1728 ofy=1936 -> screen (297,119)..(305,128)
[p4:vbl] ticks=3600
[p4:gs-sprite] #165000 ctx=0 tme=1 abe=1 FRAME fbp=0x0 fbw=10 psm=0x1 msk=0x00000000 | SCISSOR 0,0..639,223 | TEST=0x000000000005008B | TEX0 tbp=0x0 tbw=8 psm=0x2C tw=512 th=512 tfx=0 | V0(2174.0,2027.0) V1(2180.0,2036.0) uv0(1960,360) uv1(2048,640) | XYOFFSET ofx=1728 ofy=1936 -> screen (446,91)..(452,100)
[p4:gs-sprite] #165500 ctx=0 tme=1 abe=1 FRAME fbp=0x0 fbw=10 psm=0x1 msk=0x00000000 | SCISSOR 0,0..639,223 | TEST=0x000000000005008B | TEX0 tbp=0x0 tbw=8 psm=0x2C tw=512 th=512 tfx=0 | V0(2134.5,2013.0) V1(2137.5,2022.0) uv0(872,360) uv1(912,640) | XYOFFSET ofx=1728 ofy=1936 -> screen (406,77)..(409,86)
[p4:gs-sprite] #166000 ctx=0 tme=1 abe=1 FRAME fbp=0x0 fbw=10 psm=0x1 msk=0x00000000 | SCISSOR 0,0..639,223 | TEST=0x000000000005008B | TEX0 tbp=0x0 tbw=8 psm=0x2C tw=512 th=512 tfx=0 | V0(2212.5,2055.0) V1(2215.5,2064.0) uv0(872,360) uv1(912,640) | XYOFFSET ofx=1728 ofy=1936 -> screen (484,119)..(487,128)
[p4:wake-pre] sid=9 consumed=1
[p4:gs-sprite] #166500 ctx=0 tme=1 abe=1 FRAME fbp=0x0 fbw=10 psm=0x1 msk=0x00000000 | SCISSOR 0,0..639,223 | TEST=0x000000000005008B | TEX0 tbp=0x0 tbw=8 psm=0x2C tw=512 th=512 tfx=0 | V0(2010.0,2041.0) V1(2019.0,2050.0) uv0(6040,8) uv1(6176,288) | XYOFFSET ofx=1728 ofy=1936 -> screen (282,105)..(291,114)
[p4:gs-sprite] #167000 ctx=0 tme=1 abe=1 FRAME fbp=0x0 fbw=10 psm=0x1 msk=0x00000000 | SCISSOR 0,0..639,223 | TEST=0x000000000005008B | TEX0 tbp=0x0 tbw=8 psm=0x2C tw=512 th=512 tfx=0 | V0(1891.0,2027.0) V1(1899.0,2036.0) uv0(360,360) uv1(480,640) | XYOFFSET ofx=1728 ofy=1936 -> screen (163,91)..(171,100)
[p4:gs-sprite] #167500 ctx=0 tme=0 abe=0 FRAME fbp=0x0 fbw=10 psm=0x1 msk=0x00000000 | SCISSOR 0,0..639,223 | TEST=0x000000000005008B | TEX0 tbp=0x0 tbw=0 psm=0x0 tw=1 th=1 tfx=0 | V0(1833.0,2009.0) V1(2263.0,2085.0) uv0(0,0) uv1(0,0) | XYOFFSET ofx=1728 ofy=1936 -> screen (105,73)..(535,149)
[p4:gs-sprite] #168000 ctx=0 tme=1 abe=1 FRAME fbp=0x0 fbw=10 psm=0x1 msk=0x00000000 | SCISSOR 0,0..639,223 | TEST=0x000000000005008B | TEX0 tbp=0x0 tbw=8 psm=0x2C tw=512 th=512 tfx=0 | V0(1898.5,2055.0) V1(1907.5,2064.0) uv0(1416,360) uv1(1552,640) | XYOFFSET ofx=1728 ofy=1936 -> screen (170,119)..(179,128)
[p4:gs-sprite] #168500 ctx=0 tme=1 abe=1 FRAME fbp=0x0 fbw=10 psm=0x1 msk=0x00000000 | SCISSOR 0,0..639,223 | TEST=0x000000000005008B | TEX0 tbp=0x0 tbw=8 psm=0x2C tw=512 th=512 tfx=0 | V0(2068.0,2027.0) V1(2072.0,2038.0) uv0(888,8) uv1(944,352) | XYOFFSET ofx=1728 ofy=1936 -> screen (340,91)..(344,102)
[p4:gs-sprite] #169000 ctx=0 tme=1 abe=1 FRAME fbp=0x0 fbw=10 psm=0x1 msk=0x00000000 | SCISSOR 0,0..639,223 | TEST=0x000000000005008B | TEX0 tbp=0x0 tbw=8 psm=0x2C tw=512 th=512 tfx=0 | V0(2026.5,2013.0) V1(2031.5,2022.0) uv0(1784,360) uv1(1856,640) | XYOFFSET ofx=1728 ofy=1936 -> screen (298,77)..(303,86)
[p4:wake-pre] sid=9 consumed=1
[p4:gs-sprite] #169500 ctx=0 tme=1 abe=1 FRAME fbp=0x0 fbw=10 psm=0x1 msk=0x00000000 | SCISSOR 0,0..639,223 | TEST=0x000000000005008B | TEX0 tbp=0x0 tbw=8 psm=0x2C tw=512 th=512 tfx=0 | V0(2093.5,2055.0) V1(2101.5,2064.0) uv0(1288,360) uv1(1408,640) | XYOFFSET ofx=1728 ofy=1936 -> screen (365,119)..(373,128)
[p4:gs-sprite] #170000 ctx=0 tme=1 abe=1 FRAME fbp=0x0 fbw=10 psm=0x1 msk=0x00000000 | SCISSOR 0,0..639,223 | TEST=0x000000000005008B | TEX0 tbp=0x0 tbw=8 psm=0x2C tw=512 th=512 tfx=0 | V0(2215.0,2027.0) V1(2223.0,2036.0) uv0(1288,360) uv1(1408,640) | XYOFFSET ofx=1728 ofy=1936 -> screen (487,91)..(495,100)
[p4:gs-sprite] #170500 ctx=0 tme=1 abe=1 FRAME fbp=0x0 fbw=10 psm=0x1 msk=0x00000000 | SCISSOR 0,0..639,223 | TEST=0x000000000005008B | TEX0 tbp=0x0 tbw=8 psm=0x2C tw=512 th=512 tfx=0 | V0(2186.5,2013.0) V1(2192.5,2022.0) uv0(1864,360) uv1(1952,640) | XYOFFSET ofx=1728 ofy=1936 -> screen (458,77)..(464,86)
[p4:gs-sprite] #171000 ctx=0 tme=1 abe=1 FRAME fbp=0x0 fbw=10 psm=0x1 msk=0x00000000 | SCISSOR 0,0..639,223 | TEST=0x000000000005008B | TEX0 tbp=0x0 tbw=8 psm=0x2C tw=512 th=512 tfx=0 | V0(1993.5,2069.0) V1(1996.5,2078.0) uv0(2904,8) uv1(2944,288) | XYOFFSET ofx=1728 ofy=1936 -> screen (265,133)..(268,142)
[p4:gs-sprite] #171500 ctx=0 tme=1 abe=1 FRAME fbp=0x0 fbw=10 psm=0x1 msk=0x00000000 | SCISSOR 0,0..639,223 | TEST=0x000000000005008B | TEX0 tbp=0x0 tbw=8 psm=0x2C tw=512 th=512 tfx=0 | V0(2077.0,2041.0) V1(2087.0,2050.0) uv0(4200,8) uv1(4352,288) | XYOFFSET ofx=1728 ofy=1936 -> screen (349,105)..(359,114)
[p4:gs-sprite] #172000 ctx=0 tme=1 abe=1 FRAME fbp=0x0 fbw=10 psm=0x1 msk=0x00000000 | SCISSOR 0,0..639,223 | TEST=0x000000000005008B | TEX0 tbp=0x0 tbw=8 psm=0x2C tw=512 th=512 tfx=0 | V0(1955.0,2027.0) V1(1960.0,2036.0) uv0(1784,360) uv1(1856,640) | XYOFFSET ofx=1728 ofy=1936 -> screen (227,91)..(232,100)
[p4:gs-sprite] #172500 ctx=0 tme=1 abe=1 FRAME fbp=0x0 fbw=10 psm=0x1 msk=0x00000000 | SCISSOR 0,0..639,223 | TEST=0x000000000005008B | TEX0 tbp=0x0 tbw=8 psm=0x2C tw=512 th=512 tfx=0 | V0(1895.5,2013.0) V1(1903.5,2024.0) uv0(2584,360) uv1(2704,704) | XYOFFSET ofx=1728 ofy=1936 -> screen (167,77)..(175,88)
[p4:gs-sprite] #173000 ctx=0 tme=1 abe=1 FRAME fbp=0x0 fbw=10 psm=0x1 msk=0x00000000 | SCISSOR 0,0..639,223 | TEST=0x000000000005008B | TEX0 tbp=0x0 tbw=8 psm=0x2C tw=512 th=512 tfx=0 | V0(1960.5,2055.0) V1(1966.5,2064.0) uv0(1960,360) uv1(2048,640) | XYOFFSET ofx=1728 ofy=1936 -> screen (232,119)..(238,128)
[p4:wake-pre] sid=9 consumed=1
[p4:gs-sprite] #173500 ctx=0 tme=1 abe=1 FRAME fbp=0x0 fbw=10 psm=0x1 msk=0x00000000 | SCISSOR 0,0..639,223 | TEST=0x000000000005008B | TEX0 tbp=0x0 tbw=8 psm=0x2C tw=512 th=512 tfx=0 | V0(2130.0,2027.0) V1(2138.0,2036.0) uv0(5752,8) uv1(5872,288) | XYOFFSET ofx=1728 ofy=1936 -> screen (402,91)..(410,100)
[p4:gs-sprite] #174000 ctx=0 tme=1 abe=1 FRAME fbp=0x0 fbw=10 psm=0x1 msk=0x00000000 | SCISSOR 0,0..639,223 | TEST=0x000000000005008B | TEX0 tbp=0x0 tbw=8 psm=0x2C tw=512 th=512 tfx=0 | V0(2076.5,2013.0) V1(2082.5,2022.0) uv0(1864,360) uv1(1952,640) | XYOFFSET ofx=1728 ofy=1936 -> screen (348,77)..(354,86)
[p4:gs-sprite] #174500 ctx=0 tme=1 abe=1 FRAME fbp=0x0 fbw=10 psm=0x1 msk=0x00000000 | SCISSOR 0,0..639,223 | TEST=0x000000000005008B | TEX0 tbp=0x0 tbw=8 psm=0x2C tw=512 th=512 tfx=0 | V0(2154.5,2055.0) V1(2160.5,2064.0) uv0(1864,360) uv1(1952,640) | XYOFFSET ofx=1728 ofy=1936 -> screen (426,119)..(432,128)
[p4:gs-sprite] #175000 ctx=0 tme=1 abe=1 FRAME fbp=0x0 fbw=10 psm=0x1 msk=0x00000000 | SCISSOR 0,0..639,223 | TEST=0x000000000005008B | TEX0 tbp=0x0 tbw=8 psm=0x2C tw=512 th=512 tfx=0 | V0(1944.0,2041.0) V1(1952.0,2050.0) uv0(1288,360) uv1(1408,640) | XYOFFSET ofx=1728 ofy=1936 -> screen (216,105)..(224,114)
[p4:gs-sprite] #175500 ctx=0 tme=1 abe=1 FRAME fbp=0x0 fbw=10 psm=0x1 msk=0x00000000 | SCISSOR 0,0..639,223 | TEST=0x000000000005008B | TEX0 tbp=0x0 tbw=8 psm=0x2C tw=512 th=512 tfx=0 | V0(2245.5,2013.0) V1(2253.5,2022.5) uv0(232,360) uv1(352,656) | XYOFFSET ofx=1728 ofy=1936 -> screen (517,77)..(525,86)
[p4:gs-sprite] #176000 ctx=0 tme=1 abe=1 FRAME fbp=0x0 fbw=10 psm=0x1 msk=0x00000000 | SCISSOR 0,0..639,223 | TEST=0x000000000005008B | TEX0 tbp=0x0 tbw=8 psm=0x2C tw=512 th=512 tfx=0 | V0(2083.5,2069.0) V1(2086.5,2078.0) uv0(2904,8) uv1(2944,288) | XYOFFSET ofx=1728 ofy=1936 -> screen (355,133)..(358,142)
[p4:gs-sprite] #176500 ctx=0 tme=1 abe=1 FRAME fbp=0x0 fbw=10 psm=0x1 msk=0x00000000 | SCISSOR 0,0..639,223 | TEST=0x000000000005008B | TEX0 tbp=0x0 tbw=8 psm=0x2C tw=512 th=512 tfx=0 | V0(2143.0,2041.0) V1(2150.0,2050.0) uv0(1704,8) uv1(1808,288) | XYOFFSET ofx=1728 ofy=1936 -> screen (415,105)..(422,114)
[p4:wake-pre] sid=9 consumed=1
[p4:gs-sprite] #177000 ctx=0 tme=1 abe=1 FRAME fbp=0x0 fbw=10 psm=0x1 msk=0x00000000 | SCISSOR 0,0..639,223 | TEST=0x000000000005008B | TEX0 tbp=0x0 tbw=8 psm=0x2C tw=512 th=512 tfx=0 | V0(2008.0,2027.0) V1(2016.0,2036.5) uv0(232,360) uv1(352,656) | XYOFFSET ofx=1728 ofy=1936 -> screen (280,91)..(288,100)
[p4:gs-sprite] #177500 ctx=0 tme=1 abe=1 FRAME fbp=0x0 fbw=10 psm=0x1 msk=0x00000000 | SCISSOR 0,0..639,223 | TEST=0x000000000005008B | TEX0 tbp=0x0 tbw=8 psm=0x2C tw=512 th=512 tfx=0 | V0(1966.5,2013.0) V1(1974.5,2022.0) uv0(360,360) uv1(480,640) | XYOFFSET ofx=1728 ofy=1936 -> screen (238,77)..(246,86)
[p4:gs-sprite] #178000 ctx=0 tme=1 abe=1 FRAME fbp=0x0 fbw=10 psm=0x1 msk=0x00000000 | SCISSOR 0,0..639,223 | TEST=0x000000000005008B | TEX0 tbp=0x0 tbw=8 psm=0x2C tw=512 th=512 tfx=0 | V0(2025.5,2055.0) V1(2033.5,2064.0) uv0(360,360) uv1(480,640) | XYOFFSET ofx=1728 ofy=1936 -> screen (297,119)..(305,128)
[p4:gs-sprite] #178500 ctx=0 tme=1 abe=1 FRAME fbp=0x0 fbw=10 psm=0x1 msk=0x00000000 | SCISSOR 0,0..639,223 | TEST=0x000000000005008B | TEX0 tbp=0x0 tbw=8 psm=0x2C tw=512 th=512 tfx=0 | V0(2174.0,2027.0) V1(2180.0,2036.0) uv0(1960,360) uv1(2048,640) | XYOFFSET ofx=1728 ofy=1936 -> screen (446,91)..(452,100)
[p4:gs-sprite] #179000 ctx=0 tme=1 abe=1 FRAME fbp=0x0 fbw=10 psm=0x1 msk=0x00000000 | SCISSOR 0,0..639,223 | TEST=0x000000000005008B | TEX0 tbp=0x0 tbw=8 psm=0x2C tw=512 th=512 tfx=0 | V0(2134.5,2013.0) V1(2137.5,2022.0) uv0(872,360) uv1(912,640) | XYOFFSET ofx=1728 ofy=1936 -> screen (406,77)..(409,86)
[p4:gs-sprite] #179500 ctx=0 tme=1 abe=1 FRAME fbp=0x0 fbw=10 psm=0x1 msk=0x00000000 | SCISSOR 0,0..639,223 | TEST=0x000000000005008B | TEX0 tbp=0x0 tbw=8 psm=0x2C tw=512 th=512 tfx=0 | V0(2212.5,2055.0) V1(2215.5,2064.0) uv0(872,360) uv1(912,640) | XYOFFSET ofx=1728 ofy=1936 -> screen (484,119)..(487,128)
[p4:wake-pre] sid=9 consumed=1
[p4:gs-sprite] #180000 ctx=0 tme=1 abe=1 FRAME fbp=0x0 fbw=10 psm=0x1 msk=0x00000000 | SCISSOR 0,0..639,223 | TEST=0x000000000005008B | TEX0 tbp=0x0 tbw=8 psm=0x2C tw=512 th=512 tfx=0 | V0(2010.0,2041.0) V1(2019.0,2050.0) uv0(6040,8) uv1(6176,288) | XYOFFSET ofx=1728 ofy=1936 -> screen (282,105)..(291,114)
[p4:gs-sprite] #180500 ctx=0 tme=1 abe=1 FRAME fbp=0x0 fbw=10 psm=0x1 msk=0x00000000 | SCISSOR 0,0..639,223 | TEST=0x000000000005008B | TEX0 tbp=0x0 tbw=8 psm=0x2C tw=512 th=512 tfx=0 | V0(1891.0,2027.0) V1(1899.0,2036.0) uv0(360,360) uv1(480,640) | XYOFFSET ofx=1728 ofy=1936 -> screen (163,91)..(171,100)
[p4:gs-sprite] #181000 ctx=0 tme=0 abe=0 FRAME fbp=0x0 fbw=10 psm=0x1 msk=0x00000000 | SCISSOR 0,0..639,223 | TEST=0x000000000005008B | TEX0 tbp=0x0 tbw=0 psm=0x0 tw=1 th=1 tfx=0 | V0(1833.0,2009.0) V1(2263.0,2085.0) uv0(0,0) uv1(0,0) | XYOFFSET ofx=1728 ofy=1936 -> screen (105,73)..(535,149)
[p4:gs-sprite] #181500 ctx=0 tme=1 abe=1 FRAME fbp=0x0 fbw=10 psm=0x1 msk=0x00000000 | SCISSOR 0,0..639,223 | TEST=0x000000000005008B | TEX0 tbp=0x0 tbw=8 psm=0x2C tw=512 th=512 tfx=0 | V0(1898.5,2055.0) V1(1907.5,2064.0) uv0(1416,360) uv1(1552,640) | XYOFFSET ofx=1728 ofy=1936 -> screen (170,119)..(179,128)
[p4:gs-sprite] #182000 ctx=0 tme=1 abe=1 FRAME fbp=0x0 fbw=10 psm=0x1 msk=0x00000000 | SCISSOR 0,0..639,223 | TEST=0x000000000005008B | TEX0 tbp=0x0 tbw=8 psm=0x2C tw=512 th=512 tfx=0 | V0(2068.0,2027.0) V1(2072.0,2038.0) uv0(888,8) uv1(944,352) | XYOFFSET ofx=1728 ofy=1936 -> screen (340,91)..(344,102)
[p4:gs-sprite] #182500 ctx=0 tme=1 abe=1 FRAME fbp=0x0 fbw=10 psm=0x1 msk=0x00000000 | SCISSOR 0,0..639,223 | TEST=0x000000000005008B | TEX0 tbp=0x0 tbw=8 psm=0x2C tw=512 th=512 tfx=0 | V0(2026.5,2013.0) V1(2031.5,2022.0) uv0(1784,360) uv1(1856,640) | XYOFFSET ofx=1728 ofy=1936 -> screen (298,77)..(303,86)
[p4:gs-sprite] #183000 ctx=0 tme=1 abe=1 FRAME fbp=0x0 fbw=10 psm=0x1 msk=0x00000000 | SCISSOR 0,0..639,223 | TEST=0x000000000005008B | TEX0 tbp=0x0 tbw=8 psm=0x2C tw=512 th=512 tfx=0 | V0(2093.5,2055.0) V1(2101.5,2064.0) uv0(1288,360) uv1(1408,640) | XYOFFSET ofx=1728 ofy=1936 -> screen (365,119)..(373,128)
[p4:vbl] ticks=3900
[p4:wake-pre] sid=9 consumed=1
[p4:gs-sprite] #183500 ctx=0 tme=1 abe=1 FRAME fbp=0x0 fbw=10 psm=0x1 msk=0x00000000 | SCISSOR 0,0..639,223 | TEST=0x000000000005008B | TEX0 tbp=0x0 tbw=8 psm=0x2C tw=512 th=512 tfx=0 | V0(2215.0,2027.0) V1(2223.0,2036.0) uv0(1288,360) uv1(1408,640) | XYOFFSET ofx=1728 ofy=1936 -> screen (487,91)..(495,100)
[p4:gs-sprite] #184000 ctx=0 tme=1 abe=1 FRAME fbp=0x0 fbw=10 psm=0x1 msk=0x00000000 | SCISSOR 0,0..639,223 | TEST=0x000000000005008B | TEX0 tbp=0x0 tbw=8 psm=0x2C tw=512 th=512 tfx=0 | V0(2186.5,2013.0) V1(2192.5,2022.0) uv0(1864,360) uv1(1952,640) | XYOFFSET ofx=1728 ofy=1936 -> screen (458,77)..(464,86)
[p4:gs-sprite] #184500 ctx=0 tme=1 abe=1 FRAME fbp=0x0 fbw=10 psm=0x1 msk=0x00000000 | SCISSOR 0,0..639,223 | TEST=0x000000000005008B | TEX0 tbp=0x0 tbw=8 psm=0x2C tw=512 th=512 tfx=0 | V0(1993.5,2069.0) V1(1996.5,2078.0) uv0(2904,8) uv1(2944,288) | XYOFFSET ofx=1728 ofy=1936 -> screen (265,133)..(268,142)
[p4:gs-sprite] #185000 ctx=0 tme=1 abe=1 FRAME fbp=0x0 fbw=10 psm=0x1 msk=0x00000000 | SCISSOR 0,0..639,223 | TEST=0x000000000005008B | TEX0 tbp=0x0 tbw=8 psm=0x2C tw=512 th=512 tfx=0 | V0(2077.0,2041.0) V1(2087.0,2050.0) uv0(4200,8) uv1(4352,288) | XYOFFSET ofx=1728 ofy=1936 -> screen (349,105)..(359,114)
[p4:gs-sprite] #185500 ctx=0 tme=1 abe=1 FRAME fbp=0x0 fbw=10 psm=0x1 msk=0x00000000 | SCISSOR 0,0..639,223 | TEST=0x000000000005008B | TEX0 tbp=0x0 tbw=8 psm=0x2C tw=512 th=512 tfx=0 | V0(1955.0,2027.0) V1(1960.0,2036.0) uv0(1784,360) uv1(1856,640) | XYOFFSET ofx=1728 ofy=1936 -> screen (227,91)..(232,100)
[p4:gs-sprite] #186000 ctx=0 tme=1 abe=1 FRAME fbp=0x0 fbw=10 psm=0x1 msk=0x00000000 | SCISSOR 0,0..639,223 | TEST=0x000000000005008B | TEX0 tbp=0x0 tbw=8 psm=0x2C tw=512 th=512 tfx=0 | V0(1895.5,2013.0) V1(1903.5,2024.0) uv0(2584,360) uv1(2704,704) | XYOFFSET ofx=1728 ofy=1936 -> screen (167,77)..(175,88)
[p4:gs-sprite] #186500 ctx=0 tme=1 abe=1 FRAME fbp=0x0 fbw=10 psm=0x1 msk=0x00000000 | SCISSOR 0,0..639,223 | TEST=0x000000000005008B | TEX0 tbp=0x0 tbw=8 psm=0x2C tw=512 th=512 tfx=0 | V0(1960.5,2055.0) V1(1966.5,2064.0) uv0(1960,360) uv1(2048,640) | XYOFFSET ofx=1728 ofy=1936 -> screen (232,119)..(238,128)
[p4:gs-sprite] #187000 ctx=0 tme=1 abe=1 FRAME fbp=0x0 fbw=10 psm=0x1 msk=0x00000000 | SCISSOR 0,0..639,223 | TEST=0x000000000005008B | TEX0 tbp=0x0 tbw=8 psm=0x2C tw=512 th=512 tfx=0 | V0(2130.0,2027.0) V1(2138.0,2036.0) uv0(5752,8) uv1(5872,288) | XYOFFSET ofx=1728 ofy=1936 -> screen (402,91)..(410,100)
[p4:wake-pre] sid=9 consumed=1
[p4:gs-sprite] #187500 ctx=0 tme=1 abe=1 FRAME fbp=0x0 fbw=10 psm=0x1 msk=0x00000000 | SCISSOR 0,0..639,223 | TEST=0x000000000005008B | TEX0 tbp=0x0 tbw=8 psm=0x2C tw=512 th=512 tfx=0 | V0(2076.5,2013.0) V1(2082.5,2022.0) uv0(1864,360) uv1(1952,640) | XYOFFSET ofx=1728 ofy=1936 -> screen (348,77)..(354,86)
[p4:gs-sprite] #188000 ctx=0 tme=1 abe=1 FRAME fbp=0x0 fbw=10 psm=0x1 msk=0x00000000 | SCISSOR 0,0..639,223 | TEST=0x000000000005008B | TEX0 tbp=0x0 tbw=8 psm=0x2C tw=512 th=512 tfx=0 | V0(2154.5,2055.0) V1(2160.5,2064.0) uv0(1864,360) uv1(1952,640) | XYOFFSET ofx=1728 ofy=1936 -> screen (426,119)..(432,128)
[p4:gs-sprite] #188500 ctx=0 tme=1 abe=1 FRAME fbp=0x0 fbw=10 psm=0x1 msk=0x00000000 | SCISSOR 0,0..639,223 | TEST=0x000000000005008B | TEX0 tbp=0x0 tbw=8 psm=0x2C tw=512 th=512 tfx=0 | V0(1944.0,2041.0) V1(1952.0,2050.0) uv0(1288,360) uv1(1408,640) | XYOFFSET ofx=1728 ofy=1936 -> screen (216,105)..(224,114)
[p4:gs-sprite] #189000 ctx=0 tme=1 abe=1 FRAME fbp=0x0 fbw=10 psm=0x1 msk=0x00000000 | SCISSOR 0,0..639,223 | TEST=0x000000000005008B | TEX0 tbp=0x0 tbw=8 psm=0x2C tw=512 th=512 tfx=0 | V0(2245.5,2013.0) V1(2253.5,2022.5) uv0(232,360) uv1(352,656) | XYOFFSET ofx=1728 ofy=1936 -> screen (517,77)..(525,86)
[p4:gs-sprite] #189500 ctx=0 tme=1 abe=1 FRAME fbp=0x0 fbw=10 psm=0x1 msk=0x00000000 | SCISSOR 0,0..639,223 | TEST=0x000000000005008B | TEX0 tbp=0x0 tbw=8 psm=0x2C tw=512 th=512 tfx=0 | V0(2083.5,2069.0) V1(2086.5,2078.0) uv0(2904,8) uv1(2944,288) | XYOFFSET ofx=1728 ofy=1936 -> screen (355,133)..(358,142)
[p4:gs-sprite] #190000 ctx=0 tme=1 abe=1 FRAME fbp=0x0 fbw=10 psm=0x1 msk=0x00000000 | SCISSOR 0,0..639,223 | TEST=0x000000000005008B | TEX0 tbp=0x0 tbw=8 psm=0x2C tw=512 th=512 tfx=0 | V0(2143.0,2041.0) V1(2150.0,2050.0) uv0(1704,8) uv1(1808,288) | XYOFFSET ofx=1728 ofy=1936 -> screen (415,105)..(422,114)
[p4:wake-pre] sid=9 consumed=1
[p4:gs-sprite] #190500 ctx=0 tme=1 abe=1 FRAME fbp=0x0 fbw=10 psm=0x1 msk=0x00000000 | SCISSOR 0,0..639,223 | TEST=0x000000000005008B | TEX0 tbp=0x0 tbw=8 psm=0x2C tw=512 th=512 tfx=0 | V0(2008.0,2027.0) V1(2016.0,2036.5) uv0(232,360) uv1(352,656) | XYOFFSET ofx=1728 ofy=1936 -> screen (280,91)..(288,100)
[p4:gs-sprite] #191000 ctx=0 tme=1 abe=1 FRAME fbp=0x0 fbw=10 psm=0x1 msk=0x00000000 | SCISSOR 0,0..639,223 | TEST=0x000000000005008B | TEX0 tbp=0x0 tbw=8 psm=0x2C tw=512 th=512 tfx=0 | V0(1966.5,2013.0) V1(1974.5,2022.0) uv0(360,360) uv1(480,640) | XYOFFSET ofx=1728 ofy=1936 -> screen (238,77)..(246,86)
[p4:gs-sprite] #191500 ctx=0 tme=1 abe=1 FRAME fbp=0x0 fbw=10 psm=0x1 msk=0x00000000 | SCISSOR 0,0..639,223 | TEST=0x000000000005008B | TEX0 tbp=0x0 tbw=8 psm=0x2C tw=512 th=512 tfx=0 | V0(2025.5,2055.0) V1(2033.5,2064.0) uv0(360,360) uv1(480,640) | XYOFFSET ofx=1728 ofy=1936 -> screen (297,119)..(305,128)
[p4:gs-sprite] #192000 ctx=0 tme=1 abe=1 FRAME fbp=0x0 fbw=10 psm=0x1 msk=0x00000000 | SCISSOR 0,0..639,223 | TEST=0x000000000005008B | TEX0 tbp=0x0 tbw=8 psm=0x2C tw=512 th=512 tfx=0 | V0(2174.0,2027.0) V1(2180.0,2036.0) uv0(1960,360) uv1(2048,640) | XYOFFSET ofx=1728 ofy=1936 -> screen (446,91)..(452,100)
[p4:gs-sprite] #192500 ctx=0 tme=1 abe=1 FRAME fbp=0x0 fbw=10 psm=0x1 msk=0x00000000 | SCISSOR 0,0..639,223 | TEST=0x000000000005008B | TEX0 tbp=0x0 tbw=8 psm=0x2C tw=512 th=512 tfx=0 | V0(2134.5,2013.0) V1(2137.5,2022.0) uv0(872,360) uv1(912,640) | XYOFFSET ofx=1728 ofy=1936 -> screen (406,77)..(409,86)
[p4:gs-sprite] #193000 ctx=0 tme=1 abe=1 FRAME fbp=0x0 fbw=10 psm=0x1 msk=0x00000000 | SCISSOR 0,0..639,223 | TEST=0x000000000005008B | TEX0 tbp=0x0 tbw=8 psm=0x2C tw=512 th=512 tfx=0 | V0(2212.5,2055.0) V1(2215.5,2064.0) uv0(872,360) uv1(912,640) | XYOFFSET ofx=1728 ofy=1936 -> screen (484,119)..(487,128)
[p4:gs-sprite] #193500 ctx=0 tme=1 abe=1 FRAME fbp=0x0 fbw=10 psm=0x1 msk=0x00000000 | SCISSOR 0,0..639,223 | TEST=0x000000000005008B | TEX0 tbp=0x0 tbw=8 psm=0x2C tw=512 th=512 tfx=0 | V0(2010.0,2041.0) V1(2019.0,2050.0) uv0(6040,8) uv1(6176,288) | XYOFFSET ofx=1728 ofy=1936 -> screen (282,105)..(291,114)
[p4:wake-pre] sid=9 consumed=1
[p4:gs-sprite] #194000 ctx=0 tme=1 abe=1 FRAME fbp=0x0 fbw=10 psm=0x1 msk=0x00000000 | SCISSOR 0,0..639,223 | TEST=0x000000000005008B | TEX0 tbp=0x0 tbw=8 psm=0x2C tw=512 th=512 tfx=0 | V0(1891.0,2027.0) V1(1899.0,2036.0) uv0(360,360) uv1(480,640) | XYOFFSET ofx=1728 ofy=1936 -> screen (163,91)..(171,100)
[p4:gs-sprite] #194500 ctx=0 tme=0 abe=0 FRAME fbp=0x0 fbw=10 psm=0x1 msk=0x00000000 | SCISSOR 0,0..639,223 | TEST=0x000000000005008B | TEX0 tbp=0x0 tbw=0 psm=0x0 tw=1 th=1 tfx=0 | V0(1833.0,2009.0) V1(2263.0,2085.0) uv0(0,0) uv1(0,0) | XYOFFSET ofx=1728 ofy=1936 -> screen (105,73)..(535,149)
[p4:gs-sprite] #195000 ctx=0 tme=1 abe=1 FRAME fbp=0x0 fbw=10 psm=0x1 msk=0x00000000 | SCISSOR 0,0..639,223 | TEST=0x000000000005008B | TEX0 tbp=0x0 tbw=8 psm=0x2C tw=512 th=512 tfx=0 | V0(1898.5,2055.0) V1(1907.5,2064.0) uv0(1416,360) uv1(1552,640) | XYOFFSET ofx=1728 ofy=1936 -> screen (170,119)..(179,128)
[p4:gs-sprite] #195500 ctx=0 tme=1 abe=1 FRAME fbp=0x0 fbw=10 psm=0x1 msk=0x00000000 | SCISSOR 0,0..639,223 | TEST=0x000000000005008B | TEX0 tbp=0x0 tbw=8 psm=0x2C tw=512 th=512 tfx=0 | V0(2068.0,2027.0) V1(2072.0,2038.0) uv0(888,8) uv1(944,352) | XYOFFSET ofx=1728 ofy=1936 -> screen (340,91)..(344,102)
[p4:gs-sprite] #196000 ctx=0 tme=1 abe=1 FRAME fbp=0x0 fbw=10 psm=0x1 msk=0x00000000 | SCISSOR 0,0..639,223 | TEST=0x000000000005008B | TEX0 tbp=0x0 tbw=8 psm=0x2C tw=512 th=512 tfx=0 | V0(2026.5,2013.0) V1(2031.5,2022.0) uv0(1784,360) uv1(1856,640) | XYOFFSET ofx=1728 ofy=1936 -> screen (298,77)..(303,86)
[p4:gs-sprite] #196500 ctx=0 tme=1 abe=1 FRAME fbp=0x0 fbw=10 psm=0x1 msk=0x00000000 | SCISSOR 0,0..639,223 | TEST=0x000000000005008B | TEX0 tbp=0x0 tbw=8 psm=0x2C tw=512 th=512 tfx=0 | V0(2093.5,2055.0) V1(2101.5,2064.0) uv0(1288,360) uv1(1408,640) | XYOFFSET ofx=1728 ofy=1936 -> screen (365,119)..(373,128)
[p4:gs-sprite] #197000 ctx=0 tme=1 abe=1 FRAME fbp=0x0 fbw=10 psm=0x1 msk=0x00000000 | SCISSOR 0,0..639,223 | TEST=0x000000000005008B | TEX0 tbp=0x0 tbw=8 psm=0x2C tw=512 th=512 tfx=0 | V0(2215.0,2027.0) V1(2223.0,2036.0) uv0(1288,360) uv1(1408,640) | XYOFFSET ofx=1728 ofy=1936 -> screen (487,91)..(495,100)
[p4:gs-sprite] #197500 ctx=0 tme=1 abe=1 FRAME fbp=0x0 fbw=10 psm=0x1 msk=0x00000000 | SCISSOR 0,0..639,223 | TEST=0x000000000005008B | TEX0 tbp=0x0 tbw=8 psm=0x2C tw=512 th=512 tfx=0 | V0(2186.5,2013.0) V1(2192.5,2022.0) uv0(1864,360) uv1(1952,640) | XYOFFSET ofx=1728 ofy=1936 -> screen (458,77)..(464,86)
[p4:wake-pre] sid=9 consumed=1
[p4:gs-sprite] #198000 ctx=0 tme=1 abe=1 FRAME fbp=0x0 fbw=10 psm=0x1 msk=0x00000000 | SCISSOR 0,0..639,223 | TEST=0x000000000005008B | TEX0 tbp=0x0 tbw=8 psm=0x2C tw=512 th=512 tfx=0 | V0(1993.5,2069.0) V1(1996.5,2078.0) uv0(2904,8) uv1(2944,288) | XYOFFSET ofx=1728 ofy=1936 -> screen (265,133)..(268,142)
[p4:gs-sprite] #198500 ctx=0 tme=1 abe=1 FRAME fbp=0x0 fbw=10 psm=0x1 msk=0x00000000 | SCISSOR 0,0..639,223 | TEST=0x000000000005008B | TEX0 tbp=0x0 tbw=8 psm=0x2C tw=512 th=512 tfx=0 | V0(2077.0,2041.0) V1(2087.0,2050.0) uv0(4200,8) uv1(4352,288) | XYOFFSET ofx=1728 ofy=1936 -> screen (349,105)..(359,114)
[p4:gs-sprite] #199000 ctx=0 tme=1 abe=1 FRAME fbp=0x0 fbw=10 psm=0x1 msk=0x00000000 | SCISSOR 0,0..639,223 | TEST=0x000000000005008B | TEX0 tbp=0x0 tbw=8 psm=0x2C tw=512 th=512 tfx=0 | V0(1955.0,2027.0) V1(1960.0,2036.0) uv0(1784,360) uv1(1856,640) | XYOFFSET ofx=1728 ofy=1936 -> screen (227,91)..(232,100)
[p4:gs-sprite] #199500 ctx=0 tme=1 abe=1 FRAME fbp=0x0 fbw=10 psm=0x1 msk=0x00000000 | SCISSOR 0,0..639,223 | TEST=0x000000000005008B | TEX0 tbp=0x0 tbw=8 psm=0x2C tw=512 th=512 tfx=0 | V0(1895.5,2013.0) V1(1903.5,2024.0) uv0(2584,360) uv1(2704,704) | XYOFFSET ofx=1728 ofy=1936 -> screen (167,77)..(175,88)
[p4:gs-sprite] #200000 ctx=0 tme=1 abe=1 FRAME fbp=0x0 fbw=10 psm=0x1 msk=0x00000000 | SCISSOR 0,0..639,223 | TEST=0x000000000005008B | TEX0 tbp=0x0 tbw=8 psm=0x2C tw=512 th=512 tfx=0 | V0(1960.5,2055.0) V1(1966.5,2064.0) uv0(1960,360) uv1(2048,640) | XYOFFSET ofx=1728 ofy=1936 -> screen (232,119)..(238,128)
[p4:gs-sprite] #200500 ctx=0 tme=1 abe=1 FRAME fbp=0x0 fbw=10 psm=0x1 msk=0x00000000 | SCISSOR 0,0..639,223 | TEST=0x000000000005008B | TEX0 tbp=0x0 tbw=8 psm=0x2C tw=512 th=512 tfx=0 | V0(2130.0,2027.0) V1(2138.0,2036.0) uv0(5752,8) uv1(5872,288) | XYOFFSET ofx=1728 ofy=1936 -> screen (402,91)..(410,100)
[p4:wake-pre] sid=9 consumed=1
[p4:gs-sprite] #201000 ctx=0 tme=1 abe=1 FRAME fbp=0x0 fbw=10 psm=0x1 msk=0x00000000 | SCISSOR 0,0..639,223 | TEST=0x000000000005008B | TEX0 tbp=0x0 tbw=8 psm=0x2C tw=512 th=512 tfx=0 | V0(2076.5,2013.0) V1(2082.5,2022.0) uv0(1864,360) uv1(1952,640) | XYOFFSET ofx=1728 ofy=1936 -> screen (348,77)..(354,86)
[p4:gs-sprite] #201500 ctx=0 tme=1 abe=1 FRAME fbp=0x0 fbw=10 psm=0x1 msk=0x00000000 | SCISSOR 0,0..639,223 | TEST=0x000000000005008B | TEX0 tbp=0x0 tbw=8 psm=0x2C tw=512 th=512 tfx=0 | V0(2154.5,2055.0) V1(2160.5,2064.0) uv0(1864,360) uv1(1952,640) | XYOFFSET ofx=1728 ofy=1936 -> screen (426,119)..(432,128)
[p4:gs-sprite] #202000 ctx=0 tme=1 abe=1 FRAME fbp=0x0 fbw=10 psm=0x1 msk=0x00000000 | SCISSOR 0,0..639,223 | TEST=0x000000000005008B | TEX0 tbp=0x0 tbw=8 psm=0x2C tw=512 th=512 tfx=0 | V0(1944.0,2041.0) V1(1952.0,2050.0) uv0(1288,360) uv1(1408,640) | XYOFFSET ofx=1728 ofy=1936 -> screen (216,105)..(224,114)
[p4:vbl] ticks=4200
[p4:gs-sprite] #202500 ctx=0 tme=1 abe=1 FRAME fbp=0x0 fbw=10 psm=0x1 msk=0x00000000 | SCISSOR 0,0..639,223 | TEST=0x000000000005008B | TEX0 tbp=0x0 tbw=8 psm=0x2C tw=512 th=512 tfx=0 | V0(2245.5,2013.0) V1(2253.5,2022.5) uv0(232,360) uv1(352,656) | XYOFFSET ofx=1728 ofy=1936 -> screen (517,77)..(525,86)
[p4:gs-sprite] #203000 ctx=0 tme=1 abe=1 FRAME fbp=0x0 fbw=10 psm=0x1 msk=0x00000000 | SCISSOR 0,0..639,223 | TEST=0x000000000005008B | TEX0 tbp=0x0 tbw=8 psm=0x2C tw=512 th=512 tfx=0 | V0(2083.5,2069.0) V1(2086.5,2078.0) uv0(2904,8) uv1(2944,288) | XYOFFSET ofx=1728 ofy=1936 -> screen (355,133)..(358,142)
[p4:gs-sprite] #203500 ctx=0 tme=1 abe=1 FRAME fbp=0x0 fbw=10 psm=0x1 msk=0x00000000 | SCISSOR 0,0..639,223 | TEST=0x000000000005008B | TEX0 tbp=0x0 tbw=8 psm=0x2C tw=512 th=512 tfx=0 | V0(2143.0,2041.0) V1(2150.0,2050.0) uv0(1704,8) uv1(1808,288) | XYOFFSET ofx=1728 ofy=1936 -> screen (415,105)..(422,114)
[p4:gs-sprite] #204000 ctx=0 tme=1 abe=1 FRAME fbp=0x0 fbw=10 psm=0x1 msk=0x00000000 | SCISSOR 0,0..639,223 | TEST=0x000000000005008B | TEX0 tbp=0x0 tbw=8 psm=0x2C tw=512 th=512 tfx=0 | V0(2008.0,2027.0) V1(2016.0,2036.5) uv0(232,360) uv1(352,656) | XYOFFSET ofx=1728 ofy=1936 -> screen (280,91)..(288,100)
[p4:gs-sprite] #204500 ctx=0 tme=1 abe=1 FRAME fbp=0x0 fbw=10 psm=0x1 msk=0x00000000 | SCISSOR 0,0..639,223 | TEST=0x000000000005008B | TEX0 tbp=0x0 tbw=8 psm=0x2C tw=512 th=512 tfx=0 | V0(1966.5,2013.0) V1(1974.5,2022.0) uv0(360,360) uv1(480,640) | XYOFFSET ofx=1728 ofy=1936 -> screen (238,77)..(246,86)
[p4:gs-sprite] #205000 ctx=0 tme=1 abe=1 FRAME fbp=0x0 fbw=10 psm=0x1 msk=0x00000000 | SCISSOR 0,0..639,223 | TEST=0x000000000005008B | TEX0 tbp=0x0 tbw=8 psm=0x2C tw=512 th=512 tfx=0 | V0(2025.5,2055.0) V1(2033.5,2064.0) uv0(360,360) uv1(480,640) | XYOFFSET ofx=1728 ofy=1936 -> screen (297,119)..(305,128)
[p4:wake-pre] sid=9 consumed=1
[p4:gs-sprite] #205500 ctx=0 tme=1 abe=1 FRAME fbp=0x0 fbw=10 psm=0x1 msk=0x00000000 | SCISSOR 0,0..639,223 | TEST=0x000000000005008B | TEX0 tbp=0x0 tbw=8 psm=0x2C tw=512 th=512 tfx=0 | V0(2174.0,2027.0) V1(2180.0,2036.0) uv0(1960,360) uv1(2048,640) | XYOFFSET ofx=1728 ofy=1936 -> screen (446,91)..(452,100)
[p4:gs-sprite] #206000 ctx=0 tme=1 abe=1 FRAME fbp=0x0 fbw=10 psm=0x1 msk=0x00000000 | SCISSOR 0,0..639,223 | TEST=0x000000000005008B | TEX0 tbp=0x0 tbw=8 psm=0x2C tw=512 th=512 tfx=0 | V0(2134.5,2013.0) V1(2137.5,2022.0) uv0(872,360) uv1(912,640) | XYOFFSET ofx=1728 ofy=1936 -> screen (406,77)..(409,86)
[p4:gs-sprite] #206500 ctx=0 tme=1 abe=1 FRAME fbp=0x0 fbw=10 psm=0x1 msk=0x00000000 | SCISSOR 0,0..639,223 | TEST=0x000000000005008B | TEX0 tbp=0x0 tbw=8 psm=0x2C tw=512 th=512 tfx=0 | V0(2212.5,2055.0) V1(2215.5,2064.0) uv0(872,360) uv1(912,640) | XYOFFSET ofx=1728 ofy=1936 -> screen (484,119)..(487,128)
[p4:gs-sprite] #207000 ctx=0 tme=1 abe=1 FRAME fbp=0x0 fbw=10 psm=0x1 msk=0x00000000 | SCISSOR 0,0..639,223 | TEST=0x000000000005008B | TEX0 tbp=0x0 tbw=8 psm=0x2C tw=512 th=512 tfx=0 | V0(2010.0,2041.0) V1(2019.0,2050.0) uv0(6040,8) uv1(6176,288) | XYOFFSET ofx=1728 ofy=1936 -> screen (282,105)..(291,114)
[p4:gs-sprite] #207500 ctx=0 tme=1 abe=1 FRAME fbp=0x0 fbw=10 psm=0x1 msk=0x00000000 | SCISSOR 0,0..639,223 | TEST=0x000000000005008B | TEX0 tbp=0x0 tbw=8 psm=0x2C tw=512 th=512 tfx=0 | V0(1891.0,2027.0) V1(1899.0,2036.0) uv0(360,360) uv1(480,640) | XYOFFSET ofx=1728 ofy=1936 -> screen (163,91)..(171,100)
[p4:gs-sprite] #208000 ctx=0 tme=0 abe=0 FRAME fbp=0x0 fbw=10 psm=0x1 msk=0x00000000 | SCISSOR 0,0..639,223 | TEST=0x000000000005008B | TEX0 tbp=0x0 tbw=0 psm=0x0 tw=1 th=1 tfx=0 | V0(1833.0,2009.0) V1(2263.0,2085.0) uv0(0,0) uv1(0,0) | XYOFFSET ofx=1728 ofy=1936 -> screen (105,73)..(535,149)
[p4:gs-sprite] #208500 ctx=0 tme=1 abe=1 FRAME fbp=0x0 fbw=10 psm=0x1 msk=0x00000000 | SCISSOR 0,0..639,223 | TEST=0x000000000005008B | TEX0 tbp=0x0 tbw=8 psm=0x2C tw=512 th=512 tfx=0 | V0(1898.5,2055.0) V1(1907.5,2064.0) uv0(1416,360) uv1(1552,640) | XYOFFSET ofx=1728 ofy=1936 -> screen (170,119)..(179,128)
[p4:gs-sprite] #209000 ctx=0 tme=1 abe=1 FRAME fbp=0x0 fbw=10 psm=0x1 msk=0x00000000 | SCISSOR 0,0..639,223 | TEST=0x000000000005008B | TEX0 tbp=0x0 tbw=8 psm=0x2C tw=512 th=512 tfx=0 | V0(2068.0,2027.0) V1(2072.0,2038.0) uv0(888,8) uv1(944,352) | XYOFFSET ofx=1728 ofy=1936 -> screen (340,91)..(344,102)
[p4:gs-sprite] #209500 ctx=0 tme=1 abe=1 FRAME fbp=0x0 fbw=10 psm=0x1 msk=0x00000000 | SCISSOR 0,0..639,223 | TEST=0x000000000005008B | TEX0 tbp=0x0 tbw=8 psm=0x2C tw=512 th=512 tfx=0 | V0(2026.5,2013.0) V1(2031.5,2022.0) uv0(1784,360) uv1(1856,640) | XYOFFSET ofx=1728 ofy=1936 -> screen (298,77)..(303,86)
[p4:gs-sprite] #210000 ctx=0 tme=1 abe=1 FRAME fbp=0x0 fbw=10 psm=0x1 msk=0x00000000 | SCISSOR 0,0..639,223 | TEST=0x000000000005008B | TEX0 tbp=0x0 tbw=8 psm=0x2C tw=512 th=512 tfx=0 | V0(2093.5,2055.0) V1(2101.5,2064.0) uv0(1288,360) uv1(1408,640) | XYOFFSET ofx=1728 ofy=1936 -> screen (365,119)..(373,128)
[p4:gs-sprite] #210500 ctx=0 tme=1 abe=1 FRAME fbp=0x0 fbw=10 psm=0x1 msk=0x00000000 | SCISSOR 0,0..639,223 | TEST=0x000000000005008B | TEX0 tbp=0x0 tbw=8 psm=0x2C tw=512 th=512 tfx=0 | V0(2215.0,2027.0) V1(2223.0,2036.0) uv0(1288,360) uv1(1408,640) | XYOFFSET ofx=1728 ofy=1936 -> screen (487,91)..(495,100)
[p4:wake-pre] sid=9 consumed=1
[p4:gs-sprite] #211000 ctx=0 tme=1 abe=1 FRAME fbp=0x0 fbw=10 psm=0x1 msk=0x00000000 | SCISSOR 0,0..639,223 | TEST=0x000000000005008B | TEX0 tbp=0x0 tbw=8 psm=0x2C tw=512 th=512 tfx=0 | V0(2186.5,2013.0) V1(2192.5,2022.0) uv0(1864,360) uv1(1952,640) | XYOFFSET ofx=1728 ofy=1936 -> screen (458,77)..(464,86)
[p4:gs-sprite] #211500 ctx=0 tme=1 abe=1 FRAME fbp=0x0 fbw=10 psm=0x1 msk=0x00000000 | SCISSOR 0,0..639,223 | TEST=0x000000000005008B | TEX0 tbp=0x0 tbw=8 psm=0x2C tw=512 th=512 tfx=0 | V0(1993.5,2069.0) V1(1996.5,2078.0) uv0(2904,8) uv1(2944,288) | XYOFFSET ofx=1728 ofy=1936 -> screen (265,133)..(268,142)
[p4:gs-sprite] #212000 ctx=0 tme=1 abe=1 FRAME fbp=0x0 fbw=10 psm=0x1 msk=0x00000000 | SCISSOR 0,0..639,223 | TEST=0x000000000005008B | TEX0 tbp=0x0 tbw=8 psm=0x2C tw=512 th=512 tfx=0 | V0(2077.0,2041.0) V1(2087.0,2050.0) uv0(4200,8) uv1(4352,288) | XYOFFSET ofx=1728 ofy=1936 -> screen (349,105)..(359,114)
[p4:gs-sprite] #212500 ctx=0 tme=1 abe=1 FRAME fbp=0x0 fbw=10 psm=0x1 msk=0x00000000 | SCISSOR 0,0..639,223 | TEST=0x000000000005008B | TEX0 tbp=0x0 tbw=8 psm=0x2C tw=512 th=512 tfx=0 | V0(1955.0,2027.0) V1(1960.0,2036.0) uv0(1784,360) uv1(1856,640) | XYOFFSET ofx=1728 ofy=1936 -> screen (227,91)..(232,100)
[p4:gs-sprite] #213000 ctx=0 tme=1 abe=1 FRAME fbp=0x0 fbw=10 psm=0x1 msk=0x00000000 | SCISSOR 0,0..639,223 | TEST=0x000000000005008B | TEX0 tbp=0x0 tbw=8 psm=0x2C tw=512 th=512 tfx=0 | V0(1895.5,2013.0) V1(1903.5,2024.0) uv0(2584,360) uv1(2704,704) | XYOFFSET ofx=1728 ofy=1936 -> screen (167,77)..(175,88)
[p4:gs-sprite] #213500 ctx=0 tme=1 abe=1 FRAME fbp=0x0 fbw=10 psm=0x1 msk=0x00000000 | SCISSOR 0,0..639,223 | TEST=0x000000000005008B | TEX0 tbp=0x0 tbw=8 psm=0x2C tw=512 th=512 tfx=0 | V0(1960.5,2055.0) V1(1966.5,2064.0) uv0(1960,360) uv1(2048,640) | XYOFFSET ofx=1728 ofy=1936 -> screen (232,119)..(238,128)
[p4:gs-sprite] #214000 ctx=0 tme=1 abe=1 FRAME fbp=0x0 fbw=10 psm=0x1 msk=0x00000000 | SCISSOR 0,0..639,223 | TEST=0x000000000005008B | TEX0 tbp=0x0 tbw=8 psm=0x2C tw=512 th=512 tfx=0 | V0(2130.0,2027.0) V1(2138.0,2036.0) uv0(5752,8) uv1(5872,288) | XYOFFSET ofx=1728 ofy=1936 -> screen (402,91)..(410,100)
[p4:gs-sprite] #214500 ctx=0 tme=1 abe=1 FRAME fbp=0x0 fbw=10 psm=0x1 msk=0x00000000 | SCISSOR 0,0..639,223 | TEST=0x000000000005008B | TEX0 tbp=0x0 tbw=8 psm=0x2C tw=512 th=512 tfx=0 | V0(2076.5,2013.0) V1(2082.5,2022.0) uv0(1864,360) uv1(1952,640) | XYOFFSET ofx=1728 ofy=1936 -> screen (348,77)..(354,86)
[p4:gs-sprite] #215000 ctx=0 tme=1 abe=1 FRAME fbp=0x0 fbw=10 psm=0x1 msk=0x00000000 | SCISSOR 0,0..639,223 | TEST=0x000000000005008B | TEX0 tbp=0x0 tbw=8 psm=0x2C tw=512 th=512 tfx=0 | V0(2154.5,2055.0) V1(2160.5,2064.0) uv0(1864,360) uv1(1952,640) | XYOFFSET ofx=1728 ofy=1936 -> screen (426,119)..(432,128)
[p4:gs-sprite] #215500 ctx=0 tme=1 abe=1 FRAME fbp=0x0 fbw=10 psm=0x1 msk=0x00000000 | SCISSOR 0,0..639,223 | TEST=0x000000000005008B | TEX0 tbp=0x0 tbw=8 psm=0x2C tw=512 th=512 tfx=0 | V0(1944.0,2041.0) V1(1952.0,2050.0) uv0(1288,360) uv1(1408,640) | XYOFFSET ofx=1728 ofy=1936 -> screen (216,105)..(224,114)
[p4:wake-pre] sid=9 consumed=1
[p4:gs-sprite] #216000 ctx=0 tme=1 abe=1 FRAME fbp=0x0 fbw=10 psm=0x1 msk=0x00000000 | SCISSOR 0,0..639,223 | TEST=0x000000000005008B | TEX0 tbp=0x0 tbw=8 psm=0x2C tw=512 th=512 tfx=0 | V0(2245.5,2013.0) V1(2253.5,2022.5) uv0(232,360) uv1(352,656) | XYOFFSET ofx=1728 ofy=1936 -> screen (517,77)..(525,86)
[p4:gs-sprite] #216500 ctx=0 tme=1 abe=1 FRAME fbp=0x0 fbw=10 psm=0x1 msk=0x00000000 | SCISSOR 0,0..639,223 | TEST=0x000000000005008B | TEX0 tbp=0x0 tbw=8 psm=0x2C tw=512 th=512 tfx=0 | V0(2083.5,2069.0) V1(2086.5,2078.0) uv0(2904,8) uv1(2944,288) | XYOFFSET ofx=1728 ofy=1936 -> screen (355,133)..(358,142)
[p4:gs-sprite] #217000 ctx=0 tme=1 abe=1 FRAME fbp=0x0 fbw=10 psm=0x1 msk=0x00000000 | SCISSOR 0,0..639,223 | TEST=0x000000000005008B | TEX0 tbp=0x0 tbw=8 psm=0x2C tw=512 th=512 tfx=0 | V0(2143.0,2041.0) V1(2150.0,2050.0) uv0(1704,8) uv1(1808,288) | XYOFFSET ofx=1728 ofy=1936 -> screen (415,105)..(422,114)
[p4:gs-sprite] #217500 ctx=0 tme=1 abe=1 FRAME fbp=0x0 fbw=10 psm=0x1 msk=0x00000000 | SCISSOR 0,0..639,223 | TEST=0x000000000005008B | TEX0 tbp=0x0 tbw=8 psm=0x2C tw=512 th=512 tfx=0 | V0(2008.0,2027.0) V1(2016.0,2036.5) uv0(232,360) uv1(352,656) | XYOFFSET ofx=1728 ofy=1936 -> screen (280,91)..(288,100)
[p4:gs-sprite] #218000 ctx=0 tme=1 abe=1 FRAME fbp=0x0 fbw=10 psm=0x1 msk=0x00000000 | SCISSOR 0,0..639,223 | TEST=0x000000000005008B | TEX0 tbp=0x0 tbw=8 psm=0x2C tw=512 th=512 tfx=0 | V0(1966.5,2013.0) V1(1974.5,2022.0) uv0(360,360) uv1(480,640) | XYOFFSET ofx=1728 ofy=1936 -> screen (238,77)..(246,86)
[p4:gs-sprite] #218500 ctx=0 tme=1 abe=1 FRAME fbp=0x0 fbw=10 psm=0x1 msk=0x00000000 | SCISSOR 0,0..639,223 | TEST=0x000000000005008B | TEX0 tbp=0x0 tbw=8 psm=0x2C tw=512 th=512 tfx=0 | V0(2025.5,2055.0) V1(2033.5,2064.0) uv0(360,360) uv1(480,640) | XYOFFSET ofx=1728 ofy=1936 -> screen (297,119)..(305,128)
[p4:gs-sprite] #219000 ctx=0 tme=1 abe=1 FRAME fbp=0x0 fbw=10 psm=0x1 msk=0x00000000 | SCISSOR 0,0..639,223 | TEST=0x000000000005008B | TEX0 tbp=0x0 tbw=8 psm=0x2C tw=512 th=512 tfx=0 | V0(2174.0,2027.0) V1(2180.0,2036.0) uv0(1960,360) uv1(2048,640) | XYOFFSET ofx=1728 ofy=1936 -> screen (446,91)..(452,100)
[p4:gs-sprite] #219500 ctx=0 tme=1 abe=1 FRAME fbp=0x0 fbw=10 psm=0x1 msk=0x00000000 | SCISSOR 0,0..639,223 | TEST=0x000000000005008B | TEX0 tbp=0x0 tbw=8 psm=0x2C tw=512 th=512 tfx=0 | V0(2134.5,2013.0) V1(2137.5,2022.0) uv0(872,360) uv1(912,640) | XYOFFSET ofx=1728 ofy=1936 -> screen (406,77)..(409,86)
[p4:gs-sprite] #220000 ctx=0 tme=1 abe=1 FRAME fbp=0x0 fbw=10 psm=0x1 msk=0x00000000 | SCISSOR 0,0..639,223 | TEST=0x000000000005008B | TEX0 tbp=0x0 tbw=8 psm=0x2C tw=512 th=512 tfx=0 | V0(2212.5,2055.0) V1(2215.5,2064.0) uv0(872,360) uv1(912,640) | XYOFFSET ofx=1728 ofy=1936 -> screen (484,119)..(487,128)
[p4:spx] #220000 tme=1 fst=1 vtxRGBA=2D2A2880 span=3x9 tbp=0x0 tw=512 th=512
[p4:gs-sprite] #220500 ctx=0 tme=1 abe=1 FRAME fbp=0x0 fbw=10 psm=0x1 msk=0x00000000 | SCISSOR 0,0..639,223 | TEST=0x000000000005008B | TEX0 tbp=0x0 tbw=8 psm=0x2C tw=512 th=512 tfx=0 | V0(2010.0,2041.0) V1(2019.0,2050.0) uv0(6040,8) uv1(6176,288) | XYOFFSET ofx=1728 ofy=1936 -> screen (282,105)..(291,114)
[p4:spx] #220500 tme=1 fst=1 vtxRGBA=2D2A2880 span=9x9 tbp=0x0 tw=512 th=512
[p4:wake-pre] sid=9 consumed=1
[p4:gs-sprite] #221000 ctx=0 tme=1 abe=1 FRAME fbp=0x0 fbw=10 psm=0x1 msk=0x00000000 | SCISSOR 0,0..639,223 | TEST=0x000000000005008B | TEX0 tbp=0x0 tbw=8 psm=0x2C tw=512 th=512 tfx=0 | V0(1891.0,2027.0) V1(1899.0,2036.0) uv0(360,360) uv1(480,640) | XYOFFSET ofx=1728 ofy=1936 -> screen (163,91)..(171,100)
[p4:spx] #221000 tme=1 fst=1 vtxRGBA=2D2A2880 span=8x9 tbp=0x0 tw=512 th=512
[p4:gs-sprite] #221500 ctx=0 tme=0 abe=0 FRAME fbp=0x0 fbw=10 psm=0x1 msk=0x00000000 | SCISSOR 0,0..639,223 | TEST=0x000000000005008B | TEX0 tbp=0x0 tbw=0 psm=0x0 tw=1 th=1 tfx=0 | V0(1833.0,2009.0) V1(2263.0,2085.0) uv0(0,0) uv1(0,0) | XYOFFSET ofx=1728 ofy=1936 -> screen (105,73)..(535,149)
[p4:spx] #221500 tme=0 fst=0 vtxRGBA=CCC3AD80 span=430x76 tbp=0x0 tw=1 th=1
[p4:gs-sprite] #222000 ctx=0 tme=1 abe=1 FRAME fbp=0x0 fbw=10 psm=0x1 msk=0x00000000 | SCISSOR 0,0..639,223 | TEST=0x000000000005008B | TEX0 tbp=0x0 tbw=8 psm=0x2C tw=512 th=512 tfx=0 | V0(1898.5,2055.0) V1(1907.5,2064.0) uv0(1416,360) uv1(1552,640) | XYOFFSET ofx=1728 ofy=1936 -> screen (170,119)..(179,128)
[p4:spx] #222000 tme=1 fst=1 vtxRGBA=2D2A2880 span=9x9 tbp=0x0 tw=512 th=512
[p4:gs-sprite] #222500 ctx=0 tme=1 abe=1 FRAME fbp=0x0 fbw=10 psm=0x1 msk=0x00000000 | SCISSOR 0,0..639,223 | TEST=0x000000000005008B | TEX0 tbp=0x0 tbw=8 psm=0x2C tw=512 th=512 tfx=0 | V0(2068.0,2027.0) V1(2072.0,2038.0) uv0(888,8) uv1(944,352) | XYOFFSET ofx=1728 ofy=1936 -> screen (340,91)..(344,102)
[p4:spx] #222500 tme=1 fst=1 vtxRGBA=2D2A2880 span=4x11 tbp=0x0 tw=512 th=512
[p4:gs-sprite] #223000 ctx=0 tme=1 abe=1 FRAME fbp=0x0 fbw=10 psm=0x1 msk=0x00000000 | SCISSOR 0,0..639,223 | TEST=0x000000000005008B | TEX0 tbp=0x0 tbw=8 psm=0x2C tw=512 th=512 tfx=0 | V0(2026.5,2013.0) V1(2031.5,2022.0) uv0(1784,360) uv1(1856,640) | XYOFFSET ofx=1728 ofy=1936 -> screen (298,77)..(303,86)
[p4:spx] #223000 tme=1 fst=1 vtxRGBA=2D2A2880 span=5x9 tbp=0x0 tw=512 th=512
[p4:gs-sprite] #223500 ctx=0 tme=1 abe=1 FRAME fbp=0x0 fbw=10 psm=0x1 msk=0x00000000 | SCISSOR 0,0..639,223 | TEST=0x000000000005008B | TEX0 tbp=0x0 tbw=8 psm=0x2C tw=512 th=512 tfx=0 | V0(2093.5,2055.0) V1(2101.5,2064.0) uv0(1288,360) uv1(1408,640) | XYOFFSET ofx=1728 ofy=1936 -> screen (365,119)..(373,128)
[p4:spx] #223500 tme=1 fst=1 vtxRGBA=2D2A2880 span=8x9 tbp=0x0 tw=512 th=512
[p4:gs-sprite] #224000 ctx=0 tme=1 abe=1 FRAME fbp=0x0 fbw=10 psm=0x1 msk=0x00000000 | SCISSOR 0,0..639,223 | TEST=0x000000000005008B | TEX0 tbp=0x0 tbw=8 psm=0x2C tw=512 th=512 tfx=0 | V0(2215.0,2027.0) V1(2223.0,2036.0) uv0(1288,360) uv1(1408,640) | XYOFFSET ofx=1728 ofy=1936 -> screen (487,91)..(495,100)
[p4:spx] #224000 tme=1 fst=1 vtxRGBA=2D2A2880 span=8x9 tbp=0x0 tw=512 th=512
[p4:gs-sprite] #224500 ctx=0 tme=1 abe=1 FRAME fbp=0x0 fbw=10 psm=0x1 msk=0x00000000 | SCISSOR 0,0..639,223 | TEST=0x000000000005008B | TEX0 tbp=0x0 tbw=8 psm=0x2C tw=512 th=512 tfx=0 | V0(2186.5,2013.0) V1(2192.5,2022.0) uv0(1864,360) uv1(1952,640) | XYOFFSET ofx=1728 ofy=1936 -> screen (458,77)..(464,86)
[p4:spx] #224500 tme=1 fst=1 vtxRGBA=2D2A2880 span=6x9 tbp=0x0 tw=512 th=512
[p4:gs-sprite] #225000 ctx=0 tme=1 abe=1 FRAME fbp=0x0 fbw=10 psm=0x1 msk=0x00000000 | SCISSOR 0,0..639,223 | TEST=0x000000000005008B | TEX0 tbp=0x0 tbw=8 psm=0x2C tw=512 th=512 tfx=0 | V0(1993.5,2069.0) V1(1996.5,2078.0) uv0(2904,8) uv1(2944,288) | XYOFFSET ofx=1728 ofy=1936 -> screen (265,133)..(268,142)
[p4:spx] #225000 tme=1 fst=1 vtxRGBA=2D2A2880 span=3x9 tbp=0x0 tw=512 th=512
[p4:wake-pre] sid=9 consumed=1
[p4:gs-sprite] #225500 ctx=0 tme=1 abe=1 FRAME fbp=0x0 fbw=10 psm=0x1 msk=0x00000000 | SCISSOR 0,0..639,223 | TEST=0x000000000005008B | TEX0 tbp=0x0 tbw=8 psm=0x2C tw=512 th=512 tfx=0 | V0(2077.0,2041.0) V1(2087.0,2050.0) uv0(4200,8) uv1(4352,288) | XYOFFSET ofx=1728 ofy=1936 -> screen (349,105)..(359,114)
[p4:spx] #225500 tme=1 fst=1 vtxRGBA=2D2A2880 span=10x9 tbp=0x0 tw=512 th=512
[p4:gs-sprite] #226000 ctx=0 tme=1 abe=1 FRAME fbp=0x0 fbw=10 psm=0x1 msk=0x00000000 | SCISSOR 0,0..639,223 | TEST=0x000000000005008B | TEX0 tbp=0x0 tbw=8 psm=0x2C tw=512 th=512 tfx=0 | V0(1955.0,2027.0) V1(1960.0,2036.0) uv0(1784,360) uv1(1856,640) | XYOFFSET ofx=1728 ofy=1936 -> screen (227,91)..(232,100)
[p4:spx] #226000 tme=1 fst=1 vtxRGBA=2D2A2880 span=5x9 tbp=0x0 tw=512 th=512
[p4:gs-sprite] #226500 ctx=0 tme=1 abe=1 FRAME fbp=0x0 fbw=10 psm=0x1 msk=0x00000000 | SCISSOR 0,0..639,223 | TEST=0x000000000005008B | TEX0 tbp=0x0 tbw=8 psm=0x2C tw=512 th=512 tfx=0 | V0(1895.5,2013.0) V1(1903.5,2024.0) uv0(2584,360) uv1(2704,704) | XYOFFSET ofx=1728 ofy=1936 -> screen (167,77)..(175,88)
[p4:spx] #226500 tme=1 fst=1 vtxRGBA=2D2A2880 span=8x11 tbp=0x0 tw=512 th=512
[p4:gs-sprite] #227000 ctx=0 tme=1 abe=1 FRAME fbp=0x0 fbw=10 psm=0x1 msk=0x00000000 | SCISSOR 0,0..639,223 | TEST=0x000000000005008B | TEX0 tbp=0x0 tbw=8 psm=0x2C tw=512 th=512 tfx=0 | V0(1960.5,2055.0) V1(1966.5,2064.0) uv0(1960,360) uv1(2048,640) | XYOFFSET ofx=1728 ofy=1936 -> screen (232,119)..(238,128)
[p4:spx] #227000 tme=1 fst=1 vtxRGBA=2D2A2880 span=6x9 tbp=0x0 tw=512 th=512
[p4:gs-sprite] #227500 ctx=0 tme=1 abe=1 FRAME fbp=0x0 fbw=10 psm=0x1 msk=0x00000000 | SCISSOR 0,0..639,223 | TEST=0x000000000005008B | TEX0 tbp=0x0 tbw=8 psm=0x2C tw=512 th=512 tfx=0 | V0(2130.0,2027.0) V1(2138.0,2036.0) uv0(5752,8) uv1(5872,288) | XYOFFSET ofx=1728 ofy=1936 -> screen (402,91)..(410,100)
[p4:spx] #227500 tme=1 fst=1 vtxRGBA=2D2A2880 span=8x9 tbp=0x0 tw=512 th=512
[p4:gs-sprite] #228000 ctx=0 tme=1 abe=1 FRAME fbp=0x0 fbw=10 psm=0x1 msk=0x00000000 | SCISSOR 0,0..639,223 | TEST=0x000000000005008B | TEX0 tbp=0x0 tbw=8 psm=0x2C tw=512 th=512 tfx=0 | V0(2076.5,2013.0) V1(2082.5,2022.0) uv0(1864,360) uv1(1952,640) | XYOFFSET ofx=1728 ofy=1936 -> screen (348,77)..(354,86)
[p4:spx] #228000 tme=1 fst=1 vtxRGBA=2D2A2880 span=6x9 tbp=0x0 tw=512 th=512
[p4:vbl] ticks=4500
[p4:gs-sprite] #228500 ctx=0 tme=1 abe=1 FRAME fbp=0x0 fbw=10 psm=0x1 msk=0x00000000 | SCISSOR 0,0..639,223 | TEST=0x000000000005008B | TEX0 tbp=0x0 tbw=8 psm=0x2C tw=512 th=512 tfx=0 | V0(2154.5,2055.0) V1(2160.5,2064.0) uv0(1864,360) uv1(1952,640) | XYOFFSET ofx=1728 ofy=1936 -> screen (426,119)..(432,128)
[p4:spx] #228500 tme=1 fst=1 vtxRGBA=2D2A2880 span=6x9 tbp=0x0 tw=512 th=512
[p4:gs-sprite] #229000 ctx=0 tme=1 abe=1 FRAME fbp=0x0 fbw=10 psm=0x1 msk=0x00000000 | SCISSOR 0,0..639,223 | TEST=0x000000000005008B | TEX0 tbp=0x0 tbw=8 psm=0x2C tw=512 th=512 tfx=0 | V0(1944.0,2041.0) V1(1952.0,2050.0) uv0(1288,360) uv1(1408,640) | XYOFFSET ofx=1728 ofy=1936 -> screen (216,105)..(224,114)
[p4:spx] #229000 tme=1 fst=1 vtxRGBA=2D2A2880 span=8x9 tbp=0x0 tw=512 th=512
[p4:gs-sprite] #229500 ctx=0 tme=1 abe=1 FRAME fbp=0x0 fbw=10 psm=0x1 msk=0x00000000 | SCISSOR 0,0..639,223 | TEST=0x000000000005008B | TEX0 tbp=0x0 tbw=8 psm=0x2C tw=512 th=512 tfx=0 | V0(2245.5,2013.0) V1(2253.5,2022.5) uv0(232,360) uv1(352,656) | XYOFFSET ofx=1728 ofy=1936 -> screen (517,77)..(525,86)
[p4:spx] #229500 tme=1 fst=1 vtxRGBA=2D2A2880 span=8x9 tbp=0x0 tw=512 th=512
[p4:wake-pre] sid=9 consumed=1
[p4:gs-sprite] #230000 ctx=0 tme=1 abe=1 FRAME fbp=0x0 fbw=10 psm=0x1 msk=0x00000000 | SCISSOR 0,0..639,223 | TEST=0x000000000005008B | TEX0 tbp=0x0 tbw=8 psm=0x2C tw=512 th=512 tfx=0 | V0(2083.5,2069.0) V1(2086.5,2078.0) uv0(2904,8) uv1(2944,288) | XYOFFSET ofx=1728 ofy=1936 -> screen (355,133)..(358,142)
[p4:spx] #230000 tme=1 fst=1 vtxRGBA=2D2A2880 span=3x9 tbp=0x0 tw=512 th=512
[p4:gs-sprite] #230500 ctx=0 tme=1 abe=1 FRAME fbp=0x0 fbw=10 psm=0x1 msk=0x00000000 | SCISSOR 0,0..639,223 | TEST=0x000000000005008B | TEX0 tbp=0x0 tbw=8 psm=0x2C tw=512 th=512 tfx=0 | V0(2143.0,2041.0) V1(2150.0,2050.0) uv0(1704,8) uv1(1808,288) | XYOFFSET ofx=1728 ofy=1936 -> screen (415,105)..(422,114)
[p4:spx] #230500 tme=1 fst=1 vtxRGBA=2D2A2880 span=7x9 tbp=0x0 tw=512 th=512
[p4:gs-sprite] #231000 ctx=0 tme=1 abe=1 FRAME fbp=0x0 fbw=10 psm=0x1 msk=0x00000000 | SCISSOR 0,0..639,223 | TEST=0x000000000005008B | TEX0 tbp=0x0 tbw=8 psm=0x2C tw=512 th=512 tfx=0 | V0(2008.0,2027.0) V1(2016.0,2036.5) uv0(232,360) uv1(352,656) | XYOFFSET ofx=1728 ofy=1936 -> screen (280,91)..(288,100)
[p4:spx] #231000 tme=1 fst=1 vtxRGBA=2D2A2880 span=8x9 tbp=0x0 tw=512 th=512
[p4:gs-sprite] #231500 ctx=0 tme=1 abe=1 FRAME fbp=0x0 fbw=10 psm=0x1 msk=0x00000000 | SCISSOR 0,0..639,223 | TEST=0x000000000005008B | TEX0 tbp=0x0 tbw=8 psm=0x2C tw=512 th=512 tfx=0 | V0(1966.5,2013.0) V1(1974.5,2022.0) uv0(360,360) uv1(480,640) | XYOFFSET ofx=1728 ofy=1936 -> screen (238,77)..(246,86)
[p4:spx] #231500 tme=1 fst=1 vtxRGBA=2D2A2880 span=8x9 tbp=0x0 tw=512 th=512
[p4:gs-sprite] #232000 ctx=0 tme=1 abe=1 FRAME fbp=0x0 fbw=10 psm=0x1 msk=0x00000000 | SCISSOR 0,0..639,223 | TEST=0x000000000005008B | TEX0 tbp=0x0 tbw=8 psm=0x2C tw=512 th=512 tfx=0 | V0(2025.5,2055.0) V1(2033.5,2064.0) uv0(360,360) uv1(480,640) | XYOFFSET ofx=1728 ofy=1936 -> screen (297,119)..(305,128)
[p4:spx] #232000 tme=1 fst=1 vtxRGBA=2D2A2880 span=8x9 tbp=0x0 tw=512 th=512
[p4:gs-sprite] #232500 ctx=0 tme=1 abe=1 FRAME fbp=0x0 fbw=10 psm=0x1 msk=0x00000000 | SCISSOR 0,0..639,223 | TEST=0x000000000005008B | TEX0 tbp=0x0 tbw=8 psm=0x2C tw=512 th=512 tfx=0 | V0(2174.0,2027.0) V1(2180.0,2036.0) uv0(1960,360) uv1(2048,640) | XYOFFSET ofx=1728 ofy=1936 -> screen (446,91)..(452,100)
[p4:spx] #232500 tme=1 fst=1 vtxRGBA=2D2A2880 span=6x9 tbp=0x0 tw=512 th=512
[p4:gs-sprite] #233000 ctx=0 tme=1 abe=1 FRAME fbp=0x0 fbw=10 psm=0x1 msk=0x00000000 | SCISSOR 0,0..639,223 | TEST=0x000000000005008B | TEX0 tbp=0x0 tbw=8 psm=0x2C tw=512 th=512 tfx=0 | V0(2134.5,2013.0) V1(2137.5,2022.0) uv0(872,360) uv1(912,640) | XYOFFSET ofx=1728 ofy=1936 -> screen (406,77)..(409,86)
[p4:spx] #233000 tme=1 fst=1 vtxRGBA=2D2A2880 span=3x9 tbp=0x0 tw=512 th=512
[p4:gs-sprite] #233500 ctx=0 tme=1 abe=1 FRAME fbp=0x0 fbw=10 psm=0x1 msk=0x00000000 | SCISSOR 0,0..639,223 | TEST=0x000000000005008B | TEX0 tbp=0x0 tbw=8 psm=0x2C tw=512 th=512 tfx=0 | V0(2212.5,2055.0) V1(2215.5,2064.0) uv0(872,360) uv1(912,640) | XYOFFSET ofx=1728 ofy=1936 -> screen (484,119)..(487,128)
[p4:spx] #233500 tme=1 fst=1 vtxRGBA=2D2A2880 span=3x9 tbp=0x0 tw=512 th=512
[p4:gs-sprite] #234000 ctx=0 tme=1 abe=1 FRAME fbp=0x0 fbw=10 psm=0x1 msk=0x00000000 | SCISSOR 0,0..639,223 | TEST=0x000000000005008B | TEX0 tbp=0x0 tbw=8 psm=0x2C tw=512 th=512 tfx=0 | V0(2010.0,2041.0) V1(2019.0,2050.0) uv0(6040,8) uv1(6176,288) | XYOFFSET ofx=1728 ofy=1936 -> screen (282,105)..(291,114)
[p4:spx] #234000 tme=1 fst=1 vtxRGBA=2D2A2880 span=9x9 tbp=0x0 tw=512 th=512
[p4:gs-sprite] #234500 ctx=0 tme=1 abe=1 FRAME fbp=0x0 fbw=10 psm=0x1 msk=0x00000000 | SCISSOR 0,0..639,223 | TEST=0x000000000005008B | TEX0 tbp=0x0 tbw=8 psm=0x2C tw=512 th=512 tfx=0 | V0(1891.0,2027.0) V1(1899.0,2036.0) uv0(360,360) uv1(480,640) | XYOFFSET ofx=1728 ofy=1936 -> screen (163,91)..(171,100)
[p4:spx] #234500 tme=1 fst=1 vtxRGBA=2D2A2880 span=8x9 tbp=0x0 tw=512 th=512
[p4:wake-pre] sid=9 consumed=1
[p4:gs-sprite] #235000 ctx=0 tme=0 abe=0 FRAME fbp=0x0 fbw=10 psm=0x1 msk=0x00000000 | SCISSOR 0,0..639,223 | TEST=0x000000000005008B | TEX0 tbp=0x0 tbw=0 psm=0x0 tw=1 th=1 tfx=0 | V0(1833.0,2009.0) V1(2263.0,2085.0) uv0(0,0) uv1(0,0) | XYOFFSET ofx=1728 ofy=1936 -> screen (105,73)..(535,149)
[p4:spx] #235000 tme=0 fst=0 vtxRGBA=CCC3AD80 span=430x76 tbp=0x0 tw=1 th=1
[p4:gs-sprite] #235500 ctx=0 tme=1 abe=1 FRAME fbp=0x0 fbw=10 psm=0x1 msk=0x00000000 | SCISSOR 0,0..639,223 | TEST=0x000000000005008B | TEX0 tbp=0x0 tbw=8 psm=0x2C tw=512 th=512 tfx=0 | V0(1898.5,2055.0) V1(1907.5,2064.0) uv0(1416,360) uv1(1552,640) | XYOFFSET ofx=1728 ofy=1936 -> screen (170,119)..(179,128)
[p4:spx] #235500 tme=1 fst=1 vtxRGBA=2D2A2880 span=9x9 tbp=0x0 tw=512 th=512
[p4:gs-sprite] #236000 ctx=0 tme=1 abe=1 FRAME fbp=0x0 fbw=10 psm=0x1 msk=0x00000000 | SCISSOR 0,0..639,223 | TEST=0x000000000005008B | TEX0 tbp=0x0 tbw=8 psm=0x2C tw=512 th=512 tfx=0 | V0(2068.0,2027.0) V1(2072.0,2038.0) uv0(888,8) uv1(944,352) | XYOFFSET ofx=1728 ofy=1936 -> screen (340,91)..(344,102)
[p4:spx] #236000 tme=1 fst=1 vtxRGBA=2D2A2880 span=4x11 tbp=0x0 tw=512 th=512
[p4:gs-sprite] #236500 ctx=0 tme=1 abe=1 FRAME fbp=0x0 fbw=10 psm=0x1 msk=0x00000000 | SCISSOR 0,0..639,223 | TEST=0x000000000005008B | TEX0 tbp=0x0 tbw=8 psm=0x2C tw=512 th=512 tfx=0 | V0(2026.5,2013.0) V1(2031.5,2022.0) uv0(1784,360) uv1(1856,640) | XYOFFSET ofx=1728 ofy=1936 -> screen (298,77)..(303,86)
[p4:spx] #236500 tme=1 fst=1 vtxRGBA=2D2A2880 span=5x9 tbp=0x0 tw=512 th=512
[p4:gs-sprite] #237000 ctx=0 tme=1 abe=1 FRAME fbp=0x0 fbw=10 psm=0x1 msk=0x00000000 | SCISSOR 0,0..639,223 | TEST=0x000000000005008B | TEX0 tbp=0x0 tbw=8 psm=0x2C tw=512 th=512 tfx=0 | V0(2093.5,2055.0) V1(2101.5,2064.0) uv0(1288,360) uv1(1408,640) | XYOFFSET ofx=1728 ofy=1936 -> screen (365,119)..(373,128)
[p4:spx] #237000 tme=1 fst=1 vtxRGBA=2D2A2880 span=8x9 tbp=0x0 tw=512 th=512
[p4:gs-sprite] #237500 ctx=0 tme=1 abe=1 FRAME fbp=0x0 fbw=10 psm=0x1 msk=0x00000000 | SCISSOR 0,0..639,223 | TEST=0x000000000005008B | TEX0 tbp=0x0 tbw=8 psm=0x2C tw=512 th=512 tfx=0 | V0(2215.0,2027.0) V1(2223.0,2036.0) uv0(1288,360) uv1(1408,640) | XYOFFSET ofx=1728 ofy=1936 -> screen (487,91)..(495,100)
[p4:spx] #237500 tme=1 fst=1 vtxRGBA=2D2A2880 span=8x9 tbp=0x0 tw=512 th=512
[p4:gs-sprite] #238000 ctx=0 tme=1 abe=1 FRAME fbp=0x0 fbw=10 psm=0x1 msk=0x00000000 | SCISSOR 0,0..639,223 | TEST=0x000000000005008B | TEX0 tbp=0x0 tbw=8 psm=0x2C tw=512 th=512 tfx=0 | V0(2186.5,2013.0) V1(2192.5,2022.0) uv0(1864,360) uv1(1952,640) | XYOFFSET ofx=1728 ofy=1936 -> screen (458,77)..(464,86)
[p4:spx] #238000 tme=1 fst=1 vtxRGBA=2D2A2880 span=6x9 tbp=0x0 tw=512 th=512
[p4:gs-sprite] #238500 ctx=0 tme=1 abe=1 FRAME fbp=0x0 fbw=10 psm=0x1 msk=0x00000000 | SCISSOR 0,0..639,223 | TEST=0x000000000005008B | TEX0 tbp=0x0 tbw=8 psm=0x2C tw=512 th=512 tfx=0 | V0(1993.5,2069.0) V1(1996.5,2078.0) uv0(2904,8) uv1(2944,288) | XYOFFSET ofx=1728 ofy=1936 -> screen (265,133)..(268,142)
[p4:spx] #238500 tme=1 fst=1 vtxRGBA=2D2A2880 span=3x9 tbp=0x0 tw=512 th=512
[p4:gs-sprite] #239000 ctx=0 tme=1 abe=1 FRAME fbp=0x0 fbw=10 psm=0x1 msk=0x00000000 | SCISSOR 0,0..639,223 | TEST=0x000000000005008B | TEX0 tbp=0x0 tbw=8 psm=0x2C tw=512 th=512 tfx=0 | V0(2077.0,2041.0) V1(2087.0,2050.0) uv0(4200,8) uv1(4352,288) | XYOFFSET ofx=1728 ofy=1936 -> screen (349,105)..(359,114)
[p4:spx] #239000 tme=1 fst=1 vtxRGBA=2D2A2880 span=10x9 tbp=0x0 tw=512 th=512
[p4:wake-pre] sid=9 consumed=1
[p4:gs-sprite] #239500 ctx=0 tme=1 abe=1 FRAME fbp=0x0 fbw=10 psm=0x1 msk=0x00000000 | SCISSOR 0,0..639,223 | TEST=0x000000000005008B | TEX0 tbp=0x0 tbw=8 psm=0x2C tw=512 th=512 tfx=0 | V0(1955.0,2027.0) V1(1960.0,2036.0) uv0(1784,360) uv1(1856,640) | XYOFFSET ofx=1728 ofy=1936 -> screen (227,91)..(232,100)
[p4:spx] #239500 tme=1 fst=1 vtxRGBA=2D2A2880 span=5x9 tbp=0x0 tw=512 th=512
[p4:gs-sprite] #240000 ctx=0 tme=1 abe=1 FRAME fbp=0x0 fbw=10 psm=0x1 msk=0x00000000 | SCISSOR 0,0..639,223 | TEST=0x000000000005008B | TEX0 tbp=0x0 tbw=8 psm=0x2C tw=512 th=512 tfx=0 | V0(1895.5,2013.0) V1(1903.5,2024.0) uv0(2584,360) uv1(2704,704) | XYOFFSET ofx=1728 ofy=1936 -> screen (167,77)..(175,88)
[p4:spx] #240000 tme=1 fst=1 vtxRGBA=2D2A2880 span=8x11 tbp=0x0 tw=512 th=512
[p4:gs-sprite] #240500 ctx=0 tme=1 abe=1 FRAME fbp=0x0 fbw=10 psm=0x1 msk=0x00000000 | SCISSOR 0,0..639,223 | TEST=0x000000000005008B | TEX0 tbp=0x0 tbw=8 psm=0x2C tw=512 th=512 tfx=0 | V0(1960.5,2055.0) V1(1966.5,2064.0) uv0(1960,360) uv1(2048,640) | XYOFFSET ofx=1728 ofy=1936 -> screen (232,119)..(238,128)
[p4:spx] #240500 tme=1 fst=1 vtxRGBA=2D2A2880 span=6x9 tbp=0x0 tw=512 th=512
[p4:gs-sprite] #241000 ctx=0 tme=1 abe=1 FRAME fbp=0x0 fbw=10 psm=0x1 msk=0x00000000 | SCISSOR 0,0..639,223 | TEST=0x000000000005008B | TEX0 tbp=0x0 tbw=8 psm=0x2C tw=512 th=512 tfx=0 | V0(2130.0,2027.0) V1(2138.0,2036.0) uv0(5752,8) uv1(5872,288) | XYOFFSET ofx=1728 ofy=1936 -> screen (402,91)..(410,100)
[p4:spx] #241000 tme=1 fst=1 vtxRGBA=2D2A2880 span=8x9 tbp=0x0 tw=512 th=512
[p4:gs-sprite] #241500 ctx=0 tme=1 abe=1 FRAME fbp=0x0 fbw=10 psm=0x1 msk=0x00000000 | SCISSOR 0,0..639,223 | TEST=0x000000000005008B | TEX0 tbp=0x0 tbw=8 psm=0x2C tw=512 th=512 tfx=0 | V0(2076.5,2013.0) V1(2082.5,2022.0) uv0(1864,360) uv1(1952,640) | XYOFFSET ofx=1728 ofy=1936 -> screen (348,77)..(354,86)
[p4:spx] #241500 tme=1 fst=1 vtxRGBA=2D2A2880 span=6x9 tbp=0x0 tw=512 th=512
[p4:gs-sprite] #242000 ctx=0 tme=1 abe=1 FRAME fbp=0x0 fbw=10 psm=0x1 msk=0x00000000 | SCISSOR 0,0..639,223 | TEST=0x000000000005008B | TEX0 tbp=0x0 tbw=8 psm=0x2C tw=512 th=512 tfx=0 | V0(2154.5,2055.0) V1(2160.5,2064.0) uv0(1864,360) uv1(1952,640) | XYOFFSET ofx=1728 ofy=1936 -> screen (426,119)..(432,128)
[p4:spx] #242000 tme=1 fst=1 vtxRGBA=2D2A2880 span=6x9 tbp=0x0 tw=512 th=512
[p4:gs-sprite] #242500 ctx=0 tme=1 abe=1 FRAME fbp=0x0 fbw=10 psm=0x1 msk=0x00000000 | SCISSOR 0,0..639,223 | TEST=0x000000000005008B | TEX0 tbp=0x0 tbw=8 psm=0x2C tw=512 th=512 tfx=0 | V0(1944.0,2041.0) V1(1952.0,2050.0) uv0(1288,360) uv1(1408,640) | XYOFFSET ofx=1728 ofy=1936 -> screen (216,105)..(224,114)
[p4:spx] #242500 tme=1 fst=1 vtxRGBA=2D2A2880 span=8x9 tbp=0x0 tw=512 th=512
[p4:gs-sprite] #243000 ctx=0 tme=1 abe=1 FRAME fbp=0x0 fbw=10 psm=0x1 msk=0x00000000 | SCISSOR 0,0..639,223 | TEST=0x000000000005008B | TEX0 tbp=0x0 tbw=8 psm=0x2C tw=512 th=512 tfx=0 | V0(2245.5,2013.0) V1(2253.5,2022.5) uv0(232,360) uv1(352,656) | XYOFFSET ofx=1728 ofy=1936 -> screen (517,77)..(525,86)
[p4:spx] #243000 tme=1 fst=1 vtxRGBA=2D2A2880 span=8x9 tbp=0x0 tw=512 th=512
[p4:gs-sprite] #243500 ctx=0 tme=1 abe=1 FRAME fbp=0x0 fbw=10 psm=0x1 msk=0x00000000 | SCISSOR 0,0..639,223 | TEST=0x000000000005008B | TEX0 tbp=0x0 tbw=8 psm=0x2C tw=512 th=512 tfx=0 | V0(2083.5,2069.0) V1(2086.5,2078.0) uv0(2904,8) uv1(2944,288) | XYOFFSET ofx=1728 ofy=1936 -> screen (355,133)..(358,142)
[p4:spx] #243500 tme=1 fst=1 vtxRGBA=2D2A2880 span=3x9 tbp=0x0 tw=512 th=512
[p4:gs-sprite] #244000 ctx=0 tme=1 abe=1 FRAME fbp=0x0 fbw=10 psm=0x1 msk=0x00000000 | SCISSOR 0,0..639,223 | TEST=0x000000000005008B | TEX0 tbp=0x0 tbw=8 psm=0x2C tw=512 th=512 tfx=0 | V0(2143.0,2041.0) V1(2150.0,2050.0) uv0(1704,8) uv1(1808,288) | XYOFFSET ofx=1728 ofy=1936 -> screen (415,105)..(422,114)
[p4:spx] #244000 tme=1 fst=1 vtxRGBA=2D2A2880 span=7x9 tbp=0x0 tw=512 th=512
[p4:wake-pre] sid=9 consumed=1
[p4:gs-sprite] #244500 ctx=0 tme=1 abe=1 FRAME fbp=0x0 fbw=10 psm=0x1 msk=0x00000000 | SCISSOR 0,0..639,223 | TEST=0x000000000005008B | TEX0 tbp=0x0 tbw=8 psm=0x2C tw=512 th=512 tfx=0 | V0(2008.0,2027.0) V1(2016.0,2036.5) uv0(232,360) uv1(352,656) | XYOFFSET ofx=1728 ofy=1936 -> screen (280,91)..(288,100)
[p4:spx] #244500 tme=1 fst=1 vtxRGBA=2D2A2880 span=8x9 tbp=0x0 tw=512 th=512
[p4:gs-sprite] #245000 ctx=0 tme=1 abe=1 FRAME fbp=0x0 fbw=10 psm=0x1 msk=0x00000000 | SCISSOR 0,0..639,223 | TEST=0x000000000005008B | TEX0 tbp=0x0 tbw=8 psm=0x2C tw=512 th=512 tfx=0 | V0(1966.5,2013.0) V1(1974.5,2022.0) uv0(360,360) uv1(480,640) | XYOFFSET ofx=1728 ofy=1936 -> screen (238,77)..(246,86)
[p4:spx] #245000 tme=1 fst=1 vtxRGBA=2D2A2880 span=8x9 tbp=0x0 tw=512 th=512
[p4:gs-sprite] #245500 ctx=0 tme=1 abe=1 FRAME fbp=0x0 fbw=10 psm=0x1 msk=0x00000000 | SCISSOR 0,0..639,223 | TEST=0x000000000005008B | TEX0 tbp=0x0 tbw=8 psm=0x2C tw=512 th=512 tfx=0 | V0(2025.5,2055.0) V1(2033.5,2064.0) uv0(360,360) uv1(480,640) | XYOFFSET ofx=1728 ofy=1936 -> screen (297,119)..(305,128)
[p4:spx] #245500 tme=1 fst=1 vtxRGBA=2D2A2880 span=8x9 tbp=0x0 tw=512 th=512
[p4:gs-sprite] #246000 ctx=0 tme=1 abe=1 FRAME fbp=0x0 fbw=10 psm=0x1 msk=0x00000000 | SCISSOR 0,0..639,223 | TEST=0x000000000005008B | TEX0 tbp=0x0 tbw=8 psm=0x2C tw=512 th=512 tfx=0 | V0(2174.0,2027.0) V1(2180.0,2036.0) uv0(1960,360) uv1(2048,640) | XYOFFSET ofx=1728 ofy=1936 -> screen (446,91)..(452,100)
[p4:spx] #246000 tme=1 fst=1 vtxRGBA=2D2A2880 span=6x9 tbp=0x0 tw=512 th=512
[p4:px] #619500000 WriteVram fbp_block=0x0 fbw=10 (x=407,y=114) psm=0x1 pixel=0x80000000
[p4:px] #619600000 WriteVram fbp_block=0x0 fbw=10 (x=324,y=139) psm=0x1 pixel=0x805D7280
[p4:px] #619700000 WriteVram fbp_block=0x0 fbw=10 (x=289,y=90) psm=0x1 pixel=0x80000000
[p4:px] #619800000 WriteVram fbp_block=0x0 fbw=10 (x=176,y=104) psm=0x1 pixel=0x805D7280
[p4:px] #619900000 WriteVram fbp_block=0x0 fbw=10 (x=171,y=66) psm=0x1 pixel=0x80000000
[p4:px] #620000000 WriteVram fbp_block=0x0 fbw=10 (x=331,y=222) psm=0x1 pixel=0x80000000
[p4:px] #620100000 WriteVram fbp_block=0x0 fbw=10 (x=53,y=42) psm=0x1 pixel=0x80000000
[p4:px] #620200000 WriteVram fbp_block=0x0 fbw=10 (x=213,y=198) psm=0x1 pixel=0x80000000
[p4:gs-sprite] #246500 ctx=0 tme=1 abe=1 FRAME fbp=0x0 fbw=10 psm=0x1 msk=0x00000000 | SCISSOR 0,0..639,223 | TEST=0x000000000005008B | TEX0 tbp=0x0 tbw=8 psm=0x2C tw=512 th=512 tfx=0 | V0(2134.5,2013.0) V1(2137.5,2022.0) uv0(872,360) uv1(912,640) | XYOFFSET ofx=1728 ofy=1936 -> screen (406,77)..(409,86)
[p4:spx] #246500 tme=1 fst=1 vtxRGBA=2D2A2880 span=3x9 tbp=0x0 tw=512 th=512
[p4:px] #620300000 WriteVram fbp_block=0x0 fbw=10 (x=575,y=17) psm=0x1 pixel=0x80000000
[p4:px] #620400000 WriteVram fbp_block=0x0 fbw=10 (x=95,y=174) psm=0x1 pixel=0x80000000
[p4:px] #620500000 WriteVram fbp_block=0x0 fbw=10 (x=264,y=80) psm=0x1 pixel=0x70383D40
[p4:px] #620600000 WriteVram fbp_block=0x0 fbw=10 (x=617,y=149) psm=0x1 pixel=0x80000000
[p4:px] #620700000 WriteVram fbp_block=0x0 fbw=10 (x=482,y=113) psm=0x1 pixel=0x80ADC3CC
[p4:px] #620800000 WriteVram fbp_block=0x0 fbw=10 (x=499,y=125) psm=0x1 pixel=0x80000000
[p4:px] #620900000 WriteVram fbp_block=0x0 fbw=10 (x=484,y=77) psm=0x1 pixel=0x80ADC3CC
[p4:gs-sprite] #247000 ctx=0 tme=1 abe=1 FRAME fbp=0x0 fbw=10 psm=0x1 msk=0x00000000 | SCISSOR 0,0..639,223 | TEST=0x000000000005008B | TEX0 tbp=0x0 tbw=8 psm=0x2C tw=512 th=512 tfx=0 | V0(2212.5,2055.0) V1(2215.5,2064.0) uv0(872,360) uv1(912,640) | XYOFFSET ofx=1728 ofy=1936 -> screen (484,119)..(487,128)
[p4:spx] #247000 tme=1 fst=1 vtxRGBA=2D2A2880 span=3x9 tbp=0x0 tw=512 th=512
[p4:px] #621000000 WriteVram fbp_block=0x0 fbw=10 (x=381,y=101) psm=0x1 pixel=0x80000000
[p4:px] #621100000 WriteVram fbp_block=0x0 fbw=10 (x=300,y=120) psm=0x1 pixel=0x805D7280
[p4:isig] sid=9
[p4:isig] sid=10
[p4:px] #621200000 WriteVram fbp_block=0x0 fbw=10 (x=263,y=77) psm=0x1 pixel=0x80000000
[p4:px] #621300000 WriteVram fbp_block=0x0 fbw=10 (x=152,y=85) psm=0x1 pixel=0x805D7280
[p4:isig] sid=9
[p4:isig] sid=10
[p4:isig] sid=9
[p4:isig] sid=10
[p4:px] #621400000 WriteVram fbp_block=0x0 fbw=10 (x=145,y=53) psm=0x1 pixel=0x80000000
[p4:px] #621500000 WriteVram fbp_block=0x0 fbw=10 (x=305,y=209) psm=0x1 pixel=0x80000000
[p4:isig] sid=9
[p4:isig] sid=10
[p4:px] #621600000 WriteVram fbp_block=0x0 fbw=10 (x=27,y=29) psm=0x1 pixel=0x80000000
[p4:px] #621700000 WriteVram fbp_block=0x0 fbw=10 (x=187,y=185) psm=0x1 pixel=0x80000000
[p4:gs-sprite] #247500 ctx=0 tme=1 abe=1 FRAME fbp=0x0 fbw=10 psm=0x1 msk=0x00000000 | SCISSOR 0,0..639,223 | TEST=0x000000000005008B | TEX0 tbp=0x0 tbw=8 psm=0x2C tw=512 th=512 tfx=0 | V0(2010.0,2041.0) V1(2019.0,2050.0) uv0(6040,8) uv1(6176,288) | XYOFFSET ofx=1728 ofy=1936 -> screen (282,105)..(291,114)
[p4:spx] #247500 tme=1 fst=1 vtxRGBA=2D2A2880 span=9x9 tbp=0x0 tw=512 th=512
[p4:isig] sid=9
[p4:isig] sid=10
[p4:isig] sid=9
[p4:isig] sid=10
[p4:px] #621800000 WriteVram fbp_block=0x0 fbw=10 (x=549,y=4) psm=0x1 pixel=0x80000000
[p4:px] #621900000 WriteVram fbp_block=0x0 fbw=10 (x=69,y=161) psm=0x1 pixel=0x80000000
[p4:px] #622000000 WriteVram fbp_block=0x0 fbw=10 (x=304,y=130) psm=0x1 pixel=0x80ADC3CC
[p4:isig] sid=9
[p4:isig] sid=10
[p4:isig] sid=9
[p4:isig] sid=10
[p4:px] #622100000 WriteVram fbp_block=0x0 fbw=10 (x=591,y=136) psm=0x1 pixel=0x80000000
[p4:px] #622200000 WriteVram fbp_block=0x0 fbw=10 (x=306,y=94) psm=0x1 pixel=0x80ADC3CC
[p4:isig] sid=9
[p4:px] #622300000 WriteVram fbp_block=0x0 fbw=10 (x=473,y=112) psm=0x1 pixel=0x80000000
[p4:px] #622400000 WriteVram fbp_block=0x0 fbw=10 (x=424,y=136) psm=0x1 pixel=0x805D7280
[p4:isig] sid=10
[p4:px] #622500000 WriteVram fbp_block=0x0 fbw=10 (x=355,y=88) psm=0x1 pixel=0x80000000
[p4:px] #622600000 WriteVram fbp_block=0x0 fbw=10 (x=276,y=101) psm=0x1 pixel=0x805D7280
[p4:gs-sprite] #248000 ctx=0 tme=1 abe=1 FRAME fbp=0x0 fbw=10 psm=0x1 msk=0x00000000 | SCISSOR 0,0..639,223 | TEST=0x000000000005008B | TEX0 tbp=0x0 tbw=8 psm=0x2C tw=512 th=512 tfx=0 | V0(1891.0,2027.0) V1(1899.0,2036.0) uv0(360,360) uv1(480,640) | XYOFFSET ofx=1728 ofy=1936 -> screen (163,91)..(171,100)
[p4:spx] #248000 tme=1 fst=1 vtxRGBA=2D2A2880 span=8x9 tbp=0x0 tw=512 th=512
[p4:isig] sid=9
[p4:isig] sid=10
[p4:isig] sid=9
[p4:px] #622700000 WriteVram fbp_block=0x0 fbw=10 (x=237,y=64) psm=0x1 pixel=0x80000000
[p4:px] #622800000 WriteVram fbp_block=0x0 fbw=10 (x=397,y=220) psm=0x1 pixel=0x80000000
[p4:isig] sid=10
[p4:isig] sid=9
[p4:isig] sid=10
[p4:px] #622900000 WriteVram fbp_block=0x0 fbw=10 (x=119,y=40) psm=0x1 pixel=0x80000000
[p4:px] #623000000 WriteVram fbp_block=0x0 fbw=10 (x=279,y=196) psm=0x1 pixel=0x80000000
[p4:isig] sid=9
[p4:isig] sid=10
[p4:isig] sid=9
[p4:px] #623100000 WriteVram fbp_block=0x0 fbw=10 (x=1,y=16) psm=0x1 pixel=0x80000000
[p4:px] #623200000 WriteVram fbp_block=0x0 fbw=10 (x=161,y=172) psm=0x1 pixel=0x80000000
[p4:px] #623300000 WriteVram fbp_block=0x0 fbw=10 (x=126,y=147) psm=0x1 pixel=0x80ADC3CC
[p4:isig] sid=10
[p4:isig] sid=9
[p4:isig] sid=10
[p4:px] #623400000 WriteVram fbp_block=0x0 fbw=10 (x=43,y=148) psm=0x1 pixel=0x80000000
[p4:gs-sprite] #248500 ctx=0 tme=0 abe=0 FRAME fbp=0x0 fbw=10 psm=0x1 msk=0x00000000 | SCISSOR 0,0..639,223 | TEST=0x000000000005008B | TEX0 tbp=0x0 tbw=0 psm=0x0 tw=1 th=1 tfx=0 | V0(1833.0,2009.0) V1(2263.0,2085.0) uv0(0,0) uv1(0,0) | XYOFFSET ofx=1728 ofy=1936 -> screen (105,73)..(535,149)
[p4:spx] #248500 tme=0 fst=0 vtxRGBA=CCC3AD80 span=430x76 tbp=0x0 tw=1 th=1
[p4:px] #623500000 WriteVram fbp_block=0x0 fbw=10 (x=128,y=111) psm=0x1 pixel=0x80ADC3CC
[p4:isig] sid=9
[p4:isig] sid=10
[p4:px] #623600000 WriteVram fbp_block=0x0 fbw=10 (x=565,y=123) psm=0x1 pixel=0x80000000
[p4:px] #623700000 WriteVram fbp_block=0x0 fbw=10 (x=130,y=75) psm=0x1 pixel=0x80ADC3CC
[p4:isig] sid=9
[p4:isig] sid=10
[p4:isig] sid=9
[p4:isig] sid=10
[p4:px] #623800000 WriteVram fbp_block=0x0 fbw=10 (x=447,y=99) psm=0x1 pixel=0x80000000
[p4:px] #623900000 WriteVram fbp_block=0x0 fbw=10 (x=400,y=117) psm=0x1 pixel=0x805D7280
[p4:isig] sid=9
[p4:isig] sid=10
[p4:px] #624000000 WriteVram fbp_block=0x0 fbw=10 (x=329,y=75) psm=0x1 pixel=0x80000000
[p4:px] #624100000 WriteVram fbp_block=0x0 fbw=10 (x=252,y=82) psm=0x1 pixel=0x805D7280
[p4:gs-sprite] #249000 ctx=0 tme=1 abe=1 FRAME fbp=0x0 fbw=10 psm=0x1 msk=0x00000000 | SCISSOR 0,0..639,223 | TEST=0x000000000005008B | TEX0 tbp=0x0 tbw=8 psm=0x2C tw=512 th=512 tfx=0 | V0(1898.5,2055.0) V1(1907.5,2064.0) uv0(1416,360) uv1(1552,640) | XYOFFSET ofx=1728 ofy=1936 -> screen (170,119)..(179,128)
[p4:spx] #249000 tme=1 fst=1 vtxRGBA=2D2A2880 span=9x9 tbp=0x0 tw=512 th=512
[p4:isig] sid=9
[p4:isig] sid=10
[p4:isig] sid=9
[p4:wake-pre] sid=9 consumed=1
[p4:px] #624200000 WriteVram fbp_block=0x0 fbw=10 (x=211,y=51) psm=0x1 pixel=0x80000000
[p4:px] #624300000 WriteVram fbp_block=0x0 fbw=10 (x=371,y=207) psm=0x1 pixel=0x80000000
[p4:isig] sid=10
[p4:isig] sid=9
[p4:px] #624400000 WriteVram fbp_block=0x0 fbw=10 (x=93,y=27) psm=0x1 pixel=0x80000000
[p4:px] #624500000 WriteVram fbp_block=0x0 fbw=10 (x=253,y=183) psm=0x1 pixel=0x80000000
[p4:isig] sid=10
[p4:isig] sid=9
[p4:isig] sid=10
[p4:px] #624600000 WriteVram fbp_block=0x0 fbw=10 (x=615,y=2) psm=0x1 pixel=0x80000000
[p4:px] #624700000 WriteVram fbp_block=0x0 fbw=10 (x=135,y=159) psm=0x1 pixel=0x80000000
[p4:px] #624800000 WriteVram fbp_block=0x0 fbw=10 (x=380,y=127) psm=0x1 pixel=0x80ADC3CC
[p4:isig] sid=9
[p4:isig] sid=10
[p4:isig] sid=9
[p4:px] #624900000 WriteVram fbp_block=0x0 fbw=10 (x=17,y=135) psm=0x1 pixel=0x80000000
[p4:px] #625000000 WriteVram fbp_block=0x0 fbw=10 (x=382,y=91) psm=0x1 pixel=0x80ADC3CC
[p4:gs-sprite] #249500 ctx=0 tme=1 abe=1 FRAME fbp=0x0 fbw=10 psm=0x1 msk=0x00000000 | SCISSOR 0,0..639,223 | TEST=0x000000000005008B | TEX0 tbp=0x0 tbw=8 psm=0x2C tw=512 th=512 tfx=0 | V0(2068.0,2027.0) V1(2072.0,2038.0) uv0(888,8) uv1(944,352) | XYOFFSET ofx=1728 ofy=1936 -> screen (340,91)..(344,102)
[p4:spx] #249500 tme=1 fst=1 vtxRGBA=2D2A2880 span=4x11 tbp=0x0 tw=512 th=512
[p4:isig] sid=10
[p4:isig] sid=9
[p4:isig] sid=10
[p4:isig] sid=9
[p4:isig] sid=10
[p4:px] #625100000 WriteVram fbp_block=0x0 fbw=10 (x=539,y=110) psm=0x1 pixel=0x80000000
[p4:px] #625200000 WriteVram fbp_block=0x0 fbw=10 (x=524,y=133) psm=0x1 pixel=0x805D7280
[p4:isig] sid=9
[p4:isig] sid=10
[p4:isig] sid=9
[p4:isig] sid=10
[p4:px] #625300000 WriteVram fbp_block=0x0 fbw=10 (x=421,y=86) psm=0x1 pixel=0x80000000
[p4:px] #625400000 WriteVram fbp_block=0x0 fbw=10 (x=376,y=98) psm=0x1 pixel=0x805D7280
[p4:isig] sid=9
[p4:isig] sid=10
